Unnamed: 0,Rk,G,Date,Age,Tm,Unnamed: 5,Opp,Unnamed: 7,GS,MP,FG,FGA,FG%,3P,3PA,3P%,FT,FTA,FT%,ORB,DRB,TRB,AST,STL,BLK,TOV,PF,PTS,GmSc,+/-,2PA,2P,2P%,Shared Games with Anthony Gill,Shared Games with Bradley Beal,Shared Games with Corey Kispert,Shared Games with Daniel Gafford,Shared Games with Delon Wright,Shared Games with Deni Avdija,Shared Games with Devon Dotson,Shared Games with Isaiah Todd,Shared Games with Jay Huff,Shared Games with Johnny Davis,Shared Games with Jordan Goodwin,Shared Games with Kristaps Porziņģis,Shared Games with Kyle Kuzma,Shared Games with Monte Morris,Shared Games with Quenton Jackson,Shared Games with Rui Hachimura,Shared Games with Taj Gibson,Shared Games with Vernon Carey Jr.,Anthony Gill,Bradley Beal,Corey Kispert,Daniel Gafford,Delon Wright,Deni Avdija,Devon Dotson,Isaiah Todd,Jay Huff,Johnny Davis,Jordan Goodwin,Jordan Schakel,Kristaps Porziņģis,Kyle Kuzma,Monte Morris,Quenton Jackson,Rui Hachimura,Taj Gibson,Vernon Carey Jr.,Xavier Cooks,co_inf with Anthony Gill,co_inf with Bradley Beal,co_inf with Corey Kispert,co_inf with Daniel Gafford,co_inf with Delon Wright,co_inf with Deni Avdija,co_inf with Devon Dotson,co_inf with Isaiah Todd,co_inf with Jay Huff,co_inf with Johnny Davis,co_inf with Jordan Goodwin,co_inf with Jordan Schakel,co_inf with Kristaps Porziņģis,co_inf with Kyle Kuzma,co_inf with Monte Morris,co_inf with Quenton Jackson,co_inf with Rui Hachimura,co_inf with Taj Gibson,co_inf with Vernon Carey Jr.,co_inf with Xavier Cooks,A.J. Green,A.J. Lawson,Aaron Gordon,Aaron Holiday,Aaron Nesmith,Aaron Wiggins,Admiral Schofield,AJ Griffin,Al Horford,Alec Burks,Aleksej Pokusevski,Alex Caruso,Alex Len,Alize Johnson,Alondes Williams,Alperen Şengün,Amir Coffey,Andre Drummond,Andre Iguodala,Andrew Nembhard,Andrew Wiggins,Anfernee Simons,Marcus Smart,Total Shared Players,CO_EFF,EFF,avg_EFF,CO_HGS,HGS,avg_HGS
0,1,1,2022-10-19,31-286,WAS,@,IND,W (+7),0,25:07,4.0,10.0,.400,2.0,3.0,.667,4,4.0,1.000,1.0,1.0,2.0,3.0,0.0,0.0,2.0,1.0,14.0,9.3,0,7.0,2.0,0.2857142857142857,33,25,32,39,13,39,6,4,7,10,32,33,37,34,7,22,23,7,59.0,50.0,74.0,78.0,50.0,76.0,6.0,6.0,7.0,28.0,62.0,2.0,65.0,64.0,62.0,9.0,63.0,49.0,11.0,10.0,0.559322033898305,0.5,0.4324324324324324,0.5,0.26,0.5131578947368421,1.0,0.6666666666666666,1.0,0.3571428571428571,0.5161290322580645,0.0,0.5076923076923077,0.578125,0.5483870967741935,0.7777777777777778,0.3492063492063492,0.4693877551020408,0.6363636363636364,0.0,59.0,50.0,74.0,78.0,50.0,76.0,6.0,6.0,7.0,28.0,62.0,2.0,65.0,64.0,61.0,62.0,9.0,63.0,49.0,11.0,56.0,10.0,61.0,18,3.0,69.0,3.8333333333333335,7.700000000000003,73.69999999999997,4.094444444444443
1,2,2,2022-10-21,31-288,WAS,,CHI,W (+2),0,17:17,3.0,6.0,.500,0.0,1.0,.000,0,0.0,,1.0,4.0,5.0,1.0,1.0,0.0,1.0,1.0,6.0,5.2,-5,5.0,3.0,0.6,33,25,32,39,13,39,6,4,7,10,32,33,37,34,7,22,23,7,59.0,50.0,74.0,78.0,50.0,76.0,6.0,6.0,7.0,28.0,62.0,2.0,65.0,64.0,62.0,9.0,63.0,49.0,11.0,10.0,0.559322033898305,0.5,0.4324324324324324,0.5,0.26,0.5131578947368421,1.0,0.6666666666666666,1.0,0.3571428571428571,0.5161290322580645,0.0,0.5076923076923077,0.578125,0.5483870967741935,0.7777777777777778,0.3492063492063492,0.4693877551020408,0.6363636363636364,0.0,59.0,50.0,74.0,78.0,50.0,76.0,6.0,6.0,7.0,28.0,62.0,2.0,65.0,64.0,61.0,62.0,9.0,63.0,49.0,11.0,56.0,10.0,61.0,18,6.0,71.0,3.9444444444444446,5.199999999999999,74.79999999999998,4.155555555555555
2,3,3,2022-10-23,31-290,WAS,@,CLE,L (-10),0,35:26,4.0,11.0,.364,1.0,3.0,.333,0,0.0,,0.0,4.0,4.0,2.0,2.0,0.0,5.0,2.0,9.0,1.7,-7,8.0,3.0,0.375,33,25,32,39,13,39,6,4,7,10,32,33,37,34,7,22,23,7,59.0,50.0,74.0,78.0,50.0,76.0,6.0,6.0,7.0,28.0,62.0,2.0,65.0,64.0,62.0,9.0,63.0,49.0,11.0,10.0,0.559322033898305,0.5,0.4324324324324324,0.5,0.26,0.5131578947368421,1.0,0.6666666666666666,1.0,0.3571428571428571,0.5161290322580645,0.0,0.5076923076923077,0.578125,0.5483870967741935,0.7777777777777778,0.3492063492063492,0.4693877551020408,0.6363636363636364,0.0,59.0,50.0,74.0,78.0,50.0,76.0,6.0,6.0,7.0,28.0,62.0,2.0,65.0,64.0,61.0,62.0,9.0,63.0,49.0,11.0,56.0,10.0,61.0,18,1.0,63.0,3.5,1.7000000000000002,72.80000000000001,4.044444444444445
3,4,4,2022-10-25,31-292,WAS,,DET,W (+21),0,29:10,6.0,9.0,.667,4.0,6.0,.667,0,0.0,,0.0,2.0,2.0,4.0,2.0,1.0,1.0,2.0,16.0,16.4,+18,3.0,2.0,0.6666666666666666,33,25,32,39,13,39,6,4,7,10,32,33,37,34,7,22,23,7,59.0,50.0,74.0,78.0,50.0,76.0,6.0,6.0,7.0,28.0,62.0,2.0,65.0,64.0,62.0,9.0,63.0,49.0,11.0,10.0,0.559322033898305,0.5,0.4324324324324324,0.5,0.26,0.5131578947368421,1.0,0.6666666666666666,1.0,0.3571428571428571,0.5161290322580645,0.0,0.5076923076923077,0.578125,0.5483870967741935,0.7777777777777778,0.3492063492063492,0.4693877551020408,0.6363636363636364,0.0,59.0,50.0,74.0,78.0,50.0,76.0,6.0,6.0,7.0,28.0,62.0,2.0,65.0,64.0,61.0,62.0,9.0,63.0,49.0,11.0,56.0,10.0,61.0,18,15.0,75.0,4.166666666666667,16.4,81.89999999999999,4.55
4,5,5,2022-10-28,31-295,WAS,,IND,L (-10),0,29:04,3.0,6.0,.500,3.0,5.0,.600,0,0.0,,0.0,2.0,2.0,3.0,0.0,0.0,1.0,2.0,9.0,6.9,-7,1.0,0.0,0.0,33,25,32,39,13,39,6,4,7,10,32,33,37,34,7,22,23,7,59.0,50.0,74.0,78.0,50.0,76.0,6.0,6.0,7.0,28.0,62.0,2.0,65.0,64.0,62.0,9.0,63.0,49.0,11.0,10.0,0.559322033898305,0.5,0.4324324324324324,0.5,0.26,0.5131578947368421,1.0,0.6666666666666666,1.0,0.3571428571428571,0.5161290322580645,0.0,0.5076923076923077,0.578125,0.5483870967741935,0.7777777777777778,0.3492063492063492,0.4693877551020408,0.6363636363636364,0.0,59.0,50.0,74.0,78.0,50.0,76.0,6.0,6.0,7.0,28.0,62.0,2.0,65.0,64.0,61.0,62.0,9.0,63.0,49.0,11.0,56.0,10.0,61.0,18,7.0,55.0,3.055555555555556,6.9,71.8,3.988888888888889
5,6,6,2022-10-30,31-297,WAS,@,BOS,L (-18),0,14:29,2.0,8.0,.250,0.0,3.0,.000,0,1.0,.000,0.0,2.0,2.0,1.0,0.0,0.0,0.0,1.0,4.0,-0.3,-16,5.0,2.0,0.4,33,25,32,39,13,39,6,4,7,10,32,33,37,34,7,22,23,7,59.0,50.0,74.0,78.0,50.0,76.0,6.0,6.0,7.0,28.0,62.0,2.0,65.0,64.0,62.0,9.0,63.0,49.0,11.0,10.0,0.559322033898305,0.5,0.4324324324324324,0.5,0.26,0.5131578947368421,1.0,0.6666666666666666,1.0,0.3571428571428571,0.5161290322580645,0.0,0.5076923076923077,0.578125,0.5483870967741935,0.7777777777777778,0.3492063492063492,0.4693877551020408,0.6363636363636364,0.0,59.0,50.0,74.0,78.0,50.0,76.0,6.0,6.0,7.0,28.0,62.0,2.0,65.0,64.0,61.0,62.0,9.0,63.0,49.0,11.0,56.0,10.0,61.0,18,-2.0,58.0,3.2222222222222223,-0.3,61.10000000000001,3.394444444444445
6,7,7,2022-10-31,31-298,WAS,,PHI,L (-7),0,21:28,2.0,6.0,.333,1.0,3.0,.333,2,2.0,1.000,1.0,3.0,4.0,1.0,0.0,0.0,0.0,2.0,7.0,5.1,-17,3.0,1.0,0.3333333333333333,33,25,32,39,13,39,6,4,7,10,32,33,37,34,7,22,23,7,59.0,50.0,74.0,78.0,50.0,76.0,6.0,6.0,7.0,28.0,62.0,2.0,65.0,64.0,62.0,9.0,63.0,49.0,11.0,10.0,0.559322033898305,0.5,0.4324324324324324,0.5,0.26,0.5131578947368421,1.0,0.6666666666666666,1.0,0.3571428571428571,0.5161290322580645,0.0,0.5076923076923077,0.578125,0.5483870967741935,0.7777777777777778,0.3492063492063492,0.4693877551020408,0.6363636363636364,0.0,59.0,50.0,74.0,78.0,50.0,76.0,6.0,6.0,7.0,28.0,62.0,2.0,65.0,64.0,61.0,62.0,9.0,63.0,49.0,11.0,56.0,10.0,61.0,18,4.0,62.0,3.4444444444444446,4.300000000000001,74.7,4.15
7,8,8,2022-11-02,31-300,WAS,@,PHI,W (+10),0,24:09,4.0,9.0,.444,1.0,4.0,.250,2,2.0,1.000,0.0,1.0,1.0,3.0,1.0,1.0,0.0,2.0,11.0,9.6,+3,5.0,3.0,0.6,33,25,32,39,13,39,6,4,7,10,32,33,37,34,7,22,23,7,59.0,50.0,74.0,78.0,50.0,76.0,6.0,6.0,7.0,28.0,62.0,2.0,65.0,64.0,62.0,9.0,63.0,49.0,11.0,10.0,0.559322033898305,0.5,0.4324324324324324,0.5,0.26,0.5131578947368421,1.0,0.6666666666666666,1.0,0.3571428571428571,0.5161290322580645,0.0,0.5076923076923077,0.578125,0.5483870967741935,0.7777777777777778,0.3492063492063492,0.4693877551020408,0.6363636363636364,0.0,59.0,50.0,74.0,78.0,50.0,76.0,6.0,6.0,7.0,28.0,62.0,2.0,65.0,64.0,61.0,62.0,9.0,63.0,49.0,11.0,56.0,10.0,61.0,18,6.0,82.0,4.555555555555555,8.799999999999997,91.1,5.061111111111111
8,9,9,2022-11-04,31-302,WAS,,BRK,L (-42),0,19:03,1.0,7.0,.143,1.0,4.0,.250,0,0.0,,0.0,3.0,3.0,3.0,1.0,0.0,1.0,0.0,3.0,1.5,-33,3.0,0.0,0.0,33,25,32,39,13,39,6,4,7,10,32,33,37,34,7,22,23,7,59.0,50.0,74.0,78.0,50.0,76.0,6.0,6.0,7.0,28.0,62.0,2.0,65.0,64.0,62.0,9.0,63.0,49.0,11.0,10.0,0.559322033898305,0.5,0.4324324324324324,0.5,0.26,0.5131578947368421,1.0,0.6666666666666666,1.0,0.3571428571428571,0.5161290322580645,0.0,0.5076923076923077,0.578125,0.5483870967741935,0.7777777777777778,0.3492063492063492,0.4693877551020408,0.6363636363636364,0.0,59.0,50.0,74.0,78.0,50.0,76.0,6.0,6.0,7.0,28.0,62.0,2.0,65.0,64.0,61.0,62.0,9.0,63.0,49.0,11.0,56.0,10.0,61.0,18,2.0,34.0,1.8888888888888888,1.5,43.79999999999999,2.4333333333333327
9,10,10,2022-11-06,31-304,WAS,@,MEM,L (-6),0,23:44,5.0,12.0,.417,1.0,5.0,.200,1,1.0,1.000,0.0,4.0,4.0,5.0,0.0,0.0,0.0,2.0,12.0,9.5,+3,7.0,4.0,0.5714285714285714,33,25,32,39,13,39,6,4,7,10,32,33,37,34,7,22,23,7,59.0,50.0,74.0,78.0,50.0,76.0,6.0,6.0,7.0,28.0,62.0,2.0,65.0,64.0,62.0,9.0,63.0,49.0,11.0,10.0,0.559322033898305,0.5,0.4324324324324324,0.5,0.26,0.5131578947368421,1.0,0.6666666666666666,1.0,0.3571428571428571,0.5161290322580645,0.0,0.5076923076923077,0.578125,0.5483870967741935,0.7777777777777778,0.3492063492063492,0.4693877551020408,0.6363636363636364,0.0,59.0,50.0,74.0,78.0,50.0,76.0,6.0,6.0,7.0,28.0,62.0,2.0,65.0,64.0,61.0,62.0,9.0,63.0,49.0,11.0,56.0,10.0,61.0,18,8.0,70.0,3.888888888888889,9.1,65.8,3.6555555555555554
10,11,11,2022-11-07,31-305,WAS,@,CHO,W (+8),0,26:39,3.0,10.0,.300,0.0,3.0,.000,0,0.0,,1.0,5.0,6.0,1.0,0.0,0.0,3.0,0.0,6.0,0.1,+8,7.0,3.0,0.4285714285714285,33,25,32,39,13,39,6,4,7,10,32,33,37,34,7,22,23,7,59.0,50.0,74.0,78.0,50.0,76.0,6.0,6.0,7.0,28.0,62.0,2.0,65.0,64.0,62.0,9.0,63.0,49.0,11.0,10.0,0.559322033898305,0.5,0.4324324324324324,0.5,0.26,0.5131578947368421,1.0,0.6666666666666666,1.0,0.3571428571428571,0.5161290322580645,0.0,0.5076923076923077,0.578125,0.5483870967741935,0.7777777777777778,0.3492063492063492,0.4693877551020408,0.6363636363636364,0.0,59.0,50.0,74.0,78.0,50.0,76.0,6.0,6.0,7.0,28.0,62.0,2.0,65.0,64.0,61.0,62.0,9.0,63.0,49.0,11.0,56.0,10.0,61.0,18,0.0,76.0,4.222222222222222,0.0999999999999996,77.3,4.294444444444444
11,12,12,2022-11-10,31-308,WAS,,DAL,W (+8),0,28:56,4.0,12.0,.333,3.0,7.0,.429,3,3.0,1.000,1.0,6.0,7.0,4.0,0.0,1.0,2.0,1.0,14.0,10.8,+7,5.0,1.0,0.2,33,25,32,39,13,39,6,4,7,10,32,33,37,34,7,22,23,7,59.0,50.0,74.0,78.0,50.0,76.0,6.0,6.0,7.0,28.0,62.0,2.0,65.0,64.0,62.0,9.0,63.0,49.0,11.0,10.0,0.559322033898305,0.5,0.4324324324324324,0.5,0.26,0.5131578947368421,1.0,0.6666666666666666,1.0,0.3571428571428571,0.5161290322580645,0.0,0.5076923076923077,0.578125,0.5483870967741935,0.7777777777777778,0.3492063492063492,0.4693877551020408,0.6363636363636364,0.0,59.0,50.0,74.0,78.0,50.0,76.0,6.0,6.0,7.0,28.0,62.0,2.0,65.0,64.0,61.0,62.0,9.0,63.0,49.0,11.0,56.0,10.0,61.0,18,9.0,85.0,4.722222222222222,9.600000000000003,72.7,4.038888888888889
12,13,13,2022-11-12,31-310,WAS,,UTA,W (+9),0,16:23,3.0,7.0,.429,1.0,5.0,.200,2,2.0,1.000,0.0,2.0,2.0,1.0,0.0,1.0,1.0,1.0,9.0,5.9,-6,2.0,2.0,1.0,33,25,32,39,13,39,6,4,7,10,32,33,37,34,7,22,23,7,59.0,50.0,74.0,78.0,50.0,76.0,6.0,6.0,7.0,28.0,62.0,2.0,65.0,64.0,62.0,9.0,63.0,49.0,11.0,10.0,0.559322033898305,0.5,0.4324324324324324,0.5,0.26,0.5131578947368421,1.0,0.6666666666666666,1.0,0.3571428571428571,0.5161290322580645,0.0,0.5076923076923077,0.578125,0.5483870967741935,0.7777777777777778,0.3492063492063492,0.4693877551020408,0.6363636363636364,0.0,59.0,50.0,74.0,78.0,50.0,76.0,6.0,6.0,7.0,28.0,62.0,2.0,65.0,64.0,61.0,62.0,9.0,63.0,49.0,11.0,56.0,10.0,61.0,18,3.0,89.0,4.944444444444445,5.099999999999998,97.0,5.388888888888889
13,14,14,2022-11-13,31-311,WAS,,MEM,W (+10),0,22:41,3.0,9.0,.333,1.0,4.0,.250,0,0.0,,1.0,4.0,5.0,3.0,1.0,0.0,1.0,0.0,7.0,5.9,+2,5.0,2.0,0.4,33,25,32,39,13,39,6,4,7,10,32,33,37,34,7,22,23,7,59.0,50.0,74.0,78.0,50.0,76.0,6.0,6.0,7.0,28.0,62.0,2.0,65.0,64.0,62.0,9.0,63.0,49.0,11.0,10.0,0.559322033898305,0.5,0.4324324324324324,0.5,0.26,0.5131578947368421,1.0,0.6666666666666666,1.0,0.3571428571428571,0.5161290322580645,0.0,0.5076923076923077,0.578125,0.5483870967741935,0.7777777777777778,0.3492063492063492,0.4693877551020408,0.6363636363636364,0.0,59.0,50.0,74.0,78.0,50.0,76.0,6.0,6.0,7.0,28.0,62.0,2.0,65.0,64.0,61.0,62.0,9.0,63.0,49.0,11.0,56.0,10.0,61.0,18,6.0,62.0,3.4444444444444446,5.899999999999998,70.0,3.888888888888889
14,15,15,2022-11-16,31-314,WAS,,OKC,L (-1),0,16:26,2.0,5.0,.400,1.0,2.0,.500,0,0.0,,0.0,1.0,1.0,2.0,0.0,0.0,0.0,2.0,5.0,3.2,-17,3.0,1.0,0.3333333333333333,33,25,32,39,13,39,6,4,7,10,32,33,37,34,7,22,23,7,59.0,50.0,74.0,78.0,50.0,76.0,6.0,6.0,7.0,28.0,62.0,2.0,65.0,64.0,62.0,9.0,63.0,49.0,11.0,10.0,0.559322033898305,0.5,0.4324324324324324,0.5,0.26,0.5131578947368421,1.0,0.6666666666666666,1.0,0.3571428571428571,0.5161290322580645,0.0,0.5076923076923077,0.578125,0.5483870967741935,0.7777777777777778,0.3492063492063492,0.4693877551020408,0.6363636363636364,0.0,59.0,50.0,74.0,78.0,50.0,76.0,6.0,6.0,7.0,28.0,62.0,2.0,65.0,64.0,61.0,62.0,9.0,63.0,49.0,11.0,56.0,10.0,61.0,18,3.0,81.0,4.5,3.2,91.0,5.055555555555555
15,16,16,2022-11-18,31-316,WAS,,MIA,W (+1),0,8:13,0.0,2.0,.000,0.0,1.0,.000,0,0.0,,0.0,1.0,1.0,0.0,0.0,0.0,0.0,0.0,0.0,-1.1,-11,1.0,0.0,0.0,33,25,32,39,13,39,6,4,7,10,32,33,37,34,7,22,23,7,59.0,50.0,74.0,78.0,50.0,76.0,6.0,6.0,7.0,28.0,62.0,2.0,65.0,64.0,62.0,9.0,63.0,49.0,11.0,10.0,0.559322033898305,0.5,0.4324324324324324,0.5,0.26,0.5131578947368421,1.0,0.6666666666666666,1.0,0.3571428571428571,0.5161290322580645,0.0,0.5076923076923077,0.578125,0.5483870967741935,0.7777777777777778,0.3492063492063492,0.4693877551020408,0.6363636363636364,0.0,59.0,50.0,74.0,78.0,50.0,76.0,6.0,6.0,7.0,28.0,62.0,2.0,65.0,64.0,61.0,62.0,9.0,63.0,49.0,11.0,56.0,10.0,61.0,18,-1.0,80.0,4.444444444444445,-1.1,78.00000000000001,4.333333333333334
16,17,17,2022-11-20,31-318,WAS,,CHO,W (+4),0,20:44,1.0,6.0,.167,1.0,2.0,.500,0,0.0,,0.0,1.0,1.0,2.0,0.0,2.0,0.0,0.0,3.0,2.3,-1,4.0,0.0,0.0,33,25,32,39,13,39,6,4,7,10,32,33,37,34,7,22,23,7,59.0,50.0,74.0,78.0,50.0,76.0,6.0,6.0,7.0,28.0,62.0,2.0,65.0,64.0,62.0,9.0,63.0,49.0,11.0,10.0,0.559322033898305,0.5,0.4324324324324324,0.5,0.26,0.5131578947368421,1.0,0.6666666666666666,1.0,0.3571428571428571,0.5161290322580645,0.0,0.5076923076923077,0.578125,0.5483870967741935,0.7777777777777778,0.3492063492063492,0.4693877551020408,0.6363636363636364,0.0,59.0,50.0,74.0,78.0,50.0,76.0,6.0,6.0,7.0,28.0,62.0,2.0,65.0,64.0,61.0,62.0,9.0,63.0,49.0,11.0,56.0,10.0,61.0,18,2.0,67.0,3.7222222222222223,2.3000000000000007,74.6,4.144444444444444
17,18,18,2022-11-23,31-321,WAS,@,MIA,L (-8),0,29:21,5.0,10.0,.500,2.0,5.0,.400,1,2.0,.500,0.0,7.0,7.0,7.0,1.0,0.0,2.0,2.0,13.0,12.8,-10,5.0,3.0,0.6,33,25,32,39,13,39,6,4,7,10,32,33,37,34,7,22,23,7,59.0,50.0,74.0,78.0,50.0,76.0,6.0,6.0,7.0,28.0,62.0,2.0,65.0,64.0,62.0,9.0,63.0,49.0,11.0,10.0,0.559322033898305,0.5,0.4324324324324324,0.5,0.26,0.5131578947368421,1.0,0.6666666666666666,1.0,0.3571428571428571,0.5161290322580645,0.0,0.5076923076923077,0.578125,0.5483870967741935,0.7777777777777778,0.3492063492063492,0.4693877551020408,0.6363636363636364,0.0,59.0,50.0,74.0,78.0,50.0,76.0,6.0,6.0,7.0,28.0,62.0,2.0,65.0,64.0,61.0,62.0,9.0,63.0,49.0,11.0,56.0,10.0,61.0,18,14.0,66.0,3.6666666666666665,12.4,77.50000000000001,4.305555555555556
18,19,19,2022-11-25,31-323,WAS,@,MIA,L (-3),0,16:09,1.0,8.0,.125,1.0,5.0,.200,2,2.0,1.000,0.0,3.0,3.0,4.0,1.0,0.0,1.0,1.0,5.0,3.1,+4,3.0,0.0,0.0,33,25,32,39,13,39,6,4,7,10,32,33,37,34,7,22,23,7,59.0,50.0,74.0,78.0,50.0,76.0,6.0,6.0,7.0,28.0,62.0,2.0,65.0,64.0,62.0,9.0,63.0,49.0,11.0,10.0,0.559322033898305,0.5,0.4324324324324324,0.5,0.26,0.5131578947368421,1.0,0.6666666666666666,1.0,0.3571428571428571,0.5161290322580645,0.0,0.5076923076923077,0.578125,0.5483870967741935,0.7777777777777778,0.3492063492063492,0.4693877551020408,0.6363636363636364,0.0,59.0,50.0,74.0,78.0,50.0,76.0,6.0,6.0,7.0,28.0,62.0,2.0,65.0,64.0,61.0,62.0,9.0,63.0,49.0,11.0,56.0,10.0,61.0,18,2.0,84.0,4.666666666666667,2.300000000000002,96.2,5.344444444444445
19,20,20,2022-11-27,31-325,WAS,@,BOS,L (-9),0,30:52,2.0,8.0,.250,0.0,4.0,.000,2,3.0,.667,0.0,4.0,4.0,2.0,1.0,0.0,1.0,1.0,6.0,3.0,-2,4.0,2.0,0.5,33,25,32,39,13,39,6,4,7,10,32,33,37,34,7,22,23,7,59.0,50.0,74.0,78.0,50.0,76.0,6.0,6.0,7.0,28.0,62.0,2.0,65.0,64.0,62.0,9.0,63.0,49.0,11.0,10.0,0.559322033898305,0.5,0.4324324324324324,0.5,0.26,0.5131578947368421,1.0,0.6666666666666666,1.0,0.3571428571428571,0.5161290322580645,0.0,0.5076923076923077,0.578125,0.5483870967741935,0.7777777777777778,0.3492063492063492,0.4693877551020408,0.6363636363636364,0.0,59.0,50.0,74.0,78.0,50.0,76.0,6.0,6.0,7.0,28.0,62.0,2.0,65.0,64.0,61.0,62.0,9.0,63.0,49.0,11.0,56.0,10.0,61.0,18,1.0,64.0,3.555555555555556,2.2000000000000006,95.3,5.294444444444444
20,Rk,G,Date,Age,Tm,,Opp,,GS,MP,0.0,0.0,FG%,,,3P%,FT,0.0,FT%,0.0,0.0,,0.0,0.0,0.0,0.0,0.0,0.0,GmSc,+/-,,,,33,25,32,39,13,39,6,4,7,10,32,33,37,34,7,22,23,7,59.0,50.0,74.0,78.0,50.0,76.0,6.0,6.0,7.0,28.0,62.0,2.0,65.0,64.0,62.0,9.0,63.0,49.0,11.0,10.0,0.559322033898305,0.5,0.4324324324324324,0.5,0.26,0.5131578947368421,1.0,0.6666666666666666,1.0,0.3571428571428571,0.5161290322580645,0.0,0.5076923076923077,0.578125,0.5483870967741935,0.7777777777777778,0.3492063492063492,0.4693877551020408,0.6363636363636364,0.0,59.0,50.0,74.0,78.0,50.0,76.0,6.0,6.0,7.0,28.0,62.0,2.0,65.0,64.0,61.0,62.0,9.0,63.0,49.0,11.0,56.0,10.0,61.0,18,,0.0,0.0,0.0,0.0,0.0
21,21,21,2022-11-28,31-326,WAS,,MIN,W (+15),0,18:22,3.0,6.0,.500,1.0,1.0,1.000,2,2.0,1.000,0.0,3.0,3.0,2.0,3.0,0.0,0.0,1.0,9.0,10.9,+16,5.0,2.0,0.4,33,25,32,39,13,39,6,4,7,10,32,33,37,34,7,22,23,7,59.0,50.0,74.0,78.0,50.0,76.0,6.0,6.0,7.0,28.0,62.0,2.0,65.0,64.0,62.0,9.0,63.0,49.0,11.0,10.0,0.559322033898305,0.5,0.4324324324324324,0.5,0.26,0.5131578947368421,1.0,0.6666666666666666,1.0,0.3571428571428571,0.5161290322580645,0.0,0.5076923076923077,0.578125,0.5483870967741935,0.7777777777777778,0.3492063492063492,0.4693877551020408,0.6363636363636364,0.0,59.0,50.0,74.0,78.0,50.0,76.0,6.0,6.0,7.0,28.0,62.0,2.0,65.0,64.0,61.0,62.0,9.0,63.0,49.0,11.0,56.0,10.0,61.0,18,9.0,91.0,5.055555555555555,10.1,112.1,6.227777777777778
22,22,22,2022-11-30,31-328,WAS,@,BRK,L (-6),0,14:14,1.0,4.0,.250,0.0,0.0,,0,0.0,,0.0,0.0,0.0,1.0,1.0,0.0,1.0,2.0,2.0,-0.5,-2,4.0,1.0,0.25,33,25,32,39,13,39,6,4,7,10,32,33,37,34,7,22,23,7,59.0,50.0,74.0,78.0,50.0,76.0,6.0,6.0,7.0,28.0,62.0,2.0,65.0,64.0,62.0,9.0,63.0,49.0,11.0,10.0,0.559322033898305,0.5,0.4324324324324324,0.5,0.26,0.5131578947368421,1.0,0.6666666666666666,1.0,0.3571428571428571,0.5161290322580645,0.0,0.5076923076923077,0.578125,0.5483870967741935,0.7777777777777778,0.3492063492063492,0.4693877551020408,0.6363636363636364,0.0,59.0,50.0,74.0,78.0,50.0,76.0,6.0,6.0,7.0,28.0,62.0,2.0,65.0,64.0,61.0,62.0,9.0,63.0,49.0,11.0,56.0,10.0,61.0,18,-1.0,52.0,2.888888888888889,-0.5000000000000002,68.5,3.8055555555555554
23,23,23,2022-12-02,31-330,WAS,@,CHO,L (-1),0,20:39,3.0,5.0,.600,1.0,3.0,.333,0,0.0,,0.0,4.0,4.0,1.0,0.0,0.0,1.0,2.0,7.0,4.8,+8,2.0,2.0,1.0,33,25,32,39,13,39,6,4,7,10,32,33,37,34,7,22,23,7,59.0,50.0,74.0,78.0,50.0,76.0,6.0,6.0,7.0,28.0,62.0,2.0,65.0,64.0,62.0,9.0,63.0,49.0,11.0,10.0,0.559322033898305,0.5,0.4324324324324324,0.5,0.26,0.5131578947368421,1.0,0.6666666666666666,1.0,0.3571428571428571,0.5161290322580645,0.0,0.5076923076923077,0.578125,0.5483870967741935,0.7777777777777778,0.3492063492063492,0.4693877551020408,0.6363636363636364,0.0,59.0,50.0,74.0,78.0,50.0,76.0,6.0,6.0,7.0,28.0,62.0,2.0,65.0,64.0,61.0,62.0,9.0,63.0,49.0,11.0,56.0,10.0,61.0,18,6.0,66.0,3.6666666666666665,4.799999999999998,78.8,4.377777777777777
24,24,24,2022-12-04,31-332,WAS,,LAL,L (-11),0,22:11,0.0,5.0,.000,0.0,3.0,.000,0,0.0,,0.0,1.0,1.0,5.0,0.0,1.0,0.0,0.0,0.0,1.0,-2,2.0,0.0,0.0,33,25,32,39,13,39,6,4,7,10,32,33,37,34,7,22,23,7,59.0,50.0,74.0,78.0,50.0,76.0,6.0,6.0,7.0,28.0,62.0,2.0,65.0,64.0,62.0,9.0,63.0,49.0,11.0,10.0,0.559322033898305,0.5,0.4324324324324324,0.5,0.26,0.5131578947368421,1.0,0.6666666666666666,1.0,0.3571428571428571,0.5161290322580645,0.0,0.5076923076923077,0.578125,0.5483870967741935,0.7777777777777778,0.3492063492063492,0.4693877551020408,0.6363636363636364,0.0,59.0,50.0,74.0,78.0,50.0,76.0,6.0,6.0,7.0,28.0,62.0,2.0,65.0,64.0,61.0,62.0,9.0,63.0,49.0,11.0,56.0,10.0,61.0,18,2.0,74.0,4.111111111111111,1.0,90.6,5.033333333333333
25,25,25,2022-12-07,31-335,WAS,@,CHI,L (-4),0,18:09,2.0,7.0,.286,2.0,5.0,.400,0,0.0,,0.0,3.0,3.0,1.0,0.0,1.0,1.0,0.0,6.0,3.2,+10,2.0,0.0,0.0,33,25,32,39,13,39,6,4,7,10,32,33,37,34,7,22,23,7,59.0,50.0,74.0,78.0,50.0,76.0,6.0,6.0,7.0,28.0,62.0,2.0,65.0,64.0,62.0,9.0,63.0,49.0,11.0,10.0,0.559322033898305,0.5,0.4324324324324324,0.5,0.26,0.5131578947368421,1.0,0.6666666666666666,1.0,0.3571428571428571,0.5161290322580645,0.0,0.5076923076923077,0.578125,0.5483870967741935,0.7777777777777778,0.3492063492063492,0.4693877551020408,0.6363636363636364,0.0,59.0,50.0,74.0,78.0,50.0,76.0,6.0,6.0,7.0,28.0,62.0,2.0,65.0,64.0,61.0,62.0,9.0,63.0,49.0,11.0,56.0,10.0,61.0,18,3.0,60.0,3.333333333333333,3.1999999999999984,83.79999999999998,4.655555555555555
26,26,,2022-12-09,31-337,WAS,@,IND,L (-10),Did Not Dress,Did Not Dress,0.0,0.0,Did Not Dress,,,Did Not Dress,Did Not Dress,0.0,Did Not Dress,0.0,0.0,,0.0,0.0,0.0,0.0,0.0,0.0,Did Not Dress,Did Not Dress,,,,33,25,32,39,13,39,6,4,7,10,32,33,37,34,7,22,23,7,59.0,50.0,74.0,78.0,50.0,76.0,6.0,6.0,7.0,28.0,62.0,2.0,65.0,64.0,62.0,9.0,63.0,49.0,11.0,10.0,0.559322033898305,0.5,0.4324324324324324,0.5,0.26,0.5131578947368421,1.0,0.6666666666666666,1.0,0.3571428571428571,0.5161290322580645,0.0,0.5076923076923077,0.578125,0.5483870967741935,0.7777777777777778,0.3492063492063492,0.4693877551020408,0.6363636363636364,0.0,59.0,50.0,74.0,78.0,50.0,76.0,6.0,6.0,7.0,28.0,62.0,2.0,65.0,64.0,61.0,62.0,9.0,63.0,49.0,11.0,56.0,10.0,61.0,18,,67.0,3.7222222222222223,0.0,87.39999999999999,4.855555555555555
27,27,,2022-12-10,31-338,WAS,,LAC,L (-7),Inactive,Inactive,0.0,0.0,Inactive,,,Inactive,Inactive,0.0,Inactive,0.0,0.0,,0.0,0.0,0.0,0.0,0.0,0.0,Inactive,Inactive,,,,33,25,32,39,13,39,6,4,7,10,32,33,37,34,7,22,23,7,59.0,50.0,74.0,78.0,50.0,76.0,6.0,6.0,7.0,28.0,62.0,2.0,65.0,64.0,62.0,9.0,63.0,49.0,11.0,10.0,0.559322033898305,0.5,0.4324324324324324,0.5,0.26,0.5131578947368421,1.0,0.6666666666666666,1.0,0.3571428571428571,0.5161290322580645,0.0,0.5076923076923077,0.578125,0.5483870967741935,0.7777777777777778,0.3492063492063492,0.4693877551020408,0.6363636363636364,0.0,59.0,50.0,74.0,78.0,50.0,76.0,6.0,6.0,7.0,28.0,62.0,2.0,65.0,64.0,61.0,62.0,9.0,63.0,49.0,11.0,56.0,10.0,61.0,18,,61.0,3.388888888888889,0.0,74.8,4.155555555555555
28,28,26,2022-12-12,31-340,WAS,,BRK,L (-12),0,33:06,8.0,15.0,.533,4.0,8.0,.500,2,2.0,1.000,0.0,7.0,7.0,7.0,0.0,0.0,1.0,3.0,22.0,19.5,+4,7.0,4.0,0.5714285714285714,33,25,32,39,13,39,6,4,7,10,32,33,37,34,7,22,23,7,59.0,50.0,74.0,78.0,50.0,76.0,6.0,6.0,7.0,28.0,62.0,2.0,65.0,64.0,62.0,9.0,63.0,49.0,11.0,10.0,0.559322033898305,0.5,0.4324324324324324,0.5,0.26,0.5131578947368421,1.0,0.6666666666666666,1.0,0.3571428571428571,0.5161290322580645,0.0,0.5076923076923077,0.578125,0.5483870967741935,0.7777777777777778,0.3492063492063492,0.4693877551020408,0.6363636363636364,0.0,59.0,50.0,74.0,78.0,50.0,76.0,6.0,6.0,7.0,28.0,62.0,2.0,65.0,64.0,61.0,62.0,9.0,63.0,49.0,11.0,56.0,10.0,61.0,18,18.0,48.0,2.6666666666666665,18.700000000000003,63.09999999999998,3.5055555555555546
29,29,27,2022-12-14,31-342,WAS,@,DEN,L (-13),0,35:43,7.0,15.0,.467,4.0,8.0,.500,4,7.0,.571,1.0,2.0,3.0,9.0,1.0,0.0,5.0,3.0,22.0,15.5,-14,7.0,3.0,0.4285714285714285,33,25,32,39,13,39,6,4,7,10,32,33,37,34,7,22,23,7,59.0,50.0,74.0,78.0,50.0,76.0,6.0,6.0,7.0,28.0,62.0,2.0,65.0,64.0,62.0,9.0,63.0,49.0,11.0,10.0,0.559322033898305,0.5,0.4324324324324324,0.5,0.26,0.5131578947368421,1.0,0.6666666666666666,1.0,0.3571428571428571,0.5161290322580645,0.0,0.5076923076923077,0.578125,0.5483870967741935,0.7777777777777778,0.3492063492063492,0.4693877551020408,0.6363636363636364,0.0,59.0,50.0,74.0,78.0,50.0,76.0,6.0,6.0,7.0,28.0,62.0,2.0,65.0,64.0,61.0,62.0,9.0,63.0,49.0,11.0,56.0,10.0,61.0,18,8.0,71.0,3.9444444444444446,13.9,85.5,4.75
30,30,28,2022-12-17,31-345,WAS,@,LAC,L (-9),0,23:09,5.0,12.0,.417,4.0,5.0,.800,0,0.0,,0.0,3.0,3.0,2.0,0.0,0.0,2.0,0.0,14.0,7.9,0,7.0,1.0,0.1428571428571428,33,25,32,39,13,39,6,4,7,10,32,33,37,34,7,22,23,7,59.0,50.0,74.0,78.0,50.0,76.0,6.0,6.0,7.0,28.0,62.0,2.0,65.0,64.0,62.0,9.0,63.0,49.0,11.0,10.0,0.559322033898305,0.5,0.4324324324324324,0.5,0.26,0.5131578947368421,1.0,0.6666666666666666,1.0,0.3571428571428571,0.5161290322580645,0.0,0.5076923076923077,0.578125,0.5483870967741935,0.7777777777777778,0.3492063492063492,0.4693877551020408,0.6363636363636364,0.0,59.0,50.0,74.0,78.0,50.0,76.0,6.0,6.0,7.0,28.0,62.0,2.0,65.0,64.0,61.0,62.0,9.0,63.0,49.0,11.0,56.0,10.0,61.0,18,5.0,51.0,2.833333333333333,7.899999999999999,53.89999999999999,2.994444444444444
31,31,29,2022-12-18,31-346,WAS,@,LAL,L (-2),0,19:59,2.0,8.0,.250,1.0,4.0,.250,0,0.0,,0.0,1.0,1.0,2.0,0.0,1.0,1.0,1.0,5.0,1.2,-2,4.0,1.0,0.25,33,25,32,39,13,39,6,4,7,10,32,33,37,34,7,22,23,7,59.0,50.0,74.0,78.0,50.0,76.0,6.0,6.0,7.0,28.0,62.0,2.0,65.0,64.0,62.0,9.0,63.0,49.0,11.0,10.0,0.559322033898305,0.5,0.4324324324324324,0.5,0.26,0.5131578947368421,1.0,0.6666666666666666,1.0,0.3571428571428571,0.5161290322580645,0.0,0.5076923076923077,0.578125,0.5483870967741935,0.7777777777777778,0.3492063492063492,0.4693877551020408,0.6363636363636364,0.0,59.0,50.0,74.0,78.0,50.0,76.0,6.0,6.0,7.0,28.0,62.0,2.0,65.0,64.0,61.0,62.0,9.0,63.0,49.0,11.0,56.0,10.0,61.0,18,0.0,71.0,3.9444444444444446,1.1999999999999995,83.7,4.65
32,32,30,2022-12-20,31-348,WAS,@,PHO,W (+3),0,17:27,2.0,5.0,.400,2.0,4.0,.500,0,0.0,,0.0,1.0,1.0,1.0,0.0,0.0,3.0,0.0,6.0,1.3,-23,1.0,0.0,0.0,33,25,32,39,13,39,6,4,7,10,32,33,37,34,7,22,23,7,59.0,50.0,74.0,78.0,50.0,76.0,6.0,6.0,7.0,28.0,62.0,2.0,65.0,64.0,62.0,9.0,63.0,49.0,11.0,10.0,0.559322033898305,0.5,0.4324324324324324,0.5,0.26,0.5131578947368421,1.0,0.6666666666666666,1.0,0.3571428571428571,0.5161290322580645,0.0,0.5076923076923077,0.578125,0.5483870967741935,0.7777777777777778,0.3492063492063492,0.4693877551020408,0.6363636363636364,0.0,59.0,50.0,74.0,78.0,50.0,76.0,6.0,6.0,7.0,28.0,62.0,2.0,65.0,64.0,61.0,62.0,9.0,63.0,49.0,11.0,56.0,10.0,61.0,18,0.0,63.0,3.5,1.2999999999999998,84.6,4.699999999999999
33,33,31,2022-12-22,31-350,WAS,@,UTA,L (-8),0,13:53,1.0,5.0,.200,1.0,3.0,.333,1,2.0,.500,0.0,2.0,2.0,2.0,0.0,0.0,0.0,1.0,4.0,2.1,-20,2.0,0.0,0.0,33,25,32,39,13,39,6,4,7,10,32,33,37,34,7,22,23,7,59.0,50.0,74.0,78.0,50.0,76.0,6.0,6.0,7.0,28.0,62.0,2.0,65.0,64.0,62.0,9.0,63.0,49.0,11.0,10.0,0.559322033898305,0.5,0.4324324324324324,0.5,0.26,0.5131578947368421,1.0,0.6666666666666666,1.0,0.3571428571428571,0.5161290322580645,0.0,0.5076923076923077,0.578125,0.5483870967741935,0.7777777777777778,0.3492063492063492,0.4693877551020408,0.6363636363636364,0.0,59.0,50.0,74.0,78.0,50.0,76.0,6.0,6.0,7.0,28.0,62.0,2.0,65.0,64.0,61.0,62.0,9.0,63.0,49.0,11.0,56.0,10.0,61.0,18,1.0,64.0,3.555555555555556,1.7000000000000006,79.50000000000001,4.416666666666668
34,34,,2022-12-23,31-351,WAS,@,SAC,W (+14),Inactive,Inactive,0.0,0.0,Inactive,,,Inactive,Inactive,0.0,Inactive,0.0,0.0,,0.0,0.0,0.0,0.0,0.0,0.0,Inactive,Inactive,,,,33,25,32,39,13,39,6,4,7,10,32,33,37,34,7,22,23,7,59.0,50.0,74.0,78.0,50.0,76.0,6.0,6.0,7.0,28.0,62.0,2.0,65.0,64.0,62.0,9.0,63.0,49.0,11.0,10.0,0.559322033898305,0.5,0.4324324324324324,0.5,0.26,0.5131578947368421,1.0,0.6666666666666666,1.0,0.3571428571428571,0.5161290322580645,0.0,0.5076923076923077,0.578125,0.5483870967741935,0.7777777777777778,0.3492063492063492,0.4693877551020408,0.6363636363636364,0.0,59.0,50.0,74.0,78.0,50.0,76.0,6.0,6.0,7.0,28.0,62.0,2.0,65.0,64.0,61.0,62.0,9.0,63.0,49.0,11.0,56.0,10.0,61.0,18,,87.0,4.833333333333333,0.0,102.0,5.666666666666667
35,35,,2022-12-27,31-355,WAS,,PHI,W (+5),Did Not Play,Did Not Play,0.0,0.0,Did Not Play,,,Did Not Play,Did Not Play,0.0,Did Not Play,0.0,0.0,,0.0,0.0,0.0,0.0,0.0,0.0,Did Not Play,Did Not Play,,,,33,25,32,39,13,39,6,4,7,10,32,33,37,34,7,22,23,7,59.0,50.0,74.0,78.0,50.0,76.0,6.0,6.0,7.0,28.0,62.0,2.0,65.0,64.0,62.0,9.0,63.0,49.0,11.0,10.0,0.559322033898305,0.5,0.4324324324324324,0.5,0.26,0.5131578947368421,1.0,0.6666666666666666,1.0,0.3571428571428571,0.5161290322580645,0.0,0.5076923076923077,0.578125,0.5483870967741935,0.7777777777777778,0.3492063492063492,0.4693877551020408,0.6363636363636364,0.0,59.0,50.0,74.0,78.0,50.0,76.0,6.0,6.0,7.0,28.0,62.0,2.0,65.0,64.0,61.0,62.0,9.0,63.0,49.0,11.0,56.0,10.0,61.0,18,,57.0,3.1666666666666665,0.0,78.0,4.333333333333333
36,36,,2022-12-28,31-356,WAS,,PHO,W (+25),Did Not Play,Did Not Play,0.0,0.0,Did Not Play,,,Did Not Play,Did Not Play,0.0,Did Not Play,0.0,0.0,,0.0,0.0,0.0,0.0,0.0,0.0,Did Not Play,Did Not Play,,,,33,25,32,39,13,39,6,4,7,10,32,33,37,34,7,22,23,7,59.0,50.0,74.0,78.0,50.0,76.0,6.0,6.0,7.0,28.0,62.0,2.0,65.0,64.0,62.0,9.0,63.0,49.0,11.0,10.0,0.559322033898305,0.5,0.4324324324324324,0.5,0.26,0.5131578947368421,1.0,0.6666666666666666,1.0,0.3571428571428571,0.5161290322580645,0.0,0.5076923076923077,0.578125,0.5483870967741935,0.7777777777777778,0.3492063492063492,0.4693877551020408,0.6363636363636364,0.0,59.0,50.0,74.0,78.0,50.0,76.0,6.0,6.0,7.0,28.0,62.0,2.0,65.0,64.0,61.0,62.0,9.0,63.0,49.0,11.0,56.0,10.0,61.0,18,,91.0,5.055555555555555,0.0,107.89999999999998,5.994444444444444
37,37,32,2022-12-30,31-358,WAS,@,ORL,W (+19),0,2:30,0.0,0.0,,0.0,0.0,,0,0.0,,0.0,0.0,0.0,0.0,0.0,0.0,1.0,0.0,0.0,-1.0,0,0.0,0.0,,33,25,32,39,13,39,6,4,7,10,32,33,37,34,7,22,23,7,59.0,50.0,74.0,78.0,50.0,76.0,6.0,6.0,7.0,28.0,62.0,2.0,65.0,64.0,62.0,9.0,63.0,49.0,11.0,10.0,0.559322033898305,0.5,0.4324324324324324,0.5,0.26,0.5131578947368421,1.0,0.6666666666666666,1.0,0.3571428571428571,0.5161290322580645,0.0,0.5076923076923077,0.578125,0.5483870967741935,0.7777777777777778,0.3492063492063492,0.4693877551020408,0.6363636363636364,0.0,59.0,50.0,74.0,78.0,50.0,76.0,6.0,6.0,7.0,28.0,62.0,2.0,65.0,64.0,61.0,62.0,9.0,63.0,49.0,11.0,56.0,10.0,61.0,18,-1.0,94.0,5.222222222222222,-1.0,92.7,5.15
38,38,33,2023-01-01,31-360,WAS,@,MIL,W (+23),0,3:51,0.0,2.0,.000,0.0,2.0,.000,0,0.0,,0.0,0.0,0.0,1.0,0.0,0.0,0.0,0.0,0.0,-0.7,0,0.0,0.0,,33,25,32,39,13,39,6,4,7,10,32,33,37,34,7,22,23,7,59.0,50.0,74.0,78.0,50.0,76.0,6.0,6.0,7.0,28.0,62.0,2.0,65.0,64.0,62.0,9.0,63.0,49.0,11.0,10.0,0.559322033898305,0.5,0.4324324324324324,0.5,0.26,0.5131578947368421,1.0,0.6666666666666666,1.0,0.3571428571428571,0.5161290322580645,0.0,0.5076923076923077,0.578125,0.5483870967741935,0.7777777777777778,0.3492063492063492,0.4693877551020408,0.6363636363636364,0.0,59.0,50.0,74.0,78.0,50.0,76.0,6.0,6.0,7.0,28.0,62.0,2.0,65.0,64.0,61.0,62.0,9.0,63.0,49.0,11.0,56.0,10.0,61.0,18,-1.0,90.0,5.0,-0.7,100.0,5.555555555555555
39,39,34,2023-01-03,31-362,WAS,@,MIL,L (-10),0,1:23,0.0,0.0,,0.0,0.0,,0,0.0,,0.0,0.0,0.0,0.0,0.0,0.0,0.0,0.0,0.0,0.0,+4,0.0,0.0,,33,25,32,39,13,39,6,4,7,10,32,33,37,34,7,22,23,7,59.0,50.0,74.0,78.0,50.0,76.0,6.0,6.0,7.0,28.0,62.0,2.0,65.0,64.0,62.0,9.0,63.0,49.0,11.0,10.0,0.559322033898305,0.5,0.4324324324324324,0.5,0.26,0.5131578947368421,1.0,0.6666666666666666,1.0,0.3571428571428571,0.5161290322580645,0.0,0.5076923076923077,0.578125,0.5483870967741935,0.7777777777777778,0.3492063492063492,0.4693877551020408,0.6363636363636364,0.0,59.0,50.0,74.0,78.0,50.0,76.0,6.0,6.0,7.0,28.0,62.0,2.0,65.0,64.0,61.0,62.0,9.0,63.0,49.0,11.0,56.0,10.0,61.0,18,0.0,69.0,3.8333333333333335,0.0,86.39999999999999,4.8
40,40,35,2023-01-06,32-000,WAS,@,OKC,L (-17),0,17:23,5.0,8.0,.625,2.0,5.0,.400,2,3.0,.667,0.0,4.0,4.0,3.0,0.0,0.0,0.0,2.0,14.0,12.5,0,3.0,3.0,1.0,33,25,32,39,13,39,6,4,7,10,32,33,37,34,7,22,23,7,59.0,50.0,74.0,78.0,50.0,76.0,6.0,6.0,7.0,28.0,62.0,2.0,65.0,64.0,62.0,9.0,63.0,49.0,11.0,10.0,0.559322033898305,0.5,0.4324324324324324,0.5,0.26,0.5131578947368421,1.0,0.6666666666666666,1.0,0.3571428571428571,0.5161290322580645,0.0,0.5076923076923077,0.578125,0.5483870967741935,0.7777777777777778,0.3492063492063492,0.4693877551020408,0.6363636363636364,0.0,59.0,50.0,74.0,78.0,50.0,76.0,6.0,6.0,7.0,28.0,62.0,2.0,65.0,64.0,61.0,62.0,9.0,63.0,49.0,11.0,56.0,10.0,61.0,18,10.0,40.0,2.2222222222222223,11.699999999999996,56.9,3.161111111111111
41,Rk,G,Date,Age,Tm,,Opp,,GS,MP,0.0,0.0,FG%,,,3P%,FT,0.0,FT%,0.0,0.0,,0.0,0.0,0.0,0.0,0.0,0.0,GmSc,+/-,,,,33,25,32,39,13,39,6,4,7,10,32,33,37,34,7,22,23,7,59.0,50.0,74.0,78.0,50.0,76.0,6.0,6.0,7.0,28.0,62.0,2.0,65.0,64.0,62.0,9.0,63.0,49.0,11.0,10.0,0.559322033898305,0.5,0.4324324324324324,0.5,0.26,0.5131578947368421,1.0,0.6666666666666666,1.0,0.3571428571428571,0.5161290322580645,0.0,0.5076923076923077,0.578125,0.5483870967741935,0.7777777777777778,0.3492063492063492,0.4693877551020408,0.6363636363636364,0.0,59.0,50.0,74.0,78.0,50.0,76.0,6.0,6.0,7.0,28.0,62.0,2.0,65.0,64.0,61.0,62.0,9.0,63.0,49.0,11.0,56.0,10.0,61.0,18,,0.0,0.0,0.0,0.0,0.0
42,41,,2023-01-09,32-003,WAS,,NOP,L (-20),Did Not Play,Did Not Play,0.0,0.0,Did Not Play,,,Did Not Play,Did Not Play,0.0,Did Not Play,0.0,0.0,,0.0,0.0,0.0,0.0,0.0,0.0,Did Not Play,Did Not Play,,,,33,25,32,39,13,39,6,4,7,10,32,33,37,34,7,22,23,7,59.0,50.0,74.0,78.0,50.0,76.0,6.0,6.0,7.0,28.0,62.0,2.0,65.0,64.0,62.0,9.0,63.0,49.0,11.0,10.0,0.559322033898305,0.5,0.4324324324324324,0.5,0.26,0.5131578947368421,1.0,0.6666666666666666,1.0,0.3571428571428571,0.5161290322580645,0.0,0.5076923076923077,0.578125,0.5483870967741935,0.7777777777777778,0.3492063492063492,0.4693877551020408,0.6363636363636364,0.0,59.0,50.0,74.0,78.0,50.0,76.0,6.0,6.0,7.0,28.0,62.0,2.0,65.0,64.0,61.0,62.0,9.0,63.0,49.0,11.0,56.0,10.0,61.0,18,,61.0,3.388888888888889,0.0,71.99999999999999,3.999999999999999
43,42,36,2023-01-11,32-005,WAS,,CHI,W (+3),0,8:14,0.0,1.0,.000,0.0,0.0,,0,0.0,,1.0,1.0,2.0,1.0,0.0,0.0,2.0,0.0,0.0,-1.0,-3,1.0,0.0,0.0,33,25,32,39,13,39,6,4,7,10,32,33,37,34,7,22,23,7,59.0,50.0,74.0,78.0,50.0,76.0,6.0,6.0,7.0,28.0,62.0,2.0,65.0,64.0,62.0,9.0,63.0,49.0,11.0,10.0,0.559322033898305,0.5,0.4324324324324324,0.5,0.26,0.5131578947368421,1.0,0.6666666666666666,1.0,0.3571428571428571,0.5161290322580645,0.0,0.5076923076923077,0.578125,0.5483870967741935,0.7777777777777778,0.3492063492063492,0.4693877551020408,0.6363636363636364,0.0,59.0,50.0,74.0,78.0,50.0,76.0,6.0,6.0,7.0,28.0,62.0,2.0,65.0,64.0,61.0,62.0,9.0,63.0,49.0,11.0,56.0,10.0,61.0,18,0.0,61.0,3.388888888888889,-1.0,68.39999999999999,3.7999999999999994
44,43,,2023-01-13,32-007,WAS,,NYK,L (-4),Did Not Play,Did Not Play,0.0,0.0,Did Not Play,,,Did Not Play,Did Not Play,0.0,Did Not Play,0.0,0.0,,0.0,0.0,0.0,0.0,0.0,0.0,Did Not Play,Did Not Play,,,,33,25,32,39,13,39,6,4,7,10,32,33,37,34,7,22,23,7,59.0,50.0,74.0,78.0,50.0,76.0,6.0,6.0,7.0,28.0,62.0,2.0,65.0,64.0,62.0,9.0,63.0,49.0,11.0,10.0,0.559322033898305,0.5,0.4324324324324324,0.5,0.26,0.5131578947368421,1.0,0.6666666666666666,1.0,0.3571428571428571,0.5161290322580645,0.0,0.5076923076923077,0.578125,0.5483870967741935,0.7777777777777778,0.3492063492063492,0.4693877551020408,0.6363636363636364,0.0,59.0,50.0,74.0,78.0,50.0,76.0,6.0,6.0,7.0,28.0,62.0,2.0,65.0,64.0,61.0,62.0,9.0,63.0,49.0,11.0,56.0,10.0,61.0,18,,57.0,3.1666666666666665,0.0,68.89999999999999,3.8277777777777775
45,44,,2023-01-16,32-010,WAS,,GSW,L (-9),Did Not Play,Did Not Play,0.0,0.0,Did Not Play,,,Did Not Play,Did Not Play,0.0,Did Not Play,0.0,0.0,,0.0,0.0,0.0,0.0,0.0,0.0,Did Not Play,Did Not Play,,,,33,25,32,39,13,39,6,4,7,10,32,33,37,34,7,22,23,7,59.0,50.0,74.0,78.0,50.0,76.0,6.0,6.0,7.0,28.0,62.0,2.0,65.0,64.0,62.0,9.0,63.0,49.0,11.0,10.0,0.559322033898305,0.5,0.4324324324324324,0.5,0.26,0.5131578947368421,1.0,0.6666666666666666,1.0,0.3571428571428571,0.5161290322580645,0.0,0.5076923076923077,0.578125,0.5483870967741935,0.7777777777777778,0.3492063492063492,0.4693877551020408,0.6363636363636364,0.0,59.0,50.0,74.0,78.0,50.0,76.0,6.0,6.0,7.0,28.0,62.0,2.0,65.0,64.0,61.0,62.0,9.0,63.0,49.0,11.0,56.0,10.0,61.0,18,,71.0,3.9444444444444446,0.0,86.29999999999998,4.794444444444443
46,45,,2023-01-18,32-012,WAS,@,NYK,W (+11),Did Not Play,Did Not Play,0.0,0.0,Did Not Play,,,Did Not Play,Did Not Play,0.0,Did Not Play,0.0,0.0,,0.0,0.0,0.0,0.0,0.0,0.0,Did Not Play,Did Not Play,,,,33,25,32,39,13,39,6,4,7,10,32,33,37,34,7,22,23,7,59.0,50.0,74.0,78.0,50.0,76.0,6.0,6.0,7.0,28.0,62.0,2.0,65.0,64.0,62.0,9.0,63.0,49.0,11.0,10.0,0.559322033898305,0.5,0.4324324324324324,0.5,0.26,0.5131578947368421,1.0,0.6666666666666666,1.0,0.3571428571428571,0.5161290322580645,0.0,0.5076923076923077,0.578125,0.5483870967741935,0.7777777777777778,0.3492063492063492,0.4693877551020408,0.6363636363636364,0.0,59.0,50.0,74.0,78.0,50.0,76.0,6.0,6.0,7.0,28.0,62.0,2.0,65.0,64.0,61.0,62.0,9.0,63.0,49.0,11.0,56.0,10.0,61.0,18,,83.0,4.611111111111111,0.0,90.20000000000005,5.011111111111114
47,46,,2023-01-21,32-015,WAS,,ORL,W (+20),Did Not Play,Did Not Play,0.0,0.0,Did Not Play,,,Did Not Play,Did Not Play,0.0,Did Not Play,0.0,0.0,,0.0,0.0,0.0,0.0,0.0,0.0,Did Not Play,Did Not Play,,,,33,25,32,39,13,39,6,4,7,10,32,33,37,34,7,22,23,7,59.0,50.0,74.0,78.0,50.0,76.0,6.0,6.0,7.0,28.0,62.0,2.0,65.0,64.0,62.0,9.0,63.0,49.0,11.0,10.0,0.559322033898305,0.5,0.4324324324324324,0.5,0.26,0.5131578947368421,1.0,0.6666666666666666,1.0,0.3571428571428571,0.5161290322580645,0.0,0.5076923076923077,0.578125,0.5483870967741935,0.7777777777777778,0.3492063492063492,0.4693877551020408,0.6363636363636364,0.0,59.0,50.0,74.0,78.0,50.0,76.0,6.0,6.0,7.0,28.0,62.0,2.0,65.0,64.0,61.0,62.0,9.0,63.0,49.0,11.0,56.0,10.0,61.0,18,,101.0,5.611111111111111,0.0,117.4,6.522222222222222
48,47,37,2023-01-24,32-018,WAS,@,DAL,W (+1),0,15:13,3.0,5.0,.600,2.0,3.0,.667,0,0.0,,0.0,2.0,2.0,3.0,0.0,0.0,1.0,0.0,8.0,7.4,0,2.0,1.0,0.5,33,25,32,39,13,39,6,4,7,10,32,33,37,34,7,22,23,7,59.0,50.0,74.0,78.0,50.0,76.0,6.0,6.0,7.0,28.0,62.0,2.0,65.0,64.0,62.0,9.0,63.0,49.0,11.0,10.0,0.559322033898305,0.5,0.4324324324324324,0.5,0.26,0.5131578947368421,1.0,0.6666666666666666,1.0,0.3571428571428571,0.5161290322580645,0.0,0.5076923076923077,0.578125,0.5483870967741935,0.7777777777777778,0.3492063492063492,0.4693877551020408,0.6363636363636364,0.0,59.0,50.0,74.0,78.0,50.0,76.0,6.0,6.0,7.0,28.0,62.0,2.0,65.0,64.0,61.0,62.0,9.0,63.0,49.0,11.0,56.0,10.0,61.0,18,7.0,65.0,3.611111111111111,7.399999999999999,86.5,4.805555555555555
49,48,38,2023-01-25,32-019,WAS,@,HOU,W (+5),0,8:58,2.0,5.0,.400,1.0,2.0,.500,3,3.0,1.000,1.0,1.0,2.0,2.0,0.0,1.0,1.0,0.0,8.0,7.4,-8,3.0,1.0,0.3333333333333333,33,25,32,39,13,39,6,4,7,10,32,33,37,34,7,22,23,7,59.0,50.0,74.0,78.0,50.0,76.0,6.0,6.0,7.0,28.0,62.0,2.0,65.0,64.0,62.0,9.0,63.0,49.0,11.0,10.0,0.559322033898305,0.5,0.4324324324324324,0.5,0.26,0.5131578947368421,1.0,0.6666666666666666,1.0,0.3571428571428571,0.5161290322580645,0.0,0.5076923076923077,0.578125,0.5483870967741935,0.7777777777777778,0.3492063492063492,0.4693877551020408,0.6363636363636364,0.0,59.0,50.0,74.0,78.0,50.0,76.0,6.0,6.0,7.0,28.0,62.0,2.0,65.0,64.0,61.0,62.0,9.0,63.0,49.0,11.0,56.0,10.0,61.0,18,4.0,65.0,3.611111111111111,6.2,79.5,4.416666666666667
50,49,,2023-01-28,32-022,WAS,@,NOP,W (+10),Did Not Play,Did Not Play,0.0,0.0,Did Not Play,,,Did Not Play,Did Not Play,0.0,Did Not Play,0.0,0.0,,0.0,0.0,0.0,0.0,0.0,0.0,Did Not Play,Did Not Play,,,,33,25,32,39,13,39,6,4,7,10,32,33,37,34,7,22,23,7,59.0,50.0,74.0,78.0,50.0,76.0,6.0,6.0,7.0,28.0,62.0,2.0,65.0,64.0,62.0,9.0,63.0,49.0,11.0,10.0,0.559322033898305,0.5,0.4324324324324324,0.5,0.26,0.5131578947368421,1.0,0.6666666666666666,1.0,0.3571428571428571,0.5161290322580645,0.0,0.5076923076923077,0.578125,0.5483870967741935,0.7777777777777778,0.3492063492063492,0.4693877551020408,0.6363636363636364,0.0,59.0,50.0,74.0,78.0,50.0,76.0,6.0,6.0,7.0,28.0,62.0,2.0,65.0,64.0,61.0,62.0,9.0,63.0,49.0,11.0,56.0,10.0,61.0,18,,67.0,3.7222222222222223,0.0,76.69999999999999,4.26111111111111
51,50,,2023-01-30,32-024,WAS,@,SAS,W (+21),Did Not Play,Did Not Play,0.0,0.0,Did Not Play,,,Did Not Play,Did Not Play,0.0,Did Not Play,0.0,0.0,,0.0,0.0,0.0,0.0,0.0,0.0,Did Not Play,Did Not Play,,,,33,25,32,39,13,39,6,4,7,10,32,33,37,34,7,22,23,7,59.0,50.0,74.0,78.0,50.0,76.0,6.0,6.0,7.0,28.0,62.0,2.0,65.0,64.0,62.0,9.0,63.0,49.0,11.0,10.0,0.559322033898305,0.5,0.4324324324324324,0.5,0.26,0.5131578947368421,1.0,0.6666666666666666,1.0,0.3571428571428571,0.5161290322580645,0.0,0.5076923076923077,0.578125,0.5483870967741935,0.7777777777777778,0.3492063492063492,0.4693877551020408,0.6363636363636364,0.0,59.0,50.0,74.0,78.0,50.0,76.0,6.0,6.0,7.0,28.0,62.0,2.0,65.0,64.0,61.0,62.0,9.0,63.0,49.0,11.0,56.0,10.0,61.0,18,,98.0,5.444444444444445,0.0,108.5,6.027777777777778
52,51,,2023-02-03,32-028,WAS,,POR,L (-8),Did Not Play,Did Not Play,0.0,0.0,Did Not Play,,,Did Not Play,Did Not Play,0.0,Did Not Play,0.0,0.0,,0.0,0.0,0.0,0.0,0.0,0.0,Did Not Play,Did Not Play,,,,33,25,32,39,13,39,6,4,7,10,32,33,37,34,7,22,23,7,59.0,50.0,74.0,78.0,50.0,76.0,6.0,6.0,7.0,28.0,62.0,2.0,65.0,64.0,62.0,9.0,63.0,49.0,11.0,10.0,0.559322033898305,0.5,0.4324324324324324,0.5,0.26,0.5131578947368421,1.0,0.6666666666666666,1.0,0.3571428571428571,0.5161290322580645,0.0,0.5076923076923077,0.578125,0.5483870967741935,0.7777777777777778,0.3492063492063492,0.4693877551020408,0.6363636363636364,0.0,59.0,50.0,74.0,78.0,50.0,76.0,6.0,6.0,7.0,28.0,62.0,2.0,65.0,64.0,61.0,62.0,9.0,63.0,49.0,11.0,56.0,10.0,61.0,18,,85.0,4.722222222222222,0.0,100.3,5.572222222222222
53,52,,2023-02-04,32-029,WAS,@,BRK,L (-2),Did Not Play,Did Not Play,0.0,0.0,Did Not Play,,,Did Not Play,Did Not Play,0.0,Did Not Play,0.0,0.0,,0.0,0.0,0.0,0.0,0.0,0.0,Did Not Play,Did Not Play,,,,33,25,32,39,13,39,6,4,7,10,32,33,37,34,7,22,23,7,59.0,50.0,74.0,78.0,50.0,76.0,6.0,6.0,7.0,28.0,62.0,2.0,65.0,64.0,62.0,9.0,63.0,49.0,11.0,10.0,0.559322033898305,0.5,0.4324324324324324,0.5,0.26,0.5131578947368421,1.0,0.6666666666666666,1.0,0.3571428571428571,0.5161290322580645,0.0,0.5076923076923077,0.578125,0.5483870967741935,0.7777777777777778,0.3492063492063492,0.4693877551020408,0.6363636363636364,0.0,59.0,50.0,74.0,78.0,50.0,76.0,6.0,6.0,7.0,28.0,62.0,2.0,65.0,64.0,61.0,62.0,9.0,63.0,49.0,11.0,56.0,10.0,61.0,18,,68.0,3.7777777777777777,0.0,89.89999999999999,4.994444444444444
54,53,39,2023-02-06,32-031,WAS,,CLE,L (-23),0,27:11,6.0,13.0,.462,1.0,5.0,.200,2,4.0,.500,1.0,5.0,6.0,0.0,1.0,0.0,1.0,1.0,15.0,9.3,-7,8.0,5.0,0.625,33,25,32,39,13,39,6,4,7,10,32,33,37,34,7,22,23,7,59.0,50.0,74.0,78.0,50.0,76.0,6.0,6.0,7.0,28.0,62.0,2.0,65.0,64.0,62.0,9.0,63.0,49.0,11.0,10.0,0.559322033898305,0.5,0.4324324324324324,0.5,0.26,0.5131578947368421,1.0,0.6666666666666666,1.0,0.3571428571428571,0.5161290322580645,0.0,0.5076923076923077,0.578125,0.5483870967741935,0.7777777777777778,0.3492063492063492,0.4693877551020408,0.6363636363636364,0.0,59.0,50.0,74.0,78.0,50.0,76.0,6.0,6.0,7.0,28.0,62.0,2.0,65.0,64.0,61.0,62.0,9.0,63.0,49.0,11.0,56.0,10.0,61.0,18,4.0,43.0,2.388888888888889,8.499999999999998,51.2,2.8444444444444446
55,54,40,2023-02-08,32-033,WAS,,CHO,W (+14),0,5:06,2.0,3.0,.667,2.0,2.0,1.000,0,0.0,,0.0,1.0,1.0,0.0,0.0,0.0,2.0,0.0,6.0,3.0,-8,1.0,0.0,0.0,33,25,32,39,13,39,6,4,7,10,32,33,37,34,7,22,23,7,59.0,50.0,74.0,78.0,50.0,76.0,6.0,6.0,7.0,28.0,62.0,2.0,65.0,64.0,62.0,9.0,63.0,49.0,11.0,10.0,0.559322033898305,0.5,0.4324324324324324,0.5,0.26,0.5131578947368421,1.0,0.6666666666666666,1.0,0.3571428571428571,0.5161290322580645,0.0,0.5076923076923077,0.578125,0.5483870967741935,0.7777777777777778,0.3492063492063492,0.4693877551020408,0.6363636363636364,0.0,59.0,50.0,74.0,78.0,50.0,76.0,6.0,6.0,7.0,28.0,62.0,2.0,65.0,64.0,61.0,62.0,9.0,63.0,49.0,11.0,56.0,10.0,61.0,18,2.0,99.0,5.5,3.0,102.4,5.688888888888889
56,55,,2023-02-11,32-036,WAS,,IND,W (+14),Inactive,Inactive,0.0,0.0,Inactive,,,Inactive,Inactive,0.0,Inactive,0.0,0.0,,0.0,0.0,0.0,0.0,0.0,0.0,Inactive,Inactive,,,,33,25,32,39,13,39,6,4,7,10,32,33,37,34,7,22,23,7,59.0,50.0,74.0,78.0,50.0,76.0,6.0,6.0,7.0,28.0,62.0,2.0,65.0,64.0,62.0,9.0,63.0,49.0,11.0,10.0,0.559322033898305,0.5,0.4324324324324324,0.5,0.26,0.5131578947368421,1.0,0.6666666666666666,1.0,0.3571428571428571,0.5161290322580645,0.0,0.5076923076923077,0.578125,0.5483870967741935,0.7777777777777778,0.3492063492063492,0.4693877551020408,0.6363636363636364,0.0,59.0,50.0,74.0,78.0,50.0,76.0,6.0,6.0,7.0,28.0,62.0,2.0,65.0,64.0,61.0,62.0,9.0,63.0,49.0,11.0,56.0,10.0,61.0,18,,90.0,5.0,0.0,103.8,5.766666666666667
57,56,,2023-02-13,32-038,WAS,@,GSW,L (-9),Inactive,Inactive,0.0,0.0,Inactive,,,Inactive,Inactive,0.0,Inactive,0.0,0.0,,0.0,0.0,0.0,0.0,0.0,0.0,Inactive,Inactive,,,,33,25,32,39,13,39,6,4,7,10,32,33,37,34,7,22,23,7,59.0,50.0,74.0,78.0,50.0,76.0,6.0,6.0,7.0,28.0,62.0,2.0,65.0,64.0,62.0,9.0,63.0,49.0,11.0,10.0,0.559322033898305,0.5,0.4324324324324324,0.5,0.26,0.5131578947368421,1.0,0.6666666666666666,1.0,0.3571428571428571,0.5161290322580645,0.0,0.5076923076923077,0.578125,0.5483870967741935,0.7777777777777778,0.3492063492063492,0.4693877551020408,0.6363636363636364,0.0,59.0,50.0,74.0,78.0,50.0,76.0,6.0,6.0,7.0,28.0,62.0,2.0,65.0,64.0,61.0,62.0,9.0,63.0,49.0,11.0,56.0,10.0,61.0,18,,79.0,4.388888888888889,0.0,100.3,5.572222222222222
58,57,,2023-02-14,32-039,WAS,@,POR,W (+25),Inactive,Inactive,0.0,0.0,Inactive,,,Inactive,Inactive,0.0,Inactive,0.0,0.0,,0.0,0.0,0.0,0.0,0.0,0.0,Inactive,Inactive,,,,33,25,32,39,13,39,6,4,7,10,32,33,37,34,7,22,23,7,59.0,50.0,74.0,78.0,50.0,76.0,6.0,6.0,7.0,28.0,62.0,2.0,65.0,64.0,62.0,9.0,63.0,49.0,11.0,10.0,0.559322033898305,0.5,0.4324324324324324,0.5,0.26,0.5131578947368421,1.0,0.6666666666666666,1.0,0.3571428571428571,0.5161290322580645,0.0,0.5076923076923077,0.578125,0.5483870967741935,0.7777777777777778,0.3492063492063492,0.4693877551020408,0.6363636363636364,0.0,59.0,50.0,74.0,78.0,50.0,76.0,6.0,6.0,7.0,28.0,62.0,2.0,65.0,64.0,61.0,62.0,9.0,63.0,49.0,11.0,56.0,10.0,61.0,18,,87.0,4.833333333333333,0.0,95.60000000000002,5.311111111111113
59,58,,2023-02-16,32-041,WAS,@,MIN,W (+8),Inactive,Inactive,0.0,0.0,Inactive,,,Inactive,Inactive,0.0,Inactive,0.0,0.0,,0.0,0.0,0.0,0.0,0.0,0.0,Inactive,Inactive,,,,33,25,32,39,13,39,6,4,7,10,32,33,37,34,7,22,23,7,59.0,50.0,74.0,78.0,50.0,76.0,6.0,6.0,7.0,28.0,62.0,2.0,65.0,64.0,62.0,9.0,63.0,49.0,11.0,10.0,0.559322033898305,0.5,0.4324324324324324,0.5,0.26,0.5131578947368421,1.0,0.6666666666666666,1.0,0.3571428571428571,0.5161290322580645,0.0,0.5076923076923077,0.578125,0.5483870967741935,0.7777777777777778,0.3492063492063492,0.4693877551020408,0.6363636363636364,0.0,59.0,50.0,74.0,78.0,50.0,76.0,6.0,6.0,7.0,28.0,62.0,2.0,65.0,64.0,61.0,62.0,9.0,63.0,49.0,11.0,56.0,10.0,61.0,18,,75.0,4.166666666666667,0.0,87.30000000000001,4.8500000000000005
60,59,41,2023-02-28,32-053,TOR,,CHI,W (+6),0,4:03,0.0,1.0,.000,0.0,1.0,.000,0,0.0,,0.0,0.0,0.0,1.0,0.0,0.0,0.0,0.0,0.0,0.0,-4,0.0,0.0,,33,25,32,39,13,39,6,4,7,10,32,33,37,34,7,22,23,7,59.0,50.0,74.0,78.0,50.0,76.0,6.0,6.0,7.0,28.0,62.0,2.0,65.0,64.0,62.0,9.0,63.0,49.0,11.0,10.0,0.559322033898305,0.5,0.4324324324324324,0.5,0.26,0.5131578947368421,1.0,0.6666666666666666,1.0,0.3571428571428571,0.5161290322580645,0.0,0.5076923076923077,0.578125,0.5483870967741935,0.7777777777777778,0.3492063492063492,0.4693877551020408,0.6363636363636364,0.0,59.0,50.0,74.0,78.0,50.0,76.0,6.0,6.0,7.0,28.0,62.0,2.0,65.0,64.0,61.0,62.0,9.0,63.0,49.0,11.0,56.0,10.0,61.0,18,0.0,73.0,4.055555555555555,0.0,85.5,4.75
61,60,42,2023-03-02,32-055,TOR,@,WAS,L (-11),0,7:24,0.0,2.0,.000,0.0,1.0,.000,0,0.0,,0.0,0.0,0.0,0.0,1.0,0.0,0.0,0.0,0.0,-0.4,-10,1.0,0.0,0.0,33,25,32,39,13,39,6,4,7,10,32,33,37,34,7,22,23,7,59.0,50.0,74.0,78.0,50.0,76.0,6.0,6.0,7.0,28.0,62.0,2.0,65.0,64.0,62.0,9.0,63.0,49.0,11.0,10.0,0.559322033898305,0.5,0.4324324324324324,0.5,0.26,0.5131578947368421,1.0,0.6666666666666666,1.0,0.3571428571428571,0.5161290322580645,0.0,0.5076923076923077,0.578125,0.5483870967741935,0.7777777777777778,0.3492063492063492,0.4693877551020408,0.6363636363636364,0.0,59.0,50.0,74.0,78.0,50.0,76.0,6.0,6.0,7.0,28.0,62.0,2.0,65.0,64.0,61.0,62.0,9.0,63.0,49.0,11.0,56.0,10.0,61.0,18,-1.0,38.0,2.111111111111111,-0.3999999999999999,47.3,2.6277777777777778
62,Rk,G,Date,Age,Tm,,Opp,,GS,MP,0.0,0.0,FG%,,,3P%,FT,0.0,FT%,0.0,0.0,,0.0,0.0,0.0,0.0,0.0,0.0,GmSc,+/-,,,,33,25,32,39,13,39,6,4,7,10,32,33,37,34,7,22,23,7,59.0,50.0,74.0,78.0,50.0,76.0,6.0,6.0,7.0,28.0,62.0,2.0,65.0,64.0,62.0,9.0,63.0,49.0,11.0,10.0,0.559322033898305,0.5,0.4324324324324324,0.5,0.26,0.5131578947368421,1.0,0.6666666666666666,1.0,0.3571428571428571,0.5161290322580645,0.0,0.5076923076923077,0.578125,0.5483870967741935,0.7777777777777778,0.3492063492063492,0.4693877551020408,0.6363636363636364,0.0,59.0,50.0,74.0,78.0,50.0,76.0,6.0,6.0,7.0,28.0,62.0,2.0,65.0,64.0,61.0,62.0,9.0,63.0,49.0,11.0,56.0,10.0,61.0,18,,0.0,0.0,0.0,0.0,0.0
63,61,43,2023-03-04,32-057,TOR,@,WAS,W (+7),0,12:36,1.0,2.0,.500,1.0,2.0,.500,0,0.0,,0.0,1.0,1.0,1.0,1.0,1.0,1.0,2.0,3.0,2.9,-3,0.0,0.0,,33,25,32,39,13,39,6,4,7,10,32,33,37,34,7,22,23,7,59.0,50.0,74.0,78.0,50.0,76.0,6.0,6.0,7.0,28.0,62.0,2.0,65.0,64.0,62.0,9.0,63.0,49.0,11.0,10.0,0.559322033898305,0.5,0.4324324324324324,0.5,0.26,0.5131578947368421,1.0,0.6666666666666666,1.0,0.3571428571428571,0.5161290322580645,0.0,0.5076923076923077,0.578125,0.5483870967741935,0.7777777777777778,0.3492063492063492,0.4693877551020408,0.6363636363636364,0.0,59.0,50.0,74.0,78.0,50.0,76.0,6.0,6.0,7.0,28.0,62.0,2.0,65.0,64.0,61.0,62.0,9.0,63.0,49.0,11.0,56.0,10.0,61.0,18,4.0,76.0,4.222222222222222,2.8999999999999995,94.79999999999998,5.266666666666666
64,62,44,2023-03-06,32-059,TOR,@,DEN,L (-5),0,10:42,2.0,5.0,.400,1.0,3.0,.333,0,0.0,,0.0,1.0,1.0,1.0,0.0,0.0,1.0,3.0,5.0,1.1,+3,2.0,1.0,0.5,33,25,32,39,13,39,6,4,7,10,32,33,37,34,7,22,23,7,59.0,50.0,74.0,78.0,50.0,76.0,6.0,6.0,7.0,28.0,62.0,2.0,65.0,64.0,62.0,9.0,63.0,49.0,11.0,10.0,0.559322033898305,0.5,0.4324324324324324,0.5,0.26,0.5131578947368421,1.0,0.6666666666666666,1.0,0.3571428571428571,0.5161290322580645,0.0,0.5076923076923077,0.578125,0.5483870967741935,0.7777777777777778,0.3492063492063492,0.4693877551020408,0.6363636363636364,0.0,59.0,50.0,74.0,78.0,50.0,76.0,6.0,6.0,7.0,28.0,62.0,2.0,65.0,64.0,61.0,62.0,9.0,63.0,49.0,11.0,56.0,10.0,61.0,18,1.0,92.0,5.111111111111111,1.0999999999999996,103.8,5.766666666666667
65,63,,2023-03-08,32-061,TOR,@,LAC,L (-8),Did Not Dress,Did Not Dress,0.0,0.0,Did Not Dress,,,Did Not Dress,Did Not Dress,0.0,Did Not Dress,0.0,0.0,,0.0,0.0,0.0,0.0,0.0,0.0,Did Not Dress,Did Not Dress,,,,33,25,32,39,13,39,6,4,7,10,32,33,37,34,7,22,23,7,59.0,50.0,74.0,78.0,50.0,76.0,6.0,6.0,7.0,28.0,62.0,2.0,65.0,64.0,62.0,9.0,63.0,49.0,11.0,10.0,0.559322033898305,0.5,0.4324324324324324,0.5,0.26,0.5131578947368421,1.0,0.6666666666666666,1.0,0.3571428571428571,0.5161290322580645,0.0,0.5076923076923077,0.578125,0.5483870967741935,0.7777777777777778,0.3492063492063492,0.4693877551020408,0.6363636363636364,0.0,59.0,50.0,74.0,78.0,50.0,76.0,6.0,6.0,7.0,28.0,62.0,2.0,65.0,64.0,61.0,62.0,9.0,63.0,49.0,11.0,56.0,10.0,61.0,18,,72.0,4.0,0.0,83.00000000000001,4.611111111111112
66,64,45,2023-03-10,32-063,TOR,@,LAL,L (-10),0,13:45,2.0,3.0,.667,1.0,2.0,.500,0,0.0,,0.0,1.0,1.0,3.0,1.0,0.0,0.0,1.0,5.0,6.7,-18,1.0,1.0,1.0,33,25,32,39,13,39,6,4,7,10,32,33,37,34,7,22,23,7,59.0,50.0,74.0,78.0,50.0,76.0,6.0,6.0,7.0,28.0,62.0,2.0,65.0,64.0,62.0,9.0,63.0,49.0,11.0,10.0,0.559322033898305,0.5,0.4324324324324324,0.5,0.26,0.5131578947368421,1.0,0.6666666666666666,1.0,0.3571428571428571,0.5161290322580645,0.0,0.5076923076923077,0.578125,0.5483870967741935,0.7777777777777778,0.3492063492063492,0.4693877551020408,0.6363636363636364,0.0,59.0,50.0,74.0,78.0,50.0,76.0,6.0,6.0,7.0,28.0,62.0,2.0,65.0,64.0,61.0,62.0,9.0,63.0,49.0,11.0,56.0,10.0,61.0,18,7.0,66.0,3.6666666666666665,6.699999999999999,78.2,4.344444444444445
67,65,46,2023-03-14,32-067,TOR,,DEN,W (+15),0,10:09,1.0,3.0,.333,0.0,1.0,.000,0,0.0,,0.0,1.0,1.0,0.0,1.0,0.0,0.0,1.0,2.0,1.2,-6,2.0,1.0,0.5,33,25,32,39,13,39,6,4,7,10,32,33,37,34,7,22,23,7,59.0,50.0,74.0,78.0,50.0,76.0,6.0,6.0,7.0,28.0,62.0,2.0,65.0,64.0,62.0,9.0,63.0,49.0,11.0,10.0,0.559322033898305,0.5,0.4324324324324324,0.5,0.26,0.5131578947368421,1.0,0.6666666666666666,1.0,0.3571428571428571,0.5161290322580645,0.0,0.5076923076923077,0.578125,0.5483870967741935,0.7777777777777778,0.3492063492063492,0.4693877551020408,0.6363636363636364,0.0,59.0,50.0,74.0,78.0,50.0,76.0,6.0,6.0,7.0,28.0,62.0,2.0,65.0,64.0,61.0,62.0,9.0,63.0,49.0,11.0,56.0,10.0,61.0,18,1.0,97.0,5.388888888888889,1.2000000000000002,113.3,6.294444444444444
68,66,47,2023-03-16,32-069,TOR,,OKC,W (+17),0,10:36,1.0,6.0,.167,1.0,4.0,.250,0,0.0,,0.0,1.0,1.0,0.0,0.0,0.0,0.0,0.0,3.0,-0.5,+4,2.0,0.0,0.0,33,25,32,39,13,39,6,4,7,10,32,33,37,34,7,22,23,7,59.0,50.0,74.0,78.0,50.0,76.0,6.0,6.0,7.0,28.0,62.0,2.0,65.0,64.0,62.0,9.0,63.0,49.0,11.0,10.0,0.559322033898305,0.5,0.4324324324324324,0.5,0.26,0.5131578947368421,1.0,0.6666666666666666,1.0,0.3571428571428571,0.5161290322580645,0.0,0.5076923076923077,0.578125,0.5483870967741935,0.7777777777777778,0.3492063492063492,0.4693877551020408,0.6363636363636364,0.0,59.0,50.0,74.0,78.0,50.0,76.0,6.0,6.0,7.0,28.0,62.0,2.0,65.0,64.0,61.0,62.0,9.0,63.0,49.0,11.0,56.0,10.0,61.0,18,-2.0,94.0,5.222222222222222,-0.4999999999999995,109.8,6.1
69,67,48,2023-03-18,32-071,TOR,,MIN,W (+15),0,13:34,0.0,0.0,,0.0,0.0,,0,0.0,,0.0,4.0,4.0,1.0,0.0,1.0,0.0,2.0,0.0,1.8,-4,0.0,0.0,,33,25,32,39,13,39,6,4,7,10,32,33,37,34,7,22,23,7,59.0,50.0,74.0,78.0,50.0,76.0,6.0,6.0,7.0,28.0,62.0,2.0,65.0,64.0,62.0,9.0,63.0,49.0,11.0,10.0,0.559322033898305,0.5,0.4324324324324324,0.5,0.26,0.5131578947368421,1.0,0.6666666666666666,1.0,0.3571428571428571,0.5161290322580645,0.0,0.5076923076923077,0.578125,0.5483870967741935,0.7777777777777778,0.3492063492063492,0.4693877551020408,0.6363636363636364,0.0,59.0,50.0,74.0,78.0,50.0,76.0,6.0,6.0,7.0,28.0,62.0,2.0,65.0,64.0,61.0,62.0,9.0,63.0,49.0,11.0,56.0,10.0,61.0,18,6.0,77.0,4.277777777777778,1.7999999999999996,88.8,4.933333333333334
70,68,49,2023-03-19,32-072,TOR,@,MIL,L (-7),0,13:02,0.0,6.0,.000,0.0,2.0,.000,0,0.0,,1.0,1.0,2.0,2.0,0.0,0.0,1.0,0.0,0.0,-2.8,-10,4.0,0.0,0.0,33,25,32,39,13,39,6,4,7,10,32,33,37,34,7,22,23,7,59.0,50.0,74.0,78.0,50.0,76.0,6.0,6.0,7.0,28.0,62.0,2.0,65.0,64.0,62.0,9.0,63.0,49.0,11.0,10.0,0.559322033898305,0.5,0.4324324324324324,0.5,0.26,0.5131578947368421,1.0,0.6666666666666666,1.0,0.3571428571428571,0.5161290322580645,0.0,0.5076923076923077,0.578125,0.5483870967741935,0.7777777777777778,0.3492063492063492,0.4693877551020408,0.6363636363636364,0.0,59.0,50.0,74.0,78.0,50.0,76.0,6.0,6.0,7.0,28.0,62.0,2.0,65.0,64.0,61.0,62.0,9.0,63.0,49.0,11.0,56.0,10.0,61.0,18,-3.0,44.0,2.4444444444444446,-2.7999999999999994,62.9,3.4944444444444445
71,69,50,2023-03-22,32-075,TOR,,IND,L (-4),1,22:31,2.0,8.0,.250,0.0,5.0,.000,0,0.0,,1.0,2.0,3.0,0.0,1.0,0.0,0.0,2.0,4.0,0.7,-3,3.0,2.0,0.6666666666666666,33,25,32,39,13,39,6,4,7,10,32,33,37,34,7,22,23,7,59.0,50.0,74.0,78.0,50.0,76.0,6.0,6.0,7.0,28.0,62.0,2.0,65.0,64.0,62.0,9.0,63.0,49.0,11.0,10.0,0.559322033898305,0.5,0.4324324324324324,0.5,0.26,0.5131578947368421,1.0,0.6666666666666666,1.0,0.3571428571428571,0.5161290322580645,0.0,0.5076923076923077,0.578125,0.5483870967741935,0.7777777777777778,0.3492063492063492,0.4693877551020408,0.6363636363636364,0.0,59.0,50.0,74.0,78.0,50.0,76.0,6.0,6.0,7.0,28.0,62.0,2.0,65.0,64.0,61.0,62.0,9.0,63.0,49.0,11.0,56.0,10.0,61.0,18,0.0,89.0,4.944444444444445,0.7,103.4,5.7444444444444445
72,70,51,2023-03-24,32-077,TOR,,DET,W (+21),1,24:16,3.0,10.0,.300,1.0,4.0,.250,2,2.0,1.000,1.0,2.0,3.0,2.0,1.0,0.0,0.0,1.0,9.0,6.5,+5,6.0,2.0,0.3333333333333333,33,25,32,39,13,39,6,4,7,10,32,33,37,34,7,22,23,7,59.0,50.0,74.0,78.0,50.0,76.0,6.0,6.0,7.0,28.0,62.0,2.0,65.0,64.0,62.0,9.0,63.0,49.0,11.0,10.0,0.559322033898305,0.5,0.4324324324324324,0.5,0.26,0.5131578947368421,1.0,0.6666666666666666,1.0,0.3571428571428571,0.5161290322580645,0.0,0.5076923076923077,0.578125,0.5483870967741935,0.7777777777777778,0.3492063492063492,0.4693877551020408,0.6363636363636364,0.0,59.0,50.0,74.0,78.0,50.0,76.0,6.0,6.0,7.0,28.0,62.0,2.0,65.0,64.0,61.0,62.0,9.0,63.0,49.0,11.0,56.0,10.0,61.0,18,3.0,57.0,3.1666666666666665,5.699999999999998,67.7,3.761111111111111
73,71,52,2023-03-26,32-079,TOR,,WAS,W (+10),0,3:45,1.0,1.0,1.000,0.0,0.0,,0,0.0,,0.0,1.0,1.0,1.0,1.0,0.0,0.0,0.0,2.0,3.7,0,1.0,1.0,1.0,33,25,32,39,13,39,6,4,7,10,32,33,37,34,7,22,23,7,59.0,50.0,74.0,78.0,50.0,76.0,6.0,6.0,7.0,28.0,62.0,2.0,65.0,64.0,62.0,9.0,63.0,49.0,11.0,10.0,0.559322033898305,0.5,0.4324324324324324,0.5,0.26,0.5131578947368421,1.0,0.6666666666666666,1.0,0.3571428571428571,0.5161290322580645,0.0,0.5076923076923077,0.578125,0.5483870967741935,0.7777777777777778,0.3492063492063492,0.4693877551020408,0.6363636363636364,0.0,59.0,50.0,74.0,78.0,50.0,76.0,6.0,6.0,7.0,28.0,62.0,2.0,65.0,64.0,61.0,62.0,9.0,63.0,49.0,11.0,56.0,10.0,61.0,18,4.0,76.0,4.222222222222222,3.6999999999999993,89.79999999999998,4.988888888888888
74,72,,2023-03-28,32-081,TOR,,MIA,W (+14),Inactive,Inactive,0.0,0.0,Inactive,,,Inactive,Inactive,0.0,Inactive,0.0,0.0,,0.0,0.0,0.0,0.0,0.0,0.0,Inactive,Inactive,,,,33,25,32,39,13,39,6,4,7,10,32,33,37,34,7,22,23,7,59.0,50.0,74.0,78.0,50.0,76.0,6.0,6.0,7.0,28.0,62.0,2.0,65.0,64.0,62.0,9.0,63.0,49.0,11.0,10.0,0.559322033898305,0.5,0.4324324324324324,0.5,0.26,0.5131578947368421,1.0,0.6666666666666666,1.0,0.3571428571428571,0.5161290322580645,0.0,0.5076923076923077,0.578125,0.5483870967741935,0.7777777777777778,0.3492063492063492,0.4693877551020408,0.6363636363636364,0.0,59.0,50.0,74.0,78.0,50.0,76.0,6.0,6.0,7.0,28.0,62.0,2.0,65.0,64.0,61.0,62.0,9.0,63.0,49.0,11.0,56.0,10.0,61.0,18,,64.0,3.555555555555556,0.0,76.1,4.227777777777778
75,73,,2023-03-31,32-084,TOR,@,PHI,L (-7),Inactive,Inactive,0.0,0.0,Inactive,,,Inactive,Inactive,0.0,Inactive,0.0,0.0,,0.0,0.0,0.0,0.0,0.0,0.0,Inactive,Inactive,,,,33,25,32,39,13,39,6,4,7,10,32,33,37,34,7,22,23,7,59.0,50.0,74.0,78.0,50.0,76.0,6.0,6.0,7.0,28.0,62.0,2.0,65.0,64.0,62.0,9.0,63.0,49.0,11.0,10.0,0.559322033898305,0.5,0.4324324324324324,0.5,0.26,0.5131578947368421,1.0,0.6666666666666666,1.0,0.3571428571428571,0.5161290322580645,0.0,0.5076923076923077,0.578125,0.5483870967741935,0.7777777777777778,0.3492063492063492,0.4693877551020408,0.6363636363636364,0.0,59.0,50.0,74.0,78.0,50.0,76.0,6.0,6.0,7.0,28.0,62.0,2.0,65.0,64.0,61.0,62.0,9.0,63.0,49.0,11.0,56.0,10.0,61.0,18,,58.0,3.2222222222222223,0.0,70.69999999999999,3.927777777777777
76,74,,2023-04-02,32-086,TOR,@,CHO,W (+20),Inactive,Inactive,0.0,0.0,Inactive,,,Inactive,Inactive,0.0,Inactive,0.0,0.0,,0.0,0.0,0.0,0.0,0.0,0.0,Inactive,Inactive,,,,33,25,32,39,13,39,6,4,7,10,32,33,37,34,7,22,23,7,59.0,50.0,74.0,78.0,50.0,76.0,6.0,6.0,7.0,28.0,62.0,2.0,65.0,64.0,62.0,9.0,63.0,49.0,11.0,10.0,0.559322033898305,0.5,0.4324324324324324,0.5,0.26,0.5131578947368421,1.0,0.6666666666666666,1.0,0.3571428571428571,0.5161290322580645,0.0,0.5076923076923077,0.578125,0.5483870967741935,0.7777777777777778,0.3492063492063492,0.4693877551020408,0.6363636363636364,0.0,59.0,50.0,74.0,78.0,50.0,76.0,6.0,6.0,7.0,28.0,62.0,2.0,65.0,64.0,61.0,62.0,9.0,63.0,49.0,11.0,56.0,10.0,61.0,18,,101.0,5.611111111111111,0.0,117.3,6.516666666666667
77,75,53,2023-04-04,32-088,TOR,@,CHO,W (+20),0,20:18,7.0,12.0,.583,6.0,9.0,.667,0,0.0,,0.0,1.0,1.0,2.0,1.0,0.0,0.0,1.0,20.0,16.7,+26,3.0,1.0,0.3333333333333333,33,25,32,39,13,39,6,4,7,10,32,33,37,34,7,22,23,7,59.0,50.0,74.0,78.0,50.0,76.0,6.0,6.0,7.0,28.0,62.0,2.0,65.0,64.0,62.0,9.0,63.0,49.0,11.0,10.0,0.559322033898305,0.5,0.4324324324324324,0.5,0.26,0.5131578947368421,1.0,0.6666666666666666,1.0,0.3571428571428571,0.5161290322580645,0.0,0.5076923076923077,0.578125,0.5483870967741935,0.7777777777777778,0.3492063492063492,0.4693877551020408,0.6363636363636364,0.0,59.0,50.0,74.0,78.0,50.0,76.0,6.0,6.0,7.0,28.0,62.0,2.0,65.0,64.0,61.0,62.0,9.0,63.0,49.0,11.0,56.0,10.0,61.0,18,12.0,63.0,3.5,16.700000000000003,76.8,4.266666666666667
78,76,54,2023-04-05,32-089,TOR,@,BOS,L (-4),0,14:13,0.0,2.0,.000,0.0,1.0,.000,0,0.0,,0.0,1.0,1.0,2.0,0.0,1.0,0.0,2.0,0.0,0.2,-4,1.0,0.0,0.0,33,25,32,39,13,39,6,4,7,10,32,33,37,34,7,22,23,7,59.0,50.0,74.0,78.0,50.0,76.0,6.0,6.0,7.0,28.0,62.0,2.0,65.0,64.0,62.0,9.0,63.0,49.0,11.0,10.0,0.559322033898305,0.5,0.4324324324324324,0.5,0.26,0.5131578947368421,1.0,0.6666666666666666,1.0,0.3571428571428571,0.5161290322580645,0.0,0.5076923076923077,0.578125,0.5483870967741935,0.7777777777777778,0.3492063492063492,0.4693877551020408,0.6363636363636364,0.0,59.0,50.0,74.0,78.0,50.0,76.0,6.0,6.0,7.0,28.0,62.0,2.0,65.0,64.0,61.0,62.0,9.0,63.0,49.0,11.0,56.0,10.0,61.0,18,2.0,99.0,5.5,0.1999999999999999,106.7,5.927777777777778
79,77,55,2023-04-07,32-091,TOR,@,BOS,L (-19),0,15:56,3.0,9.0,.333,1.0,4.0,.250,0,0.0,,1.0,3.0,4.0,0.0,2.0,0.0,0.0,1.0,7.0,5.1,-13,5.0,2.0,0.4,33,25,32,39,13,39,6,4,7,10,32,33,37,34,7,22,23,7,59.0,50.0,74.0,78.0,50.0,76.0,6.0,6.0,7.0,28.0,62.0,2.0,65.0,64.0,62.0,9.0,63.0,49.0,11.0,10.0,0.559322033898305,0.5,0.4324324324324324,0.5,0.26,0.5131578947368421,1.0,0.6666666666666666,1.0,0.3571428571428571,0.5161290322580645,0.0,0.5076923076923077,0.578125,0.5483870967741935,0.7777777777777778,0.3492063492063492,0.4693877551020408,0.6363636363636364,0.0,59.0,50.0,74.0,78.0,50.0,76.0,6.0,6.0,7.0,28.0,62.0,2.0,65.0,64.0,61.0,62.0,9.0,63.0,49.0,11.0,56.0,10.0,61.0,18,4.0,75.0,4.166666666666667,5.099999999999999,82.2,4.566666666666666
80,78,56,2023-04-09,32-093,TOR,,MIL,W (+16),0,14:05,5.0,9.0,.556,2.0,3.0,.667,0,0.0,,1.0,1.0,2.0,1.0,1.0,0.0,0.0,1.0,12.0,10.0,+3,6.0,3.0,0.5,33,25,32,39,13,39,6,4,7,10,32,33,37,34,7,22,23,7,59.0,50.0,74.0,78.0,50.0,76.0,6.0,6.0,7.0,28.0,62.0,2.0,65.0,64.0,62.0,9.0,63.0,49.0,11.0,10.0,0.559322033898305,0.5,0.4324324324324324,0.5,0.26,0.5131578947368421,1.0,0.6666666666666666,1.0,0.3571428571428571,0.5161290322580645,0.0,0.5076923076923077,0.578125,0.5483870967741935,0.7777777777777778,0.3492063492063492,0.4693877551020408,0.6363636363636364,0.0,59.0,50.0,74.0,78.0,50.0,76.0,6.0,6.0,7.0,28.0,62.0,2.0,65.0,64.0,61.0,62.0,9.0,63.0,49.0,11.0,56.0,10.0,61.0,18,7.0,70.0,3.888888888888889,9.999999999999998,81.6,4.533333333333333
