Unnamed: 0,Rk,G,Date,Age,Tm,Unnamed: 5,Opp,Unnamed: 7,GS,MP,FG,FGA,FG%,3P,3PA,3P%,FT,FTA,FT%,ORB,DRB,TRB,AST,STL,BLK,TOV,PF,PTS,GmSc,+/-,2PA,2P,2P%,Shared Games with Brandon Ingram,Shared Games with CJ McCollum,Shared Games with Dereon Seabron,Shared Games with Devonte' Graham,Shared Games with Dyson Daniels,Shared Games with Garrett Temple,Shared Games with Jaxson Hayes,Shared Games with Jonas Valančiūnas,Shared Games with Jose Alvarado,Shared Games with Kira Lewis Jr.,Shared Games with Larry Nance Jr.,Shared Games with Naji Marshall,Shared Games with Trey Murphy III,Shared Games with Willy Hernangómez,Shared Games with Zion Williamson,Brandon Ingram,CJ McCollum,Dereon Seabron,Devonte' Graham,Dyson Daniels,Garrett Temple,Jaxson Hayes,Jonas Valančiūnas,Jose Alvarado,Kira Lewis Jr.,Larry Nance Jr.,Naji Marshall,Trey Murphy III,Willy Hernangómez,Zion Williamson,co_inf with Brandon Ingram,co_inf with CJ McCollum,co_inf with Dereon Seabron,co_inf with Devonte' Graham,co_inf with Dyson Daniels,co_inf with Garrett Temple,co_inf with Jaxson Hayes,co_inf with Jonas Valančiūnas,co_inf with Jose Alvarado,co_inf with Kira Lewis Jr.,co_inf with Larry Nance Jr.,co_inf with Naji Marshall,co_inf with Trey Murphy III,co_inf with Willy Hernangómez,co_inf with Zion Williamson,Shared Games with Josh Richardson,Al Horford,Josh Richardson,co_inf with Al Horford,co_inf with Josh Richardson,Total Shared Players,CO_EFF,EFF,avg_EFF,CO_HGS,HGS,avg_HGS
0,1,1,2022-10-19,24-013,NOP,@,BRK,W (+22),1,27:58,2.0,7.0,.286,1.0,3.0,.333,1,1.0,1.000,3.0,1.0,4.0,3.0,0.0,1.0,0.0,3.0,6.0,5.9,+34,4.0,1.0,0.25,45,59,2,37,46,19,36,63,45,22,50,61,64,32,20,45.0,75.0,5.0,73.0,59.0,25.0,47.0,79.0,61.0,25.0,65.0,77.0,79.0,38.0,29.0,1.0,0.7866666666666666,0.4,0.5068493150684932,0.7796610169491526,0.76,0.7659574468085106,0.7974683544303798,0.7377049180327869,0.88,0.7692307692307693,0.7922077922077922,0.810126582278481,0.8421052631578947,0.6896551724137931,23,63.0,65.0,0.0,0.3538461538461538,16,6.0,94.0,5.875,5.499999999999998,100.4,6.275
1,2,2,2022-10-21,24-015,NOP,@,CHO,W (+12),1,31:59,2.0,3.0,.667,0.0,0.0,,3,3.0,1.000,1.0,1.0,2.0,2.0,0.0,2.0,0.0,4.0,7.0,7.9,+16,3.0,2.0,0.6666666666666666,45,59,2,37,46,19,36,63,45,22,50,61,64,32,20,45.0,75.0,5.0,73.0,59.0,25.0,47.0,79.0,61.0,25.0,65.0,77.0,79.0,38.0,29.0,1.0,0.7866666666666666,0.4,0.5068493150684932,0.7796610169491526,0.76,0.7659574468085106,0.7974683544303798,0.7377049180327869,0.88,0.7692307692307693,0.7922077922077922,0.810126582278481,0.8421052631578947,0.6896551724137931,23,63.0,65.0,0.0,0.3538461538461538,16,7.0,85.0,5.3125,6.700000000000001,103.7,6.48125
2,3,3,2022-10-23,24-017,NOP,,UTA,L (-1),1,35:27,3.0,9.0,.333,0.0,3.0,.000,3,5.0,.600,1.0,3.0,4.0,1.0,0.0,1.0,3.0,6.0,9.0,0.7,-1,6.0,3.0,0.5,45,59,2,37,46,19,36,63,45,22,50,61,64,32,20,45.0,75.0,5.0,73.0,59.0,25.0,47.0,79.0,61.0,25.0,65.0,77.0,79.0,38.0,29.0,1.0,0.7866666666666666,0.4,0.5068493150684932,0.7796610169491526,0.76,0.7659574468085106,0.7974683544303798,0.7377049180327869,0.88,0.7692307692307693,0.7922077922077922,0.810126582278481,0.8421052631578947,0.6896551724137931,23,63.0,65.0,0.0,0.3538461538461538,16,-2.0,71.0,4.4375,-0.5000000000000027,90.5,5.65625
3,4,,2022-10-25,24-019,NOP,,DAL,W (+2),Inactive,Inactive,0.0,0.0,Inactive,,,Inactive,Inactive,0.0,Inactive,0.0,0.0,,0.0,0.0,0.0,0.0,0.0,0.0,Inactive,Inactive,,,,45,59,2,37,46,19,36,63,45,22,50,61,64,32,20,45.0,75.0,5.0,73.0,59.0,25.0,47.0,79.0,61.0,25.0,65.0,77.0,79.0,38.0,29.0,1.0,0.7866666666666666,0.4,0.5068493150684932,0.7796610169491526,0.76,0.7659574468085106,0.7974683544303798,0.7377049180327869,0.88,0.7692307692307693,0.7922077922077922,0.810126582278481,0.8421052631578947,0.6896551724137931,23,63.0,65.0,0.0,0.3538461538461538,16,,78.0,4.875,0.0,83.1,5.19375
4,5,,2022-10-28,24-022,NOP,@,PHO,L (-13),Inactive,Inactive,0.0,0.0,Inactive,,,Inactive,Inactive,0.0,Inactive,0.0,0.0,,0.0,0.0,0.0,0.0,0.0,0.0,Inactive,Inactive,,,,45,59,2,37,46,19,36,63,45,22,50,61,64,32,20,45.0,75.0,5.0,73.0,59.0,25.0,47.0,79.0,61.0,25.0,65.0,77.0,79.0,38.0,29.0,1.0,0.7866666666666666,0.4,0.5068493150684932,0.7796610169491526,0.76,0.7659574468085106,0.7974683544303798,0.7377049180327869,0.88,0.7692307692307693,0.7922077922077922,0.810126582278481,0.8421052631578947,0.6896551724137931,23,63.0,65.0,0.0,0.3538461538461538,16,,81.0,5.0625,0.0,85.3,5.33125
5,6,,2022-10-30,24-024,NOP,@,LAC,W (+21),Inactive,Inactive,0.0,0.0,Inactive,,,Inactive,Inactive,0.0,Inactive,0.0,0.0,,0.0,0.0,0.0,0.0,0.0,0.0,Inactive,Inactive,,,,45,59,2,37,46,19,36,63,45,22,50,61,64,32,20,45.0,75.0,5.0,73.0,59.0,25.0,47.0,79.0,61.0,25.0,65.0,77.0,79.0,38.0,29.0,1.0,0.7866666666666666,0.4,0.5068493150684932,0.7796610169491526,0.76,0.7659574468085106,0.7974683544303798,0.7377049180327869,0.88,0.7692307692307693,0.7922077922077922,0.810126582278481,0.8421052631578947,0.6896551724137931,23,63.0,65.0,0.0,0.3538461538461538,16,,96.0,6.0,0.0,95.7,5.98125
6,7,,2022-11-02,24-027,NOP,@,LAL,L (-3),Inactive,Inactive,0.0,0.0,Inactive,,,Inactive,Inactive,0.0,Inactive,0.0,0.0,,0.0,0.0,0.0,0.0,0.0,0.0,Inactive,Inactive,,,,45,59,2,37,46,19,36,63,45,22,50,61,64,32,20,45.0,75.0,5.0,73.0,59.0,25.0,47.0,79.0,61.0,25.0,65.0,77.0,79.0,38.0,29.0,1.0,0.7866666666666666,0.4,0.5068493150684932,0.7796610169491526,0.76,0.7659574468085106,0.7974683544303798,0.7377049180327869,0.88,0.7692307692307693,0.7922077922077922,0.810126582278481,0.8421052631578947,0.6896551724137931,23,63.0,65.0,0.0,0.3538461538461538,16,,95.0,5.9375,0.0,91.7,5.73125
7,8,4,2022-11-04,24-029,NOP,,GSW,W (+9),1,29:23,1.0,5.0,.200,0.0,2.0,.000,2,2.0,1.000,0.0,1.0,1.0,2.0,3.0,0.0,2.0,4.0,4.0,2.0,-6,3.0,1.0,0.3333333333333333,45,59,2,37,46,19,36,63,45,22,50,61,64,32,20,45.0,75.0,5.0,73.0,59.0,25.0,47.0,79.0,61.0,25.0,65.0,77.0,79.0,38.0,29.0,1.0,0.7866666666666666,0.4,0.5068493150684932,0.7796610169491526,0.76,0.7659574468085106,0.7974683544303798,0.7377049180327869,0.88,0.7692307692307693,0.7922077922077922,0.810126582278481,0.8421052631578947,0.6896551724137931,23,63.0,65.0,0.0,0.3538461538461538,16,1.0,68.0,4.25,1.1999999999999995,82.10000000000001,5.1312500000000005
8,9,5,2022-11-05,24-030,NOP,@,ATL,L (-3),1,33:42,7.0,13.0,.538,0.0,2.0,.000,5,9.0,.556,4.0,5.0,9.0,2.0,3.0,0.0,0.0,5.0,19.0,17.8,-6,11.0,7.0,0.6363636363636364,45,59,2,37,46,19,36,63,45,22,50,61,64,32,20,45.0,75.0,5.0,73.0,59.0,25.0,47.0,79.0,61.0,25.0,65.0,77.0,79.0,38.0,29.0,1.0,0.7866666666666666,0.4,0.5068493150684932,0.7796610169491526,0.76,0.7659574468085106,0.7974683544303798,0.7377049180327869,0.88,0.7692307692307693,0.7922077922077922,0.810126582278481,0.8421052631578947,0.6896551724137931,23,63.0,65.0,0.0,0.3538461538461538,16,11.0,49.0,3.0625,15.799999999999995,64.19999999999999,4.012499999999999
9,10,6,2022-11-07,24-032,NOP,@,IND,L (-7),1,28:34,7.0,12.0,.583,1.0,3.0,.333,1,1.0,1.000,0.0,2.0,2.0,2.0,1.0,1.0,2.0,2.0,16.0,11.3,-6,9.0,6.0,0.6666666666666666,45,59,2,37,46,19,36,63,45,22,50,61,64,32,20,45.0,75.0,5.0,73.0,59.0,25.0,47.0,79.0,61.0,25.0,65.0,77.0,79.0,38.0,29.0,1.0,0.7866666666666666,0.4,0.5068493150684932,0.7796610169491526,0.76,0.7659574468085106,0.7974683544303798,0.7377049180327869,0.88,0.7692307692307693,0.7922077922077922,0.810126582278481,0.8421052631578947,0.6896551724137931,23,63.0,65.0,0.0,0.3538461538461538,16,7.0,93.0,5.8125,10.9,82.5,5.15625
10,11,7,2022-11-09,24-034,NOP,@,CHI,W (+4),1,27:55,5.0,9.0,.556,0.0,2.0,.000,7,8.0,.875,1.0,3.0,4.0,3.0,3.0,0.0,1.0,4.0,17.0,16.4,+10,7.0,5.0,0.7142857142857143,45,59,2,37,46,19,36,63,45,22,50,61,64,32,20,45.0,75.0,5.0,73.0,59.0,25.0,47.0,79.0,61.0,25.0,65.0,77.0,79.0,38.0,29.0,1.0,0.7866666666666666,0.4,0.5068493150684932,0.7796610169491526,0.76,0.7659574468085106,0.7974683544303798,0.7377049180327869,0.88,0.7692307692307693,0.7922077922077922,0.810126582278481,0.8421052631578947,0.6896551724137931,23,63.0,65.0,0.0,0.3538461538461538,16,9.0,68.0,4.25,13.599999999999996,74.5,4.65625
11,12,8,2022-11-10,24-035,NOP,,POR,L (-11),1,34:15,3.0,6.0,.500,0.0,0.0,,4,4.0,1.000,1.0,2.0,3.0,2.0,0.0,0.0,1.0,2.0,10.0,7.9,-16,6.0,3.0,0.5,45,59,2,37,46,19,36,63,45,22,50,61,64,32,20,45.0,75.0,5.0,73.0,59.0,25.0,47.0,79.0,61.0,25.0,65.0,77.0,79.0,38.0,29.0,1.0,0.7866666666666666,0.4,0.5068493150684932,0.7796610169491526,0.76,0.7659574468085106,0.7974683544303798,0.7377049180327869,0.88,0.7692307692307693,0.7922077922077922,0.810126582278481,0.8421052631578947,0.6896551724137931,23,63.0,65.0,0.0,0.3538461538461538,16,4.0,60.0,3.75,6.3,53.60000000000001,3.3500000000000005
12,13,9,2022-11-12,24-037,NOP,,HOU,W (+13),1,19:27,3.0,7.0,.429,0.0,3.0,.000,0,0.0,,1.0,2.0,3.0,1.0,0.0,0.0,0.0,3.0,6.0,3.1,+15,4.0,3.0,0.75,45,59,2,37,46,19,36,63,45,22,50,61,64,32,20,45.0,75.0,5.0,73.0,59.0,25.0,47.0,79.0,61.0,25.0,65.0,77.0,79.0,38.0,29.0,1.0,0.7866666666666666,0.4,0.5068493150684932,0.7796610169491526,0.76,0.7659574468085106,0.7974683544303798,0.7377049180327869,0.88,0.7692307692307693,0.7922077922077922,0.810126582278481,0.8421052631578947,0.6896551724137931,23,63.0,65.0,0.0,0.3538461538461538,16,3.0,58.0,3.625,3.1,82.0,5.125
13,14,10,2022-11-15,24-040,NOP,,MEM,W (+11),1,22:33,4.0,7.0,.571,2.0,3.0,.667,0,1.0,.000,1.0,2.0,3.0,2.0,0.0,1.0,0.0,4.0,10.0,8.1,+3,4.0,2.0,0.5,45,59,2,37,46,19,36,63,45,22,50,61,64,32,20,45.0,75.0,5.0,73.0,59.0,25.0,47.0,79.0,61.0,25.0,65.0,77.0,79.0,38.0,29.0,1.0,0.7866666666666666,0.4,0.5068493150684932,0.7796610169491526,0.76,0.7659574468085106,0.7974683544303798,0.7377049180327869,0.88,0.7692307692307693,0.7922077922077922,0.810126582278481,0.8421052631578947,0.6896551724137931,23,63.0,65.0,0.0,0.3538461538461538,16,8.0,92.0,5.75,8.099999999999998,83.8,5.2375
14,15,11,2022-11-16,24-041,NOP,,CHI,W (+14),1,31:36,3.0,7.0,.429,2.0,2.0,1.000,2,3.0,.667,3.0,1.0,4.0,3.0,1.0,0.0,1.0,4.0,10.0,8.8,+21,5.0,1.0,0.2,45,59,2,37,46,19,36,63,45,22,50,61,64,32,20,45.0,75.0,5.0,73.0,59.0,25.0,47.0,79.0,61.0,25.0,65.0,77.0,79.0,38.0,29.0,1.0,0.7866666666666666,0.4,0.5068493150684932,0.7796610169491526,0.76,0.7659574468085106,0.7974683544303798,0.7377049180327869,0.88,0.7692307692307693,0.7922077922077922,0.810126582278481,0.8421052631578947,0.6896551724137931,23,63.0,65.0,0.0,0.3538461538461538,16,7.0,95.0,5.9375,8.000000000000002,89.5,5.59375
15,16,12,2022-11-18,24-043,NOP,,BOS,L (-8),1,35:34,7.0,12.0,.583,2.0,4.0,.500,1,2.0,.500,1.0,6.0,7.0,2.0,3.0,0.0,2.0,3.0,17.0,14.7,-9,8.0,5.0,0.625,45,59,2,37,46,19,36,63,45,22,50,61,64,32,20,45.0,75.0,5.0,73.0,59.0,25.0,47.0,79.0,61.0,25.0,65.0,77.0,79.0,38.0,29.0,1.0,0.7866666666666666,0.4,0.5068493150684932,0.7796610169491526,0.76,0.7659574468085106,0.7974683544303798,0.7377049180327869,0.88,0.7692307692307693,0.7922077922077922,0.810126582278481,0.8421052631578947,0.6896551724137931,23,63.0,65.0,0.0,0.3538461538461538,16,13.0,83.0,5.1875,14.3,77.89999999999999,4.8687499999999995
16,17,13,2022-11-21,24-046,NOP,,GSW,W (+45),1,19:46,1.0,6.0,.167,0.0,4.0,.000,1,2.0,.500,0.0,3.0,3.0,2.0,1.0,3.0,2.0,3.0,3.0,1.0,+18,2.0,1.0,0.5,45,59,2,37,46,19,36,63,45,22,50,61,64,32,20,45.0,75.0,5.0,73.0,59.0,25.0,47.0,79.0,61.0,25.0,65.0,77.0,79.0,38.0,29.0,1.0,0.7866666666666666,0.4,0.5068493150684932,0.7796610169491526,0.76,0.7659574468085106,0.7974683544303798,0.7377049180327869,0.88,0.7692307692307693,0.7922077922077922,0.810126582278481,0.8421052631578947,0.6896551724137931,23,63.0,65.0,0.0,0.3538461538461538,16,2.0,90.0,5.625,0.5999999999999996,101.20000000000005,6.325000000000003
17,18,14,2022-11-23,24-048,NOP,@,SAS,W (+19),1,18:50,3.0,7.0,.429,1.0,4.0,.250,2,2.0,1.000,0.0,2.0,2.0,1.0,0.0,1.0,0.0,3.0,9.0,6.1,+15,3.0,2.0,0.6666666666666666,45,59,2,37,46,19,36,63,45,22,50,61,64,32,20,45.0,75.0,5.0,73.0,59.0,25.0,47.0,79.0,61.0,25.0,65.0,77.0,79.0,38.0,29.0,1.0,0.7866666666666666,0.4,0.5068493150684932,0.7796610169491526,0.76,0.7659574468085106,0.7974683544303798,0.7377049180327869,0.88,0.7692307692307693,0.7922077922077922,0.810126582278481,0.8421052631578947,0.6896551724137931,23,63.0,65.0,0.0,0.3538461538461538,16,4.0,91.0,5.6875,5.299999999999998,86.0,5.375
18,19,15,2022-11-25,24-050,NOP,@,MEM,L (-21),1,22:37,4.0,11.0,.364,2.0,4.0,.500,3,4.0,.750,2.0,3.0,5.0,3.0,1.0,1.0,1.0,2.0,13.0,10.8,-21,7.0,2.0,0.2857142857142857,45,59,2,37,46,19,36,63,45,22,50,61,64,32,20,45.0,75.0,5.0,73.0,59.0,25.0,47.0,79.0,61.0,25.0,65.0,77.0,79.0,38.0,29.0,1.0,0.7866666666666666,0.4,0.5068493150684932,0.7796610169491526,0.76,0.7659574468085106,0.7974683544303798,0.7377049180327869,0.88,0.7692307692307693,0.7922077922077922,0.810126582278481,0.8421052631578947,0.6896551724137931,23,63.0,65.0,0.0,0.3538461538461538,16,7.0,65.0,4.0625,9.6,63.0,3.9375
19,20,16,2022-11-28,24-053,NOP,,OKC,W (+4),1,38:40,4.0,12.0,.333,1.0,5.0,.200,3,5.0,.600,1.0,2.0,3.0,3.0,4.0,3.0,4.0,3.0,12.0,8.7,0,7.0,3.0,0.4285714285714285,45,59,2,37,46,19,36,63,45,22,50,61,64,32,20,45.0,75.0,5.0,73.0,59.0,25.0,47.0,79.0,61.0,25.0,65.0,77.0,79.0,38.0,29.0,1.0,0.7866666666666666,0.4,0.5068493150684932,0.7796610169491526,0.76,0.7659574468085106,0.7974683544303798,0.7377049180327869,0.88,0.7692307692307693,0.7922077922077922,0.810126582278481,0.8421052631578947,0.6896551724137931,23,63.0,65.0,0.0,0.3538461538461538,16,4.0,76.0,4.75,7.5000000000000036,64.4,4.025
20,Rk,G,Date,Age,Tm,,Opp,,GS,MP,0.0,0.0,FG%,,,3P%,FT,0.0,FT%,0.0,0.0,,0.0,0.0,0.0,0.0,0.0,0.0,GmSc,+/-,,,,45,59,2,37,46,19,36,63,45,22,50,61,64,32,20,45.0,75.0,5.0,73.0,59.0,25.0,47.0,79.0,61.0,25.0,65.0,77.0,79.0,38.0,29.0,1.0,0.7866666666666666,0.4,0.5068493150684932,0.7796610169491526,0.76,0.7659574468085106,0.7974683544303798,0.7377049180327869,0.88,0.7692307692307693,0.7922077922077922,0.810126582278481,0.8421052631578947,0.6896551724137931,23,63.0,65.0,0.0,0.3538461538461538,16,,0.0,0.0,0.0,0.0,0.0
21,21,17,2022-11-30,24-055,NOP,,TOR,W (+18),1,20:15,4.0,9.0,.444,2.0,5.0,.400,2,2.0,1.000,1.0,3.0,4.0,1.0,0.0,0.0,2.0,1.0,12.0,7.2,+19,4.0,2.0,0.5,45,59,2,37,46,19,36,63,45,22,50,61,64,32,20,45.0,75.0,5.0,73.0,59.0,25.0,47.0,79.0,61.0,25.0,65.0,77.0,79.0,38.0,29.0,1.0,0.7866666666666666,0.4,0.5068493150684932,0.7796610169491526,0.76,0.7659574468085106,0.7974683544303798,0.7377049180327869,0.88,0.7692307692307693,0.7922077922077922,0.810126582278481,0.8421052631578947,0.6896551724137931,23,63.0,65.0,0.0,0.3538461538461538,16,4.0,88.0,5.5,6.399999999999997,96.09999999999998,6.006249999999999
22,22,,2022-12-02,24-057,NOP,@,SAS,W (+18),Inactive,Inactive,0.0,0.0,Inactive,,,Inactive,Inactive,0.0,Inactive,0.0,0.0,,0.0,0.0,0.0,0.0,0.0,0.0,Inactive,Inactive,,,,45,59,2,37,46,19,36,63,45,22,50,61,64,32,20,45.0,75.0,5.0,73.0,59.0,25.0,47.0,79.0,61.0,25.0,65.0,77.0,79.0,38.0,29.0,1.0,0.7866666666666666,0.4,0.5068493150684932,0.7796610169491526,0.76,0.7659574468085106,0.7974683544303798,0.7377049180327869,0.88,0.7692307692307693,0.7922077922077922,0.810126582278481,0.8421052631578947,0.6896551724137931,23,63.0,65.0,0.0,0.3538461538461538,16,,96.0,6.0,0.0,92.2,5.7625
23,23,,2022-12-04,24-059,NOP,,DEN,W (+15),Inactive,Inactive,0.0,0.0,Inactive,,,Inactive,Inactive,0.0,Inactive,0.0,0.0,,0.0,0.0,0.0,0.0,0.0,0.0,Inactive,Inactive,,,,45,59,2,37,46,19,36,63,45,22,50,61,64,32,20,45.0,75.0,5.0,73.0,59.0,25.0,47.0,79.0,61.0,25.0,65.0,77.0,79.0,38.0,29.0,1.0,0.7866666666666666,0.4,0.5068493150684932,0.7796610169491526,0.76,0.7659574468085106,0.7974683544303798,0.7377049180327869,0.88,0.7692307692307693,0.7922077922077922,0.810126582278481,0.8421052631578947,0.6896551724137931,23,63.0,65.0,0.0,0.3538461538461538,16,,75.0,4.6875,0.0,88.9,5.55625
24,24,,2022-12-07,24-062,NOP,,DET,W (+6),Inactive,Inactive,0.0,0.0,Inactive,,,Inactive,Inactive,0.0,Inactive,0.0,0.0,,0.0,0.0,0.0,0.0,0.0,0.0,Inactive,Inactive,,,,45,59,2,37,46,19,36,63,45,22,50,61,64,32,20,45.0,75.0,5.0,73.0,59.0,25.0,47.0,79.0,61.0,25.0,65.0,77.0,79.0,38.0,29.0,1.0,0.7866666666666666,0.4,0.5068493150684932,0.7796610169491526,0.76,0.7659574468085106,0.7974683544303798,0.7377049180327869,0.88,0.7692307692307693,0.7922077922077922,0.810126582278481,0.8421052631578947,0.6896551724137931,23,63.0,65.0,0.0,0.3538461538461538,16,,75.0,4.6875,0.0,71.1,4.44375
25,25,,2022-12-09,24-064,NOP,,PHO,W (+11),Inactive,Inactive,0.0,0.0,Inactive,,,Inactive,Inactive,0.0,Inactive,0.0,0.0,,0.0,0.0,0.0,0.0,0.0,0.0,Inactive,Inactive,,,,45,59,2,37,46,19,36,63,45,22,50,61,64,32,20,45.0,75.0,5.0,73.0,59.0,25.0,47.0,79.0,61.0,25.0,65.0,77.0,79.0,38.0,29.0,1.0,0.7866666666666666,0.4,0.5068493150684932,0.7796610169491526,0.76,0.7659574468085106,0.7974683544303798,0.7377049180327869,0.88,0.7692307692307693,0.7922077922077922,0.810126582278481,0.8421052631578947,0.6896551724137931,23,63.0,65.0,0.0,0.3538461538461538,16,,70.0,4.375,0.0,99.9,6.24375
26,26,,2022-12-11,24-066,NOP,,PHO,W (+5),Inactive,Inactive,0.0,0.0,Inactive,,,Inactive,Inactive,0.0,Inactive,0.0,0.0,,0.0,0.0,0.0,0.0,0.0,0.0,Inactive,Inactive,,,,45,59,2,37,46,19,36,63,45,22,50,61,64,32,20,45.0,75.0,5.0,73.0,59.0,25.0,47.0,79.0,61.0,25.0,65.0,77.0,79.0,38.0,29.0,1.0,0.7866666666666666,0.4,0.5068493150684932,0.7796610169491526,0.76,0.7659574468085106,0.7974683544303798,0.7377049180327869,0.88,0.7692307692307693,0.7922077922077922,0.810126582278481,0.8421052631578947,0.6896551724137931,23,63.0,65.0,0.0,0.3538461538461538,16,,95.0,5.9375,0.0,104.30000000000004,6.5187500000000025
27,27,18,2022-12-13,24-068,NOP,@,UTA,L (-21),1,20:28,2.0,5.0,.400,0.0,2.0,.000,2,2.0,1.000,0.0,0.0,0.0,2.0,0.0,0.0,0.0,1.0,6.0,4.3,-12,3.0,2.0,0.6666666666666666,45,59,2,37,46,19,36,63,45,22,50,61,64,32,20,45.0,75.0,5.0,73.0,59.0,25.0,47.0,79.0,61.0,25.0,65.0,77.0,79.0,38.0,29.0,1.0,0.7866666666666666,0.4,0.5068493150684932,0.7796610169491526,0.76,0.7659574468085106,0.7974683544303798,0.7377049180327869,0.88,0.7692307692307693,0.7922077922077922,0.810126582278481,0.8421052631578947,0.6896551724137931,23,63.0,65.0,0.0,0.3538461538461538,16,1.0,48.0,3.0,3.5,73.6,4.6
28,28,19,2022-12-15,24-070,NOP,@,UTA,L (-3),1,21:12,3.0,6.0,.500,1.0,1.0,1.000,5,6.0,.833,3.0,1.0,4.0,4.0,1.0,0.0,0.0,6.0,12.0,12.4,+17,5.0,2.0,0.4,45,59,2,37,46,19,36,63,45,22,50,61,64,32,20,45.0,75.0,5.0,73.0,59.0,25.0,47.0,79.0,61.0,25.0,65.0,77.0,79.0,38.0,29.0,1.0,0.7866666666666666,0.4,0.5068493150684932,0.7796610169491526,0.76,0.7659574468085106,0.7974683544303798,0.7377049180327869,0.88,0.7692307692307693,0.7922077922077922,0.810126582278481,0.8421052631578947,0.6896551724137931,23,63.0,65.0,0.0,0.3538461538461538,16,9.0,65.0,4.0625,10.400000000000002,83.4,5.2125
29,29,20,2022-12-17,24-072,NOP,@,PHO,L (-4),1,31:20,3.0,4.0,.750,2.0,3.0,.667,0,0.0,,0.0,3.0,3.0,4.0,0.0,0.0,0.0,3.0,8.0,8.9,-13,1.0,1.0,1.0,45,59,2,37,46,19,36,63,45,22,50,61,64,32,20,45.0,75.0,5.0,73.0,59.0,25.0,47.0,79.0,61.0,25.0,65.0,77.0,79.0,38.0,29.0,1.0,0.7866666666666666,0.4,0.5068493150684932,0.7796610169491526,0.76,0.7659574468085106,0.7974683544303798,0.7377049180327869,0.88,0.7692307692307693,0.7922077922077922,0.810126582278481,0.8421052631578947,0.6896551724137931,23,63.0,65.0,0.0,0.3538461538461538,16,11.0,64.0,4.0,8.899999999999999,72.3,4.51875
30,30,21,2022-12-19,24-074,NOP,,MIL,L (-9),1,30:44,3.0,11.0,.273,2.0,8.0,.250,1,2.0,.500,1.0,1.0,2.0,1.0,5.0,0.0,2.0,5.0,9.0,4.8,+7,3.0,1.0,0.3333333333333333,45,59,2,37,46,19,36,63,45,22,50,61,64,32,20,45.0,75.0,5.0,73.0,59.0,25.0,47.0,79.0,61.0,25.0,65.0,77.0,79.0,38.0,29.0,1.0,0.7866666666666666,0.4,0.5068493150684932,0.7796610169491526,0.76,0.7659574468085106,0.7974683544303798,0.7377049180327869,0.88,0.7692307692307693,0.7922077922077922,0.810126582278481,0.8421052631578947,0.6896551724137931,23,63.0,65.0,0.0,0.3538461538461538,16,2.0,74.0,4.625,4.399999999999999,80.2,5.0125
31,31,22,2022-12-22,24-077,NOP,,SAS,W (+9),1,34:26,4.0,8.0,.500,2.0,4.0,.500,2,2.0,1.000,1.0,2.0,3.0,2.0,2.0,1.0,2.0,2.0,12.0,10.6,+16,4.0,2.0,0.5,45,59,2,37,46,19,36,63,45,22,50,61,64,32,20,45.0,75.0,5.0,73.0,59.0,25.0,47.0,79.0,61.0,25.0,65.0,77.0,79.0,38.0,29.0,1.0,0.7866666666666666,0.4,0.5068493150684932,0.7796610169491526,0.76,0.7659574468085106,0.7974683544303798,0.7377049180327869,0.88,0.7692307692307693,0.7922077922077922,0.810126582278481,0.8421052631578947,0.6896551724137931,23,63.0,65.0,0.0,0.3538461538461538,16,8.0,79.0,4.9375,9.799999999999995,88.5,5.53125
32,32,23,2022-12-23,24-078,NOP,@,OKC,W (+3),1,36:33,4.0,12.0,.333,0.0,3.0,.000,7,8.0,.875,1.0,5.0,6.0,3.0,3.0,1.0,3.0,5.0,15.0,10.8,+3,9.0,4.0,0.4444444444444444,45,59,2,37,46,19,36,63,45,22,50,61,64,32,20,45.0,75.0,5.0,73.0,59.0,25.0,47.0,79.0,61.0,25.0,65.0,77.0,79.0,38.0,29.0,1.0,0.7866666666666666,0.4,0.5068493150684932,0.7796610169491526,0.76,0.7659574468085106,0.7974683544303798,0.7377049180327869,0.88,0.7692307692307693,0.7922077922077922,0.810126582278481,0.8421052631578947,0.6896551724137931,23,63.0,65.0,0.0,0.3538461538461538,16,5.0,69.0,4.3125,8.0,74.39999999999999,4.6499999999999995
33,33,,2022-12-26,24-081,NOP,,IND,W (+20),Inactive,Inactive,0.0,0.0,Inactive,,,Inactive,Inactive,0.0,Inactive,0.0,0.0,,0.0,0.0,0.0,0.0,0.0,0.0,Inactive,Inactive,,,,45,59,2,37,46,19,36,63,45,22,50,61,64,32,20,45.0,75.0,5.0,73.0,59.0,25.0,47.0,79.0,61.0,25.0,65.0,77.0,79.0,38.0,29.0,1.0,0.7866666666666666,0.4,0.5068493150684932,0.7796610169491526,0.76,0.7659574468085106,0.7974683544303798,0.7377049180327869,0.88,0.7692307692307693,0.7922077922077922,0.810126582278481,0.8421052631578947,0.6896551724137931,23,63.0,65.0,0.0,0.3538461538461538,16,,98.0,6.125,0.0,83.1,5.19375
34,34,,2022-12-28,24-083,NOP,,MIN,W (+1),Inactive,Inactive,0.0,0.0,Inactive,,,Inactive,Inactive,0.0,Inactive,0.0,0.0,,0.0,0.0,0.0,0.0,0.0,0.0,Inactive,Inactive,,,,45,59,2,37,46,19,36,63,45,22,50,61,64,32,20,45.0,75.0,5.0,73.0,59.0,25.0,47.0,79.0,61.0,25.0,65.0,77.0,79.0,38.0,29.0,1.0,0.7866666666666666,0.4,0.5068493150684932,0.7796610169491526,0.76,0.7659574468085106,0.7974683544303798,0.7377049180327869,0.88,0.7692307692307693,0.7922077922077922,0.810126582278481,0.8421052631578947,0.6896551724137931,23,63.0,65.0,0.0,0.3538461538461538,16,,63.0,3.9375,0.0,82.0,5.125
35,35,,2022-12-30,24-085,NOP,,PHI,W (+11),Did Not Play,Did Not Play,0.0,0.0,Did Not Play,,,Did Not Play,Did Not Play,0.0,Did Not Play,0.0,0.0,,0.0,0.0,0.0,0.0,0.0,0.0,Did Not Play,Did Not Play,,,,45,59,2,37,46,19,36,63,45,22,50,61,64,32,20,45.0,75.0,5.0,73.0,59.0,25.0,47.0,79.0,61.0,25.0,65.0,77.0,79.0,38.0,29.0,1.0,0.7866666666666666,0.4,0.5068493150684932,0.7796610169491526,0.76,0.7659574468085106,0.7974683544303798,0.7377049180327869,0.88,0.7692307692307693,0.7922077922077922,0.810126582278481,0.8421052631578947,0.6896551724137931,23,63.0,65.0,0.0,0.3538461538461538,16,,84.0,5.25,0.0,105.09999999999998,6.568749999999999
36,36,24,2022-12-31,24-086,NOP,@,MEM,L (-15),1,27:59,2.0,12.0,.167,0.0,4.0,.000,0,1.0,.000,5.0,6.0,11.0,3.0,3.0,0.0,2.0,1.0,4.0,4.0,-1,8.0,2.0,0.25,45,59,2,37,46,19,36,63,45,22,50,61,64,32,20,45.0,75.0,5.0,73.0,59.0,25.0,47.0,79.0,61.0,25.0,65.0,77.0,79.0,38.0,29.0,1.0,0.7866666666666666,0.4,0.5068493150684932,0.7796610169491526,0.76,0.7659574468085106,0.7974683544303798,0.7377049180327869,0.88,0.7692307692307693,0.7922077922077922,0.810126582278481,0.8421052631578947,0.6896551724137931,23,63.0,65.0,0.0,0.3538461538461538,16,6.0,40.0,2.5,4.000000000000002,48.3,3.01875
37,37,25,2023-01-02,24-088,NOP,@,PHI,L (-9),1,29:27,4.0,7.0,.571,0.0,1.0,.000,0,0.0,,1.0,2.0,3.0,2.0,2.0,0.0,2.0,2.0,8.0,6.6,0,6.0,4.0,0.6666666666666666,45,59,2,37,46,19,36,63,45,22,50,61,64,32,20,45.0,75.0,5.0,73.0,59.0,25.0,47.0,79.0,61.0,25.0,65.0,77.0,79.0,38.0,29.0,1.0,0.7866666666666666,0.4,0.5068493150684932,0.7796610169491526,0.76,0.7659574468085106,0.7974683544303798,0.7377049180327869,0.88,0.7692307692307693,0.7922077922077922,0.810126582278481,0.8421052631578947,0.6896551724137931,23,63.0,65.0,0.0,0.3538461538461538,16,6.0,80.0,5.0,6.599999999999998,79.60000000000001,4.9750000000000005
38,38,26,2023-01-04,24-090,NOP,,HOU,W (+11),1,30:34,1.0,1.0,1.000,1.0,1.0,1.000,6,6.0,1.000,1.0,4.0,5.0,0.0,2.0,1.0,1.0,3.0,9.0,11.1,+5,0.0,0.0,,45,59,2,37,46,19,36,63,45,22,50,61,64,32,20,45.0,75.0,5.0,73.0,59.0,25.0,47.0,79.0,61.0,25.0,65.0,77.0,79.0,38.0,29.0,1.0,0.7866666666666666,0.4,0.5068493150684932,0.7796610169491526,0.76,0.7659574468085106,0.7974683544303798,0.7377049180327869,0.88,0.7692307692307693,0.7922077922077922,0.810126582278481,0.8421052631578947,0.6896551724137931,23,63.0,65.0,0.0,0.3538461538461538,16,9.0,86.0,5.375,8.7,99.2,6.2
39,39,27,2023-01-06,24-092,NOP,,BRK,L (-6),1,25:30,2.0,7.0,.286,1.0,2.0,.500,0,0.0,,1.0,1.0,2.0,3.0,0.0,1.0,0.0,6.0,5.0,2.3,-16,5.0,1.0,0.2,45,59,2,37,46,19,36,63,45,22,50,61,64,32,20,45.0,75.0,5.0,73.0,59.0,25.0,47.0,79.0,61.0,25.0,65.0,77.0,79.0,38.0,29.0,1.0,0.7866666666666666,0.4,0.5068493150684932,0.7796610169491526,0.76,0.7659574468085106,0.7974683544303798,0.7377049180327869,0.88,0.7692307692307693,0.7922077922077922,0.810126582278481,0.8421052631578947,0.6896551724137931,23,63.0,65.0,0.0,0.3538461538461538,16,4.0,65.0,4.0625,2.299999999999998,68.0,4.25
40,40,28,2023-01-07,24-093,NOP,@,DAL,L (-10),1,33:55,6.0,13.0,.462,1.0,3.0,.333,3,4.0,.750,1.0,5.0,6.0,1.0,5.0,1.0,1.0,4.0,16.0,14.9,-7,10.0,5.0,0.5,45,59,2,37,46,19,36,63,45,22,50,61,64,32,20,45.0,75.0,5.0,73.0,59.0,25.0,47.0,79.0,61.0,25.0,65.0,77.0,79.0,38.0,29.0,1.0,0.7866666666666666,0.4,0.5068493150684932,0.7796610169491526,0.76,0.7659574468085106,0.7974683544303798,0.7377049180327869,0.88,0.7692307692307693,0.7922077922077922,0.810126582278481,0.8421052631578947,0.6896551724137931,23,63.0,65.0,0.0,0.3538461538461538,16,11.0,72.0,4.5,13.699999999999998,84.59999999999998,5.287499999999999
41,Rk,G,Date,Age,Tm,,Opp,,GS,MP,0.0,0.0,FG%,,,3P%,FT,0.0,FT%,0.0,0.0,,0.0,0.0,0.0,0.0,0.0,0.0,GmSc,+/-,,,,45,59,2,37,46,19,36,63,45,22,50,61,64,32,20,45.0,75.0,5.0,73.0,59.0,25.0,47.0,79.0,61.0,25.0,65.0,77.0,79.0,38.0,29.0,1.0,0.7866666666666666,0.4,0.5068493150684932,0.7796610169491526,0.76,0.7659574468085106,0.7974683544303798,0.7377049180327869,0.88,0.7692307692307693,0.7922077922077922,0.810126582278481,0.8421052631578947,0.6896551724137931,23,63.0,65.0,0.0,0.3538461538461538,16,,0.0,0.0,0.0,0.0,0.0
42,41,29,2023-01-09,24-095,NOP,@,WAS,W (+20),1,12:31,1.0,2.0,.500,0.0,0.0,,3,4.0,.750,0.0,0.0,0.0,0.0,1.0,0.0,0.0,1.0,5.0,4.2,-6,2.0,1.0,0.5,45,59,2,37,46,19,36,63,45,22,50,61,64,32,20,45.0,75.0,5.0,73.0,59.0,25.0,47.0,79.0,61.0,25.0,65.0,77.0,79.0,38.0,29.0,1.0,0.7866666666666666,0.4,0.5068493150684932,0.7796610169491526,0.76,0.7659574468085106,0.7974683544303798,0.7377049180327869,0.88,0.7692307692307693,0.7922077922077922,0.810126582278481,0.8421052631578947,0.6896551724137931,23,63.0,65.0,0.0,0.3538461538461538,16,0.0,98.0,6.125,3.0,101.90000000000003,6.368750000000002
43,42,,2023-01-11,24-097,NOP,@,BOS,L (-11),Inactive,Inactive,0.0,0.0,Inactive,,,Inactive,Inactive,0.0,Inactive,0.0,0.0,,0.0,0.0,0.0,0.0,0.0,0.0,Inactive,Inactive,,,,45,59,2,37,46,19,36,63,45,22,50,61,64,32,20,45.0,75.0,5.0,73.0,59.0,25.0,47.0,79.0,61.0,25.0,65.0,77.0,79.0,38.0,29.0,1.0,0.7866666666666666,0.4,0.5068493150684932,0.7796610169491526,0.76,0.7659574468085106,0.7974683544303798,0.7377049180327869,0.88,0.7692307692307693,0.7922077922077922,0.810126582278481,0.8421052631578947,0.6896551724137931,23,63.0,65.0,0.0,0.3538461538461538,16,,83.0,5.1875,0.0,89.49999999999999,5.593749999999999
44,43,,2023-01-13,24-099,NOP,@,DET,W (+6),Inactive,Inactive,0.0,0.0,Inactive,,,Inactive,Inactive,0.0,Inactive,0.0,0.0,,0.0,0.0,0.0,0.0,0.0,0.0,Inactive,Inactive,,,,45,59,2,37,46,19,36,63,45,22,50,61,64,32,20,45.0,75.0,5.0,73.0,59.0,25.0,47.0,79.0,61.0,25.0,65.0,77.0,79.0,38.0,29.0,1.0,0.7866666666666666,0.4,0.5068493150684932,0.7796610169491526,0.76,0.7659574468085106,0.7974683544303798,0.7377049180327869,0.88,0.7692307692307693,0.7922077922077922,0.810126582278481,0.8421052631578947,0.6896551724137931,23,63.0,65.0,0.0,0.3538461538461538,16,,81.0,5.0625,0.0,93.0,5.8125
45,44,,2023-01-16,24-102,NOP,@,CLE,L (-10),Inactive,Inactive,0.0,0.0,Inactive,,,Inactive,Inactive,0.0,Inactive,0.0,0.0,,0.0,0.0,0.0,0.0,0.0,0.0,Inactive,Inactive,,,,45,59,2,37,46,19,36,63,45,22,50,61,64,32,20,45.0,75.0,5.0,73.0,59.0,25.0,47.0,79.0,61.0,25.0,65.0,77.0,79.0,38.0,29.0,1.0,0.7866666666666666,0.4,0.5068493150684932,0.7796610169491526,0.76,0.7659574468085106,0.7974683544303798,0.7377049180327869,0.88,0.7692307692307693,0.7922077922077922,0.810126582278481,0.8421052631578947,0.6896551724137931,23,63.0,65.0,0.0,0.3538461538461538,16,,84.0,5.25,0.0,83.0,5.1875
46,45,,2023-01-18,24-104,NOP,,MIA,L (-26),Inactive,Inactive,0.0,0.0,Inactive,,,Inactive,Inactive,0.0,Inactive,0.0,0.0,,0.0,0.0,0.0,0.0,0.0,0.0,Inactive,Inactive,,,,45,59,2,37,46,19,36,63,45,22,50,61,64,32,20,45.0,75.0,5.0,73.0,59.0,25.0,47.0,79.0,61.0,25.0,65.0,77.0,79.0,38.0,29.0,1.0,0.7866666666666666,0.4,0.5068493150684932,0.7796610169491526,0.76,0.7659574468085106,0.7974683544303798,0.7377049180327869,0.88,0.7692307692307693,0.7922077922077922,0.810126582278481,0.8421052631578947,0.6896551724137931,23,63.0,65.0,0.0,0.3538461538461538,16,,63.0,3.9375,0.0,69.1,4.31875
47,46,30,2023-01-20,24-106,NOP,@,ORL,L (-13),1,18:51,4.0,5.0,.800,1.0,1.0,1.000,1,4.0,.250,1.0,0.0,1.0,3.0,2.0,1.0,0.0,6.0,10.0,10.0,0,4.0,3.0,0.75,45,59,2,37,46,19,36,63,45,22,50,61,64,32,20,45.0,75.0,5.0,73.0,59.0,25.0,47.0,79.0,61.0,25.0,65.0,77.0,79.0,38.0,29.0,1.0,0.7866666666666666,0.4,0.5068493150684932,0.7796610169491526,0.76,0.7659574468085106,0.7974683544303798,0.7377049180327869,0.88,0.7692307692307693,0.7922077922077922,0.810126582278481,0.8421052631578947,0.6896551724137931,23,63.0,65.0,0.0,0.3538461538461538,16,8.0,88.0,5.5,9.599999999999998,87.99999999999999,5.499999999999999
48,47,31,2023-01-22,24-108,NOP,@,MIA,L (-4),1,30:21,4.0,5.0,.800,0.0,1.0,.000,3,4.0,.750,0.0,4.0,4.0,4.0,2.0,1.0,3.0,1.0,11.0,12.0,-6,4.0,4.0,1.0,45,59,2,37,46,19,36,63,45,22,50,61,64,32,20,45.0,75.0,5.0,73.0,59.0,25.0,47.0,79.0,61.0,25.0,65.0,77.0,79.0,38.0,29.0,1.0,0.7866666666666666,0.4,0.5068493150684932,0.7796610169491526,0.76,0.7659574468085106,0.7974683544303798,0.7377049180327869,0.88,0.7692307692307693,0.7922077922077922,0.810126582278481,0.8421052631578947,0.6896551724137931,23,63.0,65.0,0.0,0.3538461538461538,16,10.0,57.0,3.5625,10.799999999999995,56.4,3.525
49,48,32,2023-01-24,24-110,NOP,,DEN,L (-1),1,23:38,3.0,8.0,.375,0.0,2.0,.000,0,0.0,,5.0,1.0,6.0,1.0,3.0,1.0,4.0,4.0,6.0,4.2,+7,6.0,3.0,0.5,45,59,2,37,46,19,36,63,45,22,50,61,64,32,20,45.0,75.0,5.0,73.0,59.0,25.0,47.0,79.0,61.0,25.0,65.0,77.0,79.0,38.0,29.0,1.0,0.7866666666666666,0.4,0.5068493150684932,0.7796610169491526,0.76,0.7659574468085106,0.7974683544303798,0.7377049180327869,0.88,0.7692307692307693,0.7922077922077922,0.810126582278481,0.8421052631578947,0.6896551724137931,23,63.0,65.0,0.0,0.3538461538461538,16,5.0,54.0,3.375,4.199999999999999,63.6,3.975
50,49,33,2023-01-25,24-111,NOP,,MIN,L (-9),1,26:05,2.0,9.0,.222,0.0,5.0,.000,0,0.0,,4.0,1.0,5.0,1.0,0.0,0.0,1.0,3.0,4.0,0.1,-19,4.0,2.0,0.5,45,59,2,37,46,19,36,63,45,22,50,61,64,32,20,45.0,75.0,5.0,73.0,59.0,25.0,47.0,79.0,61.0,25.0,65.0,77.0,79.0,38.0,29.0,1.0,0.7866666666666666,0.4,0.5068493150684932,0.7796610169491526,0.76,0.7659574468085106,0.7974683544303798,0.7377049180327869,0.88,0.7692307692307693,0.7922077922077922,0.810126582278481,0.8421052631578947,0.6896551724137931,23,63.0,65.0,0.0,0.3538461538461538,16,0.0,48.0,3.0,0.0999999999999996,55.5,3.46875
51,50,34,2023-01-28,24-114,NOP,,WAS,L (-10),1,31:21,3.0,5.0,.600,0.0,1.0,.000,2,2.0,1.000,0.0,4.0,4.0,1.0,0.0,1.0,0.0,3.0,8.0,7.1,-6,4.0,3.0,0.75,45,59,2,37,46,19,36,63,45,22,50,61,64,32,20,45.0,75.0,5.0,73.0,59.0,25.0,47.0,79.0,61.0,25.0,65.0,77.0,79.0,38.0,29.0,1.0,0.7866666666666666,0.4,0.5068493150684932,0.7796610169491526,0.76,0.7659574468085106,0.7974683544303798,0.7377049180327869,0.88,0.7692307692307693,0.7922077922077922,0.810126582278481,0.8421052631578947,0.6896551724137931,23,63.0,65.0,0.0,0.3538461538461538,16,7.0,58.0,3.625,6.299999999999997,59.1,3.69375
52,51,35,2023-01-29,24-115,NOP,@,MIL,L (-25),1,27:10,4.0,11.0,.364,2.0,3.0,.667,1,2.0,.500,2.0,3.0,5.0,2.0,1.0,1.0,1.0,3.0,11.0,7.7,-23,8.0,2.0,0.25,45,59,2,37,46,19,36,63,45,22,50,61,64,32,20,45.0,75.0,5.0,73.0,59.0,25.0,47.0,79.0,61.0,25.0,65.0,77.0,79.0,38.0,29.0,1.0,0.7866666666666666,0.4,0.5068493150684932,0.7796610169491526,0.76,0.7659574468085106,0.7974683544303798,0.7377049180327869,0.88,0.7692307692307693,0.7922077922077922,0.810126582278481,0.8421052631578947,0.6896551724137931,23,63.0,65.0,0.0,0.3538461538461538,16,6.0,53.0,3.3125,7.300000000000001,58.60000000000001,3.6625000000000005
53,52,36,2023-01-31,24-117,NOP,@,DEN,L (-9),1,36:40,6.0,8.0,.750,2.0,4.0,.500,7,8.0,.875,2.0,2.0,4.0,4.0,5.0,0.0,2.0,4.0,21.0,23.6,-25,4.0,4.0,1.0,45,59,2,37,46,19,36,63,45,22,50,61,64,32,20,45.0,75.0,5.0,73.0,59.0,25.0,47.0,79.0,61.0,25.0,65.0,77.0,79.0,38.0,29.0,1.0,0.7866666666666666,0.4,0.5068493150684932,0.7796610169491526,0.76,0.7659574468085106,0.7974683544303798,0.7377049180327869,0.88,0.7692307692307693,0.7922077922077922,0.810126582278481,0.8421052631578947,0.6896551724137931,23,63.0,65.0,0.0,0.3538461538461538,16,16.0,74.0,4.625,20.8,73.69999999999999,4.606249999999999
54,53,37,2023-02-02,24-119,NOP,@,DAL,L (-5),1,35:20,4.0,9.0,.444,1.0,6.0,.167,0,1.0,.000,0.0,2.0,2.0,1.0,3.0,1.0,4.0,4.0,9.0,3.3,-11,3.0,3.0,1.0,45,59,2,37,46,19,36,63,45,22,50,61,64,32,20,45.0,75.0,5.0,73.0,59.0,25.0,47.0,79.0,61.0,25.0,65.0,77.0,79.0,38.0,29.0,1.0,0.7866666666666666,0.4,0.5068493150684932,0.7796610169491526,0.76,0.7659574468085106,0.7974683544303798,0.7377049180327869,0.88,0.7692307692307693,0.7922077922077922,0.810126582278481,0.8421052631578947,0.6896551724137931,23,63.0,65.0,0.0,0.3538461538461538,16,2.0,85.0,5.3125,3.299999999999997,83.79999999999998,5.237499999999999
55,54,38,2023-02-04,24-121,NOP,,LAL,W (+5),1,40:26,2.0,9.0,.222,0.0,2.0,.000,0,0.0,,1.0,3.0,4.0,3.0,4.0,0.0,3.0,5.0,4.0,1.2,+7,7.0,2.0,0.2857142857142857,45,59,2,37,46,19,36,63,45,22,50,61,64,32,20,45.0,75.0,5.0,73.0,59.0,25.0,47.0,79.0,61.0,25.0,65.0,77.0,79.0,38.0,29.0,1.0,0.7866666666666666,0.4,0.5068493150684932,0.7796610169491526,0.76,0.7659574468085106,0.7974683544303798,0.7377049180327869,0.88,0.7692307692307693,0.7922077922077922,0.810126582278481,0.8421052631578947,0.6896551724137931,23,63.0,65.0,0.0,0.3538461538461538,16,3.0,87.0,5.4375,1.2000000000000002,105.5,6.59375
56,55,39,2023-02-05,24-122,NOP,,SAC,W (+32),1,33:16,2.0,6.0,.333,0.0,0.0,,1,2.0,.500,1.0,1.0,2.0,2.0,1.0,1.0,1.0,2.0,5.0,3.5,+35,6.0,2.0,0.3333333333333333,45,59,2,37,46,19,36,63,45,22,50,61,64,32,20,45.0,75.0,5.0,73.0,59.0,25.0,47.0,79.0,61.0,25.0,65.0,77.0,79.0,38.0,29.0,1.0,0.7866666666666666,0.4,0.5068493150684932,0.7796610169491526,0.76,0.7659574468085106,0.7974683544303798,0.7377049180327869,0.88,0.7692307692307693,0.7922077922077922,0.810126582278481,0.8421052631578947,0.6896551724137931,23,63.0,65.0,0.0,0.3538461538461538,16,2.0,97.0,6.0625,3.1,116.3,7.26875
57,56,40,2023-02-07,24-124,NOP,,ATL,W (+9),1,39:36,4.0,7.0,.571,0.0,1.0,.000,3,5.0,.600,2.0,7.0,9.0,4.0,3.0,1.0,1.0,4.0,11.0,14.3,+9,6.0,4.0,0.6666666666666666,45,59,2,37,46,19,36,63,45,22,50,61,64,32,20,45.0,75.0,5.0,73.0,59.0,25.0,47.0,79.0,61.0,25.0,65.0,77.0,79.0,38.0,29.0,1.0,0.7866666666666666,0.4,0.5068493150684932,0.7796610169491526,0.76,0.7659574468085106,0.7974683544303798,0.7377049180327869,0.88,0.7692307692307693,0.7922077922077922,0.810126582278481,0.8421052631578947,0.6896551724137931,23,63.0,65.0,0.0,0.3538461538461538,16,15.0,65.0,4.0625,13.100000000000003,80.49999999999999,5.031249999999999
58,57,41,2023-02-10,24-127,NOP,,CLE,L (-11),1,28:55,4.0,8.0,.500,1.0,2.0,.500,2,2.0,1.000,1.0,1.0,2.0,0.0,1.0,1.0,1.0,3.0,11.0,7.5,-12,6.0,3.0,0.5,45,59,2,37,46,19,36,63,45,22,50,61,64,32,20,45.0,75.0,5.0,73.0,59.0,25.0,47.0,79.0,61.0,25.0,65.0,77.0,79.0,38.0,29.0,1.0,0.7866666666666666,0.4,0.5068493150684932,0.7796610169491526,0.76,0.7659574468085106,0.7974683544303798,0.7377049180327869,0.88,0.7692307692307693,0.7922077922077922,0.810126582278481,0.8421052631578947,0.6896551724137931,23,63.0,65.0,0.0,0.3538461538461538,16,4.0,83.0,5.1875,6.699999999999998,82.6,5.1625
59,58,42,2023-02-13,24-130,NOP,@,OKC,W (+3),1,23:42,2.0,4.0,.500,0.0,1.0,.000,0,0.0,,1.0,4.0,5.0,2.0,2.0,0.0,0.0,3.0,4.0,6.1,-5,3.0,2.0,0.6666666666666666,45,59,2,37,46,19,36,63,45,22,50,61,64,32,20,45.0,75.0,5.0,73.0,59.0,25.0,47.0,79.0,61.0,25.0,65.0,77.0,79.0,38.0,29.0,1.0,0.7866666666666666,0.4,0.5068493150684932,0.7796610169491526,0.76,0.7659574468085106,0.7974683544303798,0.7377049180327869,0.88,0.7692307692307693,0.7922077922077922,0.810126582278481,0.8421052631578947,0.6896551724137931,23,63.0,65.0,0.0,0.3538461538461538,16,9.0,46.0,2.875,6.1,60.3,3.76875
60,59,43,2023-02-15,24-132,NOP,@,LAL,L (-18),1,30:26,5.0,9.0,.556,1.0,3.0,.333,0,0.0,,3.0,0.0,3.0,5.0,1.0,0.0,1.0,1.0,11.0,11.9,-11,6.0,4.0,0.6666666666666666,45,59,2,37,46,19,36,63,45,22,50,61,64,32,20,45.0,75.0,5.0,73.0,59.0,25.0,47.0,79.0,61.0,25.0,65.0,77.0,79.0,38.0,29.0,1.0,0.7866666666666666,0.4,0.5068493150684932,0.7796610169491526,0.76,0.7659574468085106,0.7974683544303798,0.7377049180327869,0.88,0.7692307692307693,0.7922077922077922,0.810126582278481,0.8421052631578947,0.6896551724137931,23,63.0,65.0,0.0,0.3538461538461538,16,10.0,60.0,3.75,11.9,57.8,3.6125
61,60,44,2023-02-23,24-140,NOP,@,TOR,L (-5),1,33:41,1.0,3.0,.333,0.0,1.0,.000,0,0.0,,0.0,5.0,5.0,2.0,1.0,2.0,0.0,1.0,2.0,5.2,-3,2.0,1.0,0.5,45,59,2,37,46,19,36,63,45,22,50,61,64,32,20,45.0,75.0,5.0,73.0,59.0,25.0,47.0,79.0,61.0,25.0,65.0,77.0,79.0,38.0,29.0,1.0,0.7866666666666666,0.4,0.5068493150684932,0.7796610169491526,0.76,0.7659574468085106,0.7974683544303798,0.7377049180327869,0.88,0.7692307692307693,0.7922077922077922,0.810126582278481,0.8421052631578947,0.6896551724137931,23,63.0,65.0,0.0,0.3538461538461538,16,9.0,72.0,4.5,5.200000000000001,75.3,4.70625
62,Rk,G,Date,Age,Tm,,Opp,,GS,MP,0.0,0.0,FG%,,,3P%,FT,0.0,FT%,0.0,0.0,,0.0,0.0,0.0,0.0,0.0,0.0,GmSc,+/-,,,,45,59,2,37,46,19,36,63,45,22,50,61,64,32,20,45.0,75.0,5.0,73.0,59.0,25.0,47.0,79.0,61.0,25.0,65.0,77.0,79.0,38.0,29.0,1.0,0.7866666666666666,0.4,0.5068493150684932,0.7796610169491526,0.76,0.7659574468085106,0.7974683544303798,0.7377049180327869,0.88,0.7692307692307693,0.7922077922077922,0.810126582278481,0.8421052631578947,0.6896551724137931,23,63.0,65.0,0.0,0.3538461538461538,16,,0.0,0.0,0.0,0.0,0.0
63,61,45,2023-02-25,24-142,NOP,@,NYK,L (-22),1,13:26,3.0,5.0,.600,0.0,1.0,.000,0,0.0,,1.0,2.0,3.0,2.0,0.0,0.0,1.0,1.0,6.0,5.0,-10,4.0,3.0,0.75,45,59,2,37,46,19,36,63,45,22,50,61,64,32,20,45.0,75.0,5.0,73.0,59.0,25.0,47.0,79.0,61.0,25.0,65.0,77.0,79.0,38.0,29.0,1.0,0.7866666666666666,0.4,0.5068493150684932,0.7796610169491526,0.76,0.7659574468085106,0.7974683544303798,0.7377049180327869,0.88,0.7692307692307693,0.7922077922077922,0.810126582278481,0.8421052631578947,0.6896551724137931,23,63.0,65.0,0.0,0.3538461538461538,16,5.0,55.0,3.4375,5.0,61.70000000000002,3.856250000000001
64,62,46,2023-02-27,24-144,NOP,,ORL,L (-8),1,32:39,3.0,9.0,.333,1.0,3.0,.333,3,4.0,.750,2.0,4.0,6.0,2.0,1.0,1.0,1.0,3.0,10.0,8.0,+1,6.0,2.0,0.3333333333333333,45,59,2,37,46,19,36,63,45,22,50,61,64,32,20,45.0,75.0,5.0,73.0,59.0,25.0,47.0,79.0,61.0,25.0,65.0,77.0,79.0,38.0,29.0,1.0,0.7866666666666666,0.4,0.5068493150684932,0.7796610169491526,0.76,0.7659574468085106,0.7974683544303798,0.7377049180327869,0.88,0.7692307692307693,0.7922077922077922,0.810126582278481,0.8421052631578947,0.6896551724137931,23,63.0,65.0,0.0,0.3538461538461538,16,6.0,46.0,2.875,6.799999999999998,47.1,2.94375
65,63,47,2023-03-01,24-146,NOP,@,POR,W (+11),1,28:18,3.0,7.0,.429,1.0,1.0,1.000,0,0.0,,2.0,3.0,5.0,2.0,1.0,0.0,1.0,5.0,7.0,5.0,+7,6.0,2.0,0.3333333333333333,45,59,2,37,46,19,36,63,45,22,50,61,64,32,20,45.0,75.0,5.0,73.0,59.0,25.0,47.0,79.0,61.0,25.0,65.0,77.0,79.0,38.0,29.0,1.0,0.7866666666666666,0.4,0.5068493150684932,0.7796610169491526,0.76,0.7659574468085106,0.7974683544303798,0.7377049180327869,0.88,0.7692307692307693,0.7922077922077922,0.810126582278481,0.8421052631578947,0.6896551724137931,23,63.0,65.0,0.0,0.3538461538461538,16,7.0,95.0,5.9375,5.0,91.3,5.70625
66,64,48,2023-03-03,24-148,NOP,@,GSW,L (-9),1,35:40,3.0,5.0,.600,0.0,1.0,.000,1,2.0,.500,2.0,1.0,3.0,5.0,4.0,1.0,2.0,3.0,7.0,11.0,-6,4.0,3.0,0.75,45,59,2,37,46,19,36,63,45,22,50,61,64,32,20,45.0,75.0,5.0,73.0,59.0,25.0,47.0,79.0,61.0,25.0,65.0,77.0,79.0,38.0,29.0,1.0,0.7866666666666666,0.4,0.5068493150684932,0.7796610169491526,0.76,0.7659574468085106,0.7974683544303798,0.7377049180327869,0.88,0.7692307692307693,0.7922077922077922,0.810126582278481,0.8421052631578947,0.6896551724137931,23,63.0,65.0,0.0,0.3538461538461538,16,11.0,44.0,2.75,10.599999999999998,52.79999999999999,3.2999999999999994
67,65,49,2023-03-06,24-151,NOP,@,SAC,L (-15),1,37:13,5.0,8.0,.625,3.0,3.0,1.000,0,0.0,,1.0,7.0,8.0,8.0,1.0,1.0,1.0,5.0,13.0,16.5,-4,5.0,2.0,0.4,45,59,2,37,46,19,36,63,45,22,50,61,64,32,20,45.0,75.0,5.0,73.0,59.0,25.0,47.0,79.0,61.0,25.0,65.0,77.0,79.0,38.0,29.0,1.0,0.7866666666666666,0.4,0.5068493150684932,0.7796610169491526,0.76,0.7659574468085106,0.7974683544303798,0.7377049180327869,0.88,0.7692307692307693,0.7922077922077922,0.810126582278481,0.8421052631578947,0.6896551724137931,23,63.0,65.0,0.0,0.3538461538461538,16,22.0,87.0,5.4375,16.5,72.3,4.51875
68,66,50,2023-03-08,24-153,NOP,,DAL,W (+7),1,37:15,6.0,15.0,.400,0.0,4.0,.000,2,2.0,1.000,4.0,5.0,9.0,2.0,2.0,1.0,1.0,2.0,14.0,12.5,-3,11.0,6.0,0.5454545454545454,45,59,2,37,46,19,36,63,45,22,50,61,64,32,20,45.0,75.0,5.0,73.0,59.0,25.0,47.0,79.0,61.0,25.0,65.0,77.0,79.0,38.0,29.0,1.0,0.7866666666666666,0.4,0.5068493150684932,0.7796610169491526,0.76,0.7659574468085106,0.7974683544303798,0.7377049180327869,0.88,0.7692307692307693,0.7922077922077922,0.810126582278481,0.8421052631578947,0.6896551724137931,23,63.0,65.0,0.0,0.3538461538461538,16,10.0,77.0,4.8125,11.699999999999996,77.8,4.8625
69,67,51,2023-03-11,24-156,NOP,,OKC,L (-14),1,18:08,2.0,3.0,.667,0.0,1.0,.000,0,0.0,,0.0,2.0,2.0,1.0,0.0,0.0,2.0,5.0,4.0,0.0,-7,2.0,2.0,1.0,45,59,2,37,46,19,36,63,45,22,50,61,64,32,20,45.0,75.0,5.0,73.0,59.0,25.0,47.0,79.0,61.0,25.0,65.0,77.0,79.0,38.0,29.0,1.0,0.7866666666666666,0.4,0.5068493150684932,0.7796610169491526,0.76,0.7659574468085106,0.7974683544303798,0.7377049180327869,0.88,0.7692307692307693,0.7922077922077922,0.810126582278481,0.8421052631578947,0.6896551724137931,23,63.0,65.0,0.0,0.3538461538461538,16,2.0,69.0,4.3125,0.0,64.5,4.03125
70,68,52,2023-03-12,24-157,NOP,,POR,W (+17),1,30:43,7.0,9.0,.778,2.0,4.0,.500,0,0.0,,0.0,4.0,4.0,7.0,2.0,0.0,2.0,2.0,16.0,17.8,+43,5.0,5.0,1.0,45,59,2,37,46,19,36,63,45,22,50,61,64,32,20,45.0,75.0,5.0,73.0,59.0,25.0,47.0,79.0,61.0,25.0,65.0,77.0,79.0,38.0,29.0,1.0,0.7866666666666666,0.4,0.5068493150684932,0.7796610169491526,0.76,0.7659574468085106,0.7974683544303798,0.7377049180327869,0.88,0.7692307692307693,0.7922077922077922,0.810126582278481,0.8421052631578947,0.6896551724137931,23,63.0,65.0,0.0,0.3538461538461538,16,18.0,73.0,4.5625,17.799999999999997,71.50000000000001,4.468750000000001
71,69,53,2023-03-14,24-159,NOP,,LAL,L (-15),1,33:40,7.0,16.0,.438,2.0,8.0,.250,4,6.0,.667,5.0,2.0,7.0,1.0,2.0,0.0,3.0,4.0,20.0,13.0,-15,8.0,5.0,0.625,45,59,2,37,46,19,36,63,45,22,50,61,64,32,20,45.0,75.0,5.0,73.0,59.0,25.0,47.0,79.0,61.0,25.0,65.0,77.0,79.0,38.0,29.0,1.0,0.7866666666666666,0.4,0.5068493150684932,0.7796610169491526,0.76,0.7659574468085106,0.7974683544303798,0.7377049180327869,0.88,0.7692307692307693,0.7922077922077922,0.810126582278481,0.8421052631578947,0.6896551724137931,23,63.0,65.0,0.0,0.3538461538461538,16,5.0,66.0,4.125,11.4,65.4,4.0875
72,70,54,2023-03-17,24-162,NOP,@,HOU,L (-2),1,28:19,3.0,4.0,.750,0.0,0.0,,3,4.0,.750,1.0,0.0,1.0,1.0,4.0,0.0,0.0,5.0,9.0,10.4,+8,4.0,3.0,0.75,45,59,2,37,46,19,36,63,45,22,50,61,64,32,20,45.0,75.0,5.0,73.0,59.0,25.0,47.0,79.0,61.0,25.0,65.0,77.0,79.0,38.0,29.0,1.0,0.7866666666666666,0.4,0.5068493150684932,0.7796610169491526,0.76,0.7659574468085106,0.7974683544303798,0.7377049180327869,0.88,0.7692307692307693,0.7922077922077922,0.810126582278481,0.8421052631578947,0.6896551724137931,23,63.0,65.0,0.0,0.3538461538461538,16,7.0,74.0,4.625,9.199999999999998,75.69999999999999,4.731249999999999
73,71,55,2023-03-19,24-164,NOP,@,HOU,W (+10),1,33:03,4.0,7.0,.571,2.0,4.0,.500,3,3.0,1.000,2.0,2.0,4.0,3.0,1.0,0.0,2.0,4.0,13.0,11.2,+6,3.0,2.0,0.6666666666666666,45,59,2,37,46,19,36,63,45,22,50,61,64,32,20,45.0,75.0,5.0,73.0,59.0,25.0,47.0,79.0,61.0,25.0,65.0,77.0,79.0,38.0,29.0,1.0,0.7866666666666666,0.4,0.5068493150684932,0.7796610169491526,0.76,0.7659574468085106,0.7974683544303798,0.7377049180327869,0.88,0.7692307692307693,0.7922077922077922,0.810126582278481,0.8421052631578947,0.6896551724137931,23,63.0,65.0,0.0,0.3538461538461538,16,9.0,90.0,5.625,10.000000000000004,86.60000000000001,5.4125000000000005
74,72,56,2023-03-21,24-166,NOP,,SAS,W (+35),1,24:58,2.0,4.0,.500,0.0,2.0,.000,0,2.0,.000,0.0,2.0,2.0,4.0,1.0,0.0,2.0,3.0,4.0,2.4,+19,2.0,2.0,1.0,45,59,2,37,46,19,36,63,45,22,50,61,64,32,20,45.0,75.0,5.0,73.0,59.0,25.0,47.0,79.0,61.0,25.0,65.0,77.0,79.0,38.0,29.0,1.0,0.7866666666666666,0.4,0.5068493150684932,0.7796610169491526,0.76,0.7659574468085106,0.7974683544303798,0.7377049180327869,0.88,0.7692307692307693,0.7922077922077922,0.810126582278481,0.8421052631578947,0.6896551724137931,23,63.0,65.0,0.0,0.3538461538461538,16,3.0,83.0,5.1875,2.3999999999999995,85.3,5.33125
75,73,57,2023-03-23,24-168,NOP,,CHO,W (+19),1,28:34,1.0,5.0,.200,0.0,1.0,.000,0,0.0,,2.0,1.0,3.0,2.0,1.0,0.0,0.0,1.0,2.0,2.6,+12,4.0,1.0,0.25,45,59,2,37,46,19,36,63,45,22,50,61,64,32,20,45.0,75.0,5.0,73.0,59.0,25.0,47.0,79.0,61.0,25.0,65.0,77.0,79.0,38.0,29.0,1.0,0.7866666666666666,0.4,0.5068493150684932,0.7796610169491526,0.76,0.7659574468085106,0.7974683544303798,0.7377049180327869,0.88,0.7692307692307693,0.7922077922077922,0.810126582278481,0.8421052631578947,0.6896551724137931,23,63.0,65.0,0.0,0.3538461538461538,16,3.0,84.0,5.25,2.6,91.3,5.70625
76,74,58,2023-03-25,24-170,NOP,@,LAC,W (+21),1,23:24,2.0,2.0,1.000,0.0,0.0,,0,0.0,,4.0,2.0,6.0,2.0,2.0,0.0,2.0,2.0,4.0,7.4,+12,2.0,2.0,1.0,45,59,2,37,46,19,36,63,45,22,50,61,64,32,20,45.0,75.0,5.0,73.0,59.0,25.0,47.0,79.0,61.0,25.0,65.0,77.0,79.0,38.0,29.0,1.0,0.7866666666666666,0.4,0.5068493150684932,0.7796610169491526,0.76,0.7659574468085106,0.7974683544303798,0.7377049180327869,0.88,0.7692307692307693,0.7922077922077922,0.810126582278481,0.8421052631578947,0.6896551724137931,23,63.0,65.0,0.0,0.3538461538461538,16,10.0,115.0,7.1875,7.399999999999999,110.10000000000002,6.881250000000001
77,75,59,2023-03-27,24-172,NOP,@,POR,W (+34),1,26:03,3.0,4.0,.750,0.0,0.0,,1,1.0,1.000,1.0,1.0,2.0,4.0,0.0,0.0,1.0,0.0,7.0,8.2,+32,4.0,3.0,0.75,45,59,2,37,46,19,36,63,45,22,50,61,64,32,20,45.0,75.0,5.0,73.0,59.0,25.0,47.0,79.0,61.0,25.0,65.0,77.0,79.0,38.0,29.0,1.0,0.7866666666666666,0.4,0.5068493150684932,0.7796610169491526,0.76,0.7659574468085106,0.7974683544303798,0.7377049180327869,0.88,0.7692307692307693,0.7922077922077922,0.810126582278481,0.8421052631578947,0.6896551724137931,23,63.0,65.0,0.0,0.3538461538461538,16,7.0,105.0,6.5625,7.799999999999999,93.3,5.83125
78,76,60,2023-03-28,24-173,NOP,@,GSW,L (-11),1,35:23,5.0,11.0,.455,3.0,5.0,.600,0,0.0,,4.0,2.0,6.0,4.0,2.0,0.0,0.0,3.0,13.0,14.3,-11,6.0,2.0,0.3333333333333333,45,59,2,37,46,19,36,63,45,22,50,61,64,32,20,45.0,75.0,5.0,73.0,59.0,25.0,47.0,79.0,61.0,25.0,65.0,77.0,79.0,38.0,29.0,1.0,0.7866666666666666,0.4,0.5068493150684932,0.7796610169491526,0.76,0.7659574468085106,0.7974683544303798,0.7377049180327869,0.88,0.7692307692307693,0.7922077922077922,0.810126582278481,0.8421052631578947,0.6896551724137931,23,63.0,65.0,0.0,0.3538461538461538,16,14.0,54.0,3.375,14.300000000000004,58.99999999999999,3.6874999999999996
79,77,61,2023-03-30,24-175,NOP,@,DEN,W (+19),1,33:56,2.0,6.0,.333,2.0,2.0,1.000,0,0.0,,2.0,5.0,7.0,1.0,0.0,0.0,3.0,2.0,6.0,2.4,+19,4.0,0.0,0.0,45,59,2,37,46,19,36,63,45,22,50,61,64,32,20,45.0,75.0,5.0,73.0,59.0,25.0,47.0,79.0,61.0,25.0,65.0,77.0,79.0,38.0,29.0,1.0,0.7866666666666666,0.4,0.5068493150684932,0.7796610169491526,0.76,0.7659574468085106,0.7974683544303798,0.7377049180327869,0.88,0.7692307692307693,0.7922077922077922,0.810126582278481,0.8421052631578947,0.6896551724137931,23,63.0,65.0,0.0,0.3538461538461538,16,5.0,79.0,4.9375,2.3999999999999995,75.1,4.69375
80,78,62,2023-04-01,24-177,NOP,,LAC,W (+8),1,29:51,2.0,3.0,.667,1.0,1.0,1.000,7,7.0,1.000,0.0,4.0,4.0,2.0,0.0,1.0,0.0,5.0,12.0,12.0,-1,2.0,1.0,0.5,45,59,2,37,46,19,36,63,45,22,50,61,64,32,20,45.0,75.0,5.0,73.0,59.0,25.0,47.0,79.0,61.0,25.0,65.0,77.0,79.0,38.0,29.0,1.0,0.7866666666666666,0.4,0.5068493150684932,0.7796610169491526,0.76,0.7659574468085106,0.7974683544303798,0.7377049180327869,0.88,0.7692307692307693,0.7922077922077922,0.810126582278481,0.8421052631578947,0.6896551724137931,23,63.0,65.0,0.0,0.3538461538461538,16,9.0,53.0,3.3125,9.2,83.7,5.23125
81,79,63,2023-04-04,24-180,NOP,,SAC,L (-18),1,30:53,5.0,10.0,.500,1.0,1.0,1.000,0,0.0,,1.0,3.0,4.0,3.0,1.0,0.0,2.0,1.0,11.0,8.3,-2,9.0,4.0,0.4444444444444444,45,59,2,37,46,19,36,63,45,22,50,61,64,32,20,45.0,75.0,5.0,73.0,59.0,25.0,47.0,79.0,61.0,25.0,65.0,77.0,79.0,38.0,29.0,1.0,0.7866666666666666,0.4,0.5068493150684932,0.7796610169491526,0.76,0.7659574468085106,0.7974683544303798,0.7377049180327869,0.88,0.7692307692307693,0.7922077922077922,0.810126582278481,0.8421052631578947,0.6896551724137931,23,63.0,65.0,0.0,0.3538461538461538,16,7.0,57.0,3.5625,8.299999999999999,63.50000000000001,3.9687500000000004
82,80,64,2023-04-05,24-181,NOP,,MEM,W (+7),1,43:37,11.0,21.0,.524,5.0,8.0,.625,8,9.0,.889,3.0,4.0,7.0,3.0,0.0,3.0,2.0,3.0,35.0,28.6,+20,13.0,6.0,0.4615384615384615,45,59,2,37,46,19,36,63,45,22,50,61,64,32,20,45.0,75.0,5.0,73.0,59.0,25.0,47.0,79.0,61.0,25.0,65.0,77.0,79.0,38.0,29.0,1.0,0.7866666666666666,0.4,0.5068493150684932,0.7796610169491526,0.76,0.7659574468085106,0.7974683544303798,0.7377049180327869,0.88,0.7692307692307693,0.7922077922077922,0.810126582278481,0.8421052631578947,0.6896551724137931,23,63.0,65.0,0.0,0.3538461538461538,16,16.0,75.0,4.6875,25.4,82.70000000000003,5.168750000000002
83,Rk,G,Date,Age,Tm,,Opp,,GS,MP,0.0,0.0,FG%,,,3P%,FT,0.0,FT%,0.0,0.0,,0.0,0.0,0.0,0.0,0.0,0.0,GmSc,+/-,,,,45,59,2,37,46,19,36,63,45,22,50,61,64,32,20,45.0,75.0,5.0,73.0,59.0,25.0,47.0,79.0,61.0,25.0,65.0,77.0,79.0,38.0,29.0,1.0,0.7866666666666666,0.4,0.5068493150684932,0.7796610169491526,0.76,0.7659574468085106,0.7974683544303798,0.7377049180327869,0.88,0.7692307692307693,0.7922077922077922,0.810126582278481,0.8421052631578947,0.6896551724137931,23,63.0,65.0,0.0,0.3538461538461538,16,,0.0,0.0,0.0,0.0,0.0
84,81,65,2023-04-07,24-183,NOP,,NYK,W (+8),1,34:02,7.0,7.0,1.000,1.0,1.0,1.000,0,0.0,,0.0,4.0,4.0,4.0,0.0,3.0,1.0,2.0,15.0,17.2,+4,6.0,6.0,1.0,45,59,2,37,46,19,36,63,45,22,50,61,64,32,20,45.0,75.0,5.0,73.0,59.0,25.0,47.0,79.0,61.0,25.0,65.0,77.0,79.0,38.0,29.0,1.0,0.7866666666666666,0.4,0.5068493150684932,0.7796610169491526,0.76,0.7659574468085106,0.7974683544303798,0.7377049180327869,0.88,0.7692307692307693,0.7922077922077922,0.810126582278481,0.8421052631578947,0.6896551724137931,23,63.0,65.0,0.0,0.3538461538461538,16,18.0,76.0,4.75,17.2,68.59999999999998,4.287499999999999
85,82,66,2023-04-09,24-185,NOP,@,MIN,L (-5),1,38:49,1.0,4.0,.250,0.0,2.0,.000,2,2.0,1.000,1.0,2.0,3.0,4.0,5.0,1.0,3.0,5.0,4.0,6.4,+10,2.0,1.0,0.5,45,59,2,37,46,19,36,63,45,22,50,61,64,32,20,45.0,75.0,5.0,73.0,59.0,25.0,47.0,79.0,61.0,25.0,65.0,77.0,79.0,38.0,29.0,1.0,0.7866666666666666,0.4,0.5068493150684932,0.7796610169491526,0.76,0.7659574468085106,0.7974683544303798,0.7377049180327869,0.88,0.7692307692307693,0.7922077922077922,0.810126582278481,0.8421052631578947,0.6896551724137931,23,63.0,65.0,0.0,0.3538461538461538,16,8.0,47.0,2.9375,5.599999999999998,66.30000000000001,4.143750000000001
