Rk,G,Date,Age,Tm,Opp,GS,MP,FG,FGA,FG%,3P,3PA,3P%,FT,FTA,FT%,ORB,DRB,TRB,AST,STL,BLK,TOV,PF,PTS,GmSc,+/-,2PA,2P,2P%,Shared Games with Chris Boucher,Shared Games with Christian Koloko,Shared Games with Dalano Banton,Shared Games with Fred VanVleet,Shared Games with Jeff Dowtin,Shared Games with Joe Wieskamp,Shared Games with Juancho Hernangómez,Shared Games with Justin Champagnie,Shared Games with Khem Birch,Shared Games with Malachi Flynn,Shared Games with OG Anunoby,Shared Games with Otto Porter Jr.,Shared Games with Pascal Siakam,Shared Games with Precious Achiuwa,Shared Games with Ron Harper Jr.,Shared Games with Scottie Barnes,Shared Games with Thaddeus Young,Chris Boucher,Christian Koloko,Dalano Banton,Fred VanVleet,Jeff Dowtin,Joe Wieskamp,Juancho Hernangómez,Justin Champagnie,Khem Birch,Malachi Flynn,OG Anunoby,Otto Porter Jr.,Pascal Siakam,Precious Achiuwa,Ron Harper Jr.,Scottie Barnes,Thaddeus Young,co_inf with Chris Boucher,co_inf with Christian Koloko,co_inf with Dalano Banton,co_inf with Fred VanVleet,co_inf with Jeff Dowtin,co_inf with Joe Wieskamp,co_inf with Juancho Hernangómez,co_inf with Justin Champagnie,co_inf with Khem Birch,co_inf with Malachi Flynn,co_inf with OG Anunoby,co_inf with Otto Porter Jr.,co_inf with Pascal Siakam,co_inf with Precious Achiuwa,co_inf with Ron Harper Jr.,co_inf with Scottie Barnes,co_inf with Thaddeus Young,Shared Games with Jakob Poeltl,Jakob Poeltl,Luke Kornet,co_inf with Jakob Poeltl,co_inf with Luke Kornet,Total Shared Players,CO_EFF,EFF,avg_EFF,CO_HGS,HGS,avg_HGS,Co_Points_Share,New Column,Result
1.0,1.0,2022-10-19,23-274,TOR,CLE,1,36.98333333333333,5.0,12.0,.417,4.0,8.0,.500,5,7.0,.714,3.0,2.0,5.0,0.0,1.0,0.0,1.0,1.0,19.0,14.1,+3,4.0,1.0,0.25,61,46,24,54,15,6,35,3,15,40,55,7,58,48,6,63,45,76.0,58.0,31.0,69.0,25.0,9.0,42.0,5.0,20.0,53.0,67.0,8.0,71.0,55.0,9.0,77.0,54.0,0.8026315789473685,0.7931034482758621,0.7741935483870968,0.782608695652174,0.6,0.6666666666666666,0.8333333333333334,0.6,0.75,0.7547169811320755,0.8208955223880597,0.875,0.8169014084507042,0.8727272727272727,0.6666666666666666,0.8181818181818182,0.8333333333333334,17,72.0,69.0,0.2361111111111111,0.0,18,5.0,60.0,3.333333333333333,12.100000000000003,72.89999999999999,4.05,0.124054462934947,W (+3),W (+3)
2.0,2.0,2022-10-21,23-276,TOR,BRK,1,35.96666666666667,6.0,16.0,.375,2.0,7.0,.286,0,0.0,,0.0,1.0,1.0,0.0,1.0,0.0,0.0,0.0,14.0,6.5,-9,9.0,4.0,0.4444444444444444,61,46,24,54,15,6,35,3,15,40,55,7,58,48,6,63,45,76.0,58.0,31.0,69.0,25.0,9.0,42.0,5.0,20.0,53.0,67.0,8.0,71.0,55.0,9.0,77.0,54.0,0.8026315789473685,0.7931034482758621,0.7741935483870968,0.782608695652174,0.6,0.6666666666666666,0.8333333333333334,0.6,0.75,0.7547169811320755,0.8208955223880597,0.875,0.8169014084507042,0.8727272727272727,0.6666666666666666,0.8181818181818182,0.8333333333333334,17,72.0,69.0,0.2361111111111111,0.0,18,0.0,76.0,4.222222222222222,6.5,88.29999999999998,4.905555555555555,0.124054462934947,L (-4),L (-4)
3.0,3.0,2022-10-22,23-277,TOR,MIA,1,38.91666666666666,7.0,18.0,.389,5.0,12.0,.417,4,6.0,.667,0.0,1.0,1.0,2.0,2.0,1.0,1.0,3.0,23.0,14.6,-6,6.0,2.0,0.3333333333333333,61,46,24,54,15,6,35,3,15,40,55,7,58,48,6,63,45,76.0,58.0,31.0,69.0,25.0,9.0,42.0,5.0,20.0,53.0,67.0,8.0,71.0,55.0,9.0,77.0,54.0,0.8026315789473685,0.7931034482758621,0.7741935483870968,0.782608695652174,0.6,0.6666666666666666,0.8333333333333334,0.6,0.75,0.7547169811320755,0.8208955223880597,0.875,0.8169014084507042,0.8727272727272727,0.6666666666666666,0.8181818181818182,0.8333333333333334,17,72.0,69.0,0.2361111111111111,0.0,18,4.0,75.0,4.166666666666667,13.0,80.8,4.488888888888889,0.124054462934947,L (-3),L (-3)
4.0,4.0,2022-10-24,23-279,TOR,MIA,1,42.21666666666667,7.0,19.0,.368,4.0,12.0,.333,0,0.0,,1.0,0.0,1.0,2.0,1.0,0.0,1.0,1.0,18.0,9.2,+5,7.0,3.0,0.4285714285714285,61,46,24,54,15,6,35,3,15,40,55,7,58,48,6,63,45,76.0,58.0,31.0,69.0,25.0,9.0,42.0,5.0,20.0,53.0,67.0,8.0,71.0,55.0,9.0,77.0,54.0,0.8026315789473685,0.7931034482758621,0.7741935483870968,0.782608695652174,0.6,0.6666666666666666,0.8333333333333334,0.6,0.75,0.7547169811320755,0.8208955223880597,0.875,0.8169014084507042,0.8727272727272727,0.6666666666666666,0.8181818181818182,0.8333333333333334,17,72.0,69.0,0.2361111111111111,0.0,18,2.0,83.0,4.611111111111111,9.2,74.2,4.122222222222223,0.124054462934947,W (+8),W (+8)
5.0,5.0,2022-10-26,23-281,TOR,PHI,1,35.45,11.0,16.0,.688,5.0,10.0,.500,0,0.0,,0.0,0.0,0.0,0.0,2.0,0.0,2.0,1.0,27.0,19.8,+2,6.0,6.0,1.0,61,46,24,54,15,6,35,3,15,40,55,7,58,48,6,63,45,76.0,58.0,31.0,69.0,25.0,9.0,42.0,5.0,20.0,53.0,67.0,8.0,71.0,55.0,9.0,77.0,54.0,0.8026315789473685,0.7931034482758621,0.7741935483870968,0.782608695652174,0.6,0.6666666666666666,0.8333333333333334,0.6,0.75,0.7547169811320755,0.8208955223880597,0.875,0.8169014084507042,0.8727272727272727,0.6666666666666666,0.8181818181818182,0.8333333333333334,17,72.0,69.0,0.2361111111111111,0.0,18,11.0,105.0,5.833333333333333,19.8,97.6,5.422222222222222,0.124054462934947,W (+10),W (+10)
6.0,6.0,2022-10-28,23-283,TOR,PHI,1,32.95,6.0,15.0,.400,2.0,7.0,.286,0,0.0,,1.0,3.0,4.0,3.0,1.0,0.0,2.0,0.0,14.0,8.6,-25,8.0,4.0,0.5,61,46,24,54,15,6,35,3,15,40,55,7,58,48,6,63,45,76.0,58.0,31.0,69.0,25.0,9.0,42.0,5.0,20.0,53.0,67.0,8.0,71.0,55.0,9.0,77.0,54.0,0.8026315789473685,0.7931034482758621,0.7741935483870968,0.782608695652174,0.6,0.6666666666666666,0.8333333333333334,0.6,0.75,0.7547169811320755,0.8208955223880597,0.875,0.8169014084507042,0.8727272727272727,0.6666666666666666,0.8181818181818182,0.8333333333333334,17,72.0,69.0,0.2361111111111111,0.0,18,5.0,67.0,3.7222222222222223,8.599999999999994,68.39999999999999,3.8,0.124054462934947,L (-22),L (-22)
7.0,7.0,2022-10-31,23-286,TOR,ATL,1,36.81666666666667,7.0,16.0,.438,2.0,6.0,.333,5,6.0,.833,1.0,1.0,2.0,2.0,1.0,0.0,0.0,0.0,21.0,15.6,+28,10.0,5.0,0.5,61,46,24,54,15,6,35,3,15,40,55,7,58,48,6,63,45,76.0,58.0,31.0,69.0,25.0,9.0,42.0,5.0,20.0,53.0,67.0,8.0,71.0,55.0,9.0,77.0,54.0,0.8026315789473685,0.7931034482758621,0.7741935483870968,0.782608695652174,0.6,0.6666666666666666,0.8333333333333334,0.6,0.75,0.7547169811320755,0.8208955223880597,0.875,0.8169014084507042,0.8727272727272727,0.6666666666666666,0.8181818181818182,0.8333333333333334,17,72.0,69.0,0.2361111111111111,0.0,18,4.0,107.0,5.944444444444445,13.6,110.7,6.15,0.124054462934947,W (+30),W (+30)
8.0,8.0,2022-11-02,23-288,TOR,SAS,1,26.2,9.0,17.0,.529,2.0,6.0,.333,4,4.0,1.000,2.0,1.0,3.0,2.0,2.0,0.0,0.0,2.0,24.0,20.0,+35,11.0,7.0,0.6363636363636364,61,46,24,54,15,6,35,3,15,40,55,7,58,48,6,63,45,76.0,58.0,31.0,69.0,25.0,9.0,42.0,5.0,20.0,53.0,67.0,8.0,71.0,55.0,9.0,77.0,54.0,0.8026315789473685,0.7931034482758621,0.7741935483870968,0.782608695652174,0.6,0.6666666666666666,0.8333333333333334,0.6,0.75,0.7547169811320755,0.8208955223880597,0.875,0.8169014084507042,0.8727272727272727,0.6666666666666666,0.8181818181818182,0.8333333333333334,17,72.0,69.0,0.2361111111111111,0.0,18,10.0,113.0,6.277777777777778,18.4,111.7,6.205555555555556,0.124054462934947,W (+43),W (+43)
9.0,9.0,2022-11-04,23-290,TOR,DAL,1,36.46666666666667,3.0,12.0,.250,1.0,7.0,.143,5,6.0,.833,0.0,0.0,0.0,0.0,1.0,0.0,2.0,2.0,12.0,2.6,-7,5.0,2.0,0.4,61,46,24,54,15,6,35,3,15,40,55,7,58,48,6,63,45,76.0,58.0,31.0,69.0,25.0,9.0,42.0,5.0,20.0,53.0,67.0,8.0,71.0,55.0,9.0,77.0,54.0,0.8026315789473685,0.7931034482758621,0.7741935483870968,0.782608695652174,0.6,0.6666666666666666,0.8333333333333334,0.6,0.75,0.7547169811320755,0.8208955223880597,0.875,0.8169014084507042,0.8727272727272727,0.6666666666666666,0.8181818181818182,0.8333333333333334,17,72.0,69.0,0.2361111111111111,0.0,18,-7.0,71.0,3.9444444444444446,0.6000000000000005,78.80000000000001,4.377777777777778,0.124054462934947,L (-1),L (-1)
10.0,10.0,2022-11-06,23-292,TOR,CHI,1,20.566666666666663,4.0,11.0,.364,1.0,5.0,.200,3,5.0,.600,1.0,2.0,3.0,0.0,1.0,0.0,0.0,0.0,12.0,7.4,-25,6.0,3.0,0.5,61,46,24,54,15,6,35,3,15,40,55,7,58,48,6,63,45,76.0,58.0,31.0,69.0,25.0,9.0,42.0,5.0,20.0,53.0,67.0,8.0,71.0,55.0,9.0,77.0,54.0,0.8026315789473685,0.7931034482758621,0.7741935483870968,0.782608695652174,0.6,0.6666666666666666,0.8333333333333334,0.6,0.75,0.7547169811320755,0.8208955223880597,0.875,0.8169014084507042,0.8727272727272727,0.6666666666666666,0.8181818181818182,0.8333333333333334,17,72.0,69.0,0.2361111111111111,0.0,18,0.0,92.0,5.111111111111111,6.199999999999999,102.8,5.711111111111111,0.124054462934947,W (+9),W (+9)
11.0,11.0,2022-11-07,23-293,TOR,CHI,1,32.68333333333333,7.0,12.0,.583,2.0,4.0,.500,3,3.0,1.000,0.0,3.0,3.0,4.0,3.0,1.0,2.0,2.0,19.0,18.0,-2,8.0,5.0,0.625,61,46,24,54,15,6,35,3,15,40,55,7,58,48,6,63,45,76.0,58.0,31.0,69.0,25.0,9.0,42.0,5.0,20.0,53.0,67.0,8.0,71.0,55.0,9.0,77.0,54.0,0.8026315789473685,0.7931034482758621,0.7741935483870968,0.782608695652174,0.6,0.6666666666666666,0.8333333333333334,0.6,0.75,0.7547169811320755,0.8208955223880597,0.875,0.8169014084507042,0.8727272727272727,0.6666666666666666,0.8181818181818182,0.8333333333333334,17,72.0,69.0,0.2361111111111111,0.0,18,13.0,58.0,3.2222222222222223,16.8,58.3,3.238888888888889,0.124054462934947,L (-14),L (-14)
12.0,12.0,2022-11-09,23-295,TOR,HOU,1,29.65,4.0,8.0,.500,1.0,4.0,.250,2,2.0,1.000,0.0,1.0,1.0,4.0,1.0,0.0,2.0,4.0,11.0,7.5,+2,4.0,3.0,0.75,61,46,24,54,15,6,35,3,15,40,55,7,58,48,6,63,45,76.0,58.0,31.0,69.0,25.0,9.0,42.0,5.0,20.0,53.0,67.0,8.0,71.0,55.0,9.0,77.0,54.0,0.8026315789473685,0.7931034482758621,0.7741935483870968,0.782608695652174,0.6,0.6666666666666666,0.8333333333333334,0.6,0.75,0.7547169811320755,0.8208955223880597,0.875,0.8169014084507042,0.8727272727272727,0.6666666666666666,0.8181818181818182,0.8333333333333334,17,72.0,69.0,0.2361111111111111,0.0,18,5.0,94.0,5.222222222222222,6.699999999999999,102.0,5.666666666666667,0.124054462934947,W (+7),W (+7)
13.0,13.0,2022-11-11,23-297,TOR,OKC,1,23.53333333333333,4.0,10.0,.400,0.0,2.0,.000,4,5.0,.800,1.0,1.0,2.0,1.0,1.0,0.0,0.0,1.0,12.0,8.5,-8,8.0,4.0,0.5,61,46,24,54,15,6,35,3,15,40,55,7,58,48,6,63,45,76.0,58.0,31.0,69.0,25.0,9.0,42.0,5.0,20.0,53.0,67.0,8.0,71.0,55.0,9.0,77.0,54.0,0.8026315789473685,0.7931034482758621,0.7741935483870968,0.782608695652174,0.6,0.6666666666666666,0.8333333333333334,0.6,0.75,0.7547169811320755,0.8208955223880597,0.875,0.8169014084507042,0.8727272727272727,0.6666666666666666,0.8181818181818182,0.8333333333333334,17,72.0,69.0,0.2361111111111111,0.0,18,1.0,67.0,3.7222222222222223,6.9,84.80000000000001,4.711111111111112,0.124054462934947,L (-19),L (-19)
14.0,14.0,2022-11-12,23-298,TOR,IND,1,19.5,1.0,13.0,.077,0.0,5.0,.000,4,6.0,.667,0.0,1.0,1.0,0.0,1.0,1.0,1.0,1.0,6.0,-2.9,-17,8.0,1.0,0.125,61,46,24,54,15,6,35,3,15,40,55,7,58,48,6,63,45,76.0,58.0,31.0,69.0,25.0,9.0,42.0,5.0,20.0,53.0,67.0,8.0,71.0,55.0,9.0,77.0,54.0,0.8026315789473685,0.7931034482758621,0.7741935483870968,0.782608695652174,0.6,0.6666666666666666,0.8333333333333334,0.6,0.75,0.7547169811320755,0.8208955223880597,0.875,0.8169014084507042,0.8727272727272727,0.6666666666666666,0.8181818181818182,0.8333333333333334,17,72.0,69.0,0.2361111111111111,0.0,18,-11.0,67.0,3.7222222222222223,-4.5,77.19999999999997,4.288888888888888,0.124054462934947,L (-14),L (-14)
15.0,,2022-11-14,23-300,TOR,DET,Did Not Play,0.0,0.0,0.0,Did Not Play,,,Did Not Play,Did Not Play,0.0,Did Not Play,0.0,0.0,,0.0,0.0,0.0,0.0,0.0,0.0,Did Not Play,Did Not Play,,,,61,46,24,54,15,6,35,3,15,40,55,7,58,48,6,63,45,76.0,58.0,31.0,69.0,25.0,9.0,42.0,5.0,20.0,53.0,67.0,8.0,71.0,55.0,9.0,77.0,54.0,0.8026315789473685,0.7931034482758621,0.7741935483870968,0.782608695652174,0.6,0.6666666666666666,0.8333333333333334,0.6,0.75,0.7547169811320755,0.8208955223880597,0.875,0.8169014084507042,0.8727272727272727,0.6666666666666666,0.8181818181818182,0.8333333333333334,17,72.0,69.0,0.2361111111111111,0.0,18,,115.0,6.388888888888889,0.0,108.9,6.050000000000001,0.124054462934947,W (+4),W (+4)
16.0,,2022-11-16,23-302,TOR,MIA,,0.0,0.0,0.0,,,,,,0.0,,0.0,0.0,,0.0,0.0,0.0,0.0,0.0,0.0,,,,,,61,46,24,54,15,6,35,3,15,40,55,7,58,48,6,63,45,76.0,58.0,31.0,69.0,25.0,9.0,42.0,5.0,20.0,53.0,67.0,8.0,71.0,55.0,9.0,77.0,54.0,0.8026315789473685,0.7931034482758621,0.7741935483870968,0.782608695652174,0.6,0.6666666666666666,0.8333333333333334,0.6,0.75,0.7547169811320755,0.8208955223880597,0.875,0.8169014084507042,0.8727272727272727,0.6666666666666666,0.8181818181818182,0.8333333333333334,17,72.0,69.0,0.2361111111111111,0.0,18,,81.0,4.5,0.0,86.9,4.827777777777778,0.124054462934947,W (+8),W (+8)
17.0,,2022-11-19,23-305,TOR,ATL,,0.0,0.0,0.0,,,,,,0.0,,0.0,0.0,,0.0,0.0,0.0,0.0,0.0,0.0,,,,,,61,46,24,54,15,6,35,3,15,40,55,7,58,48,6,63,45,76.0,58.0,31.0,69.0,25.0,9.0,42.0,5.0,20.0,53.0,67.0,8.0,71.0,55.0,9.0,77.0,54.0,0.8026315789473685,0.7931034482758621,0.7741935483870968,0.782608695652174,0.6,0.6666666666666666,0.8333333333333334,0.6,0.75,0.7547169811320755,0.8208955223880597,0.875,0.8169014084507042,0.8727272727272727,0.6666666666666666,0.8181818181818182,0.8333333333333334,17,72.0,69.0,0.2361111111111111,0.0,18,,89.0,4.944444444444445,0.0,107.1,5.949999999999999,0.124054462934947,L (-2),L (-2)
18.0,15.0,2022-11-23,23-309,TOR,BRK,1,30.716666666666665,6.0,19.0,.316,1.0,8.0,.125,6,9.0,.667,1.0,0.0,1.0,3.0,3.0,0.0,3.0,1.0,19.0,9.3,-12,11.0,5.0,0.4545454545454545,61,46,24,54,15,6,35,3,15,40,55,7,58,48,6,63,45,76.0,58.0,31.0,69.0,25.0,9.0,42.0,5.0,20.0,53.0,67.0,8.0,71.0,55.0,9.0,77.0,54.0,0.8026315789473685,0.7931034482758621,0.7741935483870968,0.782608695652174,0.6,0.6666666666666666,0.8333333333333334,0.6,0.75,0.7547169811320755,0.8208955223880597,0.875,0.8169014084507042,0.8727272727272727,0.6666666666666666,0.8181818181818182,0.8333333333333334,17,72.0,69.0,0.2361111111111111,0.0,18,-5.0,42.0,2.333333333333333,6.899999999999997,53.8,2.988888888888889,0.124054462934947,L (-14),L (-14)
19.0,16.0,2022-11-26,23-312,TOR,DAL,1,27.433333333333334,3.0,12.0,.250,1.0,5.0,.200,2,2.0,1.000,0.0,4.0,4.0,3.0,4.0,0.0,1.0,1.0,9.0,7.7,+2,7.0,2.0,0.2857142857142857,61,46,24,54,15,6,35,3,15,40,55,7,58,48,6,63,45,76.0,58.0,31.0,69.0,25.0,9.0,42.0,5.0,20.0,53.0,67.0,8.0,71.0,55.0,9.0,77.0,54.0,0.8026315789473685,0.7931034482758621,0.7741935483870968,0.782608695652174,0.6,0.6666666666666666,0.8333333333333334,0.6,0.75,0.7547169811320755,0.8208955223880597,0.875,0.8169014084507042,0.8727272727272727,0.6666666666666666,0.8181818181818182,0.8333333333333334,17,72.0,69.0,0.2361111111111111,0.0,18,5.0,73.0,4.055555555555555,6.9,69.4,3.855555555555556,0.124054462934947,W (+5),W (+5)
20.0,17.0,2022-11-28,23-314,TOR,CLE,0,25.866666666666667,4.0,9.0,.444,2.0,5.0,.400,4,5.0,.800,2.0,5.0,7.0,1.0,1.0,0.0,3.0,4.0,14.0,8.9,+2,4.0,2.0,0.5,61,46,24,54,15,6,35,3,15,40,55,7,58,48,6,63,45,76.0,58.0,31.0,69.0,25.0,9.0,42.0,5.0,20.0,53.0,67.0,8.0,71.0,55.0,9.0,77.0,54.0,0.8026315789473685,0.7931034482758621,0.7741935483870968,0.782608695652174,0.6,0.6666666666666666,0.8333333333333334,0.6,0.75,0.7547169811320755,0.8208955223880597,0.875,0.8169014084507042,0.8727272727272727,0.6666666666666666,0.8181818181818182,0.8333333333333334,17,72.0,69.0,0.2361111111111111,0.0,18,6.0,76.0,4.222222222222222,7.299999999999999,73.7,4.094444444444445,0.124054462934947,W (+12),W (+12)
21.0,18.0,2022-11-30,23-316,TOR,NOP,0,33.45,12.0,20.0,.600,6.0,11.0,.545,5,7.0,.714,0.0,1.0,1.0,1.0,3.0,0.0,1.0,1.0,35.0,27.6,-15,9.0,6.0,0.6666666666666666,61,46,24,54,15,6,35,3,15,40,55,7,58,48,6,63,45,76.0,58.0,31.0,69.0,25.0,9.0,42.0,5.0,20.0,53.0,67.0,8.0,71.0,55.0,9.0,77.0,54.0,0.8026315789473685,0.7931034482758621,0.7741935483870968,0.782608695652174,0.6,0.6666666666666666,0.8333333333333334,0.6,0.75,0.7547169811320755,0.8208955223880597,0.875,0.8169014084507042,0.8727272727272727,0.6666666666666666,0.8181818181818182,0.8333333333333334,17,72.0,69.0,0.2361111111111111,0.0,18,12.0,77.0,4.277777777777778,25.6,64.69999999999999,3.594444444444444,0.124054462934947,,
22.0,19.0,2022-12-02,23-318,TOR,BRK,0,25.58333333333333,6.0,11.0,.545,2.0,6.0,.333,2,2.0,1.000,0.0,0.0,0.0,0.0,2.0,0.0,0.0,1.0,16.0,12.3,-1,5.0,4.0,0.8,61,46,24,54,15,6,35,3,15,40,55,7,58,48,6,63,45,76.0,58.0,31.0,69.0,25.0,9.0,42.0,5.0,20.0,53.0,67.0,8.0,71.0,55.0,9.0,77.0,54.0,0.8026315789473685,0.7931034482758621,0.7741935483870968,0.782608695652174,0.6,0.6666666666666666,0.8333333333333334,0.6,0.75,0.7547169811320755,0.8208955223880597,0.875,0.8169014084507042,0.8727272727272727,0.6666666666666666,0.8181818181818182,0.8333333333333334,17,72.0,69.0,0.2361111111111111,0.0,18,5.0,39.0,2.1666666666666665,11.499999999999998,50.400000000000006,2.8000000000000003,0.124054462934947,L (-18),L (-18)
23.0,20.0,2022-12-03,23-319,TOR,ORL,0,28.266666666666666,2.0,10.0,.200,1.0,7.0,.143,0,0.0,,0.0,1.0,1.0,3.0,0.0,0.0,1.0,2.0,5.0,-0.6,-12,3.0,1.0,0.3333333333333333,61,46,24,54,15,6,35,3,15,40,55,7,58,48,6,63,45,76.0,58.0,31.0,69.0,25.0,9.0,42.0,5.0,20.0,53.0,67.0,8.0,71.0,55.0,9.0,77.0,54.0,0.8026315789473685,0.7931034482758621,0.7741935483870968,0.782608695652174,0.6,0.6666666666666666,0.8333333333333334,0.6,0.75,0.7547169811320755,0.8208955223880597,0.875,0.8169014084507042,0.8727272727272727,0.6666666666666666,0.8181818181818182,0.8333333333333334,17,72.0,69.0,0.2361111111111111,0.0,18,-2.0,88.0,4.888888888888889,-0.6000000000000008,98.5,5.472222222222222,0.124054462934947,L (-9),L (-9)
24.0,21.0,2022-12-05,23-321,TOR,BOS,0,26.433333333333334,7.0,10.0,.700,3.0,3.0,1.000,3,4.0,.750,0.0,1.0,1.0,1.0,2.0,0.0,0.0,1.0,20.0,18.0,+4,7.0,4.0,0.5714285714285714,61,46,24,54,15,6,35,3,15,40,55,7,58,48,6,63,45,76.0,58.0,31.0,69.0,25.0,9.0,42.0,5.0,20.0,53.0,67.0,8.0,71.0,55.0,9.0,77.0,54.0,0.8026315789473685,0.7931034482758621,0.7741935483870968,0.782608695652174,0.6,0.6666666666666666,0.8333333333333334,0.6,0.75,0.7547169811320755,0.8208955223880597,0.875,0.8169014084507042,0.8727272727272727,0.6666666666666666,0.8181818181818182,0.8333333333333334,17,72.0,69.0,0.2361111111111111,0.0,18,10.0,48.0,2.6666666666666665,16.8,57.7,3.205555555555556,0.124054462934947,W (+13),W (+13)
25.0,22.0,2022-12-07,23-323,TOR,LAL,0,33.43333333333333,6.0,15.0,.400,2.0,9.0,.222,4,5.0,.800,0.0,2.0,2.0,0.0,2.0,0.0,2.0,3.0,18.0,8.9,+16,6.0,4.0,0.6666666666666666,61,46,24,54,15,6,35,3,15,40,55,7,58,48,6,63,45,76.0,58.0,31.0,69.0,25.0,9.0,42.0,5.0,20.0,53.0,67.0,8.0,71.0,55.0,9.0,77.0,54.0,0.8026315789473685,0.7931034482758621,0.7741935483870968,0.782608695652174,0.6,0.6666666666666666,0.8333333333333334,0.6,0.75,0.7547169811320755,0.8208955223880597,0.875,0.8169014084507042,0.8727272727272727,0.6666666666666666,0.8181818181818182,0.8333333333333334,17,72.0,69.0,0.2361111111111111,0.0,18,0.0,85.0,4.722222222222222,7.300000000000001,86.9,4.827777777777778,0.124054462934947,L (-6),L (-6)
26.0,23.0,2022-12-09,23-325,TOR,ORL,0,35.43333333333333,8.0,16.0,.500,4.0,10.0,.400,0,0.0,,0.0,2.0,2.0,2.0,2.0,0.0,2.0,2.0,20.0,13.2,+9,6.0,4.0,0.6666666666666666,61,46,24,54,15,6,35,3,15,40,55,7,58,48,6,63,45,76.0,58.0,31.0,69.0,25.0,9.0,42.0,5.0,20.0,53.0,67.0,8.0,71.0,55.0,9.0,77.0,54.0,0.8026315789473685,0.7931034482758621,0.7741935483870968,0.782608695652174,0.6,0.6666666666666666,0.8333333333333334,0.6,0.75,0.7547169811320755,0.8208955223880597,0.875,0.8169014084507042,0.8727272727272727,0.6666666666666666,0.8181818181818182,0.8333333333333334,17,72.0,69.0,0.2361111111111111,0.0,18,8.0,62.0,3.4444444444444446,13.2,64.80000000000001,3.6000000000000005,0.124054462934947,W (+13),W (+13)
27.0,24.0,2022-12-11,23-327,TOR,ORL,1,43.5,8.0,18.0,.444,3.0,8.0,.375,5,6.0,.833,0.0,3.0,3.0,1.0,1.0,0.0,1.0,1.0,24.0,15.4,-5,10.0,5.0,0.5,61,46,24,54,15,6,35,3,15,40,55,7,58,48,6,63,45,76.0,58.0,31.0,69.0,25.0,9.0,42.0,5.0,20.0,53.0,67.0,8.0,71.0,55.0,9.0,77.0,54.0,0.8026315789473685,0.7931034482758621,0.7741935483870968,0.782608695652174,0.6,0.6666666666666666,0.8333333333333334,0.6,0.75,0.7547169811320755,0.8208955223880597,0.875,0.8169014084507042,0.8727272727272727,0.6666666666666666,0.8181818181818182,0.8333333333333334,17,72.0,69.0,0.2361111111111111,0.0,18,4.0,32.0,1.7777777777777777,13.399999999999997,42.7,2.3722222222222222,0.124054462934947,L (-4),L (-4)
28.0,25.0,2022-12-14,23-330,TOR,SAC,1,24.9,5.0,9.0,.556,1.0,3.0,.333,0,0.0,,0.0,1.0,1.0,1.0,0.0,0.0,0.0,3.0,11.0,6.5,-4,6.0,4.0,0.6666666666666666,61,46,24,54,15,6,35,3,15,40,55,7,58,48,6,63,45,76.0,58.0,31.0,69.0,25.0,9.0,42.0,5.0,20.0,53.0,67.0,8.0,71.0,55.0,9.0,77.0,54.0,0.8026315789473685,0.7931034482758621,0.7741935483870968,0.782608695652174,0.6,0.6666666666666666,0.8333333333333334,0.6,0.75,0.7547169811320755,0.8208955223880597,0.875,0.8169014084507042,0.8727272727272727,0.6666666666666666,0.8181818181818182,0.8333333333333334,17,72.0,69.0,0.2361111111111111,0.0,18,4.0,74.0,4.111111111111111,6.5,88.0,4.888888888888889,0.124054462934947,L (-12),L (-12)
29.0,,2022-12-16,23-332,TOR,BRK,,0.0,0.0,0.0,,,,,,0.0,,0.0,0.0,,0.0,0.0,0.0,0.0,0.0,0.0,,,,,,61,46,24,54,15,6,35,3,15,40,55,7,58,48,6,63,45,76.0,58.0,31.0,69.0,25.0,9.0,42.0,5.0,20.0,53.0,67.0,8.0,71.0,55.0,9.0,77.0,54.0,0.8026315789473685,0.7931034482758621,0.7741935483870968,0.782608695652174,0.6,0.6666666666666666,0.8333333333333334,0.6,0.75,0.7547169811320755,0.8208955223880597,0.875,0.8169014084507042,0.8727272727272727,0.6666666666666666,0.8181818181818182,0.8333333333333334,17,72.0,69.0,0.2361111111111111,0.0,18,,61.0,3.388888888888889,0.0,82.30000000000001,4.572222222222223,0.124054462934947,L (-1),L (-1)
30.0,,2022-12-18,23-334,TOR,GSW,,0.0,0.0,0.0,,,,,,0.0,,0.0,0.0,,0.0,0.0,0.0,0.0,0.0,0.0,,,,,,61,46,24,54,15,6,35,3,15,40,55,7,58,48,6,63,45,76.0,58.0,31.0,69.0,25.0,9.0,42.0,5.0,20.0,53.0,67.0,8.0,71.0,55.0,9.0,77.0,54.0,0.8026315789473685,0.7931034482758621,0.7741935483870968,0.782608695652174,0.6,0.6666666666666666,0.8333333333333334,0.6,0.75,0.7547169811320755,0.8208955223880597,0.875,0.8169014084507042,0.8727272727272727,0.6666666666666666,0.8181818181818182,0.8333333333333334,17,72.0,69.0,0.2361111111111111,0.0,18,,65.0,3.611111111111111,0.0,78.1,4.338888888888889,0.124054462934947,L (-3),L (-3)
31.0,,2022-12-19,23-335,TOR,PHI,,0.0,0.0,0.0,,,,,,0.0,,0.0,0.0,,0.0,0.0,0.0,0.0,0.0,0.0,,,,,,61,46,24,54,15,6,35,3,15,40,55,7,58,48,6,63,45,76.0,58.0,31.0,69.0,25.0,9.0,42.0,5.0,20.0,53.0,67.0,8.0,71.0,55.0,9.0,77.0,54.0,0.8026315789473685,0.7931034482758621,0.7741935483870968,0.782608695652174,0.6,0.6666666666666666,0.8333333333333334,0.6,0.75,0.7547169811320755,0.8208955223880597,0.875,0.8169014084507042,0.8727272727272727,0.6666666666666666,0.8181818181818182,0.8333333333333334,17,72.0,69.0,0.2361111111111111,0.0,18,,65.0,3.611111111111111,0.0,72.9,4.050000000000001,0.124054462934947,L (-16),L (-16)
32.0,,2022-12-21,23-337,TOR,NYK,,0.0,0.0,0.0,,,,,,0.0,,0.0,0.0,,0.0,0.0,0.0,0.0,0.0,0.0,,,,,,61,46,24,54,15,6,35,3,15,40,55,7,58,48,6,63,45,76.0,58.0,31.0,69.0,25.0,9.0,42.0,5.0,20.0,53.0,67.0,8.0,71.0,55.0,9.0,77.0,54.0,0.8026315789473685,0.7931034482758621,0.7741935483870968,0.782608695652174,0.6,0.6666666666666666,0.8333333333333334,0.6,0.75,0.7547169811320755,0.8208955223880597,0.875,0.8169014084507042,0.8727272727272727,0.6666666666666666,0.8181818181818182,0.8333333333333334,17,72.0,69.0,0.2361111111111111,0.0,18,,68.0,3.7777777777777777,0.0,88.80000000000001,4.933333333333334,0.124054462934947,L (-3),L (-3)
33.0,26.0,2022-12-23,23-339,TOR,CLE,0,19.55,3.0,6.0,.500,2.0,4.0,.500,0,0.0,,0.0,3.0,3.0,1.0,2.0,0.0,2.0,2.0,8.0,5.8,-2,2.0,1.0,0.5,61,46,24,54,15,6,35,3,15,40,55,7,58,48,6,63,45,76.0,58.0,31.0,69.0,25.0,9.0,42.0,5.0,20.0,53.0,67.0,8.0,71.0,55.0,9.0,77.0,54.0,0.8026315789473685,0.7931034482758621,0.7741935483870968,0.782608695652174,0.6,0.6666666666666666,0.8333333333333334,0.6,0.75,0.7547169811320755,0.8208955223880597,0.875,0.8169014084507042,0.8727272727272727,0.6666666666666666,0.8181818181818182,0.8333333333333334,17,72.0,69.0,0.2361111111111111,0.0,18,6.0,101.0,5.611111111111111,5.8,103.9,5.772222222222222,0.124054462934947,W (+7),W (+7)
34.0,27.0,2022-12-27,23-343,TOR,LAC,0,30.25,8.0,16.0,.500,2.0,4.0,.500,2,2.0,1.000,0.0,1.0,1.0,1.0,1.0,1.0,1.0,2.0,20.0,12.9,-14,12.0,6.0,0.5,61,46,24,54,15,6,35,3,15,40,55,7,58,48,6,63,45,76.0,58.0,31.0,69.0,25.0,9.0,42.0,5.0,20.0,53.0,67.0,8.0,71.0,55.0,9.0,77.0,54.0,0.8026315789473685,0.7931034482758621,0.7741935483870968,0.782608695652174,0.6,0.6666666666666666,0.8333333333333334,0.6,0.75,0.7547169811320755,0.8208955223880597,0.875,0.8169014084507042,0.8727272727272727,0.6666666666666666,0.8181818181818182,0.8333333333333334,17,72.0,69.0,0.2361111111111111,0.0,18,5.0,69.0,3.8333333333333335,12.099999999999998,78.8,4.377777777777777,0.124054462934947,W (+11),W (+11)
35.0,28.0,2022-12-29,23-345,TOR,MEM,0,31.75,7.0,13.0,.538,5.0,7.0,.714,1,2.0,.500,0.0,2.0,2.0,2.0,2.0,0.0,0.0,1.0,20.0,16.9,-9,6.0,2.0,0.3333333333333333,61,46,24,54,15,6,35,3,15,40,55,7,58,48,6,63,45,76.0,58.0,31.0,69.0,25.0,9.0,42.0,5.0,20.0,53.0,67.0,8.0,71.0,55.0,9.0,77.0,54.0,0.8026315789473685,0.7931034482758621,0.7741935483870968,0.782608695652174,0.6,0.6666666666666666,0.8333333333333334,0.6,0.75,0.7547169811320755,0.8208955223880597,0.875,0.8169014084507042,0.8727272727272727,0.6666666666666666,0.8181818181818182,0.8333333333333334,17,72.0,69.0,0.2361111111111111,0.0,18,11.0,66.0,3.6666666666666665,16.500000000000004,72.9,4.050000000000001,0.124054462934947,L (-11),L (-11)
36.0,29.0,2022-12-30,23-346,TOR,PHO,1,39.41666666666666,11.0,22.0,.500,4.0,11.0,.364,9,9.0,1.000,0.0,5.0,5.0,2.0,3.0,1.0,2.0,2.0,35.0,27.8,+18,11.0,7.0,0.6363636363636364,61,46,24,54,15,6,35,3,15,40,55,7,58,48,6,63,45,76.0,58.0,31.0,69.0,25.0,9.0,42.0,5.0,20.0,53.0,67.0,8.0,71.0,55.0,9.0,77.0,54.0,0.8026315789473685,0.7931034482758621,0.7741935483870968,0.782608695652174,0.6,0.6666666666666666,0.8333333333333334,0.6,0.75,0.7547169811320755,0.8208955223880597,0.875,0.8169014084507042,0.8727272727272727,0.6666666666666666,0.8181818181818182,0.8333333333333334,17,72.0,69.0,0.2361111111111111,0.0,18,13.0,71.0,3.9444444444444446,24.2,80.8,4.488888888888889,0.124054462934947,L (-13),L (-13)
37.0,30.0,2023-01-02,23-349,TOR,IND,1,40.41666666666666,11.0,18.0,.611,5.0,10.0,.500,5,6.0,.833,1.0,4.0,5.0,3.0,2.0,0.0,1.0,5.0,32.0,26.4,+1,8.0,6.0,0.75,61,46,24,54,15,6,35,3,15,40,55,7,58,48,6,63,45,76.0,58.0,31.0,69.0,25.0,9.0,42.0,5.0,20.0,53.0,67.0,8.0,71.0,55.0,9.0,77.0,54.0,0.8026315789473685,0.7931034482758621,0.7741935483870968,0.782608695652174,0.6,0.6666666666666666,0.8333333333333334,0.6,0.75,0.7547169811320755,0.8208955223880597,0.875,0.8169014084507042,0.8727272727272727,0.6666666666666666,0.8181818181818182,0.8333333333333334,17,72.0,69.0,0.2361111111111111,0.0,18,17.0,62.0,3.4444444444444446,24.40000000000001,65.80000000000001,3.655555555555556,0.124054462934947,W (+9),W (+9)
38.0,31.0,2023-01-04,23-351,TOR,MIL,1,45.38333333333333,8.0,23.0,.348,3.0,12.0,.250,3,3.0,1.000,1.0,4.0,5.0,3.0,2.0,0.0,0.0,2.0,22.0,14.3,+1,11.0,5.0,0.4545454545454545,61,46,24,54,15,6,35,3,15,40,55,7,58,48,6,63,45,76.0,58.0,31.0,69.0,25.0,9.0,42.0,5.0,20.0,53.0,67.0,8.0,71.0,55.0,9.0,77.0,54.0,0.8026315789473685,0.7931034482758621,0.7741935483870968,0.782608695652174,0.6,0.6666666666666666,0.8333333333333334,0.6,0.75,0.7547169811320755,0.8208955223880597,0.875,0.8169014084507042,0.8727272727272727,0.6666666666666666,0.8181818181818182,0.8333333333333334,17,72.0,69.0,0.2361111111111111,0.0,18,6.0,45.0,2.5,13.099999999999998,51.69999999999999,2.872222222222222,0.124054462934947,L (-8),L (-8)
39.0,32.0,2023-01-06,23-353,TOR,NYK,1,41.91666666666666,8.0,16.0,.500,4.0,8.0,.500,7,8.0,.875,0.0,2.0,2.0,1.0,1.0,0.0,0.0,3.0,27.0,19.7,+1,8.0,4.0,0.5,61,46,24,54,15,6,35,3,15,40,55,7,58,48,6,63,45,76.0,58.0,31.0,69.0,25.0,9.0,42.0,5.0,20.0,53.0,67.0,8.0,71.0,55.0,9.0,77.0,54.0,0.8026315789473685,0.7931034482758621,0.7741935483870968,0.782608695652174,0.6,0.6666666666666666,0.8333333333333334,0.6,0.75,0.7547169811320755,0.8208955223880597,0.875,0.8169014084507042,0.8727272727272727,0.6666666666666666,0.8181818181818182,0.8333333333333334,17,72.0,69.0,0.2361111111111111,0.0,18,7.0,84.0,4.666666666666667,16.900000000000002,79.0,4.388888888888889,0.124054462934947,L (-3),L (-3)
40.0,33.0,2023-01-08,23-355,TOR,POR,1,36.31666666666667,6.0,16.0,.375,2.0,4.0,.500,5,6.0,.833,1.0,3.0,4.0,1.0,2.0,1.0,2.0,2.0,19.0,12.0,+3,12.0,4.0,0.3333333333333333,61,46,24,54,15,6,35,3,15,40,55,7,58,48,6,63,45,76.0,58.0,31.0,69.0,25.0,9.0,42.0,5.0,20.0,53.0,67.0,8.0,71.0,55.0,9.0,77.0,54.0,0.8026315789473685,0.7931034482758621,0.7741935483870968,0.782608695652174,0.6,0.6666666666666666,0.8333333333333334,0.6,0.75,0.7547169811320755,0.8208955223880597,0.875,0.8169014084507042,0.8727272727272727,0.6666666666666666,0.8181818181818182,0.8333333333333334,17,72.0,69.0,0.2361111111111111,0.0,18,3.0,71.0,3.9444444444444446,9.999999999999996,79.80000000000001,4.433333333333334,0.124054462934947,L (-4),L (-4)
41.0,34.0,2023-01-10,23-357,TOR,CHO,1,31.15,6.0,14.0,.429,4.0,10.0,.400,8,8.0,1.000,1.0,1.0,2.0,1.0,2.0,1.0,1.0,3.0,24.0,18.8,+12,4.0,2.0,0.5,61,46,24,54,15,6,35,3,15,40,55,7,58,48,6,63,45,76.0,58.0,31.0,69.0,25.0,9.0,42.0,5.0,20.0,53.0,67.0,8.0,71.0,55.0,9.0,77.0,54.0,0.8026315789473685,0.7931034482758621,0.7741935483870968,0.782608695652174,0.6,0.6666666666666666,0.8333333333333334,0.6,0.75,0.7547169811320755,0.8208955223880597,0.875,0.8169014084507042,0.8727272727272727,0.6666666666666666,0.8181818181818182,0.8333333333333334,17,72.0,69.0,0.2361111111111111,0.0,18,7.0,96.0,5.333333333333333,15.6,103.5,5.75,0.124054462934947,W (+12),W (+12)
42.0,35.0,2023-01-12,23-359,TOR,CHO,1,35.9,6.0,19.0,.316,2.0,11.0,.182,5,5.0,1.000,0.0,2.0,2.0,1.0,2.0,0.0,0.0,0.0,19.0,11.4,+6,8.0,4.0,0.5,61,46,24,54,15,6,35,3,15,40,55,7,58,48,6,63,45,76.0,58.0,31.0,69.0,25.0,9.0,42.0,5.0,20.0,53.0,67.0,8.0,71.0,55.0,9.0,77.0,54.0,0.8026315789473685,0.7931034482758621,0.7741935483870968,0.782608695652174,0.6,0.6666666666666666,0.8333333333333334,0.6,0.75,0.7547169811320755,0.8208955223880597,0.875,0.8169014084507042,0.8727272727272727,0.6666666666666666,0.8181818181818182,0.8333333333333334,17,72.0,69.0,0.2361111111111111,0.0,18,0.0,99.0,5.5,9.4,110.1,6.116666666666666,0.124054462934947,,
43.0,36.0,2023-01-14,23-361,TOR,ATL,1,20.28333333333333,2.0,7.0,.286,0.0,2.0,.000,3,3.0,1.000,0.0,1.0,1.0,1.0,3.0,1.0,0.0,1.0,7.0,7.2,-17,5.0,2.0,0.4,61,46,24,54,15,6,35,3,15,40,55,7,58,48,6,63,45,76.0,58.0,31.0,69.0,25.0,9.0,42.0,5.0,20.0,53.0,67.0,8.0,71.0,55.0,9.0,77.0,54.0,0.8026315789473685,0.7931034482758621,0.7741935483870968,0.782608695652174,0.6,0.6666666666666666,0.8333333333333334,0.6,0.75,0.7547169811320755,0.8208955223880597,0.875,0.8169014084507042,0.8727272727272727,0.6666666666666666,0.8181818181818182,0.8333333333333334,17,72.0,69.0,0.2361111111111111,0.0,18,3.0,64.0,3.555555555555556,5.999999999999998,66.10000000000001,3.672222222222224,0.124054462934947,W (+12),W (+12)
44.0,37.0,2023-01-16,23-363,TOR,NYK,1,41.71666666666667,6.0,14.0,.429,4.0,8.0,.500,2,3.0,.667,0.0,5.0,5.0,2.0,1.0,1.0,0.0,2.0,18.0,14.0,+4,6.0,2.0,0.3333333333333333,61,46,24,54,15,6,35,3,15,40,55,7,58,48,6,63,45,76.0,58.0,31.0,69.0,25.0,9.0,42.0,5.0,20.0,53.0,67.0,8.0,71.0,55.0,9.0,77.0,54.0,0.8026315789473685,0.7931034482758621,0.7741935483870968,0.782608695652174,0.6,0.6666666666666666,0.8333333333333334,0.6,0.75,0.7547169811320755,0.8208955223880597,0.875,0.8169014084507042,0.8727272727272727,0.6666666666666666,0.8181818181818182,0.8333333333333334,17,72.0,69.0,0.2361111111111111,0.0,18,10.0,80.0,4.444444444444445,13.199999999999996,98.20000000000002,5.455555555555557,0.124054462934947,W (+10),W (+10)
45.0,38.0,2023-01-17,23-364,TOR,MIL,1,43.083333333333336,10.0,19.0,.526,4.0,9.0,.444,4,4.0,1.000,0.0,3.0,3.0,2.0,4.0,0.0,0.0,2.0,28.0,24.2,-5,10.0,6.0,0.6,61,46,24,54,15,6,35,3,15,40,55,7,58,48,6,63,45,76.0,58.0,31.0,69.0,25.0,9.0,42.0,5.0,20.0,53.0,67.0,8.0,71.0,55.0,9.0,77.0,54.0,0.8026315789473685,0.7931034482758621,0.7741935483870968,0.782608695652174,0.6,0.6666666666666666,0.8333333333333334,0.6,0.75,0.7547169811320755,0.8208955223880597,0.875,0.8169014084507042,0.8727272727272727,0.6666666666666666,0.8181818181818182,0.8333333333333334,17,72.0,69.0,0.2361111111111111,0.0,18,14.0,71.0,3.9444444444444446,22.6,80.5,4.472222222222222,0.124054462934947,L (-11),L (-11)
46.0,39.0,2023-01-19,24-001,TOR,MIN,1,36.43333333333333,6.0,15.0,.400,2.0,8.0,.250,4,5.0,.800,0.0,2.0,2.0,0.0,2.0,1.0,2.0,2.0,18.0,10.0,-12,7.0,4.0,0.5714285714285714,61,46,24,54,15,6,35,3,15,40,55,7,58,48,6,63,45,76.0,58.0,31.0,69.0,25.0,9.0,42.0,5.0,20.0,53.0,67.0,8.0,71.0,55.0,9.0,77.0,54.0,0.8026315789473685,0.7931034482758621,0.7741935483870968,0.782608695652174,0.6,0.6666666666666666,0.8333333333333334,0.6,0.75,0.7547169811320755,0.8208955223880597,0.875,0.8169014084507042,0.8727272727272727,0.6666666666666666,0.8181818181818182,0.8333333333333334,17,72.0,69.0,0.2361111111111111,0.0,18,1.0,79.0,4.388888888888889,8.399999999999999,88.4,4.911111111111111,0.124054462934947,W (+2),W (+2)
47.0,40.0,2023-01-21,24-003,TOR,BOS,1,38.2,9.0,17.0,.529,2.0,6.0,.333,2,3.0,.667,0.0,5.0,5.0,3.0,3.0,2.0,1.0,1.0,22.0,19.9,+7,11.0,7.0,0.6363636363636364,61,46,24,54,15,6,35,3,15,40,55,7,58,48,6,63,45,76.0,58.0,31.0,69.0,25.0,9.0,42.0,5.0,20.0,53.0,67.0,8.0,71.0,55.0,9.0,77.0,54.0,0.8026315789473685,0.7931034482758621,0.7741935483870968,0.782608695652174,0.6,0.6666666666666666,0.8333333333333334,0.6,0.75,0.7547169811320755,0.8208955223880597,0.875,0.8169014084507042,0.8727272727272727,0.6666666666666666,0.8181818181818182,0.8333333333333334,17,72.0,69.0,0.2361111111111111,0.0,18,14.0,83.0,4.611111111111111,19.100000000000005,79.0,4.388888888888889,0.124054462934947,L (-8),L (-8)
48.0,41.0,2023-01-22,24-004,TOR,NYK,1,35.483333333333334,9.0,17.0,.529,6.0,10.0,.600,0,0.0,,0.0,3.0,3.0,2.0,2.0,1.0,1.0,6.0,24.0,17.3,+12,7.0,3.0,0.4285714285714285,61,46,24,54,15,6,35,3,15,40,55,7,58,48,6,63,45,76.0,58.0,31.0,69.0,25.0,9.0,42.0,5.0,20.0,53.0,67.0,8.0,71.0,55.0,9.0,77.0,54.0,0.8026315789473685,0.7931034482758621,0.7741935483870968,0.782608695652174,0.6,0.6666666666666666,0.8333333333333334,0.6,0.75,0.7547169811320755,0.8208955223880597,0.875,0.8169014084507042,0.8727272727272727,0.6666666666666666,0.8181818181818182,0.8333333333333334,17,72.0,69.0,0.2361111111111111,0.0,18,14.0,73.0,4.055555555555555,17.300000000000004,89.2,4.955555555555556,0.124054462934947,L (-2),L (-2)
49.0,42.0,2023-01-25,24-007,TOR,SAC,1,36.16666666666666,7.0,15.0,.467,2.0,6.0,.333,0,0.0,,1.0,4.0,5.0,3.0,1.0,0.0,1.0,3.0,16.0,11.1,+13,9.0,5.0,0.5555555555555556,61,46,24,54,15,6,35,3,15,40,55,7,58,48,6,63,45,76.0,58.0,31.0,69.0,25.0,9.0,42.0,5.0,20.0,53.0,67.0,8.0,71.0,55.0,9.0,77.0,54.0,0.8026315789473685,0.7931034482758621,0.7741935483870968,0.782608695652174,0.6,0.6666666666666666,0.8333333333333334,0.6,0.75,0.7547169811320755,0.8208955223880597,0.875,0.8169014084507042,0.8727272727272727,0.6666666666666666,0.8181818181818182,0.8333333333333334,17,72.0,69.0,0.2361111111111111,0.0,18,9.0,86.0,4.777777777777778,11.099999999999998,94.3,5.238888888888889,0.124054462934947,L (-2),L (-2)
50.0,43.0,2023-01-27,24-009,TOR,GSW,1,36.71666666666667,7.0,14.0,.500,3.0,7.0,.429,0,0.0,,1.0,3.0,4.0,2.0,0.0,0.0,0.0,0.0,17.0,13.0,-14,7.0,4.0,0.5714285714285714,61,46,24,54,15,6,35,3,15,40,55,7,58,48,6,63,45,76.0,58.0,31.0,69.0,25.0,9.0,42.0,5.0,20.0,53.0,67.0,8.0,71.0,55.0,9.0,77.0,54.0,0.8026315789473685,0.7931034482758621,0.7741935483870968,0.782608695652174,0.6,0.6666666666666666,0.8333333333333334,0.6,0.75,0.7547169811320755,0.8208955223880597,0.875,0.8169014084507042,0.8727272727272727,0.6666666666666666,0.8181818181818182,0.8333333333333334,17,72.0,69.0,0.2361111111111111,0.0,18,9.0,73.0,4.055555555555555,12.999999999999998,81.1,4.505555555555556,0.124054462934947,W (+9),W (+9)
51.0,44.0,2023-01-28,24-010,TOR,POR,1,35.65,7.0,16.0,.438,4.0,10.0,.400,1,1.0,1.000,0.0,1.0,1.0,1.0,0.0,0.0,0.0,1.0,19.0,11.2,+18,6.0,3.0,0.5,61,46,24,54,15,6,35,3,15,40,55,7,58,48,6,63,45,76.0,58.0,31.0,69.0,25.0,9.0,42.0,5.0,20.0,53.0,67.0,8.0,71.0,55.0,9.0,77.0,54.0,0.8026315789473685,0.7931034482758621,0.7741935483870968,0.782608695652174,0.6,0.6666666666666666,0.8333333333333334,0.6,0.75,0.7547169811320755,0.8208955223880597,0.875,0.8169014084507042,0.8727272727272727,0.6666666666666666,0.8181818181818182,0.8333333333333334,17,72.0,69.0,0.2361111111111111,0.0,18,4.0,92.0,5.111111111111111,10.8,95.3,5.294444444444444,0.124054462934947,W (+18),W (+18)
52.0,45.0,2023-01-30,24-012,TOR,PHO,1,37.18333333333333,8.0,19.0,.421,3.0,10.0,.300,2,2.0,1.000,0.0,3.0,3.0,1.0,1.0,0.0,0.0,0.0,21.0,13.5,-4,9.0,5.0,0.5555555555555556,61,46,24,54,15,6,35,3,15,40,55,7,58,48,6,63,45,76.0,58.0,31.0,69.0,25.0,9.0,42.0,5.0,20.0,53.0,67.0,8.0,71.0,55.0,9.0,77.0,54.0,0.8026315789473685,0.7931034482758621,0.7741935483870968,0.782608695652174,0.6,0.6666666666666666,0.8333333333333334,0.6,0.75,0.7547169811320755,0.8208955223880597,0.875,0.8169014084507042,0.8727272727272727,0.6666666666666666,0.8181818181818182,0.8333333333333334,17,72.0,69.0,0.2361111111111111,0.0,18,5.0,84.0,4.666666666666667,12.699999999999998,78.8,4.377777777777777,0.124054462934947,L (-12),L (-12)
53.0,46.0,2023-02-01,24-014,TOR,UTA,1,37.9,6.0,14.0,.429,3.0,4.0,.750,5,5.0,1.000,0.0,2.0,2.0,3.0,3.0,0.0,0.0,2.0,20.0,17.5,0,10.0,3.0,0.3,61,46,24,54,15,6,35,3,15,40,55,7,58,48,6,63,45,76.0,58.0,31.0,69.0,25.0,9.0,42.0,5.0,20.0,53.0,67.0,8.0,71.0,55.0,9.0,77.0,54.0,0.8026315789473685,0.7931034482758621,0.7741935483870968,0.782608695652174,0.6,0.6666666666666666,0.8333333333333334,0.6,0.75,0.7547169811320755,0.8208955223880597,0.875,0.8169014084507042,0.8727272727272727,0.6666666666666666,0.8181818181818182,0.8333333333333334,17,72.0,69.0,0.2361111111111111,0.0,18,9.0,86.0,4.777777777777778,15.500000000000004,101.2,5.622222222222223,0.124054462934947,W (+18),W (+18)
54.0,47.0,2023-02-03,24-016,TOR,HOU,1,38.03333333333333,10.0,15.0,.667,5.0,9.0,.556,4,4.0,1.000,0.0,1.0,1.0,2.0,0.0,0.0,1.0,2.0,29.0,22.4,-1,6.0,5.0,0.8333333333333334,61,46,24,54,15,6,35,3,15,40,55,7,58,48,6,63,45,76.0,58.0,31.0,69.0,25.0,9.0,42.0,5.0,20.0,53.0,67.0,8.0,71.0,55.0,9.0,77.0,54.0,0.8026315789473685,0.7931034482758621,0.7741935483870968,0.782608695652174,0.6,0.6666666666666666,0.8333333333333334,0.6,0.75,0.7547169811320755,0.8208955223880597,0.875,0.8169014084507042,0.8727272727272727,0.6666666666666666,0.8181818181818182,0.8333333333333334,17,72.0,69.0,0.2361111111111111,0.0,18,12.0,71.0,3.9444444444444446,20.8,78.7,4.372222222222223,0.124054462934947,L (-8),L (-8)
55.0,48.0,2023-02-05,24-018,TOR,MEM,1,37.38333333333333,5.0,14.0,.357,0.0,3.0,.000,0,1.0,.000,0.0,2.0,2.0,0.0,0.0,0.0,2.0,1.0,10.0,0.0,-7,11.0,5.0,0.4545454545454545,61,46,24,54,15,6,35,3,15,40,55,7,58,48,6,63,45,76.0,58.0,31.0,69.0,25.0,9.0,42.0,5.0,20.0,53.0,67.0,8.0,71.0,55.0,9.0,77.0,54.0,0.8026315789473685,0.7931034482758621,0.7741935483870968,0.782608695652174,0.6,0.6666666666666666,0.8333333333333334,0.6,0.75,0.7547169811320755,0.8208955223880597,0.875,0.8169014084507042,0.8727272727272727,0.6666666666666666,0.8181818181818182,0.8333333333333334,17,72.0,69.0,0.2361111111111111,0.0,18,-5.0,84.0,4.666666666666667,8.881784197001252e-16,86.09999999999998,4.783333333333332,0.124054462934947,L (-3),L (-3)
56.0,49.0,2023-02-08,24-021,TOR,SAS,1,33.233333333333334,6.0,16.0,.375,2.0,6.0,.333,1,2.0,.500,0.0,5.0,5.0,3.0,2.0,0.0,1.0,2.0,15.0,9.6,+15,10.0,4.0,0.4,61,46,24,54,15,6,35,3,15,40,55,7,58,48,6,63,45,76.0,58.0,31.0,69.0,25.0,9.0,42.0,5.0,20.0,53.0,67.0,8.0,71.0,55.0,9.0,77.0,54.0,0.8026315789473685,0.7931034482758621,0.7741935483870968,0.782608695652174,0.6,0.6666666666666666,0.8333333333333334,0.6,0.75,0.7547169811320755,0.8208955223880597,0.875,0.8169014084507042,0.8727272727272727,0.6666666666666666,0.8181818181818182,0.8333333333333334,17,72.0,69.0,0.2361111111111111,0.0,18,6.0,75.0,4.166666666666667,9.2,76.5,4.25,0.124054462934947,W (+6),W (+6)
57.0,50.0,2023-02-10,24-023,TOR,UTA,1,39.4,7.0,20.0,.350,2.0,9.0,.222,3,3.0,1.000,0.0,5.0,5.0,4.0,3.0,1.0,0.0,2.0,19.0,15.0,+2,11.0,5.0,0.4545454545454545,61,46,24,54,15,6,35,3,15,40,55,7,58,48,6,63,45,76.0,58.0,31.0,69.0,25.0,9.0,42.0,5.0,20.0,53.0,67.0,8.0,71.0,55.0,9.0,77.0,54.0,0.8026315789473685,0.7931034482758621,0.7741935483870968,0.782608695652174,0.6,0.6666666666666666,0.8333333333333334,0.6,0.75,0.7547169811320755,0.8208955223880597,0.875,0.8169014084507042,0.8727272727272727,0.6666666666666666,0.8181818181818182,0.8333333333333334,17,72.0,69.0,0.2361111111111111,0.0,18,9.0,72.0,4.0,13.8,74.0,4.111111111111111,0.124054462934947,W (+3),W (+3)
58.0,,2023-02-12,24-025,TOR,DET,,0.0,0.0,0.0,,,,,,0.0,,0.0,0.0,,0.0,0.0,0.0,0.0,0.0,0.0,,,,,,61,46,24,54,15,6,35,3,15,40,55,7,58,48,6,63,45,76.0,58.0,31.0,69.0,25.0,9.0,42.0,5.0,20.0,53.0,67.0,8.0,71.0,55.0,9.0,77.0,54.0,0.8026315789473685,0.7931034482758621,0.7741935483870968,0.782608695652174,0.6,0.6666666666666666,0.8333333333333334,0.6,0.75,0.7547169811320755,0.8208955223880597,0.875,0.8169014084507042,0.8727272727272727,0.6666666666666666,0.8181818181818182,0.8333333333333334,17,72.0,69.0,0.2361111111111111,0.0,18,,79.0,4.388888888888889,0.0,107.6,5.977777777777778,0.124054462934947,W (+14),W (+14)
59.0,,2023-02-14,24-027,TOR,ORL,,0.0,0.0,0.0,,,,,,0.0,,0.0,0.0,,0.0,0.0,0.0,0.0,0.0,0.0,,,,,,61,46,24,54,15,6,35,3,15,40,55,7,58,48,6,63,45,76.0,58.0,31.0,69.0,25.0,9.0,42.0,5.0,20.0,53.0,67.0,8.0,71.0,55.0,9.0,77.0,54.0,0.8026315789473685,0.7931034482758621,0.7741935483870968,0.782608695652174,0.6,0.6666666666666666,0.8333333333333334,0.6,0.75,0.7547169811320755,0.8208955223880597,0.875,0.8169014084507042,0.8727272727272727,0.6666666666666666,0.8181818181818182,0.8333333333333334,17,72.0,69.0,0.2361111111111111,0.0,18,,98.0,5.444444444444445,0.0,102.1,5.672222222222222,0.124054462934947,L (-6),L (-6)
60.0,51.0,2023-02-23,24-036,TOR,NOP,1,37.06666666666667,6.0,16.0,.375,3.0,8.0,.375,3,3.0,1.000,0.0,0.0,0.0,1.0,2.0,0.0,2.0,1.0,18.0,9.5,+9,8.0,3.0,0.375,61,46,24,54,15,6,35,3,15,40,55,7,58,48,6,63,45,76.0,58.0,31.0,69.0,25.0,9.0,42.0,5.0,20.0,53.0,67.0,8.0,71.0,55.0,9.0,77.0,54.0,0.8026315789473685,0.7931034482758621,0.7741935483870968,0.782608695652174,0.6,0.6666666666666666,0.8333333333333334,0.6,0.75,0.7547169811320755,0.8208955223880597,0.875,0.8169014084507042,0.8727272727272727,0.6666666666666666,0.8181818181818182,0.8333333333333334,17,72.0,69.0,0.2361111111111111,0.0,18,0.0,56.0,3.111111111111111,8.299999999999999,63.2,3.511111111111111,0.124054462934947,W (+1),W (+1)
61.0,52.0,2023-02-25,24-038,TOR,DET,1,36.3,7.0,20.0,.350,4.0,12.0,.333,1,1.0,1.000,0.0,1.0,1.0,4.0,2.0,0.0,2.0,0.0,19.0,10.9,0,8.0,3.0,0.375,61,46,24,54,15,6,35,3,15,40,55,7,58,48,6,63,45,76.0,58.0,31.0,69.0,25.0,9.0,42.0,5.0,20.0,53.0,67.0,8.0,71.0,55.0,9.0,77.0,54.0,0.8026315789473685,0.7931034482758621,0.7741935483870968,0.782608695652174,0.6,0.6666666666666666,0.8333333333333334,0.6,0.75,0.7547169811320755,0.8208955223880597,0.875,0.8169014084507042,0.8727272727272727,0.6666666666666666,0.8181818181818182,0.8333333333333334,17,72.0,69.0,0.2361111111111111,0.0,18,3.0,47.0,2.611111111111111,10.500000000000002,56.2,3.1222222222222222,0.124054462934947,W (+10),W (+10)
62.0,53.0,2023-02-26,24-039,TOR,CLE,1,26.95,2.0,13.0,.154,1.0,5.0,.200,2,2.0,1.000,3.0,3.0,6.0,1.0,0.0,0.0,0.0,0.0,7.0,2.4,-11,8.0,1.0,0.125,61,46,24,54,15,6,35,3,15,40,55,7,58,48,6,63,45,76.0,58.0,31.0,69.0,25.0,9.0,42.0,5.0,20.0,53.0,67.0,8.0,71.0,55.0,9.0,77.0,54.0,0.8026315789473685,0.7931034482758621,0.7741935483870968,0.782608695652174,0.6,0.6666666666666666,0.8333333333333334,0.6,0.75,0.7547169811320755,0.8208955223880597,0.875,0.8169014084507042,0.8727272727272727,0.6666666666666666,0.8181818181818182,0.8333333333333334,17,72.0,69.0,0.2361111111111111,0.0,18,-1.0,34.0,1.8888888888888888,1.5999999999999983,51.89999999999999,2.883333333333333,0.124054462934947,W (+5),W (+5)
63.0,54.0,2023-02-28,24-041,TOR,CHI,0,27.75,6.0,13.0,.462,5.0,11.0,.455,2,2.0,1.000,1.0,4.0,5.0,1.0,2.0,0.0,2.0,2.0,19.0,14.1,0,2.0,1.0,0.5,61,46,24,54,15,6,35,3,15,40,55,7,58,48,6,63,45,76.0,58.0,31.0,69.0,25.0,9.0,42.0,5.0,20.0,53.0,67.0,8.0,71.0,55.0,9.0,77.0,54.0,0.8026315789473685,0.7931034482758621,0.7741935483870968,0.782608695652174,0.6,0.6666666666666666,0.8333333333333334,0.6,0.75,0.7547169811320755,0.8208955223880597,0.875,0.8169014084507042,0.8727272727272727,0.6666666666666666,0.8181818181818182,0.8333333333333334,17,72.0,69.0,0.2361111111111111,0.0,18,10.0,78.0,4.333333333333333,13.299999999999995,82.79999999999998,4.599999999999999,0.124054462934947,,
64.0,55.0,2023-03-02,24-043,TOR,WAS,0,17.716666666666665,2.0,7.0,.286,0.0,2.0,.000,0,0.0,,1.0,2.0,3.0,0.0,0.0,0.0,0.0,0.0,4.0,1.2,-26,5.0,2.0,0.4,61,46,24,54,15,6,35,3,15,40,55,7,58,48,6,63,45,76.0,58.0,31.0,69.0,25.0,9.0,42.0,5.0,20.0,53.0,67.0,8.0,71.0,55.0,9.0,77.0,54.0,0.8026315789473685,0.7931034482758621,0.7741935483870968,0.782608695652174,0.6,0.6666666666666666,0.8333333333333334,0.6,0.75,0.7547169811320755,0.8208955223880597,0.875,0.8169014084507042,0.8727272727272727,0.6666666666666666,0.8181818181818182,0.8333333333333334,17,72.0,69.0,0.2361111111111111,0.0,18,0.0,50.0,2.7777777777777777,1.2000000000000002,61.9,3.4388888888888887,0.124054462934947,W (+4),W (+4)
65.0,56.0,2023-03-04,24-045,TOR,WAS,0,35.416666666666664,11.0,18.0,.611,4.0,7.0,.571,0,1.0,.000,0.0,5.0,5.0,4.0,2.0,0.0,0.0,2.0,26.0,22.9,-3,11.0,7.0,0.6363636363636364,61,46,24,54,15,6,35,3,15,40,55,7,58,48,6,63,45,76.0,58.0,31.0,69.0,25.0,9.0,42.0,5.0,20.0,53.0,67.0,8.0,71.0,55.0,9.0,77.0,54.0,0.8026315789473685,0.7931034482758621,0.7741935483870968,0.782608695652174,0.6,0.6666666666666666,0.8333333333333334,0.6,0.75,0.7547169811320755,0.8208955223880597,0.875,0.8169014084507042,0.8727272727272727,0.6666666666666666,0.8181818181818182,0.8333333333333334,17,72.0,69.0,0.2361111111111111,0.0,18,18.0,67.0,3.7222222222222223,22.899999999999995,78.0,4.333333333333333,0.124054462934947,L (-25),L (-25)
66.0,57.0,2023-03-06,24-047,TOR,DEN,0,23.216666666666665,6.0,9.0,.667,1.0,2.0,.500,0,0.0,,0.0,1.0,1.0,0.0,0.0,0.0,0.0,2.0,13.0,8.6,-2,7.0,5.0,0.7142857142857143,61,46,24,54,15,6,35,3,15,40,55,7,58,48,6,63,45,76.0,58.0,31.0,69.0,25.0,9.0,42.0,5.0,20.0,53.0,67.0,8.0,71.0,55.0,9.0,77.0,54.0,0.8026315789473685,0.7931034482758621,0.7741935483870968,0.782608695652174,0.6,0.6666666666666666,0.8333333333333334,0.6,0.75,0.7547169811320755,0.8208955223880597,0.875,0.8169014084507042,0.8727272727272727,0.6666666666666666,0.8181818181818182,0.8333333333333334,17,72.0,69.0,0.2361111111111111,0.0,18,5.0,68.0,3.7777777777777777,8.600000000000001,66.1,3.672222222222222,0.124054462934947,W (+6),W (+6)
67.0,58.0,2023-03-08,24-049,TOR,LAC,0,23.716666666666665,2.0,11.0,.182,1.0,5.0,.200,2,2.0,1.000,0.0,2.0,2.0,1.0,1.0,0.0,0.0,2.0,7.0,1.6,-7,6.0,1.0,0.1666666666666666,61,46,24,54,15,6,35,3,15,40,55,7,58,48,6,63,45,76.0,58.0,31.0,69.0,25.0,9.0,42.0,5.0,20.0,53.0,67.0,8.0,71.0,55.0,9.0,77.0,54.0,0.8026315789473685,0.7931034482758621,0.7741935483870968,0.782608695652174,0.6,0.6666666666666666,0.8333333333333334,0.6,0.75,0.7547169811320755,0.8208955223880597,0.875,0.8169014084507042,0.8727272727272727,0.6666666666666666,0.8181818181818182,0.8333333333333334,17,72.0,69.0,0.2361111111111111,0.0,18,-2.0,61.0,3.388888888888889,0.8000000000000003,76.3,4.238888888888889,0.124054462934947,L (-11),L (-11)
68.0,59.0,2023-03-10,24-051,TOR,LAL,0,21.016666666666666,0.0,9.0,.000,0.0,3.0,.000,0,0.0,,1.0,1.0,2.0,2.0,1.0,0.0,0.0,0.0,0.0,-2.9,-27,6.0,0.0,0.0,61,46,24,54,15,6,35,3,15,40,55,7,58,48,6,63,45,76.0,58.0,31.0,69.0,25.0,9.0,42.0,5.0,20.0,53.0,67.0,8.0,71.0,55.0,9.0,77.0,54.0,0.8026315789473685,0.7931034482758621,0.7741935483870968,0.782608695652174,0.6,0.6666666666666666,0.8333333333333334,0.6,0.75,0.7547169811320755,0.8208955223880597,0.875,0.8169014084507042,0.8727272727272727,0.6666666666666666,0.8181818181818182,0.8333333333333334,17,72.0,69.0,0.2361111111111111,0.0,18,-4.0,80.0,4.444444444444445,-2.9,88.10000000000002,4.894444444444446,0.124054462934947,W (+7),W (+7)
69.0,60.0,2023-03-14,24-055,TOR,DEN,0,25.33333333333333,3.0,9.0,.333,0.0,3.0,.000,5,5.0,1.000,1.0,2.0,3.0,0.0,2.0,0.0,0.0,0.0,11.0,9.2,-5,6.0,3.0,0.5,61,46,24,54,15,6,35,3,15,40,55,7,58,48,6,63,45,76.0,58.0,31.0,69.0,25.0,9.0,42.0,5.0,20.0,53.0,67.0,8.0,71.0,55.0,9.0,77.0,54.0,0.8026315789473685,0.7931034482758621,0.7741935483870968,0.782608695652174,0.6,0.6666666666666666,0.8333333333333334,0.6,0.75,0.7547169811320755,0.8208955223880597,0.875,0.8169014084507042,0.8727272727272727,0.6666666666666666,0.8181818181818182,0.8333333333333334,17,72.0,69.0,0.2361111111111111,0.0,18,2.0,77.0,4.277777777777778,7.199999999999999,90.8,5.044444444444444,0.124054462934947,L (-5),L (-5)
70.0,61.0,2023-03-16,24-057,TOR,OKC,0,34.88333333333333,8.0,11.0,.727,4.0,6.0,.667,3,4.0,.750,1.0,4.0,5.0,2.0,2.0,0.0,0.0,3.0,23.0,22.2,+16,5.0,4.0,0.8,61,46,24,54,15,6,35,3,15,40,55,7,58,48,6,63,45,76.0,58.0,31.0,69.0,25.0,9.0,42.0,5.0,20.0,53.0,67.0,8.0,71.0,55.0,9.0,77.0,54.0,0.8026315789473685,0.7931034482758621,0.7741935483870968,0.782608695652174,0.6,0.6666666666666666,0.8333333333333334,0.6,0.75,0.7547169811320755,0.8208955223880597,0.875,0.8169014084507042,0.8727272727272727,0.6666666666666666,0.8181818181818182,0.8333333333333334,17,72.0,69.0,0.2361111111111111,0.0,18,17.0,87.0,4.833333333333333,21.0,89.1,4.949999999999999,0.124054462934947,L (-8),L (-8)
71.0,62.0,2023-03-18,24-059,TOR,MIN,0,29.3,8.0,14.0,.571,2.0,5.0,.400,1,1.0,1.000,1.0,2.0,3.0,3.0,5.0,0.0,1.0,1.0,19.0,19.4,+17,9.0,6.0,0.6666666666666666,61,46,24,54,15,6,35,3,15,40,55,7,58,48,6,63,45,76.0,58.0,31.0,69.0,25.0,9.0,42.0,5.0,20.0,53.0,67.0,8.0,71.0,55.0,9.0,77.0,54.0,0.8026315789473685,0.7931034482758621,0.7741935483870968,0.782608695652174,0.6,0.6666666666666666,0.8333333333333334,0.6,0.75,0.7547169811320755,0.8208955223880597,0.875,0.8169014084507042,0.8727272727272727,0.6666666666666666,0.8181818181818182,0.8333333333333334,17,72.0,69.0,0.2361111111111111,0.0,18,14.0,59.0,3.2777777777777777,19.000000000000007,68.79999999999998,3.822222222222221,0.124054462934947,L (-10),L (-10)
72.0,63.0,2023-03-19,24-060,TOR,MIL,0,33.31666666666667,6.0,18.0,.333,5.0,10.0,.500,1,2.0,.500,1.0,2.0,3.0,0.0,1.0,0.0,0.0,0.0,18.0,9.7,+3,8.0,1.0,0.125,61,46,24,54,15,6,35,3,15,40,55,7,58,48,6,63,45,76.0,58.0,31.0,69.0,25.0,9.0,42.0,5.0,20.0,53.0,67.0,8.0,71.0,55.0,9.0,77.0,54.0,0.8026315789473685,0.7931034482758621,0.7741935483870968,0.782608695652174,0.6,0.6666666666666666,0.8333333333333334,0.6,0.75,0.7547169811320755,0.8208955223880597,0.875,0.8169014084507042,0.8727272727272727,0.6666666666666666,0.8181818181818182,0.8333333333333334,17,72.0,69.0,0.2361111111111111,0.0,18,2.0,85.0,4.722222222222222,9.3,86.1,4.783333333333333,0.124054462934947,W (+15),W (+15)
73.0,,2023-03-22,24-063,TOR,IND,,0.0,0.0,0.0,,,,,,0.0,,0.0,0.0,,0.0,0.0,0.0,0.0,0.0,0.0,,,,,,61,46,24,54,15,6,35,3,15,40,55,7,58,48,6,63,45,76.0,58.0,31.0,69.0,25.0,9.0,42.0,5.0,20.0,53.0,67.0,8.0,71.0,55.0,9.0,77.0,54.0,0.8026315789473685,0.7931034482758621,0.7741935483870968,0.782608695652174,0.6,0.6666666666666666,0.8333333333333334,0.6,0.75,0.7547169811320755,0.8208955223880597,0.875,0.8169014084507042,0.8727272727272727,0.6666666666666666,0.8181818181818182,0.8333333333333334,17,72.0,69.0,0.2361111111111111,0.0,18,,58.0,3.2222222222222223,0.0,67.30000000000001,3.73888888888889,0.124054462934947,W (+17),W (+17)
74.0,,2023-03-24,24-065,TOR,DET,,0.0,0.0,0.0,,,,,,0.0,,0.0,0.0,,0.0,0.0,0.0,0.0,0.0,0.0,,,,,,61,46,24,54,15,6,35,3,15,40,55,7,58,48,6,63,45,76.0,58.0,31.0,69.0,25.0,9.0,42.0,5.0,20.0,53.0,67.0,8.0,71.0,55.0,9.0,77.0,54.0,0.8026315789473685,0.7931034482758621,0.7741935483870968,0.782608695652174,0.6,0.6666666666666666,0.8333333333333334,0.6,0.75,0.7547169811320755,0.8208955223880597,0.875,0.8169014084507042,0.8727272727272727,0.6666666666666666,0.8181818181818182,0.8333333333333334,17,72.0,69.0,0.2361111111111111,0.0,18,,74.0,4.111111111111111,0.0,91.5,5.083333333333333,0.124054462934947,W (+15),W (+15)
75.0,,2023-03-26,24-067,TOR,WAS,,0.0,0.0,0.0,,,,,,0.0,,0.0,0.0,,0.0,0.0,0.0,0.0,0.0,0.0,,,,,,61,46,24,54,15,6,35,3,15,40,55,7,58,48,6,63,45,76.0,58.0,31.0,69.0,25.0,9.0,42.0,5.0,20.0,53.0,67.0,8.0,71.0,55.0,9.0,77.0,54.0,0.8026315789473685,0.7931034482758621,0.7741935483870968,0.782608695652174,0.6,0.6666666666666666,0.8333333333333334,0.6,0.75,0.7547169811320755,0.8208955223880597,0.875,0.8169014084507042,0.8727272727272727,0.6666666666666666,0.8181818181818182,0.8333333333333334,17,72.0,69.0,0.2361111111111111,0.0,18,,78.0,4.333333333333333,0.0,81.3,4.516666666666667,0.124054462934947,L (-7),L (-7)
76.0,,2023-03-28,24-069,TOR,MIA,,0.0,0.0,0.0,,,,,,0.0,,0.0,0.0,,0.0,0.0,0.0,0.0,0.0,0.0,,,,,,61,46,24,54,15,6,35,3,15,40,55,7,58,48,6,63,45,76.0,58.0,31.0,69.0,25.0,9.0,42.0,5.0,20.0,53.0,67.0,8.0,71.0,55.0,9.0,77.0,54.0,0.8026315789473685,0.7931034482758621,0.7741935483870968,0.782608695652174,0.6,0.6666666666666666,0.8333333333333334,0.6,0.75,0.7547169811320755,0.8208955223880597,0.875,0.8169014084507042,0.8727272727272727,0.6666666666666666,0.8181818181818182,0.8333333333333334,17,72.0,69.0,0.2361111111111111,0.0,18,,100.0,5.555555555555555,0.0,106.0,5.888888888888889,0.124054462934947,L (-4),L (-4)
77.0,,2023-03-31,24-072,TOR,PHI,,0.0,0.0,0.0,,,,,,0.0,,0.0,0.0,,0.0,0.0,0.0,0.0,0.0,0.0,,,,,,61,46,24,54,15,6,35,3,15,40,55,7,58,48,6,63,45,76.0,58.0,31.0,69.0,25.0,9.0,42.0,5.0,20.0,53.0,67.0,8.0,71.0,55.0,9.0,77.0,54.0,0.8026315789473685,0.7931034482758621,0.7741935483870968,0.782608695652174,0.6,0.6666666666666666,0.8333333333333334,0.6,0.75,0.7547169811320755,0.8208955223880597,0.875,0.8169014084507042,0.8727272727272727,0.6666666666666666,0.8181818181818182,0.8333333333333334,17,72.0,69.0,0.2361111111111111,0.0,18,,72.0,4.0,0.0,86.70000000000002,4.816666666666667,0.124054462934947,W (+21),W (+21)
78.0,,2023-04-02,24-074,TOR,CHO,,0.0,0.0,0.0,,,,,,0.0,,0.0,0.0,,0.0,0.0,0.0,0.0,0.0,0.0,,,,,,61,46,24,54,15,6,35,3,15,40,55,7,58,48,6,63,45,76.0,58.0,31.0,69.0,25.0,9.0,42.0,5.0,20.0,53.0,67.0,8.0,71.0,55.0,9.0,77.0,54.0,0.8026315789473685,0.7931034482758621,0.7741935483870968,0.782608695652174,0.6,0.6666666666666666,0.8333333333333334,0.6,0.75,0.7547169811320755,0.8208955223880597,0.875,0.8169014084507042,0.8727272727272727,0.6666666666666666,0.8181818181818182,0.8333333333333334,17,72.0,69.0,0.2361111111111111,0.0,18,,100.0,5.555555555555555,0.0,111.7,6.205555555555556,0.124054462934947,W (+10),W (+10)
79.0,,2023-04-04,24-076,TOR,CHO,,0.0,0.0,0.0,,,,,,0.0,,0.0,0.0,,0.0,0.0,0.0,0.0,0.0,0.0,,,,,,61,46,24,54,15,6,35,3,15,40,55,7,58,48,6,63,45,76.0,58.0,31.0,69.0,25.0,9.0,42.0,5.0,20.0,53.0,67.0,8.0,71.0,55.0,9.0,77.0,54.0,0.8026315789473685,0.7931034482758621,0.7741935483870968,0.782608695652174,0.6,0.6666666666666666,0.8333333333333334,0.6,0.75,0.7547169811320755,0.8208955223880597,0.875,0.8169014084507042,0.8727272727272727,0.6666666666666666,0.8181818181818182,0.8333333333333334,17,72.0,69.0,0.2361111111111111,0.0,18,,74.0,4.111111111111111,0.0,84.99999999999999,4.722222222222221,0.124054462934947,W (+14),W (+14)
80.0,64.0,2023-04-05,24-077,TOR,BOS,0,15.666666666666666,0.0,5.0,.000,0.0,2.0,.000,0,0.0,,0.0,2.0,2.0,0.0,0.0,0.0,1.0,1.0,0.0,-4.3,-5,3.0,0.0,0.0,61,46,24,54,15,6,35,3,15,40,55,7,58,48,6,63,45,76.0,58.0,31.0,69.0,25.0,9.0,42.0,5.0,20.0,53.0,67.0,8.0,71.0,55.0,9.0,77.0,54.0,0.8026315789473685,0.7931034482758621,0.7741935483870968,0.782608695652174,0.6,0.6666666666666666,0.8333333333333334,0.6,0.75,0.7547169811320755,0.8208955223880597,0.875,0.8169014084507042,0.8727272727272727,0.6666666666666666,0.8181818181818182,0.8333333333333334,17,72.0,69.0,0.2361111111111111,0.0,18,-4.0,62.0,3.4444444444444446,-4.3,67.30000000000001,3.73888888888889,0.124054462934947,L (-7),L (-7)
81.0,65.0,2023-04-07,24-079,TOR,BOS,0,21.366666666666667,4.0,10.0,.400,0.0,4.0,.000,1,2.0,.500,1.0,2.0,3.0,3.0,1.0,0.0,1.0,1.0,9.0,6.2,-13,6.0,4.0,0.6666666666666666,61,46,24,54,15,6,35,3,15,40,55,7,58,48,6,63,45,76.0,58.0,31.0,69.0,25.0,9.0,42.0,5.0,20.0,53.0,67.0,8.0,71.0,55.0,9.0,77.0,54.0,0.8026315789473685,0.7931034482758621,0.7741935483870968,0.782608695652174,0.6,0.6666666666666666,0.8333333333333334,0.6,0.75,0.7547169811320755,0.8208955223880597,0.875,0.8169014084507042,0.8727272727272727,0.6666666666666666,0.8181818181818182,0.8333333333333334,17,72.0,69.0,0.2361111111111111,0.0,18,3.0,51.0,2.833333333333333,5.799999999999998,66.5,3.6944444444444446,0.124054462934947,W (+20),W (+20)
82.0,66.0,2023-04-09,24-081,TOR,MIL,1,27.066666666666663,7.0,13.0,.538,4.0,7.0,.571,5,5.0,1.000,0.0,1.0,1.0,3.0,0.0,0.0,0.0,0.0,23.0,19.1,+14,6.0,3.0,0.5,61,46,24,54,15,6,35,3,15,40,55,7,58,48,6,63,45,76.0,58.0,31.0,69.0,25.0,9.0,42.0,5.0,20.0,53.0,67.0,8.0,71.0,55.0,9.0,77.0,54.0,0.8026315789473685,0.7931034482758621,0.7741935483870968,0.782608695652174,0.6,0.6666666666666666,0.8333333333333334,0.6,0.75,0.7547169811320755,0.8208955223880597,0.875,0.8169014084507042,0.8727272727272727,0.6666666666666666,0.8181818181818182,0.8333333333333334,17,72.0,69.0,0.2361111111111111,0.0,18,9.0,80.0,4.444444444444445,17.1,67.6,3.755555555555555,0.124054462934947,W (+20),W (+20)
