Unnamed: 0,Rk,G,Date,Age,Tm,Unnamed: 5,Opp,Unnamed: 7,GS,MP,FG,FGA,FG%,3P,3PA,3P%,FT,FTA,FT%,ORB,DRB,TRB,AST,STL,BLK,TOV,PF,PTS,GmSc,+/-,2PA,2P,2P%,Shared Games with Anthony Davis,Shared Games with Austin Reaves,Shared Games with Cole Swider,Shared Games with Damian Jones,Shared Games with Dennis Schröder,Shared Games with Juan Toscano-Anderson,Shared Games with Kendrick Nunn,Shared Games with LeBron James,Shared Games with Lonnie Walker IV,Shared Games with Max Christie,Shared Games with Patrick Beverley,Shared Games with Russell Westbrook,Shared Games with Scotty Pippen Jr.,Shared Games with Thomas Bryant,Shared Games with Troy Brown Jr.,Shared Games with Wenyen Gabriel,Anthony Davis,Austin Reaves,Cole Swider,Damian Jones,Dennis Schröder,Juan Toscano-Anderson,Kendrick Nunn,LeBron James,Lonnie Walker IV,Max Christie,Patrick Beverley,Russell Westbrook,Scotty Pippen Jr.,Sterling Brown,Thomas Bryant,Tristan Thompson,Troy Brown Jr.,Wenyen Gabriel,co_inf with Anthony Davis,co_inf with Austin Reaves,co_inf with Cole Swider,co_inf with Damian Jones,co_inf with Dennis Schröder,co_inf with Juan Toscano-Anderson,co_inf with Kendrick Nunn,co_inf with LeBron James,co_inf with Lonnie Walker IV,co_inf with Max Christie,co_inf with Patrick Beverley,co_inf with Russell Westbrook,co_inf with Scotty Pippen Jr.,co_inf with Sterling Brown,co_inf with Thomas Bryant,co_inf with Tristan Thompson,co_inf with Troy Brown Jr.,co_inf with Wenyen Gabriel,Shared Games with Davon Reed,Shared Games with Anthony Edwards,Shared Games with Austin Rivers,Shared Games with Bryn Forbes,Shared Games with Jaden McDaniels,Shared Games with Jaylen Nowell,Shared Games with Jordan McLaughlin,Shared Games with Josh Minott,Shared Games with Karl-Anthony Towns,Shared Games with Kyle Anderson,Shared Games with Luka Garza,Shared Games with Mike Conley,Shared Games with Nathan Knight,Shared Games with Naz Reid,Shared Games with Nickeil Alexander-Walker,Shared Games with Rudy Gobert,Shared Games with Taurean Prince,Shared Games with Wendell Moore Jr.,Anthony Edwards,Austin Rivers,Bryn Forbes,Jaden McDaniels,Jaylen Nowell,Jordan McLaughlin,Josh Minott,Karl-Anthony Towns,Kyle Anderson,Luka Garza,Mike Conley,Nathan Knight,Naz Reid,Nickeil Alexander-Walker,Rudy Gobert,Taurean Prince,Vit Krejci,Wendell Moore Jr.,co_inf with Anthony Edwards,co_inf with Austin Rivers,co_inf with Bryn Forbes,co_inf with Jaden McDaniels,co_inf with Jaylen Nowell,co_inf with Jordan McLaughlin,co_inf with Josh Minott,co_inf with Karl-Anthony Towns,co_inf with Kyle Anderson,co_inf with Luka Garza,co_inf with Mike Conley,co_inf with Nathan Knight,co_inf with Naz Reid,co_inf with Nickeil Alexander-Walker,co_inf with Rudy Gobert,co_inf with Taurean Prince,co_inf with Vit Krejci,co_inf with Wendell Moore Jr.,Total Shared Players,CO_EFF,EFF,avg_EFF,CO_HGS,HGS,avg_HGS
0,1,1,2022-10-18,25-184,LAL,@,GSW,L (-14),0,17:49,1.0,4.0,.250,1.0,3.0,.333,0,0.0,,0.0,1.0,1.0,0.0,1.0,0.0,1.0,2.0,3.0,0.1,+1,1.0,0.0,0.0,12,12,1,8,2,9,11,9,9,8,10,11,2,2,9,11,56.0,64.0,7.0,41.0,66.0,52.0,70.0,55.0,56.0,41.0,67.0,73.0,6.0,4.0,59.0,,76.0,68.0,0.2142857142857142,0.1875,0.1428571428571428,0.1951219512195122,0.0303030303030303,0.173076923076923,0.1571428571428571,0.1636363636363636,0.1607142857142857,0.1951219512195122,0.1492537313432835,0.1506849315068493,0.3333333333333333,0.0,0.0338983050847457,,0.1184210526315789,0.1617647058823529,9,22,19,6,22,20,5,3,1,19,10,2,11,21,2,17,6,11,79.0,52.0,25.0,79.0,65.0,43.0,15.0,29.0,69.0,28.0,67.0,38.0,68.0,59.0,70.0,54.0,29.0,29.0,0.2784810126582278,0.3653846153846153,0.24,0.2784810126582278,0.3076923076923077,0.1162790697674418,0.2,0.0344827586206896,0.2753623188405797,0.3571428571428571,0.0298507462686567,0.2894736842105263,0.3088235294117647,0.0338983050847457,0.2428571428571428,0.1111111111111111,0.0,0.3793103448275862,34,0.0,73.0,2.147058823529412,0.0999999999999994,85.0,2.5
1,2,2,2022-10-20,25-186,LAL,,LAC,L (-6),0,12:37,2.0,4.0,.500,1.0,2.0,.500,0,0.0,,0.0,1.0,1.0,0.0,0.0,0.0,0.0,1.0,5.0,2.9,-2,2.0,1.0,0.5,12,12,1,8,2,9,11,9,9,8,10,11,2,2,9,11,56.0,64.0,7.0,41.0,66.0,52.0,70.0,55.0,56.0,41.0,67.0,73.0,6.0,4.0,59.0,,76.0,68.0,0.2142857142857142,0.1875,0.1428571428571428,0.1951219512195122,0.0303030303030303,0.173076923076923,0.1571428571428571,0.1636363636363636,0.1607142857142857,0.1951219512195122,0.1492537313432835,0.1506849315068493,0.3333333333333333,0.0,0.0338983050847457,,0.1184210526315789,0.1617647058823529,9,22,19,6,22,20,5,3,1,19,10,2,11,21,2,17,6,11,79.0,52.0,25.0,79.0,65.0,43.0,15.0,29.0,69.0,28.0,67.0,38.0,68.0,59.0,70.0,54.0,29.0,29.0,0.2784810126582278,0.3653846153846153,0.24,0.2784810126582278,0.3076923076923077,0.1162790697674418,0.2,0.0344827586206896,0.2753623188405797,0.3571428571428571,0.0298507462686567,0.2894736842105263,0.3088235294117647,0.0338983050847457,0.2428571428571428,0.1111111111111111,0.0,0.3793103448275862,34,2.0,64.0,1.8823529411764703,2.9,74.1,2.179411764705882
2,3,,2022-10-23,25-189,LAL,,POR,L (-2),Did Not Play,Did Not Play,0.0,0.0,Did Not Play,,,Did Not Play,Did Not Play,0.0,Did Not Play,0.0,0.0,,0.0,0.0,0.0,0.0,0.0,0.0,Did Not Play,Did Not Play,,,,12,12,1,8,2,9,11,9,9,8,10,11,2,2,9,11,56.0,64.0,7.0,41.0,66.0,52.0,70.0,55.0,56.0,41.0,67.0,73.0,6.0,4.0,59.0,,76.0,68.0,0.2142857142857142,0.1875,0.1428571428571428,0.1951219512195122,0.0303030303030303,0.173076923076923,0.1571428571428571,0.1636363636363636,0.1607142857142857,0.1951219512195122,0.1492537313432835,0.1506849315068493,0.3333333333333333,0.0,0.0338983050847457,,0.1184210526315789,0.1617647058823529,9,22,19,6,22,20,5,3,1,19,10,2,11,21,2,17,6,11,79.0,52.0,25.0,79.0,65.0,43.0,15.0,29.0,69.0,28.0,67.0,38.0,68.0,59.0,70.0,54.0,29.0,29.0,0.2784810126582278,0.3653846153846153,0.24,0.2784810126582278,0.3076923076923077,0.1162790697674418,0.2,0.0344827586206896,0.2753623188405797,0.3571428571428571,0.0298507462686567,0.2894736842105263,0.3088235294117647,0.0338983050847457,0.2428571428571428,0.1111111111111111,0.0,0.3793103448275862,34,,81.0,2.3823529411764706,0.0,90.4,2.658823529411765
3,4,3,2022-10-26,25-192,LAL,@,DEN,L (-11),0,8:30,2.0,3.0,.667,2.0,3.0,.667,0,0.0,,0.0,1.0,1.0,0.0,0.0,0.0,0.0,3.0,6.0,3.8,+7,0.0,0.0,,12,12,1,8,2,9,11,9,9,8,10,11,2,2,9,11,56.0,64.0,7.0,41.0,66.0,52.0,70.0,55.0,56.0,41.0,67.0,73.0,6.0,4.0,59.0,,76.0,68.0,0.2142857142857142,0.1875,0.1428571428571428,0.1951219512195122,0.0303030303030303,0.173076923076923,0.1571428571428571,0.1636363636363636,0.1607142857142857,0.1951219512195122,0.1492537313432835,0.1506849315068493,0.3333333333333333,0.0,0.0338983050847457,,0.1184210526315789,0.1617647058823529,9,22,19,6,22,20,5,3,1,19,10,2,11,21,2,17,6,11,79.0,52.0,25.0,79.0,65.0,43.0,15.0,29.0,69.0,28.0,67.0,38.0,68.0,59.0,70.0,54.0,29.0,29.0,0.2784810126582278,0.3653846153846153,0.24,0.2784810126582278,0.3076923076923077,0.1162790697674418,0.2,0.0344827586206896,0.2753623188405797,0.3571428571428571,0.0298507462686567,0.2894736842105263,0.3088235294117647,0.0338983050847457,0.2428571428571428,0.1111111111111111,0.0,0.3793103448275862,34,4.0,61.0,1.7941176470588236,3.8,64.1,1.8852941176470586
4,5,,2022-10-28,25-194,LAL,@,MIN,L (-9),Did Not Play,Did Not Play,0.0,0.0,Did Not Play,,,Did Not Play,Did Not Play,0.0,Did Not Play,0.0,0.0,,0.0,0.0,0.0,0.0,0.0,0.0,Did Not Play,Did Not Play,,,,12,12,1,8,2,9,11,9,9,8,10,11,2,2,9,11,56.0,64.0,7.0,41.0,66.0,52.0,70.0,55.0,56.0,41.0,67.0,73.0,6.0,4.0,59.0,,76.0,68.0,0.2142857142857142,0.1875,0.1428571428571428,0.1951219512195122,0.0303030303030303,0.173076923076923,0.1571428571428571,0.1636363636363636,0.1607142857142857,0.1951219512195122,0.1492537313432835,0.1506849315068493,0.3333333333333333,0.0,0.0338983050847457,,0.1184210526315789,0.1617647058823529,9,22,19,6,22,20,5,3,1,19,10,2,11,21,2,17,6,11,79.0,52.0,25.0,79.0,65.0,43.0,15.0,29.0,69.0,28.0,67.0,38.0,68.0,59.0,70.0,54.0,29.0,29.0,0.2784810126582278,0.3653846153846153,0.24,0.2784810126582278,0.3076923076923077,0.1162790697674418,0.2,0.0344827586206896,0.2753623188405797,0.3571428571428571,0.0298507462686567,0.2894736842105263,0.3088235294117647,0.0338983050847457,0.2428571428571428,0.1111111111111111,0.0,0.3793103448275862,34,,102.0,3.0,0.0,114.0,3.3529411764705883
5,6,4,2022-10-30,25-196,LAL,,DEN,W (+11),0,12:20,2.0,4.0,.500,2.0,3.0,.667,0,0.0,,0.0,0.0,0.0,0.0,0.0,0.0,0.0,1.0,6.0,3.6,+11,1.0,0.0,0.0,12,12,1,8,2,9,11,9,9,8,10,11,2,2,9,11,56.0,64.0,7.0,41.0,66.0,52.0,70.0,55.0,56.0,41.0,67.0,73.0,6.0,4.0,59.0,,76.0,68.0,0.2142857142857142,0.1875,0.1428571428571428,0.1951219512195122,0.0303030303030303,0.173076923076923,0.1571428571428571,0.1636363636363636,0.1607142857142857,0.1951219512195122,0.1492537313432835,0.1506849315068493,0.3333333333333333,0.0,0.0338983050847457,,0.1184210526315789,0.1617647058823529,9,22,19,6,22,20,5,3,1,19,10,2,11,21,2,17,6,11,79.0,52.0,25.0,79.0,65.0,43.0,15.0,29.0,69.0,28.0,67.0,38.0,68.0,59.0,70.0,54.0,29.0,29.0,0.2784810126582278,0.3653846153846153,0.24,0.2784810126582278,0.3076923076923077,0.1162790697674418,0.2,0.0344827586206896,0.2753623188405797,0.3571428571428571,0.0298507462686567,0.2894736842105263,0.3088235294117647,0.0338983050847457,0.2428571428571428,0.1111111111111111,0.0,0.3793103448275862,34,2.0,82.0,2.411764705882353,3.6,96.8,2.847058823529412
6,7,5,2022-11-02,25-199,LAL,,NOP,W (+3),0,18:18,4.0,11.0,.364,3.0,9.0,.333,0,0.0,,1.0,1.0,2.0,1.0,0.0,0.0,1.0,1.0,11.0,5.2,-7,2.0,1.0,0.5,12,12,1,8,2,9,11,9,9,8,10,11,2,2,9,11,56.0,64.0,7.0,41.0,66.0,52.0,70.0,55.0,56.0,41.0,67.0,73.0,6.0,4.0,59.0,,76.0,68.0,0.2142857142857142,0.1875,0.1428571428571428,0.1951219512195122,0.0303030303030303,0.173076923076923,0.1571428571428571,0.1636363636363636,0.1607142857142857,0.1951219512195122,0.1492537313432835,0.1506849315068493,0.3333333333333333,0.0,0.0338983050847457,,0.1184210526315789,0.1617647058823529,9,22,19,6,22,20,5,3,1,19,10,2,11,21,2,17,6,11,79.0,52.0,25.0,79.0,65.0,43.0,15.0,29.0,69.0,28.0,67.0,38.0,68.0,59.0,70.0,54.0,29.0,29.0,0.2784810126582278,0.3653846153846153,0.24,0.2784810126582278,0.3076923076923077,0.1162790697674418,0.2,0.0344827586206896,0.2753623188405797,0.3571428571428571,0.0298507462686567,0.2894736842105263,0.3088235294117647,0.0338983050847457,0.2428571428571428,0.1111111111111111,0.0,0.3793103448275862,34,2.0,62.0,1.8235294117647056,5.199999999999999,73.69999999999999,2.1676470588235293
7,8,6,2022-11-04,25-201,LAL,,UTA,L (-14),0,10:01,1.0,4.0,.250,1.0,3.0,.333,0,0.0,,1.0,3.0,4.0,0.0,0.0,0.0,0.0,1.0,3.0,1.8,-3,1.0,0.0,0.0,12,12,1,8,2,9,11,9,9,8,10,11,2,2,9,11,56.0,64.0,7.0,41.0,66.0,52.0,70.0,55.0,56.0,41.0,67.0,73.0,6.0,4.0,59.0,,76.0,68.0,0.2142857142857142,0.1875,0.1428571428571428,0.1951219512195122,0.0303030303030303,0.173076923076923,0.1571428571428571,0.1636363636363636,0.1607142857142857,0.1951219512195122,0.1492537313432835,0.1506849315068493,0.3333333333333333,0.0,0.0338983050847457,,0.1184210526315789,0.1617647058823529,9,22,19,6,22,20,5,3,1,19,10,2,11,21,2,17,6,11,79.0,52.0,25.0,79.0,65.0,43.0,15.0,29.0,69.0,28.0,67.0,38.0,68.0,59.0,70.0,54.0,29.0,29.0,0.2784810126582278,0.3653846153846153,0.24,0.2784810126582278,0.3076923076923077,0.1162790697674418,0.2,0.0344827586206896,0.2753623188405797,0.3571428571428571,0.0298507462686567,0.2894736842105263,0.3088235294117647,0.0338983050847457,0.2428571428571428,0.1111111111111111,0.0,0.3793103448275862,34,3.0,68.0,2.0,1.8000000000000005,82.10000000000002,2.414705882352942
8,9,7,2022-11-06,25-203,LAL,,CLE,L (-14),0,17:02,2.0,6.0,.333,2.0,3.0,.667,2,3.0,.667,0.0,2.0,2.0,2.0,1.0,0.0,1.0,3.0,8.0,5.0,-7,3.0,0.0,0.0,12,12,1,8,2,9,11,9,9,8,10,11,2,2,9,11,56.0,64.0,7.0,41.0,66.0,52.0,70.0,55.0,56.0,41.0,67.0,73.0,6.0,4.0,59.0,,76.0,68.0,0.2142857142857142,0.1875,0.1428571428571428,0.1951219512195122,0.0303030303030303,0.173076923076923,0.1571428571428571,0.1636363636363636,0.1607142857142857,0.1951219512195122,0.1492537313432835,0.1506849315068493,0.3333333333333333,0.0,0.0338983050847457,,0.1184210526315789,0.1617647058823529,9,22,19,6,22,20,5,3,1,19,10,2,11,21,2,17,6,11,79.0,52.0,25.0,79.0,65.0,43.0,15.0,29.0,69.0,28.0,67.0,38.0,68.0,59.0,70.0,54.0,29.0,29.0,0.2784810126582278,0.3653846153846153,0.24,0.2784810126582278,0.3076923076923077,0.1162790697674418,0.2,0.0344827586206896,0.2753623188405797,0.3571428571428571,0.0298507462686567,0.2894736842105263,0.3088235294117647,0.0338983050847457,0.2428571428571428,0.1111111111111111,0.0,0.3793103448275862,34,3.0,62.0,1.8235294117647056,4.200000000000001,67.2,1.9764705882352942
9,10,8,2022-11-07,25-204,LAL,@,UTA,L (-23),0,17:48,0.0,4.0,.000,0.0,3.0,.000,2,2.0,1.000,0.0,1.0,1.0,0.0,0.0,0.0,0.0,1.0,2.0,-0.9,-10,1.0,0.0,0.0,12,12,1,8,2,9,11,9,9,8,10,11,2,2,9,11,56.0,64.0,7.0,41.0,66.0,52.0,70.0,55.0,56.0,41.0,67.0,73.0,6.0,4.0,59.0,,76.0,68.0,0.2142857142857142,0.1875,0.1428571428571428,0.1951219512195122,0.0303030303030303,0.173076923076923,0.1571428571428571,0.1636363636363636,0.1607142857142857,0.1951219512195122,0.1492537313432835,0.1506849315068493,0.3333333333333333,0.0,0.0338983050847457,,0.1184210526315789,0.1617647058823529,9,22,19,6,22,20,5,3,1,19,10,2,11,21,2,17,6,11,79.0,52.0,25.0,79.0,65.0,43.0,15.0,29.0,69.0,28.0,67.0,38.0,68.0,59.0,70.0,54.0,29.0,29.0,0.2784810126582278,0.3653846153846153,0.24,0.2784810126582278,0.3076923076923077,0.1162790697674418,0.2,0.0344827586206896,0.2753623188405797,0.3571428571428571,0.0298507462686567,0.2894736842105263,0.3088235294117647,0.0338983050847457,0.2428571428571428,0.1111111111111111,0.0,0.3793103448275862,34,-3.0,102.0,3.0,-1.7000000000000002,113.79999999999998,3.3470588235294114
10,11,9,2022-11-09,25-206,LAL,@,LAC,L (-13),0,0:43,0.0,1.0,.000,0.0,0.0,,0,0.0,,0.0,0.0,0.0,0.0,0.0,0.0,0.0,0.0,0.0,-0.7,-2,1.0,0.0,0.0,12,12,1,8,2,9,11,9,9,8,10,11,2,2,9,11,56.0,64.0,7.0,41.0,66.0,52.0,70.0,55.0,56.0,41.0,67.0,73.0,6.0,4.0,59.0,,76.0,68.0,0.2142857142857142,0.1875,0.1428571428571428,0.1951219512195122,0.0303030303030303,0.173076923076923,0.1571428571428571,0.1636363636363636,0.1607142857142857,0.1951219512195122,0.1492537313432835,0.1506849315068493,0.3333333333333333,0.0,0.0338983050847457,,0.1184210526315789,0.1617647058823529,9,22,19,6,22,20,5,3,1,19,10,2,11,21,2,17,6,11,79.0,52.0,25.0,79.0,65.0,43.0,15.0,29.0,69.0,28.0,67.0,38.0,68.0,59.0,70.0,54.0,29.0,29.0,0.2784810126582278,0.3653846153846153,0.24,0.2784810126582278,0.3076923076923077,0.1162790697674418,0.2,0.0344827586206896,0.2753623188405797,0.3571428571428571,0.0298507462686567,0.2894736842105263,0.3088235294117647,0.0338983050847457,0.2428571428571428,0.1111111111111111,0.0,0.3793103448275862,34,-1.0,73.0,2.147058823529412,-0.7,80.39999999999999,2.3647058823529408
11,12,,2022-11-11,25-208,LAL,,SAC,L (-6),Did Not Play,Did Not Play,0.0,0.0,Did Not Play,,,Did Not Play,Did Not Play,0.0,Did Not Play,0.0,0.0,,0.0,0.0,0.0,0.0,0.0,0.0,Did Not Play,Did Not Play,,,,12,12,1,8,2,9,11,9,9,8,10,11,2,2,9,11,56.0,64.0,7.0,41.0,66.0,52.0,70.0,55.0,56.0,41.0,67.0,73.0,6.0,4.0,59.0,,76.0,68.0,0.2142857142857142,0.1875,0.1428571428571428,0.1951219512195122,0.0303030303030303,0.173076923076923,0.1571428571428571,0.1636363636363636,0.1607142857142857,0.1951219512195122,0.1492537313432835,0.1506849315068493,0.3333333333333333,0.0,0.0338983050847457,,0.1184210526315789,0.1617647058823529,9,22,19,6,22,20,5,3,1,19,10,2,11,21,2,17,6,11,79.0,52.0,25.0,79.0,65.0,43.0,15.0,29.0,69.0,28.0,67.0,38.0,68.0,59.0,70.0,54.0,29.0,29.0,0.2784810126582278,0.3653846153846153,0.24,0.2784810126582278,0.3076923076923077,0.1162790697674418,0.2,0.0344827586206896,0.2753623188405797,0.3571428571428571,0.0298507462686567,0.2894736842105263,0.3088235294117647,0.0338983050847457,0.2428571428571428,0.1111111111111111,0.0,0.3793103448275862,34,,70.0,2.0588235294117645,0.0,82.1,2.414705882352941
12,13,10,2022-11-13,25-210,LAL,,BRK,W (+13),0,6:29,1.0,3.0,.333,1.0,2.0,.500,0,0.0,,0.0,1.0,1.0,0.0,0.0,0.0,0.0,1.0,3.0,1.2,+2,1.0,0.0,0.0,12,12,1,8,2,9,11,9,9,8,10,11,2,2,9,11,56.0,64.0,7.0,41.0,66.0,52.0,70.0,55.0,56.0,41.0,67.0,73.0,6.0,4.0,59.0,,76.0,68.0,0.2142857142857142,0.1875,0.1428571428571428,0.1951219512195122,0.0303030303030303,0.173076923076923,0.1571428571428571,0.1636363636363636,0.1607142857142857,0.1951219512195122,0.1492537313432835,0.1506849315068493,0.3333333333333333,0.0,0.0338983050847457,,0.1184210526315789,0.1617647058823529,9,22,19,6,22,20,5,3,1,19,10,2,11,21,2,17,6,11,79.0,52.0,25.0,79.0,65.0,43.0,15.0,29.0,69.0,28.0,67.0,38.0,68.0,59.0,70.0,54.0,29.0,29.0,0.2784810126582278,0.3653846153846153,0.24,0.2784810126582278,0.3076923076923077,0.1162790697674418,0.2,0.0344827586206896,0.2753623188405797,0.3571428571428571,0.0298507462686567,0.2894736842105263,0.3088235294117647,0.0338983050847457,0.2428571428571428,0.1111111111111111,0.0,0.3793103448275862,34,1.0,72.0,2.117647058823529,1.2000000000000002,83.50000000000001,2.455882352941177
13,14,,2022-11-18,25-215,LAL,,DET,W (+7),Did Not Play,Did Not Play,0.0,0.0,Did Not Play,,,Did Not Play,Did Not Play,0.0,Did Not Play,0.0,0.0,,0.0,0.0,0.0,0.0,0.0,0.0,Did Not Play,Did Not Play,,,,12,12,1,8,2,9,11,9,9,8,10,11,2,2,9,11,56.0,64.0,7.0,41.0,66.0,52.0,70.0,55.0,56.0,41.0,67.0,73.0,6.0,4.0,59.0,,76.0,68.0,0.2142857142857142,0.1875,0.1428571428571428,0.1951219512195122,0.0303030303030303,0.173076923076923,0.1571428571428571,0.1636363636363636,0.1607142857142857,0.1951219512195122,0.1492537313432835,0.1506849315068493,0.3333333333333333,0.0,0.0338983050847457,,0.1184210526315789,0.1617647058823529,9,22,19,6,22,20,5,3,1,19,10,2,11,21,2,17,6,11,79.0,52.0,25.0,79.0,65.0,43.0,15.0,29.0,69.0,28.0,67.0,38.0,68.0,59.0,70.0,54.0,29.0,29.0,0.2784810126582278,0.3653846153846153,0.24,0.2784810126582278,0.3076923076923077,0.1162790697674418,0.2,0.0344827586206896,0.2753623188405797,0.3571428571428571,0.0298507462686567,0.2894736842105263,0.3088235294117647,0.0338983050847457,0.2428571428571428,0.1111111111111111,0.0,0.3793103448275862,34,,69.0,2.0294117647058822,0.0,73.19999999999999,2.1529411764705877
14,15,11,2022-11-20,25-217,LAL,,SAS,W (+31),0,5:39,0.0,4.0,.000,0.0,3.0,.000,0,0.0,,0.0,1.0,1.0,1.0,0.0,0.0,0.0,0.0,0.0,-1.8,+7,1.0,0.0,0.0,12,12,1,8,2,9,11,9,9,8,10,11,2,2,9,11,56.0,64.0,7.0,41.0,66.0,52.0,70.0,55.0,56.0,41.0,67.0,73.0,6.0,4.0,59.0,,76.0,68.0,0.2142857142857142,0.1875,0.1428571428571428,0.1951219512195122,0.0303030303030303,0.173076923076923,0.1571428571428571,0.1636363636363636,0.1607142857142857,0.1951219512195122,0.1492537313432835,0.1506849315068493,0.3333333333333333,0.0,0.0338983050847457,,0.1184210526315789,0.1617647058823529,9,22,19,6,22,20,5,3,1,19,10,2,11,21,2,17,6,11,79.0,52.0,25.0,79.0,65.0,43.0,15.0,29.0,69.0,28.0,67.0,38.0,68.0,59.0,70.0,54.0,29.0,29.0,0.2784810126582278,0.3653846153846153,0.24,0.2784810126582278,0.3076923076923077,0.1162790697674418,0.2,0.0344827586206896,0.2753623188405797,0.3571428571428571,0.0298507462686567,0.2894736842105263,0.3088235294117647,0.0338983050847457,0.2428571428571428,0.1111111111111111,0.0,0.3793103448275862,34,-2.0,82.0,2.411764705882353,-1.7999999999999998,98.2,2.888235294117647
15,16,,2022-11-22,25-219,LAL,@,PHO,L (-10),Did Not Play,Did Not Play,0.0,0.0,Did Not Play,,,Did Not Play,Did Not Play,0.0,Did Not Play,0.0,0.0,,0.0,0.0,0.0,0.0,0.0,0.0,Did Not Play,Did Not Play,,,,12,12,1,8,2,9,11,9,9,8,10,11,2,2,9,11,56.0,64.0,7.0,41.0,66.0,52.0,70.0,55.0,56.0,41.0,67.0,73.0,6.0,4.0,59.0,,76.0,68.0,0.2142857142857142,0.1875,0.1428571428571428,0.1951219512195122,0.0303030303030303,0.173076923076923,0.1571428571428571,0.1636363636363636,0.1607142857142857,0.1951219512195122,0.1492537313432835,0.1506849315068493,0.3333333333333333,0.0,0.0338983050847457,,0.1184210526315789,0.1617647058823529,9,22,19,6,22,20,5,3,1,19,10,2,11,21,2,17,6,11,79.0,52.0,25.0,79.0,65.0,43.0,15.0,29.0,69.0,28.0,67.0,38.0,68.0,59.0,70.0,54.0,29.0,29.0,0.2784810126582278,0.3653846153846153,0.24,0.2784810126582278,0.3076923076923077,0.1162790697674418,0.2,0.0344827586206896,0.2753623188405797,0.3571428571428571,0.0298507462686567,0.2894736842105263,0.3088235294117647,0.0338983050847457,0.2428571428571428,0.1111111111111111,0.0,0.3793103448275862,34,,68.0,2.0,0.0,73.49999999999999,2.1617647058823524
16,17,,2022-11-25,25-222,LAL,@,SAS,W (+11),Did Not Play,Did Not Play,0.0,0.0,Did Not Play,,,Did Not Play,Did Not Play,0.0,Did Not Play,0.0,0.0,,0.0,0.0,0.0,0.0,0.0,0.0,Did Not Play,Did Not Play,,,,12,12,1,8,2,9,11,9,9,8,10,11,2,2,9,11,56.0,64.0,7.0,41.0,66.0,52.0,70.0,55.0,56.0,41.0,67.0,73.0,6.0,4.0,59.0,,76.0,68.0,0.2142857142857142,0.1875,0.1428571428571428,0.1951219512195122,0.0303030303030303,0.173076923076923,0.1571428571428571,0.1636363636363636,0.1607142857142857,0.1951219512195122,0.1492537313432835,0.1506849315068493,0.3333333333333333,0.0,0.0338983050847457,,0.1184210526315789,0.1617647058823529,9,22,19,6,22,20,5,3,1,19,10,2,11,21,2,17,6,11,79.0,52.0,25.0,79.0,65.0,43.0,15.0,29.0,69.0,28.0,67.0,38.0,68.0,59.0,70.0,54.0,29.0,29.0,0.2784810126582278,0.3653846153846153,0.24,0.2784810126582278,0.3076923076923077,0.1162790697674418,0.2,0.0344827586206896,0.2753623188405797,0.3571428571428571,0.0298507462686567,0.2894736842105263,0.3088235294117647,0.0338983050847457,0.2428571428571428,0.1111111111111111,0.0,0.3793103448275862,34,,75.0,2.2058823529411766,0.0,81.89999999999999,2.4088235294117646
17,18,,2022-11-26,25-223,LAL,@,SAS,W (+5),Did Not Play,Did Not Play,0.0,0.0,Did Not Play,,,Did Not Play,Did Not Play,0.0,Did Not Play,0.0,0.0,,0.0,0.0,0.0,0.0,0.0,0.0,Did Not Play,Did Not Play,,,,12,12,1,8,2,9,11,9,9,8,10,11,2,2,9,11,56.0,64.0,7.0,41.0,66.0,52.0,70.0,55.0,56.0,41.0,67.0,73.0,6.0,4.0,59.0,,76.0,68.0,0.2142857142857142,0.1875,0.1428571428571428,0.1951219512195122,0.0303030303030303,0.173076923076923,0.1571428571428571,0.1636363636363636,0.1607142857142857,0.1951219512195122,0.1492537313432835,0.1506849315068493,0.3333333333333333,0.0,0.0338983050847457,,0.1184210526315789,0.1617647058823529,9,22,19,6,22,20,5,3,1,19,10,2,11,21,2,17,6,11,79.0,52.0,25.0,79.0,65.0,43.0,15.0,29.0,69.0,28.0,67.0,38.0,68.0,59.0,70.0,54.0,29.0,29.0,0.2784810126582278,0.3653846153846153,0.24,0.2784810126582278,0.3076923076923077,0.1162790697674418,0.2,0.0344827586206896,0.2753623188405797,0.3571428571428571,0.0298507462686567,0.2894736842105263,0.3088235294117647,0.0338983050847457,0.2428571428571428,0.1111111111111111,0.0,0.3793103448275862,34,,83.0,2.4411764705882355,0.0,82.69999999999999,2.4323529411764704
18,19,,2022-11-28,25-225,LAL,,IND,L (-1),Did Not Play,Did Not Play,0.0,0.0,Did Not Play,,,Did Not Play,Did Not Play,0.0,Did Not Play,0.0,0.0,,0.0,0.0,0.0,0.0,0.0,0.0,Did Not Play,Did Not Play,,,,12,12,1,8,2,9,11,9,9,8,10,11,2,2,9,11,56.0,64.0,7.0,41.0,66.0,52.0,70.0,55.0,56.0,41.0,67.0,73.0,6.0,4.0,59.0,,76.0,68.0,0.2142857142857142,0.1875,0.1428571428571428,0.1951219512195122,0.0303030303030303,0.173076923076923,0.1571428571428571,0.1636363636363636,0.1607142857142857,0.1951219512195122,0.1492537313432835,0.1506849315068493,0.3333333333333333,0.0,0.0338983050847457,,0.1184210526315789,0.1617647058823529,9,22,19,6,22,20,5,3,1,19,10,2,11,21,2,17,6,11,79.0,52.0,25.0,79.0,65.0,43.0,15.0,29.0,69.0,28.0,67.0,38.0,68.0,59.0,70.0,54.0,29.0,29.0,0.2784810126582278,0.3653846153846153,0.24,0.2784810126582278,0.3076923076923077,0.1162790697674418,0.2,0.0344827586206896,0.2753623188405797,0.3571428571428571,0.0298507462686567,0.2894736842105263,0.3088235294117647,0.0338983050847457,0.2428571428571428,0.1111111111111111,0.0,0.3793103448275862,34,,45.0,1.3235294117647058,0.0,51.49999999999999,1.514705882352941
19,20,12,2022-11-30,25-227,LAL,,POR,W (+19),0,1:55,0.0,1.0,.000,0.0,1.0,.000,0,0.0,,0.0,0.0,0.0,0.0,0.0,0.0,0.0,0.0,0.0,-0.7,+3,0.0,0.0,,12,12,1,8,2,9,11,9,9,8,10,11,2,2,9,11,56.0,64.0,7.0,41.0,66.0,52.0,70.0,55.0,56.0,41.0,67.0,73.0,6.0,4.0,59.0,,76.0,68.0,0.2142857142857142,0.1875,0.1428571428571428,0.1951219512195122,0.0303030303030303,0.173076923076923,0.1571428571428571,0.1636363636363636,0.1607142857142857,0.1951219512195122,0.1492537313432835,0.1506849315068493,0.3333333333333333,0.0,0.0338983050847457,,0.1184210526315789,0.1617647058823529,9,22,19,6,22,20,5,3,1,19,10,2,11,21,2,17,6,11,79.0,52.0,25.0,79.0,65.0,43.0,15.0,29.0,69.0,28.0,67.0,38.0,68.0,59.0,70.0,54.0,29.0,29.0,0.2784810126582278,0.3653846153846153,0.24,0.2784810126582278,0.3076923076923077,0.1162790697674418,0.2,0.0344827586206896,0.2753623188405797,0.3571428571428571,0.0298507462686567,0.2894736842105263,0.3088235294117647,0.0338983050847457,0.2428571428571428,0.1111111111111111,0.0,0.3793103448275862,34,-1.0,36.0,1.0588235294117647,-0.7,57.8,1.7
20,Rk,G,Date,Age,Tm,,Opp,,GS,MP,0.0,0.0,FG%,,,3P%,FT,0.0,FT%,0.0,0.0,,0.0,0.0,0.0,0.0,0.0,0.0,GmSc,+/-,,,,12,12,1,8,2,9,11,9,9,8,10,11,2,2,9,11,56.0,64.0,7.0,41.0,66.0,52.0,70.0,55.0,56.0,41.0,67.0,73.0,6.0,4.0,59.0,,76.0,68.0,0.2142857142857142,0.1875,0.1428571428571428,0.1951219512195122,0.0303030303030303,0.173076923076923,0.1571428571428571,0.1636363636363636,0.1607142857142857,0.1951219512195122,0.1492537313432835,0.1506849315068493,0.3333333333333333,0.0,0.0338983050847457,,0.1184210526315789,0.1617647058823529,9,22,19,6,22,20,5,3,1,19,10,2,11,21,2,17,6,11,79.0,52.0,25.0,79.0,65.0,43.0,15.0,29.0,69.0,28.0,67.0,38.0,68.0,59.0,70.0,54.0,29.0,29.0,0.2784810126582278,0.3653846153846153,0.24,0.2784810126582278,0.3076923076923077,0.1162790697674418,0.2,0.0344827586206896,0.2753623188405797,0.3571428571428571,0.0298507462686567,0.2894736842105263,0.3088235294117647,0.0338983050847457,0.2428571428571428,0.1111111111111111,0.0,0.3793103448275862,34,,0.0,0.0,0.0,0.0,0.0
21,21,,2022-12-09,25-236,MIN,@,UTA,W (+10),Did Not Play,Did Not Play,0.0,0.0,Did Not Play,,,Did Not Play,Did Not Play,0.0,Did Not Play,0.0,0.0,,0.0,0.0,0.0,0.0,0.0,0.0,Did Not Play,Did Not Play,,,,12,12,1,8,2,9,11,9,9,8,10,11,2,2,9,11,56.0,64.0,7.0,41.0,66.0,52.0,70.0,55.0,56.0,41.0,67.0,73.0,6.0,4.0,59.0,,76.0,68.0,0.2142857142857142,0.1875,0.1428571428571428,0.1951219512195122,0.0303030303030303,0.173076923076923,0.1571428571428571,0.1636363636363636,0.1607142857142857,0.1951219512195122,0.1492537313432835,0.1506849315068493,0.3333333333333333,0.0,0.0338983050847457,,0.1184210526315789,0.1617647058823529,9,22,19,6,22,20,5,3,1,19,10,2,11,21,2,17,6,11,79.0,52.0,25.0,79.0,65.0,43.0,15.0,29.0,69.0,28.0,67.0,38.0,68.0,59.0,70.0,54.0,29.0,29.0,0.2784810126582278,0.3653846153846153,0.24,0.2784810126582278,0.3076923076923077,0.1162790697674418,0.2,0.0344827586206896,0.2753623188405797,0.3571428571428571,0.0298507462686567,0.2894736842105263,0.3088235294117647,0.0338983050847457,0.2428571428571428,0.1111111111111111,0.0,0.3793103448275862,34,,58.0,1.7058823529411764,0.0,79.80000000000001,2.3470588235294123
22,22,,2022-12-10,25-237,MIN,@,POR,L (-6),Did Not Play,Did Not Play,0.0,0.0,Did Not Play,,,Did Not Play,Did Not Play,0.0,Did Not Play,0.0,0.0,,0.0,0.0,0.0,0.0,0.0,0.0,Did Not Play,Did Not Play,,,,12,12,1,8,2,9,11,9,9,8,10,11,2,2,9,11,56.0,64.0,7.0,41.0,66.0,52.0,70.0,55.0,56.0,41.0,67.0,73.0,6.0,4.0,59.0,,76.0,68.0,0.2142857142857142,0.1875,0.1428571428571428,0.1951219512195122,0.0303030303030303,0.173076923076923,0.1571428571428571,0.1636363636363636,0.1607142857142857,0.1951219512195122,0.1492537313432835,0.1506849315068493,0.3333333333333333,0.0,0.0338983050847457,,0.1184210526315789,0.1617647058823529,9,22,19,6,22,20,5,3,1,19,10,2,11,21,2,17,6,11,79.0,52.0,25.0,79.0,65.0,43.0,15.0,29.0,69.0,28.0,67.0,38.0,68.0,59.0,70.0,54.0,29.0,29.0,0.2784810126582278,0.3653846153846153,0.24,0.2784810126582278,0.3076923076923077,0.1162790697674418,0.2,0.0344827586206896,0.2753623188405797,0.3571428571428571,0.0298507462686567,0.2894736842105263,0.3088235294117647,0.0338983050847457,0.2428571428571428,0.1111111111111111,0.0,0.3793103448275862,34,,63.0,1.8529411764705883,0.0,79.9,2.35
23,23,13,2022-12-12,25-239,MIN,@,POR,L (-21),0,4:03,1.0,2.0,.500,1.0,2.0,.500,0,0.0,,0.0,0.0,0.0,0.0,1.0,0.0,0.0,0.0,3.0,3.0,+3,0.0,0.0,,12,12,1,8,2,9,11,9,9,8,10,11,2,2,9,11,56.0,64.0,7.0,41.0,66.0,52.0,70.0,55.0,56.0,41.0,67.0,73.0,6.0,4.0,59.0,,76.0,68.0,0.2142857142857142,0.1875,0.1428571428571428,0.1951219512195122,0.0303030303030303,0.173076923076923,0.1571428571428571,0.1636363636363636,0.1607142857142857,0.1951219512195122,0.1492537313432835,0.1506849315068493,0.3333333333333333,0.0,0.0338983050847457,,0.1184210526315789,0.1617647058823529,9,22,19,6,22,20,5,3,1,19,10,2,11,21,2,17,6,11,79.0,52.0,25.0,79.0,65.0,43.0,15.0,29.0,69.0,28.0,67.0,38.0,68.0,59.0,70.0,54.0,29.0,29.0,0.2784810126582278,0.3653846153846153,0.24,0.2784810126582278,0.3076923076923077,0.1162790697674418,0.2,0.0344827586206896,0.2753623188405797,0.3571428571428571,0.0298507462686567,0.2894736842105263,0.3088235294117647,0.0338983050847457,0.2428571428571428,0.1111111111111111,0.0,0.3793103448275862,34,2.0,72.0,2.117647058823529,3.0000000000000004,76.8,2.2588235294117647
24,24,14,2022-12-14,25-241,MIN,@,LAC,L (-11),0,2:36,0.0,0.0,,0.0,0.0,,0,0.0,,0.0,0.0,0.0,0.0,0.0,0.0,0.0,0.0,0.0,0.0,+5,0.0,0.0,,12,12,1,8,2,9,11,9,9,8,10,11,2,2,9,11,56.0,64.0,7.0,41.0,66.0,52.0,70.0,55.0,56.0,41.0,67.0,73.0,6.0,4.0,59.0,,76.0,68.0,0.2142857142857142,0.1875,0.1428571428571428,0.1951219512195122,0.0303030303030303,0.173076923076923,0.1571428571428571,0.1636363636363636,0.1607142857142857,0.1951219512195122,0.1492537313432835,0.1506849315068493,0.3333333333333333,0.0,0.0338983050847457,,0.1184210526315789,0.1617647058823529,9,22,19,6,22,20,5,3,1,19,10,2,11,21,2,17,6,11,79.0,52.0,25.0,79.0,65.0,43.0,15.0,29.0,69.0,28.0,67.0,38.0,68.0,59.0,70.0,54.0,29.0,29.0,0.2784810126582278,0.3653846153846153,0.24,0.2784810126582278,0.3076923076923077,0.1162790697674418,0.2,0.0344827586206896,0.2753623188405797,0.3571428571428571,0.0298507462686567,0.2894736842105263,0.3088235294117647,0.0338983050847457,0.2428571428571428,0.1111111111111111,0.0,0.3793103448275862,34,0.0,70.0,2.0588235294117645,0.0,79.7,2.3441176470588236
25,25,15,2022-12-16,25-243,MIN,@,OKC,W (+2),0,6:56,0.0,2.0,.000,0.0,2.0,.000,0,0.0,,0.0,0.0,0.0,1.0,0.0,0.0,0.0,0.0,0.0,-0.7,+4,0.0,0.0,,12,12,1,8,2,9,11,9,9,8,10,11,2,2,9,11,56.0,64.0,7.0,41.0,66.0,52.0,70.0,55.0,56.0,41.0,67.0,73.0,6.0,4.0,59.0,,76.0,68.0,0.2142857142857142,0.1875,0.1428571428571428,0.1951219512195122,0.0303030303030303,0.173076923076923,0.1571428571428571,0.1636363636363636,0.1607142857142857,0.1951219512195122,0.1492537313432835,0.1506849315068493,0.3333333333333333,0.0,0.0338983050847457,,0.1184210526315789,0.1617647058823529,9,22,19,6,22,20,5,3,1,19,10,2,11,21,2,17,6,11,79.0,52.0,25.0,79.0,65.0,43.0,15.0,29.0,69.0,28.0,67.0,38.0,68.0,59.0,70.0,54.0,29.0,29.0,0.2784810126582278,0.3653846153846153,0.24,0.2784810126582278,0.3076923076923077,0.1162790697674418,0.2,0.0344827586206896,0.2753623188405797,0.3571428571428571,0.0298507462686567,0.2894736842105263,0.3088235294117647,0.0338983050847457,0.2428571428571428,0.1111111111111111,0.0,0.3793103448275862,34,-1.0,68.0,2.0,-0.7,67.3,1.9794117647058822
26,26,16,2022-12-18,25-245,MIN,,CHI,W (+24),0,1:45,0.0,0.0,,0.0,0.0,,0,0.0,,0.0,0.0,0.0,1.0,0.0,0.0,0.0,0.0,0.0,0.7,+6,0.0,0.0,,12,12,1,8,2,9,11,9,9,8,10,11,2,2,9,11,56.0,64.0,7.0,41.0,66.0,52.0,70.0,55.0,56.0,41.0,67.0,73.0,6.0,4.0,59.0,,76.0,68.0,0.2142857142857142,0.1875,0.1428571428571428,0.1951219512195122,0.0303030303030303,0.173076923076923,0.1571428571428571,0.1636363636363636,0.1607142857142857,0.1951219512195122,0.1492537313432835,0.1506849315068493,0.3333333333333333,0.0,0.0338983050847457,,0.1184210526315789,0.1617647058823529,9,22,19,6,22,20,5,3,1,19,10,2,11,21,2,17,6,11,79.0,52.0,25.0,79.0,65.0,43.0,15.0,29.0,69.0,28.0,67.0,38.0,68.0,59.0,70.0,54.0,29.0,29.0,0.2784810126582278,0.3653846153846153,0.24,0.2784810126582278,0.3076923076923077,0.1162790697674418,0.2,0.0344827586206896,0.2753623188405797,0.3571428571428571,0.0298507462686567,0.2894736842105263,0.3088235294117647,0.0338983050847457,0.2428571428571428,0.1111111111111111,0.0,0.3793103448275862,34,1.0,56.0,1.6470588235294117,0.7,71.30000000000001,2.0970588235294123
27,27,17,2022-12-19,25-246,MIN,,DAL,W (+10),0,0:53,0.0,0.0,,0.0,0.0,,0,0.0,,0.0,0.0,0.0,0.0,0.0,0.0,0.0,0.0,0.0,0.0,-4,0.0,0.0,,12,12,1,8,2,9,11,9,9,8,10,11,2,2,9,11,56.0,64.0,7.0,41.0,66.0,52.0,70.0,55.0,56.0,41.0,67.0,73.0,6.0,4.0,59.0,,76.0,68.0,0.2142857142857142,0.1875,0.1428571428571428,0.1951219512195122,0.0303030303030303,0.173076923076923,0.1571428571428571,0.1636363636363636,0.1607142857142857,0.1951219512195122,0.1492537313432835,0.1506849315068493,0.3333333333333333,0.0,0.0338983050847457,,0.1184210526315789,0.1617647058823529,9,22,19,6,22,20,5,3,1,19,10,2,11,21,2,17,6,11,79.0,52.0,25.0,79.0,65.0,43.0,15.0,29.0,69.0,28.0,67.0,38.0,68.0,59.0,70.0,54.0,29.0,29.0,0.2784810126582278,0.3653846153846153,0.24,0.2784810126582278,0.3076923076923077,0.1162790697674418,0.2,0.0344827586206896,0.2753623188405797,0.3571428571428571,0.0298507462686567,0.2894736842105263,0.3088235294117647,0.0338983050847457,0.2428571428571428,0.1111111111111111,0.0,0.3793103448275862,34,0.0,69.0,2.0294117647058822,0.0,77.2,2.2705882352941176
28,28,,2022-12-21,25-248,MIN,,DAL,L (-5),Did Not Play,Did Not Play,0.0,0.0,Did Not Play,,,Did Not Play,Did Not Play,0.0,Did Not Play,0.0,0.0,,0.0,0.0,0.0,0.0,0.0,0.0,Did Not Play,Did Not Play,,,,12,12,1,8,2,9,11,9,9,8,10,11,2,2,9,11,56.0,64.0,7.0,41.0,66.0,52.0,70.0,55.0,56.0,41.0,67.0,73.0,6.0,4.0,59.0,,76.0,68.0,0.2142857142857142,0.1875,0.1428571428571428,0.1951219512195122,0.0303030303030303,0.173076923076923,0.1571428571428571,0.1636363636363636,0.1607142857142857,0.1951219512195122,0.1492537313432835,0.1506849315068493,0.3333333333333333,0.0,0.0338983050847457,,0.1184210526315789,0.1617647058823529,9,22,19,6,22,20,5,3,1,19,10,2,11,21,2,17,6,11,79.0,52.0,25.0,79.0,65.0,43.0,15.0,29.0,69.0,28.0,67.0,38.0,68.0,59.0,70.0,54.0,29.0,29.0,0.2784810126582278,0.3653846153846153,0.24,0.2784810126582278,0.3076923076923077,0.1162790697674418,0.2,0.0344827586206896,0.2753623188405797,0.3571428571428571,0.0298507462686567,0.2894736842105263,0.3088235294117647,0.0338983050847457,0.2428571428571428,0.1111111111111111,0.0,0.3793103448275862,34,,59.0,1.7352941176470589,0.0,71.2,2.0941176470588236
29,29,18,2022-12-23,25-250,MIN,@,BOS,L (-12),0,1:12,0.0,0.0,,0.0,0.0,,0,0.0,,0.0,0.0,0.0,1.0,0.0,0.0,0.0,0.0,0.0,0.7,+4,0.0,0.0,,12,12,1,8,2,9,11,9,9,8,10,11,2,2,9,11,56.0,64.0,7.0,41.0,66.0,52.0,70.0,55.0,56.0,41.0,67.0,73.0,6.0,4.0,59.0,,76.0,68.0,0.2142857142857142,0.1875,0.1428571428571428,0.1951219512195122,0.0303030303030303,0.173076923076923,0.1571428571428571,0.1636363636363636,0.1607142857142857,0.1951219512195122,0.1492537313432835,0.1506849315068493,0.3333333333333333,0.0,0.0338983050847457,,0.1184210526315789,0.1617647058823529,9,22,19,6,22,20,5,3,1,19,10,2,11,21,2,17,6,11,79.0,52.0,25.0,79.0,65.0,43.0,15.0,29.0,69.0,28.0,67.0,38.0,68.0,59.0,70.0,54.0,29.0,29.0,0.2784810126582278,0.3653846153846153,0.24,0.2784810126582278,0.3076923076923077,0.1162790697674418,0.2,0.0344827586206896,0.2753623188405797,0.3571428571428571,0.0298507462686567,0.2894736842105263,0.3088235294117647,0.0338983050847457,0.2428571428571428,0.1111111111111111,0.0,0.3793103448275862,34,1.0,79.0,2.323529411764706,0.7,102.6,3.0176470588235293
30,30,19,2022-12-26,25-253,MIN,@,MIA,L (-3),0,13:57,2.0,4.0,.500,2.0,4.0,.500,0,0.0,,0.0,3.0,3.0,1.0,0.0,0.0,0.0,1.0,6.0,5.2,-4,0.0,0.0,,12,12,1,8,2,9,11,9,9,8,10,11,2,2,9,11,56.0,64.0,7.0,41.0,66.0,52.0,70.0,55.0,56.0,41.0,67.0,73.0,6.0,4.0,59.0,,76.0,68.0,0.2142857142857142,0.1875,0.1428571428571428,0.1951219512195122,0.0303030303030303,0.173076923076923,0.1571428571428571,0.1636363636363636,0.1607142857142857,0.1951219512195122,0.1492537313432835,0.1506849315068493,0.3333333333333333,0.0,0.0338983050847457,,0.1184210526315789,0.1617647058823529,9,22,19,6,22,20,5,3,1,19,10,2,11,21,2,17,6,11,79.0,52.0,25.0,79.0,65.0,43.0,15.0,29.0,69.0,28.0,67.0,38.0,68.0,59.0,70.0,54.0,29.0,29.0,0.2784810126582278,0.3653846153846153,0.24,0.2784810126582278,0.3076923076923077,0.1162790697674418,0.2,0.0344827586206896,0.2753623188405797,0.3571428571428571,0.0298507462686567,0.2894736842105263,0.3088235294117647,0.0338983050847457,0.2428571428571428,0.1111111111111111,0.0,0.3793103448275862,34,6.0,116.0,3.411764705882353,5.199999999999998,128.3,3.7735294117647062
31,31,,2022-12-28,25-255,MIN,@,NOP,L (-1),Did Not Play,Did Not Play,0.0,0.0,Did Not Play,,,Did Not Play,Did Not Play,0.0,Did Not Play,0.0,0.0,,0.0,0.0,0.0,0.0,0.0,0.0,Did Not Play,Did Not Play,,,,12,12,1,8,2,9,11,9,9,8,10,11,2,2,9,11,56.0,64.0,7.0,41.0,66.0,52.0,70.0,55.0,56.0,41.0,67.0,73.0,6.0,4.0,59.0,,76.0,68.0,0.2142857142857142,0.1875,0.1428571428571428,0.1951219512195122,0.0303030303030303,0.173076923076923,0.1571428571428571,0.1636363636363636,0.1607142857142857,0.1951219512195122,0.1492537313432835,0.1506849315068493,0.3333333333333333,0.0,0.0338983050847457,,0.1184210526315789,0.1617647058823529,9,22,19,6,22,20,5,3,1,19,10,2,11,21,2,17,6,11,79.0,52.0,25.0,79.0,65.0,43.0,15.0,29.0,69.0,28.0,67.0,38.0,68.0,59.0,70.0,54.0,29.0,29.0,0.2784810126582278,0.3653846153846153,0.24,0.2784810126582278,0.3076923076923077,0.1162790697674418,0.2,0.0344827586206896,0.2753623188405797,0.3571428571428571,0.0298507462686567,0.2894736842105263,0.3088235294117647,0.0338983050847457,0.2428571428571428,0.1111111111111111,0.0,0.3793103448275862,34,,67.0,1.9705882352941173,0.0,82.29999999999998,2.420588235294117
32,32,20,2022-12-30,25-257,MIN,@,MIL,L (-9),0,17:18,3.0,10.0,.300,2.0,6.0,.333,2,2.0,1.000,2.0,2.0,4.0,0.0,0.0,0.0,1.0,1.0,10.0,4.8,+7,4.0,1.0,0.25,12,12,1,8,2,9,11,9,9,8,10,11,2,2,9,11,56.0,64.0,7.0,41.0,66.0,52.0,70.0,55.0,56.0,41.0,67.0,73.0,6.0,4.0,59.0,,76.0,68.0,0.2142857142857142,0.1875,0.1428571428571428,0.1951219512195122,0.0303030303030303,0.173076923076923,0.1571428571428571,0.1636363636363636,0.1607142857142857,0.1951219512195122,0.1492537313432835,0.1506849315068493,0.3333333333333333,0.0,0.0338983050847457,,0.1184210526315789,0.1617647058823529,9,22,19,6,22,20,5,3,1,19,10,2,11,21,2,17,6,11,79.0,52.0,25.0,79.0,65.0,43.0,15.0,29.0,69.0,28.0,67.0,38.0,68.0,59.0,70.0,54.0,29.0,29.0,0.2784810126582278,0.3653846153846153,0.24,0.2784810126582278,0.3076923076923077,0.1162790697674418,0.2,0.0344827586206896,0.2753623188405797,0.3571428571428571,0.0298507462686567,0.2894736842105263,0.3088235294117647,0.0338983050847457,0.2428571428571428,0.1111111111111111,0.0,0.3793103448275862,34,1.0,67.0,1.9705882352941173,3.999999999999999,79.20000000000002,2.329411764705883
33,33,21,2022-12-31,25-258,MIN,,DET,L (-12),0,11:23,1.0,4.0,.250,0.0,3.0,.000,0,0.0,,0.0,0.0,0.0,0.0,1.0,1.0,1.0,0.0,2.0,0.3,-2,1.0,1.0,1.0,12,12,1,8,2,9,11,9,9,8,10,11,2,2,9,11,56.0,64.0,7.0,41.0,66.0,52.0,70.0,55.0,56.0,41.0,67.0,73.0,6.0,4.0,59.0,,76.0,68.0,0.2142857142857142,0.1875,0.1428571428571428,0.1951219512195122,0.0303030303030303,0.173076923076923,0.1571428571428571,0.1636363636363636,0.1607142857142857,0.1951219512195122,0.1492537313432835,0.1506849315068493,0.3333333333333333,0.0,0.0338983050847457,,0.1184210526315789,0.1617647058823529,9,22,19,6,22,20,5,3,1,19,10,2,11,21,2,17,6,11,79.0,52.0,25.0,79.0,65.0,43.0,15.0,29.0,69.0,28.0,67.0,38.0,68.0,59.0,70.0,54.0,29.0,29.0,0.2784810126582278,0.3653846153846153,0.24,0.2784810126582278,0.3076923076923077,0.1162790697674418,0.2,0.0344827586206896,0.2753623188405797,0.3571428571428571,0.0298507462686567,0.2894736842105263,0.3088235294117647,0.0338983050847457,0.2428571428571428,0.1111111111111111,0.0,0.3793103448275862,34,-1.0,61.0,1.7941176470588236,0.2999999999999998,66.39999999999999,1.952941176470588
34,34,22,2023-01-02,25-260,MIN,,DEN,W (+13),0,21:04,2.0,5.0,.400,1.0,4.0,.250,0,0.0,,0.0,0.0,0.0,0.0,0.0,0.0,1.0,0.0,5.0,1.3,+5,1.0,1.0,1.0,12,12,1,8,2,9,11,9,9,8,10,11,2,2,9,11,56.0,64.0,7.0,41.0,66.0,52.0,70.0,55.0,56.0,41.0,67.0,73.0,6.0,4.0,59.0,,76.0,68.0,0.2142857142857142,0.1875,0.1428571428571428,0.1951219512195122,0.0303030303030303,0.173076923076923,0.1571428571428571,0.1636363636363636,0.1607142857142857,0.1951219512195122,0.1492537313432835,0.1506849315068493,0.3333333333333333,0.0,0.0338983050847457,,0.1184210526315789,0.1617647058823529,9,22,19,6,22,20,5,3,1,19,10,2,11,21,2,17,6,11,79.0,52.0,25.0,79.0,65.0,43.0,15.0,29.0,69.0,28.0,67.0,38.0,68.0,59.0,70.0,54.0,29.0,29.0,0.2784810126582278,0.3653846153846153,0.24,0.2784810126582278,0.3076923076923077,0.1162790697674418,0.2,0.0344827586206896,0.2753623188405797,0.3571428571428571,0.0298507462686567,0.2894736842105263,0.3088235294117647,0.0338983050847457,0.2428571428571428,0.1111111111111111,0.0,0.3793103448275862,34,-1.0,77.0,2.264705882352941,1.2999999999999998,80.89999999999999,2.379411764705882
35,35,,2023-01-04,25-262,MIN,,POR,W (+7),Did Not Play,Did Not Play,0.0,0.0,Did Not Play,,,Did Not Play,Did Not Play,0.0,Did Not Play,0.0,0.0,,0.0,0.0,0.0,0.0,0.0,0.0,Did Not Play,Did Not Play,,,,12,12,1,8,2,9,11,9,9,8,10,11,2,2,9,11,56.0,64.0,7.0,41.0,66.0,52.0,70.0,55.0,56.0,41.0,67.0,73.0,6.0,4.0,59.0,,76.0,68.0,0.2142857142857142,0.1875,0.1428571428571428,0.1951219512195122,0.0303030303030303,0.173076923076923,0.1571428571428571,0.1636363636363636,0.1607142857142857,0.1951219512195122,0.1492537313432835,0.1506849315068493,0.3333333333333333,0.0,0.0338983050847457,,0.1184210526315789,0.1617647058823529,9,22,19,6,22,20,5,3,1,19,10,2,11,21,2,17,6,11,79.0,52.0,25.0,79.0,65.0,43.0,15.0,29.0,69.0,28.0,67.0,38.0,68.0,59.0,70.0,54.0,29.0,29.0,0.2784810126582278,0.3653846153846153,0.24,0.2784810126582278,0.3076923076923077,0.1162790697674418,0.2,0.0344827586206896,0.2753623188405797,0.3571428571428571,0.0298507462686567,0.2894736842105263,0.3088235294117647,0.0338983050847457,0.2428571428571428,0.1111111111111111,0.0,0.3793103448275862,34,,63.0,1.8529411764705883,0.0,74.79999999999998,2.1999999999999993
36,36,23,2023-01-06,25-264,MIN,,LAC,W (+13),0,2:30,1.0,1.0,1.000,1.0,1.0,1.000,0,0.0,,0.0,0.0,0.0,0.0,0.0,0.0,0.0,0.0,3.0,2.7,-4,0.0,0.0,,12,12,1,8,2,9,11,9,9,8,10,11,2,2,9,11,56.0,64.0,7.0,41.0,66.0,52.0,70.0,55.0,56.0,41.0,67.0,73.0,6.0,4.0,59.0,,76.0,68.0,0.2142857142857142,0.1875,0.1428571428571428,0.1951219512195122,0.0303030303030303,0.173076923076923,0.1571428571428571,0.1636363636363636,0.1607142857142857,0.1951219512195122,0.1492537313432835,0.1506849315068493,0.3333333333333333,0.0,0.0338983050847457,,0.1184210526315789,0.1617647058823529,9,22,19,6,22,20,5,3,1,19,10,2,11,21,2,17,6,11,79.0,52.0,25.0,79.0,65.0,43.0,15.0,29.0,69.0,28.0,67.0,38.0,68.0,59.0,70.0,54.0,29.0,29.0,0.2784810126582278,0.3653846153846153,0.24,0.2784810126582278,0.3076923076923077,0.1162790697674418,0.2,0.0344827586206896,0.2753623188405797,0.3571428571428571,0.0298507462686567,0.2894736842105263,0.3088235294117647,0.0338983050847457,0.2428571428571428,0.1111111111111111,0.0,0.3793103448275862,34,2.0,61.0,1.7941176470588236,2.7,82.10000000000001,2.4147058823529415
37,37,,2023-01-08,25-266,MIN,@,HOU,W (+8),Did Not Play,Did Not Play,0.0,0.0,Did Not Play,,,Did Not Play,Did Not Play,0.0,Did Not Play,0.0,0.0,,0.0,0.0,0.0,0.0,0.0,0.0,Did Not Play,Did Not Play,,,,12,12,1,8,2,9,11,9,9,8,10,11,2,2,9,11,56.0,64.0,7.0,41.0,66.0,52.0,70.0,55.0,56.0,41.0,67.0,73.0,6.0,4.0,59.0,,76.0,68.0,0.2142857142857142,0.1875,0.1428571428571428,0.1951219512195122,0.0303030303030303,0.173076923076923,0.1571428571428571,0.1636363636363636,0.1607142857142857,0.1951219512195122,0.1492537313432835,0.1506849315068493,0.3333333333333333,0.0,0.0338983050847457,,0.1184210526315789,0.1617647058823529,9,22,19,6,22,20,5,3,1,19,10,2,11,21,2,17,6,11,79.0,52.0,25.0,79.0,65.0,43.0,15.0,29.0,69.0,28.0,67.0,38.0,68.0,59.0,70.0,54.0,29.0,29.0,0.2784810126582278,0.3653846153846153,0.24,0.2784810126582278,0.3076923076923077,0.1162790697674418,0.2,0.0344827586206896,0.2753623188405797,0.3571428571428571,0.0298507462686567,0.2894736842105263,0.3088235294117647,0.0338983050847457,0.2428571428571428,0.1111111111111111,0.0,0.3793103448275862,34,,51.0,1.5,0.0,53.6,1.576470588235294
38,38,24,2023-01-11,25-269,MIN,@,DET,L (-17),0,9:53,2.0,3.0,.667,2.0,2.0,1.000,2,2.0,1.000,0.0,0.0,0.0,0.0,0.0,0.0,0.0,2.0,8.0,5.9,-1,1.0,0.0,0.0,12,12,1,8,2,9,11,9,9,8,10,11,2,2,9,11,56.0,64.0,7.0,41.0,66.0,52.0,70.0,55.0,56.0,41.0,67.0,73.0,6.0,4.0,59.0,,76.0,68.0,0.2142857142857142,0.1875,0.1428571428571428,0.1951219512195122,0.0303030303030303,0.173076923076923,0.1571428571428571,0.1636363636363636,0.1607142857142857,0.1951219512195122,0.1492537313432835,0.1506849315068493,0.3333333333333333,0.0,0.0338983050847457,,0.1184210526315789,0.1617647058823529,9,22,19,6,22,20,5,3,1,19,10,2,11,21,2,17,6,11,79.0,52.0,25.0,79.0,65.0,43.0,15.0,29.0,69.0,28.0,67.0,38.0,68.0,59.0,70.0,54.0,29.0,29.0,0.2784810126582278,0.3653846153846153,0.24,0.2784810126582278,0.3076923076923077,0.1162790697674418,0.2,0.0344827586206896,0.2753623188405797,0.3571428571428571,0.0298507462686567,0.2894736842105263,0.3088235294117647,0.0338983050847457,0.2428571428571428,0.1111111111111111,0.0,0.3793103448275862,34,3.0,89.0,2.617647058823529,5.100000000000001,107.1,3.15
39,39,,2023-01-13,25-271,MIN,,PHO,W (+5),Did Not Play,Did Not Play,0.0,0.0,Did Not Play,,,Did Not Play,Did Not Play,0.0,Did Not Play,0.0,0.0,,0.0,0.0,0.0,0.0,0.0,0.0,Did Not Play,Did Not Play,,,,12,12,1,8,2,9,11,9,9,8,10,11,2,2,9,11,56.0,64.0,7.0,41.0,66.0,52.0,70.0,55.0,56.0,41.0,67.0,73.0,6.0,4.0,59.0,,76.0,68.0,0.2142857142857142,0.1875,0.1428571428571428,0.1951219512195122,0.0303030303030303,0.173076923076923,0.1571428571428571,0.1636363636363636,0.1607142857142857,0.1951219512195122,0.1492537313432835,0.1506849315068493,0.3333333333333333,0.0,0.0338983050847457,,0.1184210526315789,0.1617647058823529,9,22,19,6,22,20,5,3,1,19,10,2,11,21,2,17,6,11,79.0,52.0,25.0,79.0,65.0,43.0,15.0,29.0,69.0,28.0,67.0,38.0,68.0,59.0,70.0,54.0,29.0,29.0,0.2784810126582278,0.3653846153846153,0.24,0.2784810126582278,0.3076923076923077,0.1162790697674418,0.2,0.0344827586206896,0.2753623188405797,0.3571428571428571,0.0298507462686567,0.2894736842105263,0.3088235294117647,0.0338983050847457,0.2428571428571428,0.1111111111111111,0.0,0.3793103448275862,34,,60.0,1.7647058823529411,0.0,74.5,2.1911764705882355
40,40,,2023-01-14,25-272,MIN,,CLE,W (+8),Did Not Play,Did Not Play,0.0,0.0,Did Not Play,,,Did Not Play,Did Not Play,0.0,Did Not Play,0.0,0.0,,0.0,0.0,0.0,0.0,0.0,0.0,Did Not Play,Did Not Play,,,,12,12,1,8,2,9,11,9,9,8,10,11,2,2,9,11,56.0,64.0,7.0,41.0,66.0,52.0,70.0,55.0,56.0,41.0,67.0,73.0,6.0,4.0,59.0,,76.0,68.0,0.2142857142857142,0.1875,0.1428571428571428,0.1951219512195122,0.0303030303030303,0.173076923076923,0.1571428571428571,0.1636363636363636,0.1607142857142857,0.1951219512195122,0.1492537313432835,0.1506849315068493,0.3333333333333333,0.0,0.0338983050847457,,0.1184210526315789,0.1617647058823529,9,22,19,6,22,20,5,3,1,19,10,2,11,21,2,17,6,11,79.0,52.0,25.0,79.0,65.0,43.0,15.0,29.0,69.0,28.0,67.0,38.0,68.0,59.0,70.0,54.0,29.0,29.0,0.2784810126582278,0.3653846153846153,0.24,0.2784810126582278,0.3076923076923077,0.1162790697674418,0.2,0.0344827586206896,0.2753623188405797,0.3571428571428571,0.0298507462686567,0.2894736842105263,0.3088235294117647,0.0338983050847457,0.2428571428571428,0.1111111111111111,0.0,0.3793103448275862,34,,78.0,2.294117647058824,0.0,92.29999999999998,2.714705882352941
41,Rk,G,Date,Age,Tm,,Opp,,GS,MP,0.0,0.0,FG%,,,3P%,FT,0.0,FT%,0.0,0.0,,0.0,0.0,0.0,0.0,0.0,0.0,GmSc,+/-,,,,12,12,1,8,2,9,11,9,9,8,10,11,2,2,9,11,56.0,64.0,7.0,41.0,66.0,52.0,70.0,55.0,56.0,41.0,67.0,73.0,6.0,4.0,59.0,,76.0,68.0,0.2142857142857142,0.1875,0.1428571428571428,0.1951219512195122,0.0303030303030303,0.173076923076923,0.1571428571428571,0.1636363636363636,0.1607142857142857,0.1951219512195122,0.1492537313432835,0.1506849315068493,0.3333333333333333,0.0,0.0338983050847457,,0.1184210526315789,0.1617647058823529,9,22,19,6,22,20,5,3,1,19,10,2,11,21,2,17,6,11,79.0,52.0,25.0,79.0,65.0,43.0,15.0,29.0,69.0,28.0,67.0,38.0,68.0,59.0,70.0,54.0,29.0,29.0,0.2784810126582278,0.3653846153846153,0.24,0.2784810126582278,0.3076923076923077,0.1162790697674418,0.2,0.0344827586206896,0.2753623188405797,0.3571428571428571,0.0298507462686567,0.2894736842105263,0.3088235294117647,0.0338983050847457,0.2428571428571428,0.1111111111111111,0.0,0.3793103448275862,34,,0.0,0.0,0.0,0.0,0.0
42,41,,2023-01-16,25-274,MIN,,UTA,L (-1),Did Not Play,Did Not Play,0.0,0.0,Did Not Play,,,Did Not Play,Did Not Play,0.0,Did Not Play,0.0,0.0,,0.0,0.0,0.0,0.0,0.0,0.0,Did Not Play,Did Not Play,,,,12,12,1,8,2,9,11,9,9,8,10,11,2,2,9,11,56.0,64.0,7.0,41.0,66.0,52.0,70.0,55.0,56.0,41.0,67.0,73.0,6.0,4.0,59.0,,76.0,68.0,0.2142857142857142,0.1875,0.1428571428571428,0.1951219512195122,0.0303030303030303,0.173076923076923,0.1571428571428571,0.1636363636363636,0.1607142857142857,0.1951219512195122,0.1492537313432835,0.1506849315068493,0.3333333333333333,0.0,0.0338983050847457,,0.1184210526315789,0.1617647058823529,9,22,19,6,22,20,5,3,1,19,10,2,11,21,2,17,6,11,79.0,52.0,25.0,79.0,65.0,43.0,15.0,29.0,69.0,28.0,67.0,38.0,68.0,59.0,70.0,54.0,29.0,29.0,0.2784810126582278,0.3653846153846153,0.24,0.2784810126582278,0.3076923076923077,0.1162790697674418,0.2,0.0344827586206896,0.2753623188405797,0.3571428571428571,0.0298507462686567,0.2894736842105263,0.3088235294117647,0.0338983050847457,0.2428571428571428,0.1111111111111111,0.0,0.3793103448275862,34,,68.0,2.0,0.0,71.99999999999999,2.117647058823529
43,42,,2023-01-18,25-276,MIN,@,DEN,L (-4),Did Not Play,Did Not Play,0.0,0.0,Did Not Play,,,Did Not Play,Did Not Play,0.0,Did Not Play,0.0,0.0,,0.0,0.0,0.0,0.0,0.0,0.0,Did Not Play,Did Not Play,,,,12,12,1,8,2,9,11,9,9,8,10,11,2,2,9,11,56.0,64.0,7.0,41.0,66.0,52.0,70.0,55.0,56.0,41.0,67.0,73.0,6.0,4.0,59.0,,76.0,68.0,0.2142857142857142,0.1875,0.1428571428571428,0.1951219512195122,0.0303030303030303,0.173076923076923,0.1571428571428571,0.1636363636363636,0.1607142857142857,0.1951219512195122,0.1492537313432835,0.1506849315068493,0.3333333333333333,0.0,0.0338983050847457,,0.1184210526315789,0.1617647058823529,9,22,19,6,22,20,5,3,1,19,10,2,11,21,2,17,6,11,79.0,52.0,25.0,79.0,65.0,43.0,15.0,29.0,69.0,28.0,67.0,38.0,68.0,59.0,70.0,54.0,29.0,29.0,0.2784810126582278,0.3653846153846153,0.24,0.2784810126582278,0.3076923076923077,0.1162790697674418,0.2,0.0344827586206896,0.2753623188405797,0.3571428571428571,0.0298507462686567,0.2894736842105263,0.3088235294117647,0.0338983050847457,0.2428571428571428,0.1111111111111111,0.0,0.3793103448275862,34,,52.0,1.5294117647058822,0.0,68.0,2.0
44,43,25,2023-01-19,25-277,MIN,,TOR,W (+2),0,5:49,1.0,2.0,.500,1.0,2.0,.500,0,0.0,,0.0,1.0,1.0,2.0,0.0,0.0,0.0,0.0,3.0,3.7,-3,0.0,0.0,,12,12,1,8,2,9,11,9,9,8,10,11,2,2,9,11,56.0,64.0,7.0,41.0,66.0,52.0,70.0,55.0,56.0,41.0,67.0,73.0,6.0,4.0,59.0,,76.0,68.0,0.2142857142857142,0.1875,0.1428571428571428,0.1951219512195122,0.0303030303030303,0.173076923076923,0.1571428571428571,0.1636363636363636,0.1607142857142857,0.1951219512195122,0.1492537313432835,0.1506849315068493,0.3333333333333333,0.0,0.0338983050847457,,0.1184210526315789,0.1617647058823529,9,22,19,6,22,20,5,3,1,19,10,2,11,21,2,17,6,11,79.0,52.0,25.0,79.0,65.0,43.0,15.0,29.0,69.0,28.0,67.0,38.0,68.0,59.0,70.0,54.0,29.0,29.0,0.2784810126582278,0.3653846153846153,0.24,0.2784810126582278,0.3076923076923077,0.1162790697674418,0.2,0.0344827586206896,0.2753623188405797,0.3571428571428571,0.0298507462686567,0.2894736842105263,0.3088235294117647,0.0338983050847457,0.2428571428571428,0.1111111111111111,0.0,0.3793103448275862,34,4.0,83.0,2.4411764705882355,3.7,95.09999999999998,2.797058823529411
45,44,,2023-01-21,25-279,MIN,,HOU,W (+9),Did Not Play,Did Not Play,0.0,0.0,Did Not Play,,,Did Not Play,Did Not Play,0.0,Did Not Play,0.0,0.0,,0.0,0.0,0.0,0.0,0.0,0.0,Did Not Play,Did Not Play,,,,12,12,1,8,2,9,11,9,9,8,10,11,2,2,9,11,56.0,64.0,7.0,41.0,66.0,52.0,70.0,55.0,56.0,41.0,67.0,73.0,6.0,4.0,59.0,,76.0,68.0,0.2142857142857142,0.1875,0.1428571428571428,0.1951219512195122,0.0303030303030303,0.173076923076923,0.1571428571428571,0.1636363636363636,0.1607142857142857,0.1951219512195122,0.1492537313432835,0.1506849315068493,0.3333333333333333,0.0,0.0338983050847457,,0.1184210526315789,0.1617647058823529,9,22,19,6,22,20,5,3,1,19,10,2,11,21,2,17,6,11,79.0,52.0,25.0,79.0,65.0,43.0,15.0,29.0,69.0,28.0,67.0,38.0,68.0,59.0,70.0,54.0,29.0,29.0,0.2784810126582278,0.3653846153846153,0.24,0.2784810126582278,0.3076923076923077,0.1162790697674418,0.2,0.0344827586206896,0.2753623188405797,0.3571428571428571,0.0298507462686567,0.2894736842105263,0.3088235294117647,0.0338983050847457,0.2428571428571428,0.1111111111111111,0.0,0.3793103448275862,34,,76.0,2.235294117647059,0.0,94.8,2.788235294117647
46,45,26,2023-01-23,25-281,MIN,@,HOU,L (-5),0,6:42,1.0,3.0,.333,1.0,3.0,.333,0,0.0,,0.0,1.0,1.0,0.0,0.0,0.0,0.0,1.0,3.0,1.2,+2,0.0,0.0,,12,12,1,8,2,9,11,9,9,8,10,11,2,2,9,11,56.0,64.0,7.0,41.0,66.0,52.0,70.0,55.0,56.0,41.0,67.0,73.0,6.0,4.0,59.0,,76.0,68.0,0.2142857142857142,0.1875,0.1428571428571428,0.1951219512195122,0.0303030303030303,0.173076923076923,0.1571428571428571,0.1636363636363636,0.1607142857142857,0.1951219512195122,0.1492537313432835,0.1506849315068493,0.3333333333333333,0.0,0.0338983050847457,,0.1184210526315789,0.1617647058823529,9,22,19,6,22,20,5,3,1,19,10,2,11,21,2,17,6,11,79.0,52.0,25.0,79.0,65.0,43.0,15.0,29.0,69.0,28.0,67.0,38.0,68.0,59.0,70.0,54.0,29.0,29.0,0.2784810126582278,0.3653846153846153,0.24,0.2784810126582278,0.3076923076923077,0.1162790697674418,0.2,0.0344827586206896,0.2753623188405797,0.3571428571428571,0.0298507462686567,0.2894736842105263,0.3088235294117647,0.0338983050847457,0.2428571428571428,0.1111111111111111,0.0,0.3793103448275862,34,1.0,73.0,2.147058823529412,1.2000000000000002,84.4,2.4823529411764707
47,46,27,2023-01-25,25-283,MIN,@,NOP,W (+9),0,9:00,1.0,2.0,.500,1.0,2.0,.500,0,0.0,,0.0,0.0,0.0,0.0,0.0,0.0,0.0,1.0,3.0,1.6,+4,0.0,0.0,,12,12,1,8,2,9,11,9,9,8,10,11,2,2,9,11,56.0,64.0,7.0,41.0,66.0,52.0,70.0,55.0,56.0,41.0,67.0,73.0,6.0,4.0,59.0,,76.0,68.0,0.2142857142857142,0.1875,0.1428571428571428,0.1951219512195122,0.0303030303030303,0.173076923076923,0.1571428571428571,0.1636363636363636,0.1607142857142857,0.1951219512195122,0.1492537313432835,0.1506849315068493,0.3333333333333333,0.0,0.0338983050847457,,0.1184210526315789,0.1617647058823529,9,22,19,6,22,20,5,3,1,19,10,2,11,21,2,17,6,11,79.0,52.0,25.0,79.0,65.0,43.0,15.0,29.0,69.0,28.0,67.0,38.0,68.0,59.0,70.0,54.0,29.0,29.0,0.2784810126582278,0.3653846153846153,0.24,0.2784810126582278,0.3076923076923077,0.1162790697674418,0.2,0.0344827586206896,0.2753623188405797,0.3571428571428571,0.0298507462686567,0.2894736842105263,0.3088235294117647,0.0338983050847457,0.2428571428571428,0.1111111111111111,0.0,0.3793103448275862,34,1.0,84.0,2.4705882352941178,1.6,97.79999999999998,2.8764705882352937
48,47,,2023-01-27,25-285,MIN,,MEM,W (+11),Inactive,Inactive,0.0,0.0,Inactive,,,Inactive,Inactive,0.0,Inactive,0.0,0.0,,0.0,0.0,0.0,0.0,0.0,0.0,Inactive,Inactive,,,,12,12,1,8,2,9,11,9,9,8,10,11,2,2,9,11,56.0,64.0,7.0,41.0,66.0,52.0,70.0,55.0,56.0,41.0,67.0,73.0,6.0,4.0,59.0,,76.0,68.0,0.2142857142857142,0.1875,0.1428571428571428,0.1951219512195122,0.0303030303030303,0.173076923076923,0.1571428571428571,0.1636363636363636,0.1607142857142857,0.1951219512195122,0.1492537313432835,0.1506849315068493,0.3333333333333333,0.0,0.0338983050847457,,0.1184210526315789,0.1617647058823529,9,22,19,6,22,20,5,3,1,19,10,2,11,21,2,17,6,11,79.0,52.0,25.0,79.0,65.0,43.0,15.0,29.0,69.0,28.0,67.0,38.0,68.0,59.0,70.0,54.0,29.0,29.0,0.2784810126582278,0.3653846153846153,0.24,0.2784810126582278,0.3076923076923077,0.1162790697674418,0.2,0.0344827586206896,0.2753623188405797,0.3571428571428571,0.0298507462686567,0.2894736842105263,0.3088235294117647,0.0338983050847457,0.2428571428571428,0.1111111111111111,0.0,0.3793103448275862,34,,91.0,2.676470588235294,0.0,99.79999999999998,2.935294117647058
49,48,,2023-01-28,25-286,MIN,,SAC,W (+7),Inactive,Inactive,0.0,0.0,Inactive,,,Inactive,Inactive,0.0,Inactive,0.0,0.0,,0.0,0.0,0.0,0.0,0.0,0.0,Inactive,Inactive,,,,12,12,1,8,2,9,11,9,9,8,10,11,2,2,9,11,56.0,64.0,7.0,41.0,66.0,52.0,70.0,55.0,56.0,41.0,67.0,73.0,6.0,4.0,59.0,,76.0,68.0,0.2142857142857142,0.1875,0.1428571428571428,0.1951219512195122,0.0303030303030303,0.173076923076923,0.1571428571428571,0.1636363636363636,0.1607142857142857,0.1951219512195122,0.1492537313432835,0.1506849315068493,0.3333333333333333,0.0,0.0338983050847457,,0.1184210526315789,0.1617647058823529,9,22,19,6,22,20,5,3,1,19,10,2,11,21,2,17,6,11,79.0,52.0,25.0,79.0,65.0,43.0,15.0,29.0,69.0,28.0,67.0,38.0,68.0,59.0,70.0,54.0,29.0,29.0,0.2784810126582278,0.3653846153846153,0.24,0.2784810126582278,0.3076923076923077,0.1162790697674418,0.2,0.0344827586206896,0.2753623188405797,0.3571428571428571,0.0298507462686567,0.2894736842105263,0.3088235294117647,0.0338983050847457,0.2428571428571428,0.1111111111111111,0.0,0.3793103448275862,34,,80.0,2.3529411764705883,0.0,88.39999999999999,2.5999999999999996
50,49,28,2023-01-30,25-288,MIN,,SAC,L (-7),0,3:21,0.0,0.0,,0.0,0.0,,0,0.0,,0.0,0.0,0.0,0.0,0.0,0.0,0.0,0.0,0.0,0.0,+6,0.0,0.0,,12,12,1,8,2,9,11,9,9,8,10,11,2,2,9,11,56.0,64.0,7.0,41.0,66.0,52.0,70.0,55.0,56.0,41.0,67.0,73.0,6.0,4.0,59.0,,76.0,68.0,0.2142857142857142,0.1875,0.1428571428571428,0.1951219512195122,0.0303030303030303,0.173076923076923,0.1571428571428571,0.1636363636363636,0.1607142857142857,0.1951219512195122,0.1492537313432835,0.1506849315068493,0.3333333333333333,0.0,0.0338983050847457,,0.1184210526315789,0.1617647058823529,9,22,19,6,22,20,5,3,1,19,10,2,11,21,2,17,6,11,79.0,52.0,25.0,79.0,65.0,43.0,15.0,29.0,69.0,28.0,67.0,38.0,68.0,59.0,70.0,54.0,29.0,29.0,0.2784810126582278,0.3653846153846153,0.24,0.2784810126582278,0.3076923076923077,0.1162790697674418,0.2,0.0344827586206896,0.2753623188405797,0.3571428571428571,0.0298507462686567,0.2894736842105263,0.3088235294117647,0.0338983050847457,0.2428571428571428,0.1111111111111111,0.0,0.3793103448275862,34,0.0,54.0,1.588235294117647,0.0,60.10000000000001,1.7676470588235296
51,50,,2023-02-01,25-290,MIN,,GSW,W (+5),Did Not Play,Did Not Play,0.0,0.0,Did Not Play,,,Did Not Play,Did Not Play,0.0,Did Not Play,0.0,0.0,,0.0,0.0,0.0,0.0,0.0,0.0,Did Not Play,Did Not Play,,,,12,12,1,8,2,9,11,9,9,8,10,11,2,2,9,11,56.0,64.0,7.0,41.0,66.0,52.0,70.0,55.0,56.0,41.0,67.0,73.0,6.0,4.0,59.0,,76.0,68.0,0.2142857142857142,0.1875,0.1428571428571428,0.1951219512195122,0.0303030303030303,0.173076923076923,0.1571428571428571,0.1636363636363636,0.1607142857142857,0.1951219512195122,0.1492537313432835,0.1506849315068493,0.3333333333333333,0.0,0.0338983050847457,,0.1184210526315789,0.1617647058823529,9,22,19,6,22,20,5,3,1,19,10,2,11,21,2,17,6,11,79.0,52.0,25.0,79.0,65.0,43.0,15.0,29.0,69.0,28.0,67.0,38.0,68.0,59.0,70.0,54.0,29.0,29.0,0.2784810126582278,0.3653846153846153,0.24,0.2784810126582278,0.3076923076923077,0.1162790697674418,0.2,0.0344827586206896,0.2753623188405797,0.3571428571428571,0.0298507462686567,0.2894736842105263,0.3088235294117647,0.0338983050847457,0.2428571428571428,0.1111111111111111,0.0,0.3793103448275862,34,,65.0,1.911764705882353,0.0,80.9,2.3794117647058823
52,51,29,2023-02-03,25-292,MIN,,ORL,L (-7),0,15:07,3.0,6.0,.500,2.0,5.0,.400,0,0.0,,0.0,0.0,0.0,0.0,1.0,0.0,0.0,3.0,8.0,4.8,+5,1.0,1.0,1.0,12,12,1,8,2,9,11,9,9,8,10,11,2,2,9,11,56.0,64.0,7.0,41.0,66.0,52.0,70.0,55.0,56.0,41.0,67.0,73.0,6.0,4.0,59.0,,76.0,68.0,0.2142857142857142,0.1875,0.1428571428571428,0.1951219512195122,0.0303030303030303,0.173076923076923,0.1571428571428571,0.1636363636363636,0.1607142857142857,0.1951219512195122,0.1492537313432835,0.1506849315068493,0.3333333333333333,0.0,0.0338983050847457,,0.1184210526315789,0.1617647058823529,9,22,19,6,22,20,5,3,1,19,10,2,11,21,2,17,6,11,79.0,52.0,25.0,79.0,65.0,43.0,15.0,29.0,69.0,28.0,67.0,38.0,68.0,59.0,70.0,54.0,29.0,29.0,0.2784810126582278,0.3653846153846153,0.24,0.2784810126582278,0.3076923076923077,0.1162790697674418,0.2,0.0344827586206896,0.2753623188405797,0.3571428571428571,0.0298507462686567,0.2894736842105263,0.3088235294117647,0.0338983050847457,0.2428571428571428,0.1111111111111111,0.0,0.3793103448275862,34,3.0,91.0,2.676470588235294,4.8,90.9,2.673529411764706
53,52,30,2023-02-05,25-294,MIN,,DEN,W (+30),0,13:43,3.0,6.0,.500,2.0,5.0,.400,2,3.0,.667,0.0,0.0,0.0,1.0,0.0,0.0,0.0,3.0,10.0,6.1,-1,1.0,1.0,1.0,12,12,1,8,2,9,11,9,9,8,10,11,2,2,9,11,56.0,64.0,7.0,41.0,66.0,52.0,70.0,55.0,56.0,41.0,67.0,73.0,6.0,4.0,59.0,,76.0,68.0,0.2142857142857142,0.1875,0.1428571428571428,0.1951219512195122,0.0303030303030303,0.173076923076923,0.1571428571428571,0.1636363636363636,0.1607142857142857,0.1951219512195122,0.1492537313432835,0.1506849315068493,0.3333333333333333,0.0,0.0338983050847457,,0.1184210526315789,0.1617647058823529,9,22,19,6,22,20,5,3,1,19,10,2,11,21,2,17,6,11,79.0,52.0,25.0,79.0,65.0,43.0,15.0,29.0,69.0,28.0,67.0,38.0,68.0,59.0,70.0,54.0,29.0,29.0,0.2784810126582278,0.3653846153846153,0.24,0.2784810126582278,0.3076923076923077,0.1162790697674418,0.2,0.0344827586206896,0.2753623188405797,0.3571428571428571,0.0298507462686567,0.2894736842105263,0.3088235294117647,0.0338983050847457,0.2428571428571428,0.1111111111111111,0.0,0.3793103448275862,34,2.0,73.0,2.147058823529412,5.299999999999999,70.5,2.073529411764706
54,53,31,2023-02-07,25-296,MIN,@,DEN,L (-34),0,22:25,4.0,8.0,.500,3.0,7.0,.429,0,0.0,,0.0,2.0,2.0,4.0,0.0,0.0,1.0,1.0,11.0,9.0,-4,1.0,1.0,1.0,12,12,1,8,2,9,11,9,9,8,10,11,2,2,9,11,56.0,64.0,7.0,41.0,66.0,52.0,70.0,55.0,56.0,41.0,67.0,73.0,6.0,4.0,59.0,,76.0,68.0,0.2142857142857142,0.1875,0.1428571428571428,0.1951219512195122,0.0303030303030303,0.173076923076923,0.1571428571428571,0.1636363636363636,0.1607142857142857,0.1951219512195122,0.1492537313432835,0.1506849315068493,0.3333333333333333,0.0,0.0338983050847457,,0.1184210526315789,0.1617647058823529,9,22,19,6,22,20,5,3,1,19,10,2,11,21,2,17,6,11,79.0,52.0,25.0,79.0,65.0,43.0,15.0,29.0,69.0,28.0,67.0,38.0,68.0,59.0,70.0,54.0,29.0,29.0,0.2784810126582278,0.3653846153846153,0.24,0.2784810126582278,0.3076923076923077,0.1162790697674418,0.2,0.0344827586206896,0.2753623188405797,0.3571428571428571,0.0298507462686567,0.2894736842105263,0.3088235294117647,0.0338983050847457,0.2428571428571428,0.1111111111111111,0.0,0.3793103448275862,34,8.0,73.0,2.147058823529412,9.0,87.59999999999998,2.5764705882352934
55,54,32,2023-02-08,25-297,MIN,@,UTA,W (+25),0,4:24,0.0,0.0,,0.0,0.0,,0,0.0,,0.0,0.0,0.0,0.0,0.0,0.0,0.0,0.0,0.0,0.0,-5,0.0,0.0,,12,12,1,8,2,9,11,9,9,8,10,11,2,2,9,11,56.0,64.0,7.0,41.0,66.0,52.0,70.0,55.0,56.0,41.0,67.0,73.0,6.0,4.0,59.0,,76.0,68.0,0.2142857142857142,0.1875,0.1428571428571428,0.1951219512195122,0.0303030303030303,0.173076923076923,0.1571428571428571,0.1636363636363636,0.1607142857142857,0.1951219512195122,0.1492537313432835,0.1506849315068493,0.3333333333333333,0.0,0.0338983050847457,,0.1184210526315789,0.1617647058823529,9,22,19,6,22,20,5,3,1,19,10,2,11,21,2,17,6,11,79.0,52.0,25.0,79.0,65.0,43.0,15.0,29.0,69.0,28.0,67.0,38.0,68.0,59.0,70.0,54.0,29.0,29.0,0.2784810126582278,0.3653846153846153,0.24,0.2784810126582278,0.3076923076923077,0.1162790697674418,0.2,0.0344827586206896,0.2753623188405797,0.3571428571428571,0.0298507462686567,0.2894736842105263,0.3088235294117647,0.0338983050847457,0.2428571428571428,0.1111111111111111,0.0,0.3793103448275862,34,0.0,71.0,2.088235294117647,0.0,79.79999999999998,2.3470588235294114
56,55,,2023-02-10,25-299,MIN,@,MEM,L (-21),Inactive,Inactive,0.0,0.0,Inactive,,,Inactive,Inactive,0.0,Inactive,0.0,0.0,,0.0,0.0,0.0,0.0,0.0,0.0,Inactive,Inactive,,,,12,12,1,8,2,9,11,9,9,8,10,11,2,2,9,11,56.0,64.0,7.0,41.0,66.0,52.0,70.0,55.0,56.0,41.0,67.0,73.0,6.0,4.0,59.0,,76.0,68.0,0.2142857142857142,0.1875,0.1428571428571428,0.1951219512195122,0.0303030303030303,0.173076923076923,0.1571428571428571,0.1636363636363636,0.1607142857142857,0.1951219512195122,0.1492537313432835,0.1506849315068493,0.3333333333333333,0.0,0.0338983050847457,,0.1184210526315789,0.1617647058823529,9,22,19,6,22,20,5,3,1,19,10,2,11,21,2,17,6,11,79.0,52.0,25.0,79.0,65.0,43.0,15.0,29.0,69.0,28.0,67.0,38.0,68.0,59.0,70.0,54.0,29.0,29.0,0.2784810126582278,0.3653846153846153,0.24,0.2784810126582278,0.3076923076923077,0.1162790697674418,0.2,0.0344827586206896,0.2753623188405797,0.3571428571428571,0.0298507462686567,0.2894736842105263,0.3088235294117647,0.0338983050847457,0.2428571428571428,0.1111111111111111,0.0,0.3793103448275862,34,,52.0,1.5294117647058822,0.0,62.7,1.8441176470588236
57,56,,2023-02-13,25-302,MIN,@,DAL,W (+3),Inactive,Inactive,0.0,0.0,Inactive,,,Inactive,Inactive,0.0,Inactive,0.0,0.0,,0.0,0.0,0.0,0.0,0.0,0.0,Inactive,Inactive,,,,12,12,1,8,2,9,11,9,9,8,10,11,2,2,9,11,56.0,64.0,7.0,41.0,66.0,52.0,70.0,55.0,56.0,41.0,67.0,73.0,6.0,4.0,59.0,,76.0,68.0,0.2142857142857142,0.1875,0.1428571428571428,0.1951219512195122,0.0303030303030303,0.173076923076923,0.1571428571428571,0.1636363636363636,0.1607142857142857,0.1951219512195122,0.1492537313432835,0.1506849315068493,0.3333333333333333,0.0,0.0338983050847457,,0.1184210526315789,0.1617647058823529,9,22,19,6,22,20,5,3,1,19,10,2,11,21,2,17,6,11,79.0,52.0,25.0,79.0,65.0,43.0,15.0,29.0,69.0,28.0,67.0,38.0,68.0,59.0,70.0,54.0,29.0,29.0,0.2784810126582278,0.3653846153846153,0.24,0.2784810126582278,0.3076923076923077,0.1162790697674418,0.2,0.0344827586206896,0.2753623188405797,0.3571428571428571,0.0298507462686567,0.2894736842105263,0.3088235294117647,0.0338983050847457,0.2428571428571428,0.1111111111111111,0.0,0.3793103448275862,34,,60.0,1.7647058823529411,0.0,75.2,2.211764705882353
58,57,,2023-02-16,25-305,MIN,,WAS,L (-8),Inactive,Inactive,0.0,0.0,Inactive,,,Inactive,Inactive,0.0,Inactive,0.0,0.0,,0.0,0.0,0.0,0.0,0.0,0.0,Inactive,Inactive,,,,12,12,1,8,2,9,11,9,9,8,10,11,2,2,9,11,56.0,64.0,7.0,41.0,66.0,52.0,70.0,55.0,56.0,41.0,67.0,73.0,6.0,4.0,59.0,,76.0,68.0,0.2142857142857142,0.1875,0.1428571428571428,0.1951219512195122,0.0303030303030303,0.173076923076923,0.1571428571428571,0.1636363636363636,0.1607142857142857,0.1951219512195122,0.1492537313432835,0.1506849315068493,0.3333333333333333,0.0,0.0338983050847457,,0.1184210526315789,0.1617647058823529,9,22,19,6,22,20,5,3,1,19,10,2,11,21,2,17,6,11,79.0,52.0,25.0,79.0,65.0,43.0,15.0,29.0,69.0,28.0,67.0,38.0,68.0,59.0,70.0,54.0,29.0,29.0,0.2784810126582278,0.3653846153846153,0.24,0.2784810126582278,0.3076923076923077,0.1162790697674418,0.2,0.0344827586206896,0.2753623188405797,0.3571428571428571,0.0298507462686567,0.2894736842105263,0.3088235294117647,0.0338983050847457,0.2428571428571428,0.1111111111111111,0.0,0.3793103448275862,34,,44.0,1.2941176470588236,0.0,62.7,1.8441176470588236
59,58,,2023-02-24,25-313,MIN,,CHO,L (-8),Inactive,Inactive,0.0,0.0,Inactive,,,Inactive,Inactive,0.0,Inactive,0.0,0.0,,0.0,0.0,0.0,0.0,0.0,0.0,Inactive,Inactive,,,,12,12,1,8,2,9,11,9,9,8,10,11,2,2,9,11,56.0,64.0,7.0,41.0,66.0,52.0,70.0,55.0,56.0,41.0,67.0,73.0,6.0,4.0,59.0,,76.0,68.0,0.2142857142857142,0.1875,0.1428571428571428,0.1951219512195122,0.0303030303030303,0.173076923076923,0.1571428571428571,0.1636363636363636,0.1607142857142857,0.1951219512195122,0.1492537313432835,0.1506849315068493,0.3333333333333333,0.0,0.0338983050847457,,0.1184210526315789,0.1617647058823529,9,22,19,6,22,20,5,3,1,19,10,2,11,21,2,17,6,11,79.0,52.0,25.0,79.0,65.0,43.0,15.0,29.0,69.0,28.0,67.0,38.0,68.0,59.0,70.0,54.0,29.0,29.0,0.2784810126582278,0.3653846153846153,0.24,0.2784810126582278,0.3076923076923077,0.1162790697674418,0.2,0.0344827586206896,0.2753623188405797,0.3571428571428571,0.0298507462686567,0.2894736842105263,0.3088235294117647,0.0338983050847457,0.2428571428571428,0.1111111111111111,0.0,0.3793103448275862,34,,134.0,3.941176470588236,0.0,140.20000000000002,4.123529411764706
60,59,,2023-02-26,25-315,MIN,@,GSW,L (-5),Did Not Play,Did Not Play,0.0,0.0,Did Not Play,,,Did Not Play,Did Not Play,0.0,Did Not Play,0.0,0.0,,0.0,0.0,0.0,0.0,0.0,0.0,Did Not Play,Did Not Play,,,,12,12,1,8,2,9,11,9,9,8,10,11,2,2,9,11,56.0,64.0,7.0,41.0,66.0,52.0,70.0,55.0,56.0,41.0,67.0,73.0,6.0,4.0,59.0,,76.0,68.0,0.2142857142857142,0.1875,0.1428571428571428,0.1951219512195122,0.0303030303030303,0.173076923076923,0.1571428571428571,0.1636363636363636,0.1607142857142857,0.1951219512195122,0.1492537313432835,0.1506849315068493,0.3333333333333333,0.0,0.0338983050847457,,0.1184210526315789,0.1617647058823529,9,22,19,6,22,20,5,3,1,19,10,2,11,21,2,17,6,11,79.0,52.0,25.0,79.0,65.0,43.0,15.0,29.0,69.0,28.0,67.0,38.0,68.0,59.0,70.0,54.0,29.0,29.0,0.2784810126582278,0.3653846153846153,0.24,0.2784810126582278,0.3076923076923077,0.1162790697674418,0.2,0.0344827586206896,0.2753623188405797,0.3571428571428571,0.0298507462686567,0.2894736842105263,0.3088235294117647,0.0338983050847457,0.2428571428571428,0.1111111111111111,0.0,0.3793103448275862,34,,63.0,1.8529411764705883,0.0,71.2,2.0941176470588236
61,60,,2023-02-28,25-317,MIN,@,LAC,W (+7),Inactive,Inactive,0.0,0.0,Inactive,,,Inactive,Inactive,0.0,Inactive,0.0,0.0,,0.0,0.0,0.0,0.0,0.0,0.0,Inactive,Inactive,,,,12,12,1,8,2,9,11,9,9,8,10,11,2,2,9,11,56.0,64.0,7.0,41.0,66.0,52.0,70.0,55.0,56.0,41.0,67.0,73.0,6.0,4.0,59.0,,76.0,68.0,0.2142857142857142,0.1875,0.1428571428571428,0.1951219512195122,0.0303030303030303,0.173076923076923,0.1571428571428571,0.1636363636363636,0.1607142857142857,0.1951219512195122,0.1492537313432835,0.1506849315068493,0.3333333333333333,0.0,0.0338983050847457,,0.1184210526315789,0.1617647058823529,9,22,19,6,22,20,5,3,1,19,10,2,11,21,2,17,6,11,79.0,52.0,25.0,79.0,65.0,43.0,15.0,29.0,69.0,28.0,67.0,38.0,68.0,59.0,70.0,54.0,29.0,29.0,0.2784810126582278,0.3653846153846153,0.24,0.2784810126582278,0.3076923076923077,0.1162790697674418,0.2,0.0344827586206896,0.2753623188405797,0.3571428571428571,0.0298507462686567,0.2894736842105263,0.3088235294117647,0.0338983050847457,0.2428571428571428,0.1111111111111111,0.0,0.3793103448275862,34,,79.0,2.323529411764706,0.0,103.1,3.0323529411764705
62,Rk,G,Date,Age,Tm,,Opp,,GS,MP,0.0,0.0,FG%,,,3P%,FT,0.0,FT%,0.0,0.0,,0.0,0.0,0.0,0.0,0.0,0.0,GmSc,+/-,,,,12,12,1,8,2,9,11,9,9,8,10,11,2,2,9,11,56.0,64.0,7.0,41.0,66.0,52.0,70.0,55.0,56.0,41.0,67.0,73.0,6.0,4.0,59.0,,76.0,68.0,0.2142857142857142,0.1875,0.1428571428571428,0.1951219512195122,0.0303030303030303,0.173076923076923,0.1571428571428571,0.1636363636363636,0.1607142857142857,0.1951219512195122,0.1492537313432835,0.1506849315068493,0.3333333333333333,0.0,0.0338983050847457,,0.1184210526315789,0.1617647058823529,9,22,19,6,22,20,5,3,1,19,10,2,11,21,2,17,6,11,79.0,52.0,25.0,79.0,65.0,43.0,15.0,29.0,69.0,28.0,67.0,38.0,68.0,59.0,70.0,54.0,29.0,29.0,0.2784810126582278,0.3653846153846153,0.24,0.2784810126582278,0.3076923076923077,0.1162790697674418,0.2,0.0344827586206896,0.2753623188405797,0.3571428571428571,0.0298507462686567,0.2894736842105263,0.3088235294117647,0.0338983050847457,0.2428571428571428,0.1111111111111111,0.0,0.3793103448275862,34,,0.0,0.0,0.0,0.0,0.0
63,61,,2023-03-03,25-320,MIN,@,LAL,W (+8),Inactive,Inactive,0.0,0.0,Inactive,,,Inactive,Inactive,0.0,Inactive,0.0,0.0,,0.0,0.0,0.0,0.0,0.0,0.0,Inactive,Inactive,,,,12,12,1,8,2,9,11,9,9,8,10,11,2,2,9,11,56.0,64.0,7.0,41.0,66.0,52.0,70.0,55.0,56.0,41.0,67.0,73.0,6.0,4.0,59.0,,76.0,68.0,0.2142857142857142,0.1875,0.1428571428571428,0.1951219512195122,0.0303030303030303,0.173076923076923,0.1571428571428571,0.1636363636363636,0.1607142857142857,0.1951219512195122,0.1492537313432835,0.1506849315068493,0.3333333333333333,0.0,0.0338983050847457,,0.1184210526315789,0.1617647058823529,9,22,19,6,22,20,5,3,1,19,10,2,11,21,2,17,6,11,79.0,52.0,25.0,79.0,65.0,43.0,15.0,29.0,69.0,28.0,67.0,38.0,68.0,59.0,70.0,54.0,29.0,29.0,0.2784810126582278,0.3653846153846153,0.24,0.2784810126582278,0.3076923076923077,0.1162790697674418,0.2,0.0344827586206896,0.2753623188405797,0.3571428571428571,0.0298507462686567,0.2894736842105263,0.3088235294117647,0.0338983050847457,0.2428571428571428,0.1111111111111111,0.0,0.3793103448275862,34,,69.0,2.0294117647058822,0.0,81.89999999999999,2.4088235294117646
64,62,,2023-03-04,25-321,MIN,@,SAC,W (+4),Inactive,Inactive,0.0,0.0,Inactive,,,Inactive,Inactive,0.0,Inactive,0.0,0.0,,0.0,0.0,0.0,0.0,0.0,0.0,Inactive,Inactive,,,,12,12,1,8,2,9,11,9,9,8,10,11,2,2,9,11,56.0,64.0,7.0,41.0,66.0,52.0,70.0,55.0,56.0,41.0,67.0,73.0,6.0,4.0,59.0,,76.0,68.0,0.2142857142857142,0.1875,0.1428571428571428,0.1951219512195122,0.0303030303030303,0.173076923076923,0.1571428571428571,0.1636363636363636,0.1607142857142857,0.1951219512195122,0.1492537313432835,0.1506849315068493,0.3333333333333333,0.0,0.0338983050847457,,0.1184210526315789,0.1617647058823529,9,22,19,6,22,20,5,3,1,19,10,2,11,21,2,17,6,11,79.0,52.0,25.0,79.0,65.0,43.0,15.0,29.0,69.0,28.0,67.0,38.0,68.0,59.0,70.0,54.0,29.0,29.0,0.2784810126582278,0.3653846153846153,0.24,0.2784810126582278,0.3076923076923077,0.1162790697674418,0.2,0.0344827586206896,0.2753623188405797,0.3571428571428571,0.0298507462686567,0.2894736842105263,0.3088235294117647,0.0338983050847457,0.2428571428571428,0.1111111111111111,0.0,0.3793103448275862,34,,81.0,2.3823529411764706,0.0,81.39999999999998,2.394117647058823
65,63,,2023-03-07,25-324,MIN,,PHI,L (-23),Inactive,Inactive,0.0,0.0,Inactive,,,Inactive,Inactive,0.0,Inactive,0.0,0.0,,0.0,0.0,0.0,0.0,0.0,0.0,Inactive,Inactive,,,,12,12,1,8,2,9,11,9,9,8,10,11,2,2,9,11,56.0,64.0,7.0,41.0,66.0,52.0,70.0,55.0,56.0,41.0,67.0,73.0,6.0,4.0,59.0,,76.0,68.0,0.2142857142857142,0.1875,0.1428571428571428,0.1951219512195122,0.0303030303030303,0.173076923076923,0.1571428571428571,0.1636363636363636,0.1607142857142857,0.1951219512195122,0.1492537313432835,0.1506849315068493,0.3333333333333333,0.0,0.0338983050847457,,0.1184210526315789,0.1617647058823529,9,22,19,6,22,20,5,3,1,19,10,2,11,21,2,17,6,11,79.0,52.0,25.0,79.0,65.0,43.0,15.0,29.0,69.0,28.0,67.0,38.0,68.0,59.0,70.0,54.0,29.0,29.0,0.2784810126582278,0.3653846153846153,0.24,0.2784810126582278,0.3076923076923077,0.1162790697674418,0.2,0.0344827586206896,0.2753623188405797,0.3571428571428571,0.0298507462686567,0.2894736842105263,0.3088235294117647,0.0338983050847457,0.2428571428571428,0.1111111111111111,0.0,0.3793103448275862,34,,68.0,2.0,0.0,78.8,2.317647058823529
66,64,,2023-03-10,25-327,MIN,,BRK,L (-1),Inactive,Inactive,0.0,0.0,Inactive,,,Inactive,Inactive,0.0,Inactive,0.0,0.0,,0.0,0.0,0.0,0.0,0.0,0.0,Inactive,Inactive,,,,12,12,1,8,2,9,11,9,9,8,10,11,2,2,9,11,56.0,64.0,7.0,41.0,66.0,52.0,70.0,55.0,56.0,41.0,67.0,73.0,6.0,4.0,59.0,,76.0,68.0,0.2142857142857142,0.1875,0.1428571428571428,0.1951219512195122,0.0303030303030303,0.173076923076923,0.1571428571428571,0.1636363636363636,0.1607142857142857,0.1951219512195122,0.1492537313432835,0.1506849315068493,0.3333333333333333,0.0,0.0338983050847457,,0.1184210526315789,0.1617647058823529,9,22,19,6,22,20,5,3,1,19,10,2,11,21,2,17,6,11,79.0,52.0,25.0,79.0,65.0,43.0,15.0,29.0,69.0,28.0,67.0,38.0,68.0,59.0,70.0,54.0,29.0,29.0,0.2784810126582278,0.3653846153846153,0.24,0.2784810126582278,0.3076923076923077,0.1162790697674418,0.2,0.0344827586206896,0.2753623188405797,0.3571428571428571,0.0298507462686567,0.2894736842105263,0.3088235294117647,0.0338983050847457,0.2428571428571428,0.1111111111111111,0.0,0.3793103448275862,34,,76.0,2.235294117647059,0.0,99.09999999999997,2.91470588235294
67,65,,2023-03-13,25-330,MIN,@,ATL,W (+21),Inactive,Inactive,0.0,0.0,Inactive,,,Inactive,Inactive,0.0,Inactive,0.0,0.0,,0.0,0.0,0.0,0.0,0.0,0.0,Inactive,Inactive,,,,12,12,1,8,2,9,11,9,9,8,10,11,2,2,9,11,56.0,64.0,7.0,41.0,66.0,52.0,70.0,55.0,56.0,41.0,67.0,73.0,6.0,4.0,59.0,,76.0,68.0,0.2142857142857142,0.1875,0.1428571428571428,0.1951219512195122,0.0303030303030303,0.173076923076923,0.1571428571428571,0.1636363636363636,0.1607142857142857,0.1951219512195122,0.1492537313432835,0.1506849315068493,0.3333333333333333,0.0,0.0338983050847457,,0.1184210526315789,0.1617647058823529,9,22,19,6,22,20,5,3,1,19,10,2,11,21,2,17,6,11,79.0,52.0,25.0,79.0,65.0,43.0,15.0,29.0,69.0,28.0,67.0,38.0,68.0,59.0,70.0,54.0,29.0,29.0,0.2784810126582278,0.3653846153846153,0.24,0.2784810126582278,0.3076923076923077,0.1162790697674418,0.2,0.0344827586206896,0.2753623188405797,0.3571428571428571,0.0298507462686567,0.2894736842105263,0.3088235294117647,0.0338983050847457,0.2428571428571428,0.1111111111111111,0.0,0.3793103448275862,34,,65.0,1.911764705882353,0.0,75.8,2.2294117647058824
68,66,,2023-03-15,25-332,MIN,,BOS,L (-2),Inactive,Inactive,0.0,0.0,Inactive,,,Inactive,Inactive,0.0,Inactive,0.0,0.0,,0.0,0.0,0.0,0.0,0.0,0.0,Inactive,Inactive,,,,12,12,1,8,2,9,11,9,9,8,10,11,2,2,9,11,56.0,64.0,7.0,41.0,66.0,52.0,70.0,55.0,56.0,41.0,67.0,73.0,6.0,4.0,59.0,,76.0,68.0,0.2142857142857142,0.1875,0.1428571428571428,0.1951219512195122,0.0303030303030303,0.173076923076923,0.1571428571428571,0.1636363636363636,0.1607142857142857,0.1951219512195122,0.1492537313432835,0.1506849315068493,0.3333333333333333,0.0,0.0338983050847457,,0.1184210526315789,0.1617647058823529,9,22,19,6,22,20,5,3,1,19,10,2,11,21,2,17,6,11,79.0,52.0,25.0,79.0,65.0,43.0,15.0,29.0,69.0,28.0,67.0,38.0,68.0,59.0,70.0,54.0,29.0,29.0,0.2784810126582278,0.3653846153846153,0.24,0.2784810126582278,0.3076923076923077,0.1162790697674418,0.2,0.0344827586206896,0.2753623188405797,0.3571428571428571,0.0298507462686567,0.2894736842105263,0.3088235294117647,0.0338983050847457,0.2428571428571428,0.1111111111111111,0.0,0.3793103448275862,34,,84.0,2.4705882352941178,0.0,95.9,2.820588235294118
69,67,,2023-03-17,25-334,MIN,@,CHI,L (-8),Inactive,Inactive,0.0,0.0,Inactive,,,Inactive,Inactive,0.0,Inactive,0.0,0.0,,0.0,0.0,0.0,0.0,0.0,0.0,Inactive,Inactive,,,,12,12,1,8,2,9,11,9,9,8,10,11,2,2,9,11,56.0,64.0,7.0,41.0,66.0,52.0,70.0,55.0,56.0,41.0,67.0,73.0,6.0,4.0,59.0,,76.0,68.0,0.2142857142857142,0.1875,0.1428571428571428,0.1951219512195122,0.0303030303030303,0.173076923076923,0.1571428571428571,0.1636363636363636,0.1607142857142857,0.1951219512195122,0.1492537313432835,0.1506849315068493,0.3333333333333333,0.0,0.0338983050847457,,0.1184210526315789,0.1617647058823529,9,22,19,6,22,20,5,3,1,19,10,2,11,21,2,17,6,11,79.0,52.0,25.0,79.0,65.0,43.0,15.0,29.0,69.0,28.0,67.0,38.0,68.0,59.0,70.0,54.0,29.0,29.0,0.2784810126582278,0.3653846153846153,0.24,0.2784810126582278,0.3076923076923077,0.1162790697674418,0.2,0.0344827586206896,0.2753623188405797,0.3571428571428571,0.0298507462686567,0.2894736842105263,0.3088235294117647,0.0338983050847457,0.2428571428571428,0.1111111111111111,0.0,0.3793103448275862,34,,65.0,1.911764705882353,0.0,79.7,2.3441176470588236
70,68,33,2023-03-18,25-335,MIN,@,TOR,L (-15),0,3:01,0.0,0.0,,0.0,0.0,,0,0.0,,0.0,1.0,1.0,0.0,0.0,0.0,0.0,0.0,0.0,0.3,+4,0.0,0.0,,12,12,1,8,2,9,11,9,9,8,10,11,2,2,9,11,56.0,64.0,7.0,41.0,66.0,52.0,70.0,55.0,56.0,41.0,67.0,73.0,6.0,4.0,59.0,,76.0,68.0,0.2142857142857142,0.1875,0.1428571428571428,0.1951219512195122,0.0303030303030303,0.173076923076923,0.1571428571428571,0.1636363636363636,0.1607142857142857,0.1951219512195122,0.1492537313432835,0.1506849315068493,0.3333333333333333,0.0,0.0338983050847457,,0.1184210526315789,0.1617647058823529,9,22,19,6,22,20,5,3,1,19,10,2,11,21,2,17,6,11,79.0,52.0,25.0,79.0,65.0,43.0,15.0,29.0,69.0,28.0,67.0,38.0,68.0,59.0,70.0,54.0,29.0,29.0,0.2784810126582278,0.3653846153846153,0.24,0.2784810126582278,0.3076923076923077,0.1162790697674418,0.2,0.0344827586206896,0.2753623188405797,0.3571428571428571,0.0298507462686567,0.2894736842105263,0.3088235294117647,0.0338983050847457,0.2428571428571428,0.1111111111111111,0.0,0.3793103448275862,34,1.0,67.0,1.9705882352941173,0.3,79.39999999999999,2.3352941176470585
71,69,,2023-03-20,25-337,MIN,@,NYK,W (+6),Inactive,Inactive,0.0,0.0,Inactive,,,Inactive,Inactive,0.0,Inactive,0.0,0.0,,0.0,0.0,0.0,0.0,0.0,0.0,Inactive,Inactive,,,,12,12,1,8,2,9,11,9,9,8,10,11,2,2,9,11,56.0,64.0,7.0,41.0,66.0,52.0,70.0,55.0,56.0,41.0,67.0,73.0,6.0,4.0,59.0,,76.0,68.0,0.2142857142857142,0.1875,0.1428571428571428,0.1951219512195122,0.0303030303030303,0.173076923076923,0.1571428571428571,0.1636363636363636,0.1607142857142857,0.1951219512195122,0.1492537313432835,0.1506849315068493,0.3333333333333333,0.0,0.0338983050847457,,0.1184210526315789,0.1617647058823529,9,22,19,6,22,20,5,3,1,19,10,2,11,21,2,17,6,11,79.0,52.0,25.0,79.0,65.0,43.0,15.0,29.0,69.0,28.0,67.0,38.0,68.0,59.0,70.0,54.0,29.0,29.0,0.2784810126582278,0.3653846153846153,0.24,0.2784810126582278,0.3076923076923077,0.1162790697674418,0.2,0.0344827586206896,0.2753623188405797,0.3571428571428571,0.0298507462686567,0.2894736842105263,0.3088235294117647,0.0338983050847457,0.2428571428571428,0.1111111111111111,0.0,0.3793103448275862,34,,116.0,3.411764705882353,0.0,136.29999999999998,4.008823529411764
72,70,,2023-03-22,25-339,MIN,,ATL,W (+1),Inactive,Inactive,0.0,0.0,Inactive,,,Inactive,Inactive,0.0,Inactive,0.0,0.0,,0.0,0.0,0.0,0.0,0.0,0.0,Inactive,Inactive,,,,12,12,1,8,2,9,11,9,9,8,10,11,2,2,9,11,56.0,64.0,7.0,41.0,66.0,52.0,70.0,55.0,56.0,41.0,67.0,73.0,6.0,4.0,59.0,,76.0,68.0,0.2142857142857142,0.1875,0.1428571428571428,0.1951219512195122,0.0303030303030303,0.173076923076923,0.1571428571428571,0.1636363636363636,0.1607142857142857,0.1951219512195122,0.1492537313432835,0.1506849315068493,0.3333333333333333,0.0,0.0338983050847457,,0.1184210526315789,0.1617647058823529,9,22,19,6,22,20,5,3,1,19,10,2,11,21,2,17,6,11,79.0,52.0,25.0,79.0,65.0,43.0,15.0,29.0,69.0,28.0,67.0,38.0,68.0,59.0,70.0,54.0,29.0,29.0,0.2784810126582278,0.3653846153846153,0.24,0.2784810126582278,0.3076923076923077,0.1162790697674418,0.2,0.0344827586206896,0.2753623188405797,0.3571428571428571,0.0298507462686567,0.2894736842105263,0.3088235294117647,0.0338983050847457,0.2428571428571428,0.1111111111111111,0.0,0.3793103448275862,34,,64.0,1.8823529411764703,0.0,77.0,2.264705882352941
73,71,,2023-03-26,25-343,MIN,@,GSW,W (+3),Inactive,Inactive,0.0,0.0,Inactive,,,Inactive,Inactive,0.0,Inactive,0.0,0.0,,0.0,0.0,0.0,0.0,0.0,0.0,Inactive,Inactive,,,,12,12,1,8,2,9,11,9,9,8,10,11,2,2,9,11,56.0,64.0,7.0,41.0,66.0,52.0,70.0,55.0,56.0,41.0,67.0,73.0,6.0,4.0,59.0,,76.0,68.0,0.2142857142857142,0.1875,0.1428571428571428,0.1951219512195122,0.0303030303030303,0.173076923076923,0.1571428571428571,0.1636363636363636,0.1607142857142857,0.1951219512195122,0.1492537313432835,0.1506849315068493,0.3333333333333333,0.0,0.0338983050847457,,0.1184210526315789,0.1617647058823529,9,22,19,6,22,20,5,3,1,19,10,2,11,21,2,17,6,11,79.0,52.0,25.0,79.0,65.0,43.0,15.0,29.0,69.0,28.0,67.0,38.0,68.0,59.0,70.0,54.0,29.0,29.0,0.2784810126582278,0.3653846153846153,0.24,0.2784810126582278,0.3076923076923077,0.1162790697674418,0.2,0.0344827586206896,0.2753623188405797,0.3571428571428571,0.0298507462686567,0.2894736842105263,0.3088235294117647,0.0338983050847457,0.2428571428571428,0.1111111111111111,0.0,0.3793103448275862,34,,75.0,2.2058823529411766,0.0,92.3,2.7147058823529413
74,72,,2023-03-27,25-344,MIN,@,SAC,W (+4),Inactive,Inactive,0.0,0.0,Inactive,,,Inactive,Inactive,0.0,Inactive,0.0,0.0,,0.0,0.0,0.0,0.0,0.0,0.0,Inactive,Inactive,,,,12,12,1,8,2,9,11,9,9,8,10,11,2,2,9,11,56.0,64.0,7.0,41.0,66.0,52.0,70.0,55.0,56.0,41.0,67.0,73.0,6.0,4.0,59.0,,76.0,68.0,0.2142857142857142,0.1875,0.1428571428571428,0.1951219512195122,0.0303030303030303,0.173076923076923,0.1571428571428571,0.1636363636363636,0.1607142857142857,0.1951219512195122,0.1492537313432835,0.1506849315068493,0.3333333333333333,0.0,0.0338983050847457,,0.1184210526315789,0.1617647058823529,9,22,19,6,22,20,5,3,1,19,10,2,11,21,2,17,6,11,79.0,52.0,25.0,79.0,65.0,43.0,15.0,29.0,69.0,28.0,67.0,38.0,68.0,59.0,70.0,54.0,29.0,29.0,0.2784810126582278,0.3653846153846153,0.24,0.2784810126582278,0.3076923076923077,0.1162790697674418,0.2,0.0344827586206896,0.2753623188405797,0.3571428571428571,0.0298507462686567,0.2894736842105263,0.3088235294117647,0.0338983050847457,0.2428571428571428,0.1111111111111111,0.0,0.3793103448275862,34,,61.0,1.7941176470588236,0.0,68.69999999999999,2.020588235294117
75,73,,2023-03-29,25-346,MIN,@,PHO,L (-7),Inactive,Inactive,0.0,0.0,Inactive,,,Inactive,Inactive,0.0,Inactive,0.0,0.0,,0.0,0.0,0.0,0.0,0.0,0.0,Inactive,Inactive,,,,12,12,1,8,2,9,11,9,9,8,10,11,2,2,9,11,56.0,64.0,7.0,41.0,66.0,52.0,70.0,55.0,56.0,41.0,67.0,73.0,6.0,4.0,59.0,,76.0,68.0,0.2142857142857142,0.1875,0.1428571428571428,0.1951219512195122,0.0303030303030303,0.173076923076923,0.1571428571428571,0.1636363636363636,0.1607142857142857,0.1951219512195122,0.1492537313432835,0.1506849315068493,0.3333333333333333,0.0,0.0338983050847457,,0.1184210526315789,0.1617647058823529,9,22,19,6,22,20,5,3,1,19,10,2,11,21,2,17,6,11,79.0,52.0,25.0,79.0,65.0,43.0,15.0,29.0,69.0,28.0,67.0,38.0,68.0,59.0,70.0,54.0,29.0,29.0,0.2784810126582278,0.3653846153846153,0.24,0.2784810126582278,0.3076923076923077,0.1162790697674418,0.2,0.0344827586206896,0.2753623188405797,0.3571428571428571,0.0298507462686567,0.2894736842105263,0.3088235294117647,0.0338983050847457,0.2428571428571428,0.1111111111111111,0.0,0.3793103448275862,34,,81.0,2.3823529411764706,0.0,97.0,2.8529411764705883
76,74,,2023-03-31,25-348,MIN,,LAL,L (-12),Inactive,Inactive,0.0,0.0,Inactive,,,Inactive,Inactive,0.0,Inactive,0.0,0.0,,0.0,0.0,0.0,0.0,0.0,0.0,Inactive,Inactive,,,,12,12,1,8,2,9,11,9,9,8,10,11,2,2,9,11,56.0,64.0,7.0,41.0,66.0,52.0,70.0,55.0,56.0,41.0,67.0,73.0,6.0,4.0,59.0,,76.0,68.0,0.2142857142857142,0.1875,0.1428571428571428,0.1951219512195122,0.0303030303030303,0.173076923076923,0.1571428571428571,0.1636363636363636,0.1607142857142857,0.1951219512195122,0.1492537313432835,0.1506849315068493,0.3333333333333333,0.0,0.0338983050847457,,0.1184210526315789,0.1617647058823529,9,22,19,6,22,20,5,3,1,19,10,2,11,21,2,17,6,11,79.0,52.0,25.0,79.0,65.0,43.0,15.0,29.0,69.0,28.0,67.0,38.0,68.0,59.0,70.0,54.0,29.0,29.0,0.2784810126582278,0.3653846153846153,0.24,0.2784810126582278,0.3076923076923077,0.1162790697674418,0.2,0.0344827586206896,0.2753623188405797,0.3571428571428571,0.0298507462686567,0.2894736842105263,0.3088235294117647,0.0338983050847457,0.2428571428571428,0.1111111111111111,0.0,0.3793103448275862,34,,68.0,2.0,0.0,92.5,2.7205882352941178
77,75,,2023-04-02,25-350,MIN,,POR,L (-2),Did Not Play,Did Not Play,0.0,0.0,Did Not Play,,,Did Not Play,Did Not Play,0.0,Did Not Play,0.0,0.0,,0.0,0.0,0.0,0.0,0.0,0.0,Did Not Play,Did Not Play,,,,12,12,1,8,2,9,11,9,9,8,10,11,2,2,9,11,56.0,64.0,7.0,41.0,66.0,52.0,70.0,55.0,56.0,41.0,67.0,73.0,6.0,4.0,59.0,,76.0,68.0,0.2142857142857142,0.1875,0.1428571428571428,0.1951219512195122,0.0303030303030303,0.173076923076923,0.1571428571428571,0.1636363636363636,0.1607142857142857,0.1951219512195122,0.1492537313432835,0.1506849315068493,0.3333333333333333,0.0,0.0338983050847457,,0.1184210526315789,0.1617647058823529,9,22,19,6,22,20,5,3,1,19,10,2,11,21,2,17,6,11,79.0,52.0,25.0,79.0,65.0,43.0,15.0,29.0,69.0,28.0,67.0,38.0,68.0,59.0,70.0,54.0,29.0,29.0,0.2784810126582278,0.3653846153846153,0.24,0.2784810126582278,0.3076923076923077,0.1162790697674418,0.2,0.0344827586206896,0.2753623188405797,0.3571428571428571,0.0298507462686567,0.2894736842105263,0.3088235294117647,0.0338983050847457,0.2428571428571428,0.1111111111111111,0.0,0.3793103448275862,34,,61.0,1.7941176470588236,0.0,61.5,1.8088235294117647
78,76,,2023-04-04,25-352,MIN,@,BRK,W (+5),Inactive,Inactive,0.0,0.0,Inactive,,,Inactive,Inactive,0.0,Inactive,0.0,0.0,,0.0,0.0,0.0,0.0,0.0,0.0,Inactive,Inactive,,,,12,12,1,8,2,9,11,9,9,8,10,11,2,2,9,11,56.0,64.0,7.0,41.0,66.0,52.0,70.0,55.0,56.0,41.0,67.0,73.0,6.0,4.0,59.0,,76.0,68.0,0.2142857142857142,0.1875,0.1428571428571428,0.1951219512195122,0.0303030303030303,0.173076923076923,0.1571428571428571,0.1636363636363636,0.1607142857142857,0.1951219512195122,0.1492537313432835,0.1506849315068493,0.3333333333333333,0.0,0.0338983050847457,,0.1184210526315789,0.1617647058823529,9,22,19,6,22,20,5,3,1,19,10,2,11,21,2,17,6,11,79.0,52.0,25.0,79.0,65.0,43.0,15.0,29.0,69.0,28.0,67.0,38.0,68.0,59.0,70.0,54.0,29.0,29.0,0.2784810126582278,0.3653846153846153,0.24,0.2784810126582278,0.3076923076923077,0.1162790697674418,0.2,0.0344827586206896,0.2753623188405797,0.3571428571428571,0.0298507462686567,0.2894736842105263,0.3088235294117647,0.0338983050847457,0.2428571428571428,0.1111111111111111,0.0,0.3793103448275862,34,,88.0,2.588235294117647,0.0,104.4,3.070588235294118
79,77,34,2023-04-08,25-356,MIN,@,SAS,W (+20),0,3:59,0.0,1.0,.000,0.0,1.0,.000,0,0.0,,0.0,0.0,0.0,1.0,0.0,0.0,0.0,0.0,0.0,0.0,-6,0.0,0.0,,12,12,1,8,2,9,11,9,9,8,10,11,2,2,9,11,56.0,64.0,7.0,41.0,66.0,52.0,70.0,55.0,56.0,41.0,67.0,73.0,6.0,4.0,59.0,,76.0,68.0,0.2142857142857142,0.1875,0.1428571428571428,0.1951219512195122,0.0303030303030303,0.173076923076923,0.1571428571428571,0.1636363636363636,0.1607142857142857,0.1951219512195122,0.1492537313432835,0.1506849315068493,0.3333333333333333,0.0,0.0338983050847457,,0.1184210526315789,0.1617647058823529,9,22,19,6,22,20,5,3,1,19,10,2,11,21,2,17,6,11,79.0,52.0,25.0,79.0,65.0,43.0,15.0,29.0,69.0,28.0,67.0,38.0,68.0,59.0,70.0,54.0,29.0,29.0,0.2784810126582278,0.3653846153846153,0.24,0.2784810126582278,0.3076923076923077,0.1162790697674418,0.2,0.0344827586206896,0.2753623188405797,0.3571428571428571,0.0298507462686567,0.2894736842105263,0.3088235294117647,0.0338983050847457,0.2428571428571428,0.1111111111111111,0.0,0.3793103448275862,34,0.0,67.0,1.9705882352941173,0.0,72.20000000000002,2.1235294117647063
80,78,,2023-04-09,25-357,MIN,,NOP,W (+5),Inactive,Inactive,0.0,0.0,Inactive,,,Inactive,Inactive,0.0,Inactive,0.0,0.0,,0.0,0.0,0.0,0.0,0.0,0.0,Inactive,Inactive,,,,12,12,1,8,2,9,11,9,9,8,10,11,2,2,9,11,56.0,64.0,7.0,41.0,66.0,52.0,70.0,55.0,56.0,41.0,67.0,73.0,6.0,4.0,59.0,,76.0,68.0,0.2142857142857142,0.1875,0.1428571428571428,0.1951219512195122,0.0303030303030303,0.173076923076923,0.1571428571428571,0.1636363636363636,0.1607142857142857,0.1951219512195122,0.1492537313432835,0.1506849315068493,0.3333333333333333,0.0,0.0338983050847457,,0.1184210526315789,0.1617647058823529,9,22,19,6,22,20,5,3,1,19,10,2,11,21,2,17,6,11,79.0,52.0,25.0,79.0,65.0,43.0,15.0,29.0,69.0,28.0,67.0,38.0,68.0,59.0,70.0,54.0,29.0,29.0,0.2784810126582278,0.3653846153846153,0.24,0.2784810126582278,0.3076923076923077,0.1162790697674418,0.2,0.0344827586206896,0.2753623188405797,0.3571428571428571,0.0298507462686567,0.2894736842105263,0.3088235294117647,0.0338983050847457,0.2428571428571428,0.1111111111111111,0.0,0.3793103448275862,34,,52.0,1.5294117647058822,0.0,69.29999999999998,2.0382352941176465
