Unnamed: 0,Rk,G,Date,Age,Tm,Unnamed: 5,Opp,Unnamed: 7,GS,MP,FG,FGA,FG%,3P,3PA,3P%,FT,FTA,FT%,ORB,DRB,TRB,AST,STL,BLK,TOV,PF,PTS,GmSc,+/-,2PA,2P,2P%,Shared Games with Alec Burks,Shared Games with Bojan Bogdanović,Shared Games with Braxton Key,Shared Games with Cade Cunningham,Shared Games with Cory Joseph,Shared Games with Hamidou Diallo,Shared Games with Isaiah Livers,Shared Games with Isaiah Stewart,Shared Games with Jaden Ivey,Shared Games with Jalen Duren,Shared Games with Jared Rhoden,Shared Games with Kevin Knox,Shared Games with Killian Hayes,Shared Games with Marvin Bagley III,Shared Games with Rodney McGruder,Shared Games with Saddiq Bey,Alec Burks,Bojan Bogdanović,Braxton Key,Buddy Boeheim,Cade Cunningham,Cory Joseph,Hamidou Diallo,Isaiah Livers,Isaiah Stewart,Jaden Ivey,Jalen Duren,Jared Rhoden,Kevin Knox,Killian Hayes,Marvin Bagley III,Rodney McGruder,Saddiq Bey,Stanley Umude,co_inf with Alec Burks,co_inf with Bojan Bogdanović,co_inf with Braxton Key,co_inf with Buddy Boeheim,co_inf with Cade Cunningham,co_inf with Cory Joseph,co_inf with Hamidou Diallo,co_inf with Isaiah Livers,co_inf with Isaiah Stewart,co_inf with Jaden Ivey,co_inf with Jalen Duren,co_inf with Jared Rhoden,co_inf with Kevin Knox,co_inf with Killian Hayes,co_inf with Marvin Bagley III,co_inf with Rodney McGruder,co_inf with Saddiq Bey,co_inf with Stanley Umude,Shared Games with Cam Thomas,Shared Games with David Duke Jr.,Shared Games with Day'Ron Sharpe,Shared Games with Edmond Sumner,Shared Games with Joe Harris,Shared Games with Kessler Edwards,Shared Games with Kevin Durant,Shared Games with Kyrie Irving,Shared Games with Markieff Morris,Shared Games with Nic Claxton,Shared Games with Patty Mills,Shared Games with Royce O'Neale,Shared Games with Seth Curry,Shared Games with T.J. Warren,Shared Games with Yuta Watanabe,Shared Games with James Wiseman,Shared Games with Cameron Johnson,Shared Games with Dorian Finney-Smith,Shared Games with Mikal Bridges,Shared Games with Spencer Dinwiddie,Alondes Williams,Ben Simmons,Bogdan Bogdanović,Cam Thomas,Cameron Johnson,David Duke Jr.,Day'Ron Sharpe,Dorian Finney-Smith,Dru Smith,Edmond Sumner,Joe Harris,Mikal Bridges,Moses Brown,Nic Claxton,Patty Mills,Payton Pritchard,RaiQuan Gray,Royce O'Neale,Seth Curry,Spencer Dinwiddie,Yuta Watanabe,co_inf with Ben Simmons,co_inf with Bogdan Bogdanović,co_inf with Cam Thomas,co_inf with David Duke Jr.,co_inf with Day'Ron Sharpe,co_inf with Edmond Sumner,co_inf with Joe Harris,co_inf with Nic Claxton,co_inf with Patty Mills,co_inf with Payton Pritchard,co_inf with Royce O'Neale,co_inf with Seth Curry,co_inf with Yuta Watanabe,co_inf with Alondes Williams,co_inf with Cameron Johnson,co_inf with Dorian Finney-Smith,co_inf with Dru Smith,co_inf with Mikal Bridges,co_inf with Moses Brown,co_inf with RaiQuan Gray,co_inf with Spencer Dinwiddie,Total Shared Players,CO_EFF,EFF,avg_EFF,CO_HGS,HGS,avg_HGS
0,1,,2022-10-19,28-192,DET,,ORL,W (+4),Did Not Play,Did Not Play,0.0,0.0,Did Not Play,,,Did Not Play,Did Not Play,0.0,Did Not Play,0.0,0.0,,0.0,0.0,0.0,0.0,0.0,0.0,Did Not Play,Did Not Play,,,,10,13,2,4,8,14,10,8,13,7,5,13,12,3,8,13,51.0,59.0,3.0,10.0,12.0,62.0,56.0,52.0,50.0,74.0,67.0,14.0,63.0,76.0,42.0,32.0,77.0,1.0,0.196078431372549,0.2203389830508474,0.6666666666666666,0.0,0.3333333333333333,0.1290322580645161,0.25,0.1923076923076923,0.16,0.1756756756756756,0.1044776119402985,0.3571428571428571,0.2063492063492063,0.1578947368421052,0.0714285714285714,0.25,0.1688311688311688,0.0,3,1,1,1,3,3,6,6,4,2,1,2,3,3,2,2,3,3,3,3,1.0,42.0,54.0,57.0,42.0,23.0,48.0,66.0,15.0,53.0,74.0,83.0,36.0,76.0,40.0,48.0,1,76.0,61.0,79.0,58.0,0.0,0.0,0.0526315789473684,0.0434782608695652,0.0208333333333333,0.0188679245283018,0.0405405405405405,0.0263157894736842,0.025,0.0,0.0263157894736842,0.0491803278688524,0.0344827586206896,0.0,0.0714285714285714,0.0454545454545454,0.0,0.036144578313253,0.0,0.0,0.0379746835443038,36,,91.0,2.5277777777777777,0.0,88.19999999999999,2.4499999999999997
1,2,,2022-10-21,28-194,DET,@,NYK,L (-24),Did Not Play,Did Not Play,0.0,0.0,Did Not Play,,,Did Not Play,Did Not Play,0.0,Did Not Play,0.0,0.0,,0.0,0.0,0.0,0.0,0.0,0.0,Did Not Play,Did Not Play,,,,10,13,2,4,8,14,10,8,13,7,5,13,12,3,8,13,51.0,59.0,3.0,10.0,12.0,62.0,56.0,52.0,50.0,74.0,67.0,14.0,63.0,76.0,42.0,32.0,77.0,1.0,0.196078431372549,0.2203389830508474,0.6666666666666666,0.0,0.3333333333333333,0.1290322580645161,0.25,0.1923076923076923,0.16,0.1756756756756756,0.1044776119402985,0.3571428571428571,0.2063492063492063,0.1578947368421052,0.0714285714285714,0.25,0.1688311688311688,0.0,3,1,1,1,3,3,6,6,4,2,1,2,3,3,2,2,3,3,3,3,1.0,42.0,54.0,57.0,42.0,23.0,48.0,66.0,15.0,53.0,74.0,83.0,36.0,76.0,40.0,48.0,1,76.0,61.0,79.0,58.0,0.0,0.0,0.0526315789473684,0.0434782608695652,0.0208333333333333,0.0188679245283018,0.0405405405405405,0.0263157894736842,0.025,0.0,0.0263157894736842,0.0491803278688524,0.0344827586206896,0.0,0.0714285714285714,0.0454545454545454,0.0,0.036144578313253,0.0,0.0,0.0379746835443038,36,,76.0,2.111111111111111,0.0,75.89999999999999,2.108333333333333
2,3,,2022-10-22,28-195,DET,@,IND,L (-9),Did Not Play,Did Not Play,0.0,0.0,Did Not Play,,,Did Not Play,Did Not Play,0.0,Did Not Play,0.0,0.0,,0.0,0.0,0.0,0.0,0.0,0.0,Did Not Play,Did Not Play,,,,10,13,2,4,8,14,10,8,13,7,5,13,12,3,8,13,51.0,59.0,3.0,10.0,12.0,62.0,56.0,52.0,50.0,74.0,67.0,14.0,63.0,76.0,42.0,32.0,77.0,1.0,0.196078431372549,0.2203389830508474,0.6666666666666666,0.0,0.3333333333333333,0.1290322580645161,0.25,0.1923076923076923,0.16,0.1756756756756756,0.1044776119402985,0.3571428571428571,0.2063492063492063,0.1578947368421052,0.0714285714285714,0.25,0.1688311688311688,0.0,3,1,1,1,3,3,6,6,4,2,1,2,3,3,2,2,3,3,3,3,1.0,42.0,54.0,57.0,42.0,23.0,48.0,66.0,15.0,53.0,74.0,83.0,36.0,76.0,40.0,48.0,1,76.0,61.0,79.0,58.0,0.0,0.0,0.0526315789473684,0.0434782608695652,0.0208333333333333,0.0188679245283018,0.0405405405405405,0.0263157894736842,0.025,0.0,0.0263157894736842,0.0491803278688524,0.0344827586206896,0.0,0.0714285714285714,0.0454545454545454,0.0,0.036144578313253,0.0,0.0,0.0379746835443038,36,,73.0,2.0277777777777777,0.0,73.19999999999999,2.033333333333333
3,4,,2022-10-25,28-198,DET,@,WAS,L (-21),Did Not Play,Did Not Play,0.0,0.0,Did Not Play,,,Did Not Play,Did Not Play,0.0,Did Not Play,0.0,0.0,,0.0,0.0,0.0,0.0,0.0,0.0,Did Not Play,Did Not Play,,,,10,13,2,4,8,14,10,8,13,7,5,13,12,3,8,13,51.0,59.0,3.0,10.0,12.0,62.0,56.0,52.0,50.0,74.0,67.0,14.0,63.0,76.0,42.0,32.0,77.0,1.0,0.196078431372549,0.2203389830508474,0.6666666666666666,0.0,0.3333333333333333,0.1290322580645161,0.25,0.1923076923076923,0.16,0.1756756756756756,0.1044776119402985,0.3571428571428571,0.2063492063492063,0.1578947368421052,0.0714285714285714,0.25,0.1688311688311688,0.0,3,1,1,1,3,3,6,6,4,2,1,2,3,3,2,2,3,3,3,3,1.0,42.0,54.0,57.0,42.0,23.0,48.0,66.0,15.0,53.0,74.0,83.0,36.0,76.0,40.0,48.0,1,76.0,61.0,79.0,58.0,0.0,0.0,0.0526315789473684,0.0434782608695652,0.0208333333333333,0.0188679245283018,0.0405405405405405,0.0263157894736842,0.025,0.0,0.0263157894736842,0.0491803278688524,0.0344827586206896,0.0,0.0714285714285714,0.0454545454545454,0.0,0.036144578313253,0.0,0.0,0.0379746835443038,36,,64.0,1.7777777777777777,0.0,64.69999999999999,1.7972222222222218
4,5,,2022-10-26,28-199,DET,,ATL,L (-5),Did Not Play,Did Not Play,0.0,0.0,Did Not Play,,,Did Not Play,Did Not Play,0.0,Did Not Play,0.0,0.0,,0.0,0.0,0.0,0.0,0.0,0.0,Did Not Play,Did Not Play,,,,10,13,2,4,8,14,10,8,13,7,5,13,12,3,8,13,51.0,59.0,3.0,10.0,12.0,62.0,56.0,52.0,50.0,74.0,67.0,14.0,63.0,76.0,42.0,32.0,77.0,1.0,0.196078431372549,0.2203389830508474,0.6666666666666666,0.0,0.3333333333333333,0.1290322580645161,0.25,0.1923076923076923,0.16,0.1756756756756756,0.1044776119402985,0.3571428571428571,0.2063492063492063,0.1578947368421052,0.0714285714285714,0.25,0.1688311688311688,0.0,3,1,1,1,3,3,6,6,4,2,1,2,3,3,2,2,3,3,3,3,1.0,42.0,54.0,57.0,42.0,23.0,48.0,66.0,15.0,53.0,74.0,83.0,36.0,76.0,40.0,48.0,1,76.0,61.0,79.0,58.0,0.0,0.0,0.0526315789473684,0.0434782608695652,0.0208333333333333,0.0188679245283018,0.0405405405405405,0.0263157894736842,0.025,0.0,0.0263157894736842,0.0491803278688524,0.0344827586206896,0.0,0.0714285714285714,0.0454545454545454,0.0,0.036144578313253,0.0,0.0,0.0379746835443038,36,,82.0,2.2777777777777777,0.0,95.9,2.663888888888889
5,6,,2022-10-28,28-201,DET,,ATL,L (-24),Did Not Play,Did Not Play,0.0,0.0,Did Not Play,,,Did Not Play,Did Not Play,0.0,Did Not Play,0.0,0.0,,0.0,0.0,0.0,0.0,0.0,0.0,Did Not Play,Did Not Play,,,,10,13,2,4,8,14,10,8,13,7,5,13,12,3,8,13,51.0,59.0,3.0,10.0,12.0,62.0,56.0,52.0,50.0,74.0,67.0,14.0,63.0,76.0,42.0,32.0,77.0,1.0,0.196078431372549,0.2203389830508474,0.6666666666666666,0.0,0.3333333333333333,0.1290322580645161,0.25,0.1923076923076923,0.16,0.1756756756756756,0.1044776119402985,0.3571428571428571,0.2063492063492063,0.1578947368421052,0.0714285714285714,0.25,0.1688311688311688,0.0,3,1,1,1,3,3,6,6,4,2,1,2,3,3,2,2,3,3,3,3,1.0,42.0,54.0,57.0,42.0,23.0,48.0,66.0,15.0,53.0,74.0,83.0,36.0,76.0,40.0,48.0,1,76.0,61.0,79.0,58.0,0.0,0.0,0.0526315789473684,0.0434782608695652,0.0208333333333333,0.0188679245283018,0.0405405405405405,0.0263157894736842,0.025,0.0,0.0263157894736842,0.0491803278688524,0.0344827586206896,0.0,0.0714285714285714,0.0454545454545454,0.0,0.036144578313253,0.0,0.0,0.0379746835443038,36,,97.0,2.6944444444444446,0.0,95.0,2.638888888888889
6,7,,2022-10-30,28-203,DET,,GSW,W (+14),Did Not Play,Did Not Play,0.0,0.0,Did Not Play,,,Did Not Play,Did Not Play,0.0,Did Not Play,0.0,0.0,,0.0,0.0,0.0,0.0,0.0,0.0,Did Not Play,Did Not Play,,,,10,13,2,4,8,14,10,8,13,7,5,13,12,3,8,13,51.0,59.0,3.0,10.0,12.0,62.0,56.0,52.0,50.0,74.0,67.0,14.0,63.0,76.0,42.0,32.0,77.0,1.0,0.196078431372549,0.2203389830508474,0.6666666666666666,0.0,0.3333333333333333,0.1290322580645161,0.25,0.1923076923076923,0.16,0.1756756756756756,0.1044776119402985,0.3571428571428571,0.2063492063492063,0.1578947368421052,0.0714285714285714,0.25,0.1688311688311688,0.0,3,1,1,1,3,3,6,6,4,2,1,2,3,3,2,2,3,3,3,3,1.0,42.0,54.0,57.0,42.0,23.0,48.0,66.0,15.0,53.0,74.0,83.0,36.0,76.0,40.0,48.0,1,76.0,61.0,79.0,58.0,0.0,0.0,0.0526315789473684,0.0434782608695652,0.0208333333333333,0.0188679245283018,0.0405405405405405,0.0263157894736842,0.025,0.0,0.0263157894736842,0.0491803278688524,0.0344827586206896,0.0,0.0714285714285714,0.0454545454545454,0.0,0.036144578313253,0.0,0.0,0.0379746835443038,36,,88.0,2.4444444444444446,0.0,105.10000000000002,2.919444444444445
7,8,1,2022-10-31,28-204,DET,@,MIL,L (-2),0,18:30,0.0,3.0,.000,0.0,0.0,,2,2.0,1.000,2.0,2.0,4.0,2.0,1.0,1.0,0.0,1.0,2.0,4.6,+1,3.0,0.0,0.0,10,13,2,4,8,14,10,8,13,7,5,13,12,3,8,13,51.0,59.0,3.0,10.0,12.0,62.0,56.0,52.0,50.0,74.0,67.0,14.0,63.0,76.0,42.0,32.0,77.0,1.0,0.196078431372549,0.2203389830508474,0.6666666666666666,0.0,0.3333333333333333,0.1290322580645161,0.25,0.1923076923076923,0.16,0.1756756756756756,0.1044776119402985,0.3571428571428571,0.2063492063492063,0.1578947368421052,0.0714285714285714,0.25,0.1688311688311688,0.0,3,1,1,1,3,3,6,6,4,2,1,2,3,3,2,2,3,3,3,3,1.0,42.0,54.0,57.0,42.0,23.0,48.0,66.0,15.0,53.0,74.0,83.0,36.0,76.0,40.0,48.0,1,76.0,61.0,79.0,58.0,0.0,0.0,0.0526315789473684,0.0434782608695652,0.0208333333333333,0.0188679245283018,0.0405405405405405,0.0263157894736842,0.025,0.0,0.0263157894736842,0.0491803278688524,0.0344827586206896,0.0,0.0714285714285714,0.0454545454545454,0.0,0.036144578313253,0.0,0.0,0.0379746835443038,36,5.0,78.0,2.1666666666666665,3.800000000000001,90.4,2.511111111111111
8,9,2,2022-11-02,28-206,DET,@,MIL,L (-25),0,13:15,2.0,4.0,.500,0.0,0.0,,0,0.0,,0.0,3.0,3.0,1.0,0.0,0.0,0.0,2.0,4.0,2.8,-7,4.0,2.0,0.5,10,13,2,4,8,14,10,8,13,7,5,13,12,3,8,13,51.0,59.0,3.0,10.0,12.0,62.0,56.0,52.0,50.0,74.0,67.0,14.0,63.0,76.0,42.0,32.0,77.0,1.0,0.196078431372549,0.2203389830508474,0.6666666666666666,0.0,0.3333333333333333,0.1290322580645161,0.25,0.1923076923076923,0.16,0.1756756756756756,0.1044776119402985,0.3571428571428571,0.2063492063492063,0.1578947368421052,0.0714285714285714,0.25,0.1688311688311688,0.0,3,1,1,1,3,3,6,6,4,2,1,2,3,3,2,2,3,3,3,3,1.0,42.0,54.0,57.0,42.0,23.0,48.0,66.0,15.0,53.0,74.0,83.0,36.0,76.0,40.0,48.0,1,76.0,61.0,79.0,58.0,0.0,0.0,0.0526315789473684,0.0434782608695652,0.0208333333333333,0.0188679245283018,0.0405405405405405,0.0263157894736842,0.025,0.0,0.0263157894736842,0.0491803278688524,0.0344827586206896,0.0,0.0714285714285714,0.0454545454545454,0.0,0.036144578313253,0.0,0.0,0.0379746835443038,36,4.0,98.0,2.7222222222222223,2.8,107.8,2.9944444444444445
9,10,3,2022-11-04,28-208,DET,,CLE,L (-24),0,18:43,1.0,3.0,.333,0.0,0.0,,0,0.0,,0.0,6.0,6.0,0.0,2.0,0.0,3.0,2.0,2.0,0.3,-10,3.0,1.0,0.3333333333333333,10,13,2,4,8,14,10,8,13,7,5,13,12,3,8,13,51.0,59.0,3.0,10.0,12.0,62.0,56.0,52.0,50.0,74.0,67.0,14.0,63.0,76.0,42.0,32.0,77.0,1.0,0.196078431372549,0.2203389830508474,0.6666666666666666,0.0,0.3333333333333333,0.1290322580645161,0.25,0.1923076923076923,0.16,0.1756756756756756,0.1044776119402985,0.3571428571428571,0.2063492063492063,0.1578947368421052,0.0714285714285714,0.25,0.1688311688311688,0.0,3,1,1,1,3,3,6,6,4,2,1,2,3,3,2,2,3,3,3,3,1.0,42.0,54.0,57.0,42.0,23.0,48.0,66.0,15.0,53.0,74.0,83.0,36.0,76.0,40.0,48.0,1,76.0,61.0,79.0,58.0,0.0,0.0,0.0526315789473684,0.0434782608695652,0.0208333333333333,0.0188679245283018,0.0405405405405405,0.0263157894736842,0.025,0.0,0.0263157894736842,0.0491803278688524,0.0344827586206896,0.0,0.0714285714285714,0.0454545454545454,0.0,0.036144578313253,0.0,0.0,0.0379746835443038,36,4.0,78.0,2.1666666666666665,0.2999999999999998,95.20000000000002,2.644444444444445
10,11,,2022-11-07,28-211,DET,,OKC,W (+9),Did Not Play,Did Not Play,0.0,0.0,Did Not Play,,,Did Not Play,Did Not Play,0.0,Did Not Play,0.0,0.0,,0.0,0.0,0.0,0.0,0.0,0.0,Did Not Play,Did Not Play,,,,10,13,2,4,8,14,10,8,13,7,5,13,12,3,8,13,51.0,59.0,3.0,10.0,12.0,62.0,56.0,52.0,50.0,74.0,67.0,14.0,63.0,76.0,42.0,32.0,77.0,1.0,0.196078431372549,0.2203389830508474,0.6666666666666666,0.0,0.3333333333333333,0.1290322580645161,0.25,0.1923076923076923,0.16,0.1756756756756756,0.1044776119402985,0.3571428571428571,0.2063492063492063,0.1578947368421052,0.0714285714285714,0.25,0.1688311688311688,0.0,3,1,1,1,3,3,6,6,4,2,1,2,3,3,2,2,3,3,3,3,1.0,42.0,54.0,57.0,42.0,23.0,48.0,66.0,15.0,53.0,74.0,83.0,36.0,76.0,40.0,48.0,1,76.0,61.0,79.0,58.0,0.0,0.0,0.0526315789473684,0.0434782608695652,0.0208333333333333,0.0188679245283018,0.0405405405405405,0.0263157894736842,0.025,0.0,0.0263157894736842,0.0491803278688524,0.0344827586206896,0.0,0.0714285714285714,0.0454545454545454,0.0,0.036144578313253,0.0,0.0,0.0379746835443038,36,,98.0,2.7222222222222223,0.0,112.4,3.1222222222222222
11,12,4,2022-11-09,28-213,DET,@,BOS,L (-16),0,3:24,1.0,2.0,.500,0.0,0.0,,1,2.0,.500,0.0,2.0,2.0,0.0,0.0,0.0,0.0,0.0,3.0,2.2,+4,2.0,1.0,0.5,10,13,2,4,8,14,10,8,13,7,5,13,12,3,8,13,51.0,59.0,3.0,10.0,12.0,62.0,56.0,52.0,50.0,74.0,67.0,14.0,63.0,76.0,42.0,32.0,77.0,1.0,0.196078431372549,0.2203389830508474,0.6666666666666666,0.0,0.3333333333333333,0.1290322580645161,0.25,0.1923076923076923,0.16,0.1756756756756756,0.1044776119402985,0.3571428571428571,0.2063492063492063,0.1578947368421052,0.0714285714285714,0.25,0.1688311688311688,0.0,3,1,1,1,3,3,6,6,4,2,1,2,3,3,2,2,3,3,3,3,1.0,42.0,54.0,57.0,42.0,23.0,48.0,66.0,15.0,53.0,74.0,83.0,36.0,76.0,40.0,48.0,1,76.0,61.0,79.0,58.0,0.0,0.0,0.0526315789473684,0.0434782608695652,0.0208333333333333,0.0188679245283018,0.0405405405405405,0.0263157894736842,0.025,0.0,0.0263157894736842,0.0491803278688524,0.0344827586206896,0.0,0.0714285714285714,0.0454545454545454,0.0,0.036144578313253,0.0,0.0,0.0379746835443038,36,1.0,106.0,2.9444444444444446,1.8,103.59999999999998,2.8777777777777773
12,13,,2022-11-11,28-215,DET,@,NYK,L (-9),Did Not Play,Did Not Play,0.0,0.0,Did Not Play,,,Did Not Play,Did Not Play,0.0,Did Not Play,0.0,0.0,,0.0,0.0,0.0,0.0,0.0,0.0,Did Not Play,Did Not Play,,,,10,13,2,4,8,14,10,8,13,7,5,13,12,3,8,13,51.0,59.0,3.0,10.0,12.0,62.0,56.0,52.0,50.0,74.0,67.0,14.0,63.0,76.0,42.0,32.0,77.0,1.0,0.196078431372549,0.2203389830508474,0.6666666666666666,0.0,0.3333333333333333,0.1290322580645161,0.25,0.1923076923076923,0.16,0.1756756756756756,0.1044776119402985,0.3571428571428571,0.2063492063492063,0.1578947368421052,0.0714285714285714,0.25,0.1688311688311688,0.0,3,1,1,1,3,3,6,6,4,2,1,2,3,3,2,2,3,3,3,3,1.0,42.0,54.0,57.0,42.0,23.0,48.0,66.0,15.0,53.0,74.0,83.0,36.0,76.0,40.0,48.0,1,76.0,61.0,79.0,58.0,0.0,0.0,0.0526315789473684,0.0434782608695652,0.0208333333333333,0.0188679245283018,0.0405405405405405,0.0263157894736842,0.025,0.0,0.0263157894736842,0.0491803278688524,0.0344827586206896,0.0,0.0714285714285714,0.0454545454545454,0.0,0.036144578313253,0.0,0.0,0.0379746835443038,36,,90.0,2.5,0.0,108.7,3.0194444444444444
13,14,,2022-11-12,28-216,DET,,BOS,L (-9),Did Not Play,Did Not Play,0.0,0.0,Did Not Play,,,Did Not Play,Did Not Play,0.0,Did Not Play,0.0,0.0,,0.0,0.0,0.0,0.0,0.0,0.0,Did Not Play,Did Not Play,,,,10,13,2,4,8,14,10,8,13,7,5,13,12,3,8,13,51.0,59.0,3.0,10.0,12.0,62.0,56.0,52.0,50.0,74.0,67.0,14.0,63.0,76.0,42.0,32.0,77.0,1.0,0.196078431372549,0.2203389830508474,0.6666666666666666,0.0,0.3333333333333333,0.1290322580645161,0.25,0.1923076923076923,0.16,0.1756756756756756,0.1044776119402985,0.3571428571428571,0.2063492063492063,0.1578947368421052,0.0714285714285714,0.25,0.1688311688311688,0.0,3,1,1,1,3,3,6,6,4,2,1,2,3,3,2,2,3,3,3,3,1.0,42.0,54.0,57.0,42.0,23.0,48.0,66.0,15.0,53.0,74.0,83.0,36.0,76.0,40.0,48.0,1,76.0,61.0,79.0,58.0,0.0,0.0,0.0526315789473684,0.0434782608695652,0.0208333333333333,0.0188679245283018,0.0405405405405405,0.0263157894736842,0.025,0.0,0.0263157894736842,0.0491803278688524,0.0344827586206896,0.0,0.0714285714285714,0.0454545454545454,0.0,0.036144578313253,0.0,0.0,0.0379746835443038,36,,80.0,2.2222222222222223,0.0,93.5,2.5972222222222223
14,15,,2022-11-14,28-218,DET,,TOR,L (-4),Did Not Play,Did Not Play,0.0,0.0,Did Not Play,,,Did Not Play,Did Not Play,0.0,Did Not Play,0.0,0.0,,0.0,0.0,0.0,0.0,0.0,0.0,Did Not Play,Did Not Play,,,,10,13,2,4,8,14,10,8,13,7,5,13,12,3,8,13,51.0,59.0,3.0,10.0,12.0,62.0,56.0,52.0,50.0,74.0,67.0,14.0,63.0,76.0,42.0,32.0,77.0,1.0,0.196078431372549,0.2203389830508474,0.6666666666666666,0.0,0.3333333333333333,0.1290322580645161,0.25,0.1923076923076923,0.16,0.1756756756756756,0.1044776119402985,0.3571428571428571,0.2063492063492063,0.1578947368421052,0.0714285714285714,0.25,0.1688311688311688,0.0,3,1,1,1,3,3,6,6,4,2,1,2,3,3,2,2,3,3,3,3,1.0,42.0,54.0,57.0,42.0,23.0,48.0,66.0,15.0,53.0,74.0,83.0,36.0,76.0,40.0,48.0,1,76.0,61.0,79.0,58.0,0.0,0.0,0.0526315789473684,0.0434782608695652,0.0208333333333333,0.0188679245283018,0.0405405405405405,0.0263157894736842,0.025,0.0,0.0263157894736842,0.0491803278688524,0.0344827586206896,0.0,0.0714285714285714,0.0454545454545454,0.0,0.036144578313253,0.0,0.0,0.0379746835443038,36,,84.0,2.333333333333333,0.0,103.3,2.8694444444444445
15,16,,2022-11-17,28-221,DET,@,LAC,L (-5),Did Not Play,Did Not Play,0.0,0.0,Did Not Play,,,Did Not Play,Did Not Play,0.0,Did Not Play,0.0,0.0,,0.0,0.0,0.0,0.0,0.0,0.0,Did Not Play,Did Not Play,,,,10,13,2,4,8,14,10,8,13,7,5,13,12,3,8,13,51.0,59.0,3.0,10.0,12.0,62.0,56.0,52.0,50.0,74.0,67.0,14.0,63.0,76.0,42.0,32.0,77.0,1.0,0.196078431372549,0.2203389830508474,0.6666666666666666,0.0,0.3333333333333333,0.1290322580645161,0.25,0.1923076923076923,0.16,0.1756756756756756,0.1044776119402985,0.3571428571428571,0.2063492063492063,0.1578947368421052,0.0714285714285714,0.25,0.1688311688311688,0.0,3,1,1,1,3,3,6,6,4,2,1,2,3,3,2,2,3,3,3,3,1.0,42.0,54.0,57.0,42.0,23.0,48.0,66.0,15.0,53.0,74.0,83.0,36.0,76.0,40.0,48.0,1,76.0,61.0,79.0,58.0,0.0,0.0,0.0526315789473684,0.0434782608695652,0.0208333333333333,0.0188679245283018,0.0405405405405405,0.0263157894736842,0.025,0.0,0.0263157894736842,0.0491803278688524,0.0344827586206896,0.0,0.0714285714285714,0.0454545454545454,0.0,0.036144578313253,0.0,0.0,0.0379746835443038,36,,91.0,2.5277777777777777,0.0,84.59999999999998,2.3499999999999996
16,17,5,2022-11-18,28-222,DET,@,LAL,L (-7),0,5:52,0.0,0.0,,0.0,0.0,,0,0.0,,0.0,3.0,3.0,0.0,2.0,1.0,0.0,3.0,0.0,2.4,+6,0.0,0.0,,10,13,2,4,8,14,10,8,13,7,5,13,12,3,8,13,51.0,59.0,3.0,10.0,12.0,62.0,56.0,52.0,50.0,74.0,67.0,14.0,63.0,76.0,42.0,32.0,77.0,1.0,0.196078431372549,0.2203389830508474,0.6666666666666666,0.0,0.3333333333333333,0.1290322580645161,0.25,0.1923076923076923,0.16,0.1756756756756756,0.1044776119402985,0.3571428571428571,0.2063492063492063,0.1578947368421052,0.0714285714285714,0.25,0.1688311688311688,0.0,3,1,1,1,3,3,6,6,4,2,1,2,3,3,2,2,3,3,3,3,1.0,42.0,54.0,57.0,42.0,23.0,48.0,66.0,15.0,53.0,74.0,83.0,36.0,76.0,40.0,48.0,1,76.0,61.0,79.0,58.0,0.0,0.0,0.0526315789473684,0.0434782608695652,0.0208333333333333,0.0188679245283018,0.0405405405405405,0.0263157894736842,0.025,0.0,0.0263157894736842,0.0491803278688524,0.0344827586206896,0.0,0.0714285714285714,0.0454545454545454,0.0,0.036144578313253,0.0,0.0,0.0379746835443038,36,6.0,112.0,3.111111111111111,2.3999999999999995,115.2,3.2
17,18,,2022-11-20,28-224,DET,@,SAC,L (-8),Did Not Play,Did Not Play,0.0,0.0,Did Not Play,,,Did Not Play,Did Not Play,0.0,Did Not Play,0.0,0.0,,0.0,0.0,0.0,0.0,0.0,0.0,Did Not Play,Did Not Play,,,,10,13,2,4,8,14,10,8,13,7,5,13,12,3,8,13,51.0,59.0,3.0,10.0,12.0,62.0,56.0,52.0,50.0,74.0,67.0,14.0,63.0,76.0,42.0,32.0,77.0,1.0,0.196078431372549,0.2203389830508474,0.6666666666666666,0.0,0.3333333333333333,0.1290322580645161,0.25,0.1923076923076923,0.16,0.1756756756756756,0.1044776119402985,0.3571428571428571,0.2063492063492063,0.1578947368421052,0.0714285714285714,0.25,0.1688311688311688,0.0,3,1,1,1,3,3,6,6,4,2,1,2,3,3,2,2,3,3,3,3,1.0,42.0,54.0,57.0,42.0,23.0,48.0,66.0,15.0,53.0,74.0,83.0,36.0,76.0,40.0,48.0,1,76.0,61.0,79.0,58.0,0.0,0.0,0.0526315789473684,0.0434782608695652,0.0208333333333333,0.0188679245283018,0.0405405405405405,0.0263157894736842,0.025,0.0,0.0263157894736842,0.0491803278688524,0.0344827586206896,0.0,0.0714285714285714,0.0454545454545454,0.0,0.036144578313253,0.0,0.0,0.0379746835443038,36,,80.0,2.2222222222222223,0.0,85.8,2.3833333333333333
18,19,,2022-11-22,28-226,DET,@,DEN,W (+2),Did Not Play,Did Not Play,0.0,0.0,Did Not Play,,,Did Not Play,Did Not Play,0.0,Did Not Play,0.0,0.0,,0.0,0.0,0.0,0.0,0.0,0.0,Did Not Play,Did Not Play,,,,10,13,2,4,8,14,10,8,13,7,5,13,12,3,8,13,51.0,59.0,3.0,10.0,12.0,62.0,56.0,52.0,50.0,74.0,67.0,14.0,63.0,76.0,42.0,32.0,77.0,1.0,0.196078431372549,0.2203389830508474,0.6666666666666666,0.0,0.3333333333333333,0.1290322580645161,0.25,0.1923076923076923,0.16,0.1756756756756756,0.1044776119402985,0.3571428571428571,0.2063492063492063,0.1578947368421052,0.0714285714285714,0.25,0.1688311688311688,0.0,3,1,1,1,3,3,6,6,4,2,1,2,3,3,2,2,3,3,3,3,1.0,42.0,54.0,57.0,42.0,23.0,48.0,66.0,15.0,53.0,74.0,83.0,36.0,76.0,40.0,48.0,1,76.0,61.0,79.0,58.0,0.0,0.0,0.0526315789473684,0.0434782608695652,0.0208333333333333,0.0188679245283018,0.0405405405405405,0.0263157894736842,0.025,0.0,0.0263157894736842,0.0491803278688524,0.0344827586206896,0.0,0.0714285714285714,0.0454545454545454,0.0,0.036144578313253,0.0,0.0,0.0379746835443038,36,,100.0,2.7777777777777777,0.0,113.20000000000002,3.144444444444445
19,20,,2022-11-23,28-227,DET,@,UTA,W (+9),Did Not Play,Did Not Play,0.0,0.0,Did Not Play,,,Did Not Play,Did Not Play,0.0,Did Not Play,0.0,0.0,,0.0,0.0,0.0,0.0,0.0,0.0,Did Not Play,Did Not Play,,,,10,13,2,4,8,14,10,8,13,7,5,13,12,3,8,13,51.0,59.0,3.0,10.0,12.0,62.0,56.0,52.0,50.0,74.0,67.0,14.0,63.0,76.0,42.0,32.0,77.0,1.0,0.196078431372549,0.2203389830508474,0.6666666666666666,0.0,0.3333333333333333,0.1290322580645161,0.25,0.1923076923076923,0.16,0.1756756756756756,0.1044776119402985,0.3571428571428571,0.2063492063492063,0.1578947368421052,0.0714285714285714,0.25,0.1688311688311688,0.0,3,1,1,1,3,3,6,6,4,2,1,2,3,3,2,2,3,3,3,3,1.0,42.0,54.0,57.0,42.0,23.0,48.0,66.0,15.0,53.0,74.0,83.0,36.0,76.0,40.0,48.0,1,76.0,61.0,79.0,58.0,0.0,0.0,0.0526315789473684,0.0434782608695652,0.0208333333333333,0.0188679245283018,0.0405405405405405,0.0263157894736842,0.025,0.0,0.0263157894736842,0.0491803278688524,0.0344827586206896,0.0,0.0714285714285714,0.0454545454545454,0.0,0.036144578313253,0.0,0.0,0.0379746835443038,36,,77.0,2.138888888888889,0.0,77.6,2.1555555555555554
20,Rk,G,Date,Age,Tm,,Opp,,GS,MP,0.0,0.0,FG%,,,3P%,FT,0.0,FT%,0.0,0.0,,0.0,0.0,0.0,0.0,0.0,0.0,GmSc,+/-,,,,10,13,2,4,8,14,10,8,13,7,5,13,12,3,8,13,51.0,59.0,3.0,10.0,12.0,62.0,56.0,52.0,50.0,74.0,67.0,14.0,63.0,76.0,42.0,32.0,77.0,1.0,0.196078431372549,0.2203389830508474,0.6666666666666666,0.0,0.3333333333333333,0.1290322580645161,0.25,0.1923076923076923,0.16,0.1756756756756756,0.1044776119402985,0.3571428571428571,0.2063492063492063,0.1578947368421052,0.0714285714285714,0.25,0.1688311688311688,0.0,3,1,1,1,3,3,6,6,4,2,1,2,3,3,2,2,3,3,3,3,1.0,42.0,54.0,57.0,42.0,23.0,48.0,66.0,15.0,53.0,74.0,83.0,36.0,76.0,40.0,48.0,1,76.0,61.0,79.0,58.0,0.0,0.0,0.0526315789473684,0.0434782608695652,0.0208333333333333,0.0188679245283018,0.0405405405405405,0.0263157894736842,0.025,0.0,0.0263157894736842,0.0491803278688524,0.0344827586206896,0.0,0.0714285714285714,0.0454545454545454,0.0,0.036144578313253,0.0,0.0,0.0379746835443038,36,,0.0,0.0,0.0,0.0,0.0
21,21,6,2022-11-25,28-229,DET,@,PHO,L (-6),0,2:16,0.0,1.0,.000,0.0,0.0,,0,0.0,,1.0,0.0,1.0,0.0,0.0,0.0,0.0,1.0,0.0,-0.4,-3,1.0,0.0,0.0,10,13,2,4,8,14,10,8,13,7,5,13,12,3,8,13,51.0,59.0,3.0,10.0,12.0,62.0,56.0,52.0,50.0,74.0,67.0,14.0,63.0,76.0,42.0,32.0,77.0,1.0,0.196078431372549,0.2203389830508474,0.6666666666666666,0.0,0.3333333333333333,0.1290322580645161,0.25,0.1923076923076923,0.16,0.1756756756756756,0.1044776119402985,0.3571428571428571,0.2063492063492063,0.1578947368421052,0.0714285714285714,0.25,0.1688311688311688,0.0,3,1,1,1,3,3,6,6,4,2,1,2,3,3,2,2,3,3,3,3,1.0,42.0,54.0,57.0,42.0,23.0,48.0,66.0,15.0,53.0,74.0,83.0,36.0,76.0,40.0,48.0,1,76.0,61.0,79.0,58.0,0.0,0.0,0.0526315789473684,0.0434782608695652,0.0208333333333333,0.0188679245283018,0.0405405405405405,0.0263157894736842,0.025,0.0,0.0263157894736842,0.0491803278688524,0.0344827586206896,0.0,0.0714285714285714,0.0454545454545454,0.0,0.036144578313253,0.0,0.0,0.0379746835443038,36,0.0,58.0,1.6111111111111112,-0.4,65.1,1.8083333333333331
22,22,,2022-11-27,28-231,DET,,CLE,L (-8),Did Not Play,Did Not Play,0.0,0.0,Did Not Play,,,Did Not Play,Did Not Play,0.0,Did Not Play,0.0,0.0,,0.0,0.0,0.0,0.0,0.0,0.0,Did Not Play,Did Not Play,,,,10,13,2,4,8,14,10,8,13,7,5,13,12,3,8,13,51.0,59.0,3.0,10.0,12.0,62.0,56.0,52.0,50.0,74.0,67.0,14.0,63.0,76.0,42.0,32.0,77.0,1.0,0.196078431372549,0.2203389830508474,0.6666666666666666,0.0,0.3333333333333333,0.1290322580645161,0.25,0.1923076923076923,0.16,0.1756756756756756,0.1044776119402985,0.3571428571428571,0.2063492063492063,0.1578947368421052,0.0714285714285714,0.25,0.1688311688311688,0.0,3,1,1,1,3,3,6,6,4,2,1,2,3,3,2,2,3,3,3,3,1.0,42.0,54.0,57.0,42.0,23.0,48.0,66.0,15.0,53.0,74.0,83.0,36.0,76.0,40.0,48.0,1,76.0,61.0,79.0,58.0,0.0,0.0,0.0526315789473684,0.0434782608695652,0.0208333333333333,0.0188679245283018,0.0405405405405405,0.0263157894736842,0.025,0.0,0.0263157894736842,0.0491803278688524,0.0344827586206896,0.0,0.0714285714285714,0.0454545454545454,0.0,0.036144578313253,0.0,0.0,0.0379746835443038,36,,71.0,1.9722222222222223,0.0,65.89999999999999,1.8305555555555553
23,23,,2022-11-29,28-233,DET,,NYK,L (-30),Inactive,Inactive,0.0,0.0,Inactive,,,Inactive,Inactive,0.0,Inactive,0.0,0.0,,0.0,0.0,0.0,0.0,0.0,0.0,Inactive,Inactive,,,,10,13,2,4,8,14,10,8,13,7,5,13,12,3,8,13,51.0,59.0,3.0,10.0,12.0,62.0,56.0,52.0,50.0,74.0,67.0,14.0,63.0,76.0,42.0,32.0,77.0,1.0,0.196078431372549,0.2203389830508474,0.6666666666666666,0.0,0.3333333333333333,0.1290322580645161,0.25,0.1923076923076923,0.16,0.1756756756756756,0.1044776119402985,0.3571428571428571,0.2063492063492063,0.1578947368421052,0.0714285714285714,0.25,0.1688311688311688,0.0,3,1,1,1,3,3,6,6,4,2,1,2,3,3,2,2,3,3,3,3,1.0,42.0,54.0,57.0,42.0,23.0,48.0,66.0,15.0,53.0,74.0,83.0,36.0,76.0,40.0,48.0,1,76.0,61.0,79.0,58.0,0.0,0.0,0.0526315789473684,0.0434782608695652,0.0208333333333333,0.0188679245283018,0.0405405405405405,0.0263157894736842,0.025,0.0,0.0263157894736842,0.0491803278688524,0.0344827586206896,0.0,0.0714285714285714,0.0454545454545454,0.0,0.036144578313253,0.0,0.0,0.0379746835443038,36,,65.0,1.805555555555556,0.0,65.0,1.8055555555555556
24,24,,2022-12-01,28-235,DET,,DAL,W (+6),Did Not Play,Did Not Play,0.0,0.0,Did Not Play,,,Did Not Play,Did Not Play,0.0,Did Not Play,0.0,0.0,,0.0,0.0,0.0,0.0,0.0,0.0,Did Not Play,Did Not Play,,,,10,13,2,4,8,14,10,8,13,7,5,13,12,3,8,13,51.0,59.0,3.0,10.0,12.0,62.0,56.0,52.0,50.0,74.0,67.0,14.0,63.0,76.0,42.0,32.0,77.0,1.0,0.196078431372549,0.2203389830508474,0.6666666666666666,0.0,0.3333333333333333,0.1290322580645161,0.25,0.1923076923076923,0.16,0.1756756756756756,0.1044776119402985,0.3571428571428571,0.2063492063492063,0.1578947368421052,0.0714285714285714,0.25,0.1688311688311688,0.0,3,1,1,1,3,3,6,6,4,2,1,2,3,3,2,2,3,3,3,3,1.0,42.0,54.0,57.0,42.0,23.0,48.0,66.0,15.0,53.0,74.0,83.0,36.0,76.0,40.0,48.0,1,76.0,61.0,79.0,58.0,0.0,0.0,0.0526315789473684,0.0434782608695652,0.0208333333333333,0.0188679245283018,0.0405405405405405,0.0263157894736842,0.025,0.0,0.0263157894736842,0.0491803278688524,0.0344827586206896,0.0,0.0714285714285714,0.0454545454545454,0.0,0.036144578313253,0.0,0.0,0.0379746835443038,36,,74.0,2.055555555555556,0.0,87.80000000000001,2.438888888888889
25,25,,2022-12-04,28-238,DET,,MEM,L (-10),Did Not Play,Did Not Play,0.0,0.0,Did Not Play,,,Did Not Play,Did Not Play,0.0,Did Not Play,0.0,0.0,,0.0,0.0,0.0,0.0,0.0,0.0,Did Not Play,Did Not Play,,,,10,13,2,4,8,14,10,8,13,7,5,13,12,3,8,13,51.0,59.0,3.0,10.0,12.0,62.0,56.0,52.0,50.0,74.0,67.0,14.0,63.0,76.0,42.0,32.0,77.0,1.0,0.196078431372549,0.2203389830508474,0.6666666666666666,0.0,0.3333333333333333,0.1290322580645161,0.25,0.1923076923076923,0.16,0.1756756756756756,0.1044776119402985,0.3571428571428571,0.2063492063492063,0.1578947368421052,0.0714285714285714,0.25,0.1688311688311688,0.0,3,1,1,1,3,3,6,6,4,2,1,2,3,3,2,2,3,3,3,3,1.0,42.0,54.0,57.0,42.0,23.0,48.0,66.0,15.0,53.0,74.0,83.0,36.0,76.0,40.0,48.0,1,76.0,61.0,79.0,58.0,0.0,0.0,0.0526315789473684,0.0434782608695652,0.0208333333333333,0.0188679245283018,0.0405405405405405,0.0263157894736842,0.025,0.0,0.0263157894736842,0.0491803278688524,0.0344827586206896,0.0,0.0714285714285714,0.0454545454545454,0.0,0.036144578313253,0.0,0.0,0.0379746835443038,36,,45.0,1.25,0.0,50.1,1.3916666666666666
26,26,,2022-12-06,28-240,DET,@,MIA,W (+20),Did Not Play,Did Not Play,0.0,0.0,Did Not Play,,,Did Not Play,Did Not Play,0.0,Did Not Play,0.0,0.0,,0.0,0.0,0.0,0.0,0.0,0.0,Did Not Play,Did Not Play,,,,10,13,2,4,8,14,10,8,13,7,5,13,12,3,8,13,51.0,59.0,3.0,10.0,12.0,62.0,56.0,52.0,50.0,74.0,67.0,14.0,63.0,76.0,42.0,32.0,77.0,1.0,0.196078431372549,0.2203389830508474,0.6666666666666666,0.0,0.3333333333333333,0.1290322580645161,0.25,0.1923076923076923,0.16,0.1756756756756756,0.1044776119402985,0.3571428571428571,0.2063492063492063,0.1578947368421052,0.0714285714285714,0.25,0.1688311688311688,0.0,3,1,1,1,3,3,6,6,4,2,1,2,3,3,2,2,3,3,3,3,1.0,42.0,54.0,57.0,42.0,23.0,48.0,66.0,15.0,53.0,74.0,83.0,36.0,76.0,40.0,48.0,1,76.0,61.0,79.0,58.0,0.0,0.0,0.0526315789473684,0.0434782608695652,0.0208333333333333,0.0188679245283018,0.0405405405405405,0.0263157894736842,0.025,0.0,0.0263157894736842,0.0491803278688524,0.0344827586206896,0.0,0.0714285714285714,0.0454545454545454,0.0,0.036144578313253,0.0,0.0,0.0379746835443038,36,,94.0,2.611111111111111,0.0,111.5,3.0972222222222223
27,27,,2022-12-07,28-241,DET,@,NOP,L (-6),Did Not Play,Did Not Play,0.0,0.0,Did Not Play,,,Did Not Play,Did Not Play,0.0,Did Not Play,0.0,0.0,,0.0,0.0,0.0,0.0,0.0,0.0,Did Not Play,Did Not Play,,,,10,13,2,4,8,14,10,8,13,7,5,13,12,3,8,13,51.0,59.0,3.0,10.0,12.0,62.0,56.0,52.0,50.0,74.0,67.0,14.0,63.0,76.0,42.0,32.0,77.0,1.0,0.196078431372549,0.2203389830508474,0.6666666666666666,0.0,0.3333333333333333,0.1290322580645161,0.25,0.1923076923076923,0.16,0.1756756756756756,0.1044776119402985,0.3571428571428571,0.2063492063492063,0.1578947368421052,0.0714285714285714,0.25,0.1688311688311688,0.0,3,1,1,1,3,3,6,6,4,2,1,2,3,3,2,2,3,3,3,3,1.0,42.0,54.0,57.0,42.0,23.0,48.0,66.0,15.0,53.0,74.0,83.0,36.0,76.0,40.0,48.0,1,76.0,61.0,79.0,58.0,0.0,0.0,0.0526315789473684,0.0434782608695652,0.0208333333333333,0.0188679245283018,0.0405405405405405,0.0263157894736842,0.025,0.0,0.0263157894736842,0.0491803278688524,0.0344827586206896,0.0,0.0714285714285714,0.0454545454545454,0.0,0.036144578313253,0.0,0.0,0.0379746835443038,36,,96.0,2.6666666666666665,0.0,103.40000000000002,2.8722222222222227
28,28,,2022-12-09,28-243,DET,@,MEM,L (-11),Did Not Play,Did Not Play,0.0,0.0,Did Not Play,,,Did Not Play,Did Not Play,0.0,Did Not Play,0.0,0.0,,0.0,0.0,0.0,0.0,0.0,0.0,Did Not Play,Did Not Play,,,,10,13,2,4,8,14,10,8,13,7,5,13,12,3,8,13,51.0,59.0,3.0,10.0,12.0,62.0,56.0,52.0,50.0,74.0,67.0,14.0,63.0,76.0,42.0,32.0,77.0,1.0,0.196078431372549,0.2203389830508474,0.6666666666666666,0.0,0.3333333333333333,0.1290322580645161,0.25,0.1923076923076923,0.16,0.1756756756756756,0.1044776119402985,0.3571428571428571,0.2063492063492063,0.1578947368421052,0.0714285714285714,0.25,0.1688311688311688,0.0,3,1,1,1,3,3,6,6,4,2,1,2,3,3,2,2,3,3,3,3,1.0,42.0,54.0,57.0,42.0,23.0,48.0,66.0,15.0,53.0,74.0,83.0,36.0,76.0,40.0,48.0,1,76.0,61.0,79.0,58.0,0.0,0.0,0.0526315789473684,0.0434782608695652,0.0208333333333333,0.0188679245283018,0.0405405405405405,0.0263157894736842,0.025,0.0,0.0263157894736842,0.0491803278688524,0.0344827586206896,0.0,0.0714285714285714,0.0454545454545454,0.0,0.036144578313253,0.0,0.0,0.0379746835443038,36,,62.0,1.7222222222222223,0.0,98.9,2.7472222222222222
29,29,,2022-12-11,28-245,DET,,LAL,L (-7),Did Not Play,Did Not Play,0.0,0.0,Did Not Play,,,Did Not Play,Did Not Play,0.0,Did Not Play,0.0,0.0,,0.0,0.0,0.0,0.0,0.0,0.0,Did Not Play,Did Not Play,,,,10,13,2,4,8,14,10,8,13,7,5,13,12,3,8,13,51.0,59.0,3.0,10.0,12.0,62.0,56.0,52.0,50.0,74.0,67.0,14.0,63.0,76.0,42.0,32.0,77.0,1.0,0.196078431372549,0.2203389830508474,0.6666666666666666,0.0,0.3333333333333333,0.1290322580645161,0.25,0.1923076923076923,0.16,0.1756756756756756,0.1044776119402985,0.3571428571428571,0.2063492063492063,0.1578947368421052,0.0714285714285714,0.25,0.1688311688311688,0.0,3,1,1,1,3,3,6,6,4,2,1,2,3,3,2,2,3,3,3,3,1.0,42.0,54.0,57.0,42.0,23.0,48.0,66.0,15.0,53.0,74.0,83.0,36.0,76.0,40.0,48.0,1,76.0,61.0,79.0,58.0,0.0,0.0,0.0526315789473684,0.0434782608695652,0.0208333333333333,0.0188679245283018,0.0405405405405405,0.0263157894736842,0.025,0.0,0.0263157894736842,0.0491803278688524,0.0344827586206896,0.0,0.0714285714285714,0.0454545454545454,0.0,0.036144578313253,0.0,0.0,0.0379746835443038,36,,67.0,1.8611111111111112,0.0,78.1,2.1694444444444443
30,30,,2022-12-14,28-248,DET,@,CHO,W (+7),Did Not Play,Did Not Play,0.0,0.0,Did Not Play,,,Did Not Play,Did Not Play,0.0,Did Not Play,0.0,0.0,,0.0,0.0,0.0,0.0,0.0,0.0,Did Not Play,Did Not Play,,,,10,13,2,4,8,14,10,8,13,7,5,13,12,3,8,13,51.0,59.0,3.0,10.0,12.0,62.0,56.0,52.0,50.0,74.0,67.0,14.0,63.0,76.0,42.0,32.0,77.0,1.0,0.196078431372549,0.2203389830508474,0.6666666666666666,0.0,0.3333333333333333,0.1290322580645161,0.25,0.1923076923076923,0.16,0.1756756756756756,0.1044776119402985,0.3571428571428571,0.2063492063492063,0.1578947368421052,0.0714285714285714,0.25,0.1688311688311688,0.0,3,1,1,1,3,3,6,6,4,2,1,2,3,3,2,2,3,3,3,3,1.0,42.0,54.0,57.0,42.0,23.0,48.0,66.0,15.0,53.0,74.0,83.0,36.0,76.0,40.0,48.0,1,76.0,61.0,79.0,58.0,0.0,0.0,0.0526315789473684,0.0434782608695652,0.0208333333333333,0.0188679245283018,0.0405405405405405,0.0263157894736842,0.025,0.0,0.0263157894736842,0.0491803278688524,0.0344827586206896,0.0,0.0714285714285714,0.0454545454545454,0.0,0.036144578313253,0.0,0.0,0.0379746835443038,36,,81.0,2.25,0.0,81.8,2.272222222222222
31,31,,2022-12-16,28-250,DET,,SAC,L (-9),Did Not Play,Did Not Play,0.0,0.0,Did Not Play,,,Did Not Play,Did Not Play,0.0,Did Not Play,0.0,0.0,,0.0,0.0,0.0,0.0,0.0,0.0,Did Not Play,Did Not Play,,,,10,13,2,4,8,14,10,8,13,7,5,13,12,3,8,13,51.0,59.0,3.0,10.0,12.0,62.0,56.0,52.0,50.0,74.0,67.0,14.0,63.0,76.0,42.0,32.0,77.0,1.0,0.196078431372549,0.2203389830508474,0.6666666666666666,0.0,0.3333333333333333,0.1290322580645161,0.25,0.1923076923076923,0.16,0.1756756756756756,0.1044776119402985,0.3571428571428571,0.2063492063492063,0.1578947368421052,0.0714285714285714,0.25,0.1688311688311688,0.0,3,1,1,1,3,3,6,6,4,2,1,2,3,3,2,2,3,3,3,3,1.0,42.0,54.0,57.0,42.0,23.0,48.0,66.0,15.0,53.0,74.0,83.0,36.0,76.0,40.0,48.0,1,76.0,61.0,79.0,58.0,0.0,0.0,0.0526315789473684,0.0434782608695652,0.0208333333333333,0.0188679245283018,0.0405405405405405,0.0263157894736842,0.025,0.0,0.0263157894736842,0.0491803278688524,0.0344827586206896,0.0,0.0714285714285714,0.0454545454545454,0.0,0.036144578313253,0.0,0.0,0.0379746835443038,36,,85.0,2.361111111111111,0.0,84.59999999999998,2.3499999999999996
32,32,,2022-12-18,28-252,DET,,BRK,L (-3),Did Not Play,Did Not Play,0.0,0.0,Did Not Play,,,Did Not Play,Did Not Play,0.0,Did Not Play,0.0,0.0,,0.0,0.0,0.0,0.0,0.0,0.0,Did Not Play,Did Not Play,,,,10,13,2,4,8,14,10,8,13,7,5,13,12,3,8,13,51.0,59.0,3.0,10.0,12.0,62.0,56.0,52.0,50.0,74.0,67.0,14.0,63.0,76.0,42.0,32.0,77.0,1.0,0.196078431372549,0.2203389830508474,0.6666666666666666,0.0,0.3333333333333333,0.1290322580645161,0.25,0.1923076923076923,0.16,0.1756756756756756,0.1044776119402985,0.3571428571428571,0.2063492063492063,0.1578947368421052,0.0714285714285714,0.25,0.1688311688311688,0.0,3,1,1,1,3,3,6,6,4,2,1,2,3,3,2,2,3,3,3,3,1.0,42.0,54.0,57.0,42.0,23.0,48.0,66.0,15.0,53.0,74.0,83.0,36.0,76.0,40.0,48.0,1,76.0,61.0,79.0,58.0,0.0,0.0,0.0526315789473684,0.0434782608695652,0.0208333333333333,0.0188679245283018,0.0405405405405405,0.0263157894736842,0.025,0.0,0.0263157894736842,0.0491803278688524,0.0344827586206896,0.0,0.0714285714285714,0.0454545454545454,0.0,0.036144578313253,0.0,0.0,0.0379746835443038,36,,103.0,2.861111111111111,0.0,116.29999999999998,3.230555555555555
33,33,,2022-12-20,28-254,DET,,UTA,L (-15),Did Not Play,Did Not Play,0.0,0.0,Did Not Play,,,Did Not Play,Did Not Play,0.0,Did Not Play,0.0,0.0,,0.0,0.0,0.0,0.0,0.0,0.0,Did Not Play,Did Not Play,,,,10,13,2,4,8,14,10,8,13,7,5,13,12,3,8,13,51.0,59.0,3.0,10.0,12.0,62.0,56.0,52.0,50.0,74.0,67.0,14.0,63.0,76.0,42.0,32.0,77.0,1.0,0.196078431372549,0.2203389830508474,0.6666666666666666,0.0,0.3333333333333333,0.1290322580645161,0.25,0.1923076923076923,0.16,0.1756756756756756,0.1044776119402985,0.3571428571428571,0.2063492063492063,0.1578947368421052,0.0714285714285714,0.25,0.1688311688311688,0.0,3,1,1,1,3,3,6,6,4,2,1,2,3,3,2,2,3,3,3,3,1.0,42.0,54.0,57.0,42.0,23.0,48.0,66.0,15.0,53.0,74.0,83.0,36.0,76.0,40.0,48.0,1,76.0,61.0,79.0,58.0,0.0,0.0,0.0526315789473684,0.0434782608695652,0.0208333333333333,0.0188679245283018,0.0405405405405405,0.0263157894736842,0.025,0.0,0.0263157894736842,0.0491803278688524,0.0344827586206896,0.0,0.0714285714285714,0.0454545454545454,0.0,0.036144578313253,0.0,0.0,0.0379746835443038,36,,70.0,1.9444444444444444,0.0,80.79999999999998,2.244444444444444
34,34,,2022-12-21,28-255,DET,@,PHI,L (-20),Did Not Play,Did Not Play,0.0,0.0,Did Not Play,,,Did Not Play,Did Not Play,0.0,Did Not Play,0.0,0.0,,0.0,0.0,0.0,0.0,0.0,0.0,Did Not Play,Did Not Play,,,,10,13,2,4,8,14,10,8,13,7,5,13,12,3,8,13,51.0,59.0,3.0,10.0,12.0,62.0,56.0,52.0,50.0,74.0,67.0,14.0,63.0,76.0,42.0,32.0,77.0,1.0,0.196078431372549,0.2203389830508474,0.6666666666666666,0.0,0.3333333333333333,0.1290322580645161,0.25,0.1923076923076923,0.16,0.1756756756756756,0.1044776119402985,0.3571428571428571,0.2063492063492063,0.1578947368421052,0.0714285714285714,0.25,0.1688311688311688,0.0,3,1,1,1,3,3,6,6,4,2,1,2,3,3,2,2,3,3,3,3,1.0,42.0,54.0,57.0,42.0,23.0,48.0,66.0,15.0,53.0,74.0,83.0,36.0,76.0,40.0,48.0,1,76.0,61.0,79.0,58.0,0.0,0.0,0.0526315789473684,0.0434782608695652,0.0208333333333333,0.0188679245283018,0.0405405405405405,0.0263157894736842,0.025,0.0,0.0263157894736842,0.0491803278688524,0.0344827586206896,0.0,0.0714285714285714,0.0454545454545454,0.0,0.036144578313253,0.0,0.0,0.0379746835443038,36,,70.0,1.9444444444444444,0.0,70.6,1.961111111111111
35,35,,2022-12-23,28-257,DET,@,ATL,L (-25),Did Not Play,Did Not Play,0.0,0.0,Did Not Play,,,Did Not Play,Did Not Play,0.0,Did Not Play,0.0,0.0,,0.0,0.0,0.0,0.0,0.0,0.0,Did Not Play,Did Not Play,,,,10,13,2,4,8,14,10,8,13,7,5,13,12,3,8,13,51.0,59.0,3.0,10.0,12.0,62.0,56.0,52.0,50.0,74.0,67.0,14.0,63.0,76.0,42.0,32.0,77.0,1.0,0.196078431372549,0.2203389830508474,0.6666666666666666,0.0,0.3333333333333333,0.1290322580645161,0.25,0.1923076923076923,0.16,0.1756756756756756,0.1044776119402985,0.3571428571428571,0.2063492063492063,0.1578947368421052,0.0714285714285714,0.25,0.1688311688311688,0.0,3,1,1,1,3,3,6,6,4,2,1,2,3,3,2,2,3,3,3,3,1.0,42.0,54.0,57.0,42.0,23.0,48.0,66.0,15.0,53.0,74.0,83.0,36.0,76.0,40.0,48.0,1,76.0,61.0,79.0,58.0,0.0,0.0,0.0526315789473684,0.0434782608695652,0.0208333333333333,0.0188679245283018,0.0405405405405405,0.0263157894736842,0.025,0.0,0.0263157894736842,0.0491803278688524,0.0344827586206896,0.0,0.0714285714285714,0.0454545454545454,0.0,0.036144578313253,0.0,0.0,0.0379746835443038,36,,71.0,1.9722222222222223,0.0,80.19999999999999,2.2277777777777774
36,36,,2022-12-26,28-260,DET,,LAC,L (-11),Did Not Play,Did Not Play,0.0,0.0,Did Not Play,,,Did Not Play,Did Not Play,0.0,Did Not Play,0.0,0.0,,0.0,0.0,0.0,0.0,0.0,0.0,Did Not Play,Did Not Play,,,,10,13,2,4,8,14,10,8,13,7,5,13,12,3,8,13,51.0,59.0,3.0,10.0,12.0,62.0,56.0,52.0,50.0,74.0,67.0,14.0,63.0,76.0,42.0,32.0,77.0,1.0,0.196078431372549,0.2203389830508474,0.6666666666666666,0.0,0.3333333333333333,0.1290322580645161,0.25,0.1923076923076923,0.16,0.1756756756756756,0.1044776119402985,0.3571428571428571,0.2063492063492063,0.1578947368421052,0.0714285714285714,0.25,0.1688311688311688,0.0,3,1,1,1,3,3,6,6,4,2,1,2,3,3,2,2,3,3,3,3,1.0,42.0,54.0,57.0,42.0,23.0,48.0,66.0,15.0,53.0,74.0,83.0,36.0,76.0,40.0,48.0,1,76.0,61.0,79.0,58.0,0.0,0.0,0.0526315789473684,0.0434782608695652,0.0208333333333333,0.0188679245283018,0.0405405405405405,0.0263157894736842,0.025,0.0,0.0263157894736842,0.0491803278688524,0.0344827586206896,0.0,0.0714285714285714,0.0454545454545454,0.0,0.036144578313253,0.0,0.0,0.0379746835443038,36,,95.0,2.638888888888889,0.0,101.89999999999998,2.830555555555555
37,37,7,2022-12-28,28-262,DET,,ORL,W (+20),0,0:33,0.0,0.0,,0.0,0.0,,1,2.0,.500,0.0,0.0,0.0,0.0,1.0,0.0,0.0,0.0,1.0,1.6,0,0.0,0.0,,10,13,2,4,8,14,10,8,13,7,5,13,12,3,8,13,51.0,59.0,3.0,10.0,12.0,62.0,56.0,52.0,50.0,74.0,67.0,14.0,63.0,76.0,42.0,32.0,77.0,1.0,0.196078431372549,0.2203389830508474,0.6666666666666666,0.0,0.3333333333333333,0.1290322580645161,0.25,0.1923076923076923,0.16,0.1756756756756756,0.1044776119402985,0.3571428571428571,0.2063492063492063,0.1578947368421052,0.0714285714285714,0.25,0.1688311688311688,0.0,3,1,1,1,3,3,6,6,4,2,1,2,3,3,2,2,3,3,3,3,1.0,42.0,54.0,57.0,42.0,23.0,48.0,66.0,15.0,53.0,74.0,83.0,36.0,76.0,40.0,48.0,1,76.0,61.0,79.0,58.0,0.0,0.0,0.0526315789473684,0.0434782608695652,0.0208333333333333,0.0188679245283018,0.0405405405405405,0.0263157894736842,0.025,0.0,0.0263157894736842,0.0491803278688524,0.0344827586206896,0.0,0.0714285714285714,0.0454545454545454,0.0,0.036144578313253,0.0,0.0,0.0379746835443038,36,0.0,86.0,2.388888888888889,1.2,100.4,2.788888888888889
38,38,,2022-12-30,28-264,DET,@,CHI,L (-14),Did Not Play,Did Not Play,0.0,0.0,Did Not Play,,,Did Not Play,Did Not Play,0.0,Did Not Play,0.0,0.0,,0.0,0.0,0.0,0.0,0.0,0.0,Did Not Play,Did Not Play,,,,10,13,2,4,8,14,10,8,13,7,5,13,12,3,8,13,51.0,59.0,3.0,10.0,12.0,62.0,56.0,52.0,50.0,74.0,67.0,14.0,63.0,76.0,42.0,32.0,77.0,1.0,0.196078431372549,0.2203389830508474,0.6666666666666666,0.0,0.3333333333333333,0.1290322580645161,0.25,0.1923076923076923,0.16,0.1756756756756756,0.1044776119402985,0.3571428571428571,0.2063492063492063,0.1578947368421052,0.0714285714285714,0.25,0.1688311688311688,0.0,3,1,1,1,3,3,6,6,4,2,1,2,3,3,2,2,3,3,3,3,1.0,42.0,54.0,57.0,42.0,23.0,48.0,66.0,15.0,53.0,74.0,83.0,36.0,76.0,40.0,48.0,1,76.0,61.0,79.0,58.0,0.0,0.0,0.0526315789473684,0.0434782608695652,0.0208333333333333,0.0188679245283018,0.0405405405405405,0.0263157894736842,0.025,0.0,0.0263157894736842,0.0491803278688524,0.0344827586206896,0.0,0.0714285714285714,0.0454545454545454,0.0,0.036144578313253,0.0,0.0,0.0379746835443038,36,,59.0,1.6388888888888888,0.0,68.69999999999999,1.908333333333333
39,39,,2022-12-31,28-265,DET,@,MIN,W (+12),Did Not Play,Did Not Play,0.0,0.0,Did Not Play,,,Did Not Play,Did Not Play,0.0,Did Not Play,0.0,0.0,,0.0,0.0,0.0,0.0,0.0,0.0,Did Not Play,Did Not Play,,,,10,13,2,4,8,14,10,8,13,7,5,13,12,3,8,13,51.0,59.0,3.0,10.0,12.0,62.0,56.0,52.0,50.0,74.0,67.0,14.0,63.0,76.0,42.0,32.0,77.0,1.0,0.196078431372549,0.2203389830508474,0.6666666666666666,0.0,0.3333333333333333,0.1290322580645161,0.25,0.1923076923076923,0.16,0.1756756756756756,0.1044776119402985,0.3571428571428571,0.2063492063492063,0.1578947368421052,0.0714285714285714,0.25,0.1688311688311688,0.0,3,1,1,1,3,3,6,6,4,2,1,2,3,3,2,2,3,3,3,3,1.0,42.0,54.0,57.0,42.0,23.0,48.0,66.0,15.0,53.0,74.0,83.0,36.0,76.0,40.0,48.0,1,76.0,61.0,79.0,58.0,0.0,0.0,0.0526315789473684,0.0434782608695652,0.0208333333333333,0.0188679245283018,0.0405405405405405,0.0263157894736842,0.025,0.0,0.0263157894736842,0.0491803278688524,0.0344827586206896,0.0,0.0714285714285714,0.0454545454545454,0.0,0.036144578313253,0.0,0.0,0.0379746835443038,36,,74.0,2.055555555555556,0.0,71.1,1.9749999999999999
40,40,8,2023-01-02,28-267,DET,@,POR,L (-29),0,5:42,0.0,1.0,.000,0.0,0.0,,0,0.0,,0.0,0.0,0.0,0.0,1.0,0.0,1.0,1.0,0.0,-1.1,-2,1.0,0.0,0.0,10,13,2,4,8,14,10,8,13,7,5,13,12,3,8,13,51.0,59.0,3.0,10.0,12.0,62.0,56.0,52.0,50.0,74.0,67.0,14.0,63.0,76.0,42.0,32.0,77.0,1.0,0.196078431372549,0.2203389830508474,0.6666666666666666,0.0,0.3333333333333333,0.1290322580645161,0.25,0.1923076923076923,0.16,0.1756756756756756,0.1044776119402985,0.3571428571428571,0.2063492063492063,0.1578947368421052,0.0714285714285714,0.25,0.1688311688311688,0.0,3,1,1,1,3,3,6,6,4,2,1,2,3,3,2,2,3,3,3,3,1.0,42.0,54.0,57.0,42.0,23.0,48.0,66.0,15.0,53.0,74.0,83.0,36.0,76.0,40.0,48.0,1,76.0,61.0,79.0,58.0,0.0,0.0,0.0526315789473684,0.0434782608695652,0.0208333333333333,0.0188679245283018,0.0405405405405405,0.0263157894736842,0.025,0.0,0.0263157894736842,0.0491803278688524,0.0344827586206896,0.0,0.0714285714285714,0.0454545454545454,0.0,0.036144578313253,0.0,0.0,0.0379746835443038,36,-1.0,70.0,1.9444444444444444,-1.1,69.2,1.9222222222222223
41,Rk,G,Date,Age,Tm,,Opp,,GS,MP,0.0,0.0,FG%,,,3P%,FT,0.0,FT%,0.0,0.0,,0.0,0.0,0.0,0.0,0.0,0.0,GmSc,+/-,,,,10,13,2,4,8,14,10,8,13,7,5,13,12,3,8,13,51.0,59.0,3.0,10.0,12.0,62.0,56.0,52.0,50.0,74.0,67.0,14.0,63.0,76.0,42.0,32.0,77.0,1.0,0.196078431372549,0.2203389830508474,0.6666666666666666,0.0,0.3333333333333333,0.1290322580645161,0.25,0.1923076923076923,0.16,0.1756756756756756,0.1044776119402985,0.3571428571428571,0.2063492063492063,0.1578947368421052,0.0714285714285714,0.25,0.1688311688311688,0.0,3,1,1,1,3,3,6,6,4,2,1,2,3,3,2,2,3,3,3,3,1.0,42.0,54.0,57.0,42.0,23.0,48.0,66.0,15.0,53.0,74.0,83.0,36.0,76.0,40.0,48.0,1,76.0,61.0,79.0,58.0,0.0,0.0,0.0526315789473684,0.0434782608695652,0.0208333333333333,0.0188679245283018,0.0405405405405405,0.0263157894736842,0.025,0.0,0.0263157894736842,0.0491803278688524,0.0344827586206896,0.0,0.0714285714285714,0.0454545454545454,0.0,0.036144578313253,0.0,0.0,0.0379746835443038,36,,0.0,0.0,0.0,0.0,0.0
42,41,,2023-01-04,28-269,DET,@,GSW,W (+3),Did Not Play,Did Not Play,0.0,0.0,Did Not Play,,,Did Not Play,Did Not Play,0.0,Did Not Play,0.0,0.0,,0.0,0.0,0.0,0.0,0.0,0.0,Did Not Play,Did Not Play,,,,10,13,2,4,8,14,10,8,13,7,5,13,12,3,8,13,51.0,59.0,3.0,10.0,12.0,62.0,56.0,52.0,50.0,74.0,67.0,14.0,63.0,76.0,42.0,32.0,77.0,1.0,0.196078431372549,0.2203389830508474,0.6666666666666666,0.0,0.3333333333333333,0.1290322580645161,0.25,0.1923076923076923,0.16,0.1756756756756756,0.1044776119402985,0.3571428571428571,0.2063492063492063,0.1578947368421052,0.0714285714285714,0.25,0.1688311688311688,0.0,3,1,1,1,3,3,6,6,4,2,1,2,3,3,2,2,3,3,3,3,1.0,42.0,54.0,57.0,42.0,23.0,48.0,66.0,15.0,53.0,74.0,83.0,36.0,76.0,40.0,48.0,1,76.0,61.0,79.0,58.0,0.0,0.0,0.0526315789473684,0.0434782608695652,0.0208333333333333,0.0188679245283018,0.0405405405405405,0.0263157894736842,0.025,0.0,0.0263157894736842,0.0491803278688524,0.0344827586206896,0.0,0.0714285714285714,0.0454545454545454,0.0,0.036144578313253,0.0,0.0,0.0379746835443038,36,,89.0,2.4722222222222223,0.0,105.09999999999998,2.919444444444444
43,42,,2023-01-06,28-271,DET,@,SAS,L (-12),Did Not Play,Did Not Play,0.0,0.0,Did Not Play,,,Did Not Play,Did Not Play,0.0,Did Not Play,0.0,0.0,,0.0,0.0,0.0,0.0,0.0,0.0,Did Not Play,Did Not Play,,,,10,13,2,4,8,14,10,8,13,7,5,13,12,3,8,13,51.0,59.0,3.0,10.0,12.0,62.0,56.0,52.0,50.0,74.0,67.0,14.0,63.0,76.0,42.0,32.0,77.0,1.0,0.196078431372549,0.2203389830508474,0.6666666666666666,0.0,0.3333333333333333,0.1290322580645161,0.25,0.1923076923076923,0.16,0.1756756756756756,0.1044776119402985,0.3571428571428571,0.2063492063492063,0.1578947368421052,0.0714285714285714,0.25,0.1688311688311688,0.0,3,1,1,1,3,3,6,6,4,2,1,2,3,3,2,2,3,3,3,3,1.0,42.0,54.0,57.0,42.0,23.0,48.0,66.0,15.0,53.0,74.0,83.0,36.0,76.0,40.0,48.0,1,76.0,61.0,79.0,58.0,0.0,0.0,0.0526315789473684,0.0434782608695652,0.0208333333333333,0.0188679245283018,0.0405405405405405,0.0263157894736842,0.025,0.0,0.0263157894736842,0.0491803278688524,0.0344827586206896,0.0,0.0714285714285714,0.0454545454545454,0.0,0.036144578313253,0.0,0.0,0.0379746835443038,36,,96.0,2.6666666666666665,0.0,97.0,2.6944444444444446
44,43,9,2023-01-08,28-273,DET,,PHI,L (-12),0,12:54,3.0,3.0,1.000,0.0,0.0,,0,0.0,,2.0,2.0,4.0,0.0,1.0,0.0,0.0,3.0,6.0,6.9,-11,3.0,3.0,1.0,10,13,2,4,8,14,10,8,13,7,5,13,12,3,8,13,51.0,59.0,3.0,10.0,12.0,62.0,56.0,52.0,50.0,74.0,67.0,14.0,63.0,76.0,42.0,32.0,77.0,1.0,0.196078431372549,0.2203389830508474,0.6666666666666666,0.0,0.3333333333333333,0.1290322580645161,0.25,0.1923076923076923,0.16,0.1756756756756756,0.1044776119402985,0.3571428571428571,0.2063492063492063,0.1578947368421052,0.0714285714285714,0.25,0.1688311688311688,0.0,3,1,1,1,3,3,6,6,4,2,1,2,3,3,2,2,3,3,3,3,1.0,42.0,54.0,57.0,42.0,23.0,48.0,66.0,15.0,53.0,74.0,83.0,36.0,76.0,40.0,48.0,1,76.0,61.0,79.0,58.0,0.0,0.0,0.0526315789473684,0.0434782608695652,0.0208333333333333,0.0188679245283018,0.0405405405405405,0.0263157894736842,0.025,0.0,0.0263157894736842,0.0491803278688524,0.0344827586206896,0.0,0.0714285714285714,0.0454545454545454,0.0,0.036144578313253,0.0,0.0,0.0379746835443038,36,8.0,69.0,1.9166666666666667,6.9,72.3,2.0083333333333333
45,44,10,2023-01-10,28-275,DET,@,PHI,L (-31),1,20:39,2.0,5.0,.400,1.0,2.0,.500,0,0.0,,0.0,5.0,5.0,1.0,1.0,3.0,1.0,3.0,5.0,5.4,-22,3.0,1.0,0.3333333333333333,10,13,2,4,8,14,10,8,13,7,5,13,12,3,8,13,51.0,59.0,3.0,10.0,12.0,62.0,56.0,52.0,50.0,74.0,67.0,14.0,63.0,76.0,42.0,32.0,77.0,1.0,0.196078431372549,0.2203389830508474,0.6666666666666666,0.0,0.3333333333333333,0.1290322580645161,0.25,0.1923076923076923,0.16,0.1756756756756756,0.1044776119402985,0.3571428571428571,0.2063492063492063,0.1578947368421052,0.0714285714285714,0.25,0.1688311688311688,0.0,3,1,1,1,3,3,6,6,4,2,1,2,3,3,2,2,3,3,3,3,1.0,42.0,54.0,57.0,42.0,23.0,48.0,66.0,15.0,53.0,74.0,83.0,36.0,76.0,40.0,48.0,1,76.0,61.0,79.0,58.0,0.0,0.0,0.0526315789473684,0.0434782608695652,0.0208333333333333,0.0188679245283018,0.0405405405405405,0.0263157894736842,0.025,0.0,0.0263157894736842,0.0491803278688524,0.0344827586206896,0.0,0.0714285714285714,0.0454545454545454,0.0,0.036144578313253,0.0,0.0,0.0379746835443038,36,9.0,96.0,2.6666666666666665,5.4,113.1,3.1416666666666666
46,45,11,2023-01-11,28-276,DET,,MIN,W (+17),1,21:19,1.0,2.0,.500,0.0,0.0,,0,0.0,,1.0,4.0,5.0,2.0,3.0,4.0,1.0,2.0,2.0,8.3,0,2.0,1.0,0.5,10,13,2,4,8,14,10,8,13,7,5,13,12,3,8,13,51.0,59.0,3.0,10.0,12.0,62.0,56.0,52.0,50.0,74.0,67.0,14.0,63.0,76.0,42.0,32.0,77.0,1.0,0.196078431372549,0.2203389830508474,0.6666666666666666,0.0,0.3333333333333333,0.1290322580645161,0.25,0.1923076923076923,0.16,0.1756756756756756,0.1044776119402985,0.3571428571428571,0.2063492063492063,0.1578947368421052,0.0714285714285714,0.25,0.1688311688311688,0.0,3,1,1,1,3,3,6,6,4,2,1,2,3,3,2,2,3,3,3,3,1.0,42.0,54.0,57.0,42.0,23.0,48.0,66.0,15.0,53.0,74.0,83.0,36.0,76.0,40.0,48.0,1,76.0,61.0,79.0,58.0,0.0,0.0,0.0526315789473684,0.0434782608695652,0.0208333333333333,0.0188679245283018,0.0405405405405405,0.0263157894736842,0.025,0.0,0.0263157894736842,0.0491803278688524,0.0344827586206896,0.0,0.0714285714285714,0.0454545454545454,0.0,0.036144578313253,0.0,0.0,0.0379746835443038,36,13.0,78.0,2.1666666666666665,8.299999999999999,96.2,2.6722222222222225
47,46,12,2023-01-13,28-278,DET,,NOP,L (-6),1,19:00,2.0,3.0,.667,0.0,0.0,,0,0.0,,1.0,0.0,1.0,1.0,1.0,0.0,0.0,4.0,4.0,3.5,-12,3.0,2.0,0.6666666666666666,10,13,2,4,8,14,10,8,13,7,5,13,12,3,8,13,51.0,59.0,3.0,10.0,12.0,62.0,56.0,52.0,50.0,74.0,67.0,14.0,63.0,76.0,42.0,32.0,77.0,1.0,0.196078431372549,0.2203389830508474,0.6666666666666666,0.0,0.3333333333333333,0.1290322580645161,0.25,0.1923076923076923,0.16,0.1756756756756756,0.1044776119402985,0.3571428571428571,0.2063492063492063,0.1578947368421052,0.0714285714285714,0.25,0.1688311688311688,0.0,3,1,1,1,3,3,6,6,4,2,1,2,3,3,2,2,3,3,3,3,1.0,42.0,54.0,57.0,42.0,23.0,48.0,66.0,15.0,53.0,74.0,83.0,36.0,76.0,40.0,48.0,1,76.0,61.0,79.0,58.0,0.0,0.0,0.0526315789473684,0.0434782608695652,0.0208333333333333,0.0188679245283018,0.0405405405405405,0.0263157894736842,0.025,0.0,0.0263157894736842,0.0491803278688524,0.0344827586206896,0.0,0.0714285714285714,0.0454545454545454,0.0,0.036144578313253,0.0,0.0,0.0379746835443038,36,4.0,113.0,3.138888888888889,3.5000000000000004,143.79999999999998,3.994444444444444
48,47,,2023-01-15,28-280,DET,,NYK,L (-13),Did Not Play,Did Not Play,0.0,0.0,Did Not Play,,,Did Not Play,Did Not Play,0.0,Did Not Play,0.0,0.0,,0.0,0.0,0.0,0.0,0.0,0.0,Did Not Play,Did Not Play,,,,10,13,2,4,8,14,10,8,13,7,5,13,12,3,8,13,51.0,59.0,3.0,10.0,12.0,62.0,56.0,52.0,50.0,74.0,67.0,14.0,63.0,76.0,42.0,32.0,77.0,1.0,0.196078431372549,0.2203389830508474,0.6666666666666666,0.0,0.3333333333333333,0.1290322580645161,0.25,0.1923076923076923,0.16,0.1756756756756756,0.1044776119402985,0.3571428571428571,0.2063492063492063,0.1578947368421052,0.0714285714285714,0.25,0.1688311688311688,0.0,3,1,1,1,3,3,6,6,4,2,1,2,3,3,2,2,3,3,3,3,1.0,42.0,54.0,57.0,42.0,23.0,48.0,66.0,15.0,53.0,74.0,83.0,36.0,76.0,40.0,48.0,1,76.0,61.0,79.0,58.0,0.0,0.0,0.0526315789473684,0.0434782608695652,0.0208333333333333,0.0188679245283018,0.0405405405405405,0.0263157894736842,0.025,0.0,0.0263157894736842,0.0491803278688524,0.0344827586206896,0.0,0.0714285714285714,0.0454545454545454,0.0,0.036144578313253,0.0,0.0,0.0379746835443038,36,,94.0,2.611111111111111,0.0,118.4,3.288888888888889
49,48,,2023-01-19,28-284,DET,,CHI,L (-18),Did Not Play,Did Not Play,0.0,0.0,Did Not Play,,,Did Not Play,Did Not Play,0.0,Did Not Play,0.0,0.0,,0.0,0.0,0.0,0.0,0.0,0.0,Did Not Play,Did Not Play,,,,10,13,2,4,8,14,10,8,13,7,5,13,12,3,8,13,51.0,59.0,3.0,10.0,12.0,62.0,56.0,52.0,50.0,74.0,67.0,14.0,63.0,76.0,42.0,32.0,77.0,1.0,0.196078431372549,0.2203389830508474,0.6666666666666666,0.0,0.3333333333333333,0.1290322580645161,0.25,0.1923076923076923,0.16,0.1756756756756756,0.1044776119402985,0.3571428571428571,0.2063492063492063,0.1578947368421052,0.0714285714285714,0.25,0.1688311688311688,0.0,3,1,1,1,3,3,6,6,4,2,1,2,3,3,2,2,3,3,3,3,1.0,42.0,54.0,57.0,42.0,23.0,48.0,66.0,15.0,53.0,74.0,83.0,36.0,76.0,40.0,48.0,1,76.0,61.0,79.0,58.0,0.0,0.0,0.0526315789473684,0.0434782608695652,0.0208333333333333,0.0188679245283018,0.0405405405405405,0.0263157894736842,0.025,0.0,0.0263157894736842,0.0491803278688524,0.0344827586206896,0.0,0.0714285714285714,0.0454545454545454,0.0,0.036144578313253,0.0,0.0,0.0379746835443038,36,,74.0,2.055555555555556,0.0,97.0,2.6944444444444446
50,49,13,2023-01-23,28-288,DET,,MIL,L (-20),0,6:06,0.0,1.0,.000,0.0,0.0,,3,4.0,.750,0.0,2.0,2.0,0.0,0.0,0.0,2.0,2.0,3.0,-0.3,+1,1.0,0.0,0.0,10,13,2,4,8,14,10,8,13,7,5,13,12,3,8,13,51.0,59.0,3.0,10.0,12.0,62.0,56.0,52.0,50.0,74.0,67.0,14.0,63.0,76.0,42.0,32.0,77.0,1.0,0.196078431372549,0.2203389830508474,0.6666666666666666,0.0,0.3333333333333333,0.1290322580645161,0.25,0.1923076923076923,0.16,0.1756756756756756,0.1044776119402985,0.3571428571428571,0.2063492063492063,0.1578947368421052,0.0714285714285714,0.25,0.1688311688311688,0.0,3,1,1,1,3,3,6,6,4,2,1,2,3,3,2,2,3,3,3,3,1.0,42.0,54.0,57.0,42.0,23.0,48.0,66.0,15.0,53.0,74.0,83.0,36.0,76.0,40.0,48.0,1,76.0,61.0,79.0,58.0,0.0,0.0,0.0526315789473684,0.0434782608695652,0.0208333333333333,0.0188679245283018,0.0405405405405405,0.0263157894736842,0.025,0.0,0.0263157894736842,0.0491803278688524,0.0344827586206896,0.0,0.0714285714285714,0.0454545454545454,0.0,0.036144578313253,0.0,0.0,0.0379746835443038,36,-2.0,136.0,3.7777777777777777,-1.4999999999999998,159.0,4.416666666666667
51,50,,2023-01-26,28-291,DET,@,BRK,W (+8),Did Not Play,Did Not Play,0.0,0.0,Did Not Play,,,Did Not Play,Did Not Play,0.0,Did Not Play,0.0,0.0,,0.0,0.0,0.0,0.0,0.0,0.0,Did Not Play,Did Not Play,,,,10,13,2,4,8,14,10,8,13,7,5,13,12,3,8,13,51.0,59.0,3.0,10.0,12.0,62.0,56.0,52.0,50.0,74.0,67.0,14.0,63.0,76.0,42.0,32.0,77.0,1.0,0.196078431372549,0.2203389830508474,0.6666666666666666,0.0,0.3333333333333333,0.1290322580645161,0.25,0.1923076923076923,0.16,0.1756756756756756,0.1044776119402985,0.3571428571428571,0.2063492063492063,0.1578947368421052,0.0714285714285714,0.25,0.1688311688311688,0.0,3,1,1,1,3,3,6,6,4,2,1,2,3,3,2,2,3,3,3,3,1.0,42.0,54.0,57.0,42.0,23.0,48.0,66.0,15.0,53.0,74.0,83.0,36.0,76.0,40.0,48.0,1,76.0,61.0,79.0,58.0,0.0,0.0,0.0526315789473684,0.0434782608695652,0.0208333333333333,0.0188679245283018,0.0405405405405405,0.0263157894736842,0.025,0.0,0.0263157894736842,0.0491803278688524,0.0344827586206896,0.0,0.0714285714285714,0.0454545454545454,0.0,0.036144578313253,0.0,0.0,0.0379746835443038,36,,140.0,3.888888888888889,0.0,163.60000000000002,4.544444444444445
52,51,,2023-01-28,28-293,DET,,HOU,L (-3),Did Not Play,Did Not Play,0.0,0.0,Did Not Play,,,Did Not Play,Did Not Play,0.0,Did Not Play,0.0,0.0,,0.0,0.0,0.0,0.0,0.0,0.0,Did Not Play,Did Not Play,,,,10,13,2,4,8,14,10,8,13,7,5,13,12,3,8,13,51.0,59.0,3.0,10.0,12.0,62.0,56.0,52.0,50.0,74.0,67.0,14.0,63.0,76.0,42.0,32.0,77.0,1.0,0.196078431372549,0.2203389830508474,0.6666666666666666,0.0,0.3333333333333333,0.1290322580645161,0.25,0.1923076923076923,0.16,0.1756756756756756,0.1044776119402985,0.3571428571428571,0.2063492063492063,0.1578947368421052,0.0714285714285714,0.25,0.1688311688311688,0.0,3,1,1,1,3,3,6,6,4,2,1,2,3,3,2,2,3,3,3,3,1.0,42.0,54.0,57.0,42.0,23.0,48.0,66.0,15.0,53.0,74.0,83.0,36.0,76.0,40.0,48.0,1,76.0,61.0,79.0,58.0,0.0,0.0,0.0526315789473684,0.0434782608695652,0.0208333333333333,0.0188679245283018,0.0405405405405405,0.0263157894736842,0.025,0.0,0.0263157894736842,0.0491803278688524,0.0344827586206896,0.0,0.0714285714285714,0.0454545454545454,0.0,0.036144578313253,0.0,0.0,0.0379746835443038,36,,89.0,2.4722222222222223,0.0,133.7,3.7138888888888886
53,52,,2023-01-30,28-295,DET,@,DAL,L (-6),Did Not Play,Did Not Play,0.0,0.0,Did Not Play,,,Did Not Play,Did Not Play,0.0,Did Not Play,0.0,0.0,,0.0,0.0,0.0,0.0,0.0,0.0,Did Not Play,Did Not Play,,,,10,13,2,4,8,14,10,8,13,7,5,13,12,3,8,13,51.0,59.0,3.0,10.0,12.0,62.0,56.0,52.0,50.0,74.0,67.0,14.0,63.0,76.0,42.0,32.0,77.0,1.0,0.196078431372549,0.2203389830508474,0.6666666666666666,0.0,0.3333333333333333,0.1290322580645161,0.25,0.1923076923076923,0.16,0.1756756756756756,0.1044776119402985,0.3571428571428571,0.2063492063492063,0.1578947368421052,0.0714285714285714,0.25,0.1688311688311688,0.0,3,1,1,1,3,3,6,6,4,2,1,2,3,3,2,2,3,3,3,3,1.0,42.0,54.0,57.0,42.0,23.0,48.0,66.0,15.0,53.0,74.0,83.0,36.0,76.0,40.0,48.0,1,76.0,61.0,79.0,58.0,0.0,0.0,0.0526315789473684,0.0434782608695652,0.0208333333333333,0.0188679245283018,0.0405405405405405,0.0263157894736842,0.025,0.0,0.0263157894736842,0.0491803278688524,0.0344827586206896,0.0,0.0714285714285714,0.0454545454545454,0.0,0.036144578313253,0.0,0.0,0.0379746835443038,36,,104.0,2.888888888888889,0.0,137.2,3.811111111111111
54,53,,2023-02-03,28-299,DET,,CHO,W (+6),Did Not Play,Did Not Play,0.0,0.0,Did Not Play,,,Did Not Play,Did Not Play,0.0,Did Not Play,0.0,0.0,,0.0,0.0,0.0,0.0,0.0,0.0,Did Not Play,Did Not Play,,,,10,13,2,4,8,14,10,8,13,7,5,13,12,3,8,13,51.0,59.0,3.0,10.0,12.0,62.0,56.0,52.0,50.0,74.0,67.0,14.0,63.0,76.0,42.0,32.0,77.0,1.0,0.196078431372549,0.2203389830508474,0.6666666666666666,0.0,0.3333333333333333,0.1290322580645161,0.25,0.1923076923076923,0.16,0.1756756756756756,0.1044776119402985,0.3571428571428571,0.2063492063492063,0.1578947368421052,0.0714285714285714,0.25,0.1688311688311688,0.0,3,1,1,1,3,3,6,6,4,2,1,2,3,3,2,2,3,3,3,3,1.0,42.0,54.0,57.0,42.0,23.0,48.0,66.0,15.0,53.0,74.0,83.0,36.0,76.0,40.0,48.0,1,76.0,61.0,79.0,58.0,0.0,0.0,0.0526315789473684,0.0434782608695652,0.0208333333333333,0.0188679245283018,0.0405405405405405,0.0263157894736842,0.025,0.0,0.0263157894736842,0.0491803278688524,0.0344827586206896,0.0,0.0714285714285714,0.0454545454545454,0.0,0.036144578313253,0.0,0.0,0.0379746835443038,36,,105.0,2.9166666666666665,0.0,126.6,3.5166666666666666
55,54,,2023-02-04,28-300,DET,,PHO,L (-16),Did Not Play,Did Not Play,0.0,0.0,Did Not Play,,,Did Not Play,Did Not Play,0.0,Did Not Play,0.0,0.0,,0.0,0.0,0.0,0.0,0.0,0.0,Did Not Play,Did Not Play,,,,10,13,2,4,8,14,10,8,13,7,5,13,12,3,8,13,51.0,59.0,3.0,10.0,12.0,62.0,56.0,52.0,50.0,74.0,67.0,14.0,63.0,76.0,42.0,32.0,77.0,1.0,0.196078431372549,0.2203389830508474,0.6666666666666666,0.0,0.3333333333333333,0.1290322580645161,0.25,0.1923076923076923,0.16,0.1756756756756756,0.1044776119402985,0.3571428571428571,0.2063492063492063,0.1578947368421052,0.0714285714285714,0.25,0.1688311688311688,0.0,3,1,1,1,3,3,6,6,4,2,1,2,3,3,2,2,3,3,3,3,1.0,42.0,54.0,57.0,42.0,23.0,48.0,66.0,15.0,53.0,74.0,83.0,36.0,76.0,40.0,48.0,1,76.0,61.0,79.0,58.0,0.0,0.0,0.0526315789473684,0.0434782608695652,0.0208333333333333,0.0188679245283018,0.0405405405405405,0.0263157894736842,0.025,0.0,0.0263157894736842,0.0491803278688524,0.0344827586206896,0.0,0.0714285714285714,0.0454545454545454,0.0,0.036144578313253,0.0,0.0,0.0379746835443038,36,,81.0,2.25,0.0,111.8,3.1055555555555556
56,55,,2023-02-06,28-302,DET,,BOS,L (-12),Did Not Play,Did Not Play,0.0,0.0,Did Not Play,,,Did Not Play,Did Not Play,0.0,Did Not Play,0.0,0.0,,0.0,0.0,0.0,0.0,0.0,0.0,Did Not Play,Did Not Play,,,,10,13,2,4,8,14,10,8,13,7,5,13,12,3,8,13,51.0,59.0,3.0,10.0,12.0,62.0,56.0,52.0,50.0,74.0,67.0,14.0,63.0,76.0,42.0,32.0,77.0,1.0,0.196078431372549,0.2203389830508474,0.6666666666666666,0.0,0.3333333333333333,0.1290322580645161,0.25,0.1923076923076923,0.16,0.1756756756756756,0.1044776119402985,0.3571428571428571,0.2063492063492063,0.1578947368421052,0.0714285714285714,0.25,0.1688311688311688,0.0,3,1,1,1,3,3,6,6,4,2,1,2,3,3,2,2,3,3,3,3,1.0,42.0,54.0,57.0,42.0,23.0,48.0,66.0,15.0,53.0,74.0,83.0,36.0,76.0,40.0,48.0,1,76.0,61.0,79.0,58.0,0.0,0.0,0.0526315789473684,0.0434782608695652,0.0208333333333333,0.0188679245283018,0.0405405405405405,0.0263157894736842,0.025,0.0,0.0263157894736842,0.0491803278688524,0.0344827586206896,0.0,0.0714285714285714,0.0454545454545454,0.0,0.036144578313253,0.0,0.0,0.0379746835443038,36,,87.0,2.4166666666666665,0.0,109.6,3.0444444444444443
57,56,14,2023-02-08,28-304,DET,@,CLE,L (-28),0,3:22,0.0,2.0,.000,0.0,0.0,,0,0.0,,0.0,1.0,1.0,0.0,0.0,0.0,0.0,1.0,0.0,-1.5,-8,2.0,0.0,0.0,10,13,2,4,8,14,10,8,13,7,5,13,12,3,8,13,51.0,59.0,3.0,10.0,12.0,62.0,56.0,52.0,50.0,74.0,67.0,14.0,63.0,76.0,42.0,32.0,77.0,1.0,0.196078431372549,0.2203389830508474,0.6666666666666666,0.0,0.3333333333333333,0.1290322580645161,0.25,0.1923076923076923,0.16,0.1756756756756756,0.1044776119402985,0.3571428571428571,0.2063492063492063,0.1578947368421052,0.0714285714285714,0.25,0.1688311688311688,0.0,3,1,1,1,3,3,6,6,4,2,1,2,3,3,2,2,3,3,3,3,1.0,42.0,54.0,57.0,42.0,23.0,48.0,66.0,15.0,53.0,74.0,83.0,36.0,76.0,40.0,48.0,1,76.0,61.0,79.0,58.0,0.0,0.0,0.0526315789473684,0.0434782608695652,0.0208333333333333,0.0188679245283018,0.0405405405405405,0.0263157894736842,0.025,0.0,0.0263157894736842,0.0491803278688524,0.0344827586206896,0.0,0.0714285714285714,0.0454545454545454,0.0,0.036144578313253,0.0,0.0,0.0379746835443038,36,-1.0,53.0,1.4722222222222223,-1.5,66.69999999999999,1.8527777777777774
58,57,,2023-02-10,28-306,DET,,SAS,W (+7),Inactive,Inactive,0.0,0.0,Inactive,,,Inactive,Inactive,0.0,Inactive,0.0,0.0,,0.0,0.0,0.0,0.0,0.0,0.0,Inactive,Inactive,,,,10,13,2,4,8,14,10,8,13,7,5,13,12,3,8,13,51.0,59.0,3.0,10.0,12.0,62.0,56.0,52.0,50.0,74.0,67.0,14.0,63.0,76.0,42.0,32.0,77.0,1.0,0.196078431372549,0.2203389830508474,0.6666666666666666,0.0,0.3333333333333333,0.1290322580645161,0.25,0.1923076923076923,0.16,0.1756756756756756,0.1044776119402985,0.3571428571428571,0.2063492063492063,0.1578947368421052,0.0714285714285714,0.25,0.1688311688311688,0.0,3,1,1,1,3,3,6,6,4,2,1,2,3,3,2,2,3,3,3,3,1.0,42.0,54.0,57.0,42.0,23.0,48.0,66.0,15.0,53.0,74.0,83.0,36.0,76.0,40.0,48.0,1,76.0,61.0,79.0,58.0,0.0,0.0,0.0526315789473684,0.0434782608695652,0.0208333333333333,0.0188679245283018,0.0405405405405405,0.0263157894736842,0.025,0.0,0.0263157894736842,0.0491803278688524,0.0344827586206896,0.0,0.0714285714285714,0.0454545454545454,0.0,0.036144578313253,0.0,0.0,0.0379746835443038,36,,61.0,1.6944444444444444,0.0,79.3,2.2027777777777775
59,58,,2023-02-12,28-308,DET,@,TOR,L (-1),Inactive,Inactive,0.0,0.0,Inactive,,,Inactive,Inactive,0.0,Inactive,0.0,0.0,,0.0,0.0,0.0,0.0,0.0,0.0,Inactive,Inactive,,,,10,13,2,4,8,14,10,8,13,7,5,13,12,3,8,13,51.0,59.0,3.0,10.0,12.0,62.0,56.0,52.0,50.0,74.0,67.0,14.0,63.0,76.0,42.0,32.0,77.0,1.0,0.196078431372549,0.2203389830508474,0.6666666666666666,0.0,0.3333333333333333,0.1290322580645161,0.25,0.1923076923076923,0.16,0.1756756756756756,0.1044776119402985,0.3571428571428571,0.2063492063492063,0.1578947368421052,0.0714285714285714,0.25,0.1688311688311688,0.0,3,1,1,1,3,3,6,6,4,2,1,2,3,3,2,2,3,3,3,3,1.0,42.0,54.0,57.0,42.0,23.0,48.0,66.0,15.0,53.0,74.0,83.0,36.0,76.0,40.0,48.0,1,76.0,61.0,79.0,58.0,0.0,0.0,0.0526315789473684,0.0434782608695652,0.0208333333333333,0.0188679245283018,0.0405405405405405,0.0263157894736842,0.025,0.0,0.0263157894736842,0.0491803278688524,0.0344827586206896,0.0,0.0714285714285714,0.0454545454545454,0.0,0.036144578313253,0.0,0.0,0.0379746835443038,36,,67.0,1.8611111111111112,0.0,70.99999999999999,1.9722222222222219
60,59,,2023-02-15,28-311,DET,@,BOS,L (-18),Inactive,Inactive,0.0,0.0,Inactive,,,Inactive,Inactive,0.0,Inactive,0.0,0.0,,0.0,0.0,0.0,0.0,0.0,0.0,Inactive,Inactive,,,,10,13,2,4,8,14,10,8,13,7,5,13,12,3,8,13,51.0,59.0,3.0,10.0,12.0,62.0,56.0,52.0,50.0,74.0,67.0,14.0,63.0,76.0,42.0,32.0,77.0,1.0,0.196078431372549,0.2203389830508474,0.6666666666666666,0.0,0.3333333333333333,0.1290322580645161,0.25,0.1923076923076923,0.16,0.1756756756756756,0.1044776119402985,0.3571428571428571,0.2063492063492063,0.1578947368421052,0.0714285714285714,0.25,0.1688311688311688,0.0,3,1,1,1,3,3,6,6,4,2,1,2,3,3,2,2,3,3,3,3,1.0,42.0,54.0,57.0,42.0,23.0,48.0,66.0,15.0,53.0,74.0,83.0,36.0,76.0,40.0,48.0,1,76.0,61.0,79.0,58.0,0.0,0.0,0.0526315789473684,0.0434782608695652,0.0208333333333333,0.0188679245283018,0.0405405405405405,0.0263157894736842,0.025,0.0,0.0263157894736842,0.0491803278688524,0.0344827586206896,0.0,0.0714285714285714,0.0454545454545454,0.0,0.036144578313253,0.0,0.0,0.0379746835443038,36,,61.0,1.6944444444444444,0.0,81.69999999999997,2.269444444444444
61,60,,2023-02-23,28-319,DET,@,ORL,L (-2),Inactive,Inactive,0.0,0.0,Inactive,,,Inactive,Inactive,0.0,Inactive,0.0,0.0,,0.0,0.0,0.0,0.0,0.0,0.0,Inactive,Inactive,,,,10,13,2,4,8,14,10,8,13,7,5,13,12,3,8,13,51.0,59.0,3.0,10.0,12.0,62.0,56.0,52.0,50.0,74.0,67.0,14.0,63.0,76.0,42.0,32.0,77.0,1.0,0.196078431372549,0.2203389830508474,0.6666666666666666,0.0,0.3333333333333333,0.1290322580645161,0.25,0.1923076923076923,0.16,0.1756756756756756,0.1044776119402985,0.3571428571428571,0.2063492063492063,0.1578947368421052,0.0714285714285714,0.25,0.1688311688311688,0.0,3,1,1,1,3,3,6,6,4,2,1,2,3,3,2,2,3,3,3,3,1.0,42.0,54.0,57.0,42.0,23.0,48.0,66.0,15.0,53.0,74.0,83.0,36.0,76.0,40.0,48.0,1,76.0,61.0,79.0,58.0,0.0,0.0,0.0526315789473684,0.0434782608695652,0.0208333333333333,0.0188679245283018,0.0405405405405405,0.0263157894736842,0.025,0.0,0.0263157894736842,0.0491803278688524,0.0344827586206896,0.0,0.0714285714285714,0.0454545454545454,0.0,0.036144578313253,0.0,0.0,0.0379746835443038,36,,78.0,2.1666666666666665,0.0,96.7,2.6861111111111113
62,Rk,G,Date,Age,Tm,,Opp,,GS,MP,0.0,0.0,FG%,,,3P%,FT,0.0,FT%,0.0,0.0,,0.0,0.0,0.0,0.0,0.0,0.0,GmSc,+/-,,,,10,13,2,4,8,14,10,8,13,7,5,13,12,3,8,13,51.0,59.0,3.0,10.0,12.0,62.0,56.0,52.0,50.0,74.0,67.0,14.0,63.0,76.0,42.0,32.0,77.0,1.0,0.196078431372549,0.2203389830508474,0.6666666666666666,0.0,0.3333333333333333,0.1290322580645161,0.25,0.1923076923076923,0.16,0.1756756756756756,0.1044776119402985,0.3571428571428571,0.2063492063492063,0.1578947368421052,0.0714285714285714,0.25,0.1688311688311688,0.0,3,1,1,1,3,3,6,6,4,2,1,2,3,3,2,2,3,3,3,3,1.0,42.0,54.0,57.0,42.0,23.0,48.0,66.0,15.0,53.0,74.0,83.0,36.0,76.0,40.0,48.0,1,76.0,61.0,79.0,58.0,0.0,0.0,0.0526315789473684,0.0434782608695652,0.0208333333333333,0.0188679245283018,0.0405405405405405,0.0263157894736842,0.025,0.0,0.0263157894736842,0.0491803278688524,0.0344827586206896,0.0,0.0714285714285714,0.0454545454545454,0.0,0.036144578313253,0.0,0.0,0.0379746835443038,36,,0.0,0.0,0.0,0.0,0.0
63,61,,2023-02-25,28-321,DET,,TOR,L (-4),Inactive,Inactive,0.0,0.0,Inactive,,,Inactive,Inactive,0.0,Inactive,0.0,0.0,,0.0,0.0,0.0,0.0,0.0,0.0,Inactive,Inactive,,,,10,13,2,4,8,14,10,8,13,7,5,13,12,3,8,13,51.0,59.0,3.0,10.0,12.0,62.0,56.0,52.0,50.0,74.0,67.0,14.0,63.0,76.0,42.0,32.0,77.0,1.0,0.196078431372549,0.2203389830508474,0.6666666666666666,0.0,0.3333333333333333,0.1290322580645161,0.25,0.1923076923076923,0.16,0.1756756756756756,0.1044776119402985,0.3571428571428571,0.2063492063492063,0.1578947368421052,0.0714285714285714,0.25,0.1688311688311688,0.0,3,1,1,1,3,3,6,6,4,2,1,2,3,3,2,2,3,3,3,3,1.0,42.0,54.0,57.0,42.0,23.0,48.0,66.0,15.0,53.0,74.0,83.0,36.0,76.0,40.0,48.0,1,76.0,61.0,79.0,58.0,0.0,0.0,0.0526315789473684,0.0434782608695652,0.0208333333333333,0.0188679245283018,0.0405405405405405,0.0263157894736842,0.025,0.0,0.0263157894736842,0.0491803278688524,0.0344827586206896,0.0,0.0714285714285714,0.0454545454545454,0.0,0.036144578313253,0.0,0.0,0.0379746835443038,36,,46.0,1.2777777777777777,0.0,41.00000000000001,1.138888888888889
64,62,,2023-02-27,28-323,DET,@,CHO,L (-11),Inactive,Inactive,0.0,0.0,Inactive,,,Inactive,Inactive,0.0,Inactive,0.0,0.0,,0.0,0.0,0.0,0.0,0.0,0.0,Inactive,Inactive,,,,10,13,2,4,8,14,10,8,13,7,5,13,12,3,8,13,51.0,59.0,3.0,10.0,12.0,62.0,56.0,52.0,50.0,74.0,67.0,14.0,63.0,76.0,42.0,32.0,77.0,1.0,0.196078431372549,0.2203389830508474,0.6666666666666666,0.0,0.3333333333333333,0.1290322580645161,0.25,0.1923076923076923,0.16,0.1756756756756756,0.1044776119402985,0.3571428571428571,0.2063492063492063,0.1578947368421052,0.0714285714285714,0.25,0.1688311688311688,0.0,3,1,1,1,3,3,6,6,4,2,1,2,3,3,2,2,3,3,3,3,1.0,42.0,54.0,57.0,42.0,23.0,48.0,66.0,15.0,53.0,74.0,83.0,36.0,76.0,40.0,48.0,1,76.0,61.0,79.0,58.0,0.0,0.0,0.0526315789473684,0.0434782608695652,0.0208333333333333,0.0188679245283018,0.0405405405405405,0.0263157894736842,0.025,0.0,0.0263157894736842,0.0491803278688524,0.0344827586206896,0.0,0.0714285714285714,0.0454545454545454,0.0,0.036144578313253,0.0,0.0,0.0379746835443038,36,,92.0,2.555555555555556,0.0,108.4,3.011111111111111
65,63,15,2023-03-07,28-331,BRK,@,HOU,W (+22),0,17:48,1.0,1.0,1.000,0.0,0.0,,0,0.0,,0.0,3.0,3.0,0.0,1.0,0.0,3.0,5.0,2.0,-1.4,-4,1.0,1.0,1.0,10,13,2,4,8,14,10,8,13,7,5,13,12,3,8,13,51.0,59.0,3.0,10.0,12.0,62.0,56.0,52.0,50.0,74.0,67.0,14.0,63.0,76.0,42.0,32.0,77.0,1.0,0.196078431372549,0.2203389830508474,0.6666666666666666,0.0,0.3333333333333333,0.1290322580645161,0.25,0.1923076923076923,0.16,0.1756756756756756,0.1044776119402985,0.3571428571428571,0.2063492063492063,0.1578947368421052,0.0714285714285714,0.25,0.1688311688311688,0.0,3,1,1,1,3,3,6,6,4,2,1,2,3,3,2,2,3,3,3,3,1.0,42.0,54.0,57.0,42.0,23.0,48.0,66.0,15.0,53.0,74.0,83.0,36.0,76.0,40.0,48.0,1,76.0,61.0,79.0,58.0,0.0,0.0,0.0526315789473684,0.0434782608695652,0.0208333333333333,0.0188679245283018,0.0405405405405405,0.0263157894736842,0.025,0.0,0.0263157894736842,0.0491803278688524,0.0344827586206896,0.0,0.0714285714285714,0.0454545454545454,0.0,0.036144578313253,0.0,0.0,0.0379746835443038,36,2.0,65.0,1.805555555555556,-1.4000000000000004,79.7,2.213888888888889
66,64,16,2023-03-09,28-333,BRK,@,MIL,L (-5),1,18:08,0.0,3.0,.000,0.0,0.0,,0,0.0,,3.0,3.0,6.0,3.0,1.0,1.0,2.0,1.0,0.0,2.3,+2,3.0,0.0,0.0,10,13,2,4,8,14,10,8,13,7,5,13,12,3,8,13,51.0,59.0,3.0,10.0,12.0,62.0,56.0,52.0,50.0,74.0,67.0,14.0,63.0,76.0,42.0,32.0,77.0,1.0,0.196078431372549,0.2203389830508474,0.6666666666666666,0.0,0.3333333333333333,0.1290322580645161,0.25,0.1923076923076923,0.16,0.1756756756756756,0.1044776119402985,0.3571428571428571,0.2063492063492063,0.1578947368421052,0.0714285714285714,0.25,0.1688311688311688,0.0,3,1,1,1,3,3,6,6,4,2,1,2,3,3,2,2,3,3,3,3,1.0,42.0,54.0,57.0,42.0,23.0,48.0,66.0,15.0,53.0,74.0,83.0,36.0,76.0,40.0,48.0,1,76.0,61.0,79.0,58.0,0.0,0.0,0.0526315789473684,0.0434782608695652,0.0208333333333333,0.0188679245283018,0.0405405405405405,0.0263157894736842,0.025,0.0,0.0263157894736842,0.0491803278688524,0.0344827586206896,0.0,0.0714285714285714,0.0454545454545454,0.0,0.036144578313253,0.0,0.0,0.0379746835443038,36,6.0,58.0,1.6111111111111112,2.3,77.6,2.1555555555555554
67,65,,2023-03-10,28-334,BRK,@,MIN,W (+1),Did Not Play,Did Not Play,0.0,0.0,Did Not Play,,,Did Not Play,Did Not Play,0.0,Did Not Play,0.0,0.0,,0.0,0.0,0.0,0.0,0.0,0.0,Did Not Play,Did Not Play,,,,10,13,2,4,8,14,10,8,13,7,5,13,12,3,8,13,51.0,59.0,3.0,10.0,12.0,62.0,56.0,52.0,50.0,74.0,67.0,14.0,63.0,76.0,42.0,32.0,77.0,1.0,0.196078431372549,0.2203389830508474,0.6666666666666666,0.0,0.3333333333333333,0.1290322580645161,0.25,0.1923076923076923,0.16,0.1756756756756756,0.1044776119402985,0.3571428571428571,0.2063492063492063,0.1578947368421052,0.0714285714285714,0.25,0.1688311688311688,0.0,3,1,1,1,3,3,6,6,4,2,1,2,3,3,2,2,3,3,3,3,1.0,42.0,54.0,57.0,42.0,23.0,48.0,66.0,15.0,53.0,74.0,83.0,36.0,76.0,40.0,48.0,1,76.0,61.0,79.0,58.0,0.0,0.0,0.0526315789473684,0.0434782608695652,0.0208333333333333,0.0188679245283018,0.0405405405405405,0.0263157894736842,0.025,0.0,0.0263157894736842,0.0491803278688524,0.0344827586206896,0.0,0.0714285714285714,0.0454545454545454,0.0,0.036144578313253,0.0,0.0,0.0379746835443038,36,,104.0,2.888888888888889,0.0,125.8,3.4944444444444445
68,66,17,2023-03-12,28-336,BRK,@,DEN,W (+2),0,7:09,0.0,2.0,.000,0.0,0.0,,1,2.0,.500,0.0,0.0,0.0,0.0,1.0,0.0,0.0,1.0,1.0,-0.2,-11,2.0,0.0,0.0,10,13,2,4,8,14,10,8,13,7,5,13,12,3,8,13,51.0,59.0,3.0,10.0,12.0,62.0,56.0,52.0,50.0,74.0,67.0,14.0,63.0,76.0,42.0,32.0,77.0,1.0,0.196078431372549,0.2203389830508474,0.6666666666666666,0.0,0.3333333333333333,0.1290322580645161,0.25,0.1923076923076923,0.16,0.1756756756756756,0.1044776119402985,0.3571428571428571,0.2063492063492063,0.1578947368421052,0.0714285714285714,0.25,0.1688311688311688,0.0,3,1,1,1,3,3,6,6,4,2,1,2,3,3,2,2,3,3,3,3,1.0,42.0,54.0,57.0,42.0,23.0,48.0,66.0,15.0,53.0,74.0,83.0,36.0,76.0,40.0,48.0,1,76.0,61.0,79.0,58.0,0.0,0.0,0.0526315789473684,0.0434782608695652,0.0208333333333333,0.0188679245283018,0.0405405405405405,0.0263157894736842,0.025,0.0,0.0263157894736842,0.0491803278688524,0.0344827586206896,0.0,0.0714285714285714,0.0454545454545454,0.0,0.036144578313253,0.0,0.0,0.0379746835443038,36,-2.0,110.0,3.055555555555556,-0.6,135.0,3.75
69,67,,2023-03-14,28-338,BRK,@,OKC,L (-14),Did Not Play,Did Not Play,0.0,0.0,Did Not Play,,,Did Not Play,Did Not Play,0.0,Did Not Play,0.0,0.0,,0.0,0.0,0.0,0.0,0.0,0.0,Did Not Play,Did Not Play,,,,10,13,2,4,8,14,10,8,13,7,5,13,12,3,8,13,51.0,59.0,3.0,10.0,12.0,62.0,56.0,52.0,50.0,74.0,67.0,14.0,63.0,76.0,42.0,32.0,77.0,1.0,0.196078431372549,0.2203389830508474,0.6666666666666666,0.0,0.3333333333333333,0.1290322580645161,0.25,0.1923076923076923,0.16,0.1756756756756756,0.1044776119402985,0.3571428571428571,0.2063492063492063,0.1578947368421052,0.0714285714285714,0.25,0.1688311688311688,0.0,3,1,1,1,3,3,6,6,4,2,1,2,3,3,2,2,3,3,3,3,1.0,42.0,54.0,57.0,42.0,23.0,48.0,66.0,15.0,53.0,74.0,83.0,36.0,76.0,40.0,48.0,1,76.0,61.0,79.0,58.0,0.0,0.0,0.0526315789473684,0.0434782608695652,0.0208333333333333,0.0188679245283018,0.0405405405405405,0.0263157894736842,0.025,0.0,0.0263157894736842,0.0491803278688524,0.0344827586206896,0.0,0.0714285714285714,0.0454545454545454,0.0,0.036144578313253,0.0,0.0,0.0379746835443038,36,,59.0,1.6388888888888888,0.0,76.8,2.1333333333333333
