Rk,G,Date,Age,Tm,Opp,GS,MP,FG,FGA,FG%,3P,3PA,3P%,FT,FTA,FT%,ORB,DRB,TRB,AST,STL,BLK,TOV,PF,PTS,GmSc,+/-,2PA,2P,2P%,Shared Games with Admiral Schofield,Shared Games with Bol Bol,Shared Games with Caleb Houstan,Shared Games with Chuma Okeke,Shared Games with Cole Anthony,Shared Games with Franz Wagner,Shared Games with Gary Harris,Shared Games with Jalen Suggs,Shared Games with Jonathan Isaac,Shared Games with Kevon Harris,Shared Games with Markelle Fultz,Shared Games with Michael Carter-Williams,Shared Games with Moritz Wagner,Shared Games with Paolo Banchero,Shared Games with R.J. Hampton,Shared Games with Terrence Ross,Shared Games with Wendell Carter Jr.,Admiral Schofield,Bol Bol,Caleb Houstan,Chuma Okeke,Cole Anthony,Franz Wagner,Gary Harris,Jalen Suggs,Jay Scrubb,Jonathan Isaac,Kevon Harris,Markelle Fultz,Michael Carter-Williams,Moritz Wagner,Paolo Banchero,R.J. Hampton,Terrence Ross,Wendell Carter Jr.,co_inf with Admiral Schofield,co_inf with Bol Bol,co_inf with Caleb Houstan,co_inf with Chuma Okeke,co_inf with Cole Anthony,co_inf with Franz Wagner,co_inf with Gary Harris,co_inf with Jalen Suggs,co_inf with Jay Scrubb,co_inf with Jonathan Isaac,co_inf with Kevon Harris,co_inf with Markelle Fultz,co_inf with Michael Carter-Williams,co_inf with Moritz Wagner,co_inf with Paolo Banchero,co_inf with R.J. Hampton,co_inf with Terrence Ross,co_inf with Wendell Carter Jr.,Shared Games with Goga Bitadze,Shared Games with Anthony Davis,Shared Games with Austin Reaves,Shared Games with Cole Swider,Shared Games with D'Angelo Russell,Shared Games with Davon Reed,Shared Games with Dennis Schröder,Shared Games with Jarred Vanderbilt,Shared Games with LeBron James,Shared Games with Lonnie Walker IV,Shared Games with Malik Beasley,Shared Games with Max Christie,Shared Games with Troy Brown Jr.,Shared Games with Wenyen Gabriel,Anthony Davis,Austin Reaves,Cole Swider,D'Angelo Russell,Davon Reed,Dennis Schröder,Jarred Vanderbilt,Kendrick Nunn,LeBron James,Lonnie Walker IV,Malik Beasley,Max Christie,Onyeka Okongwu,Scotty Pippen Jr.,Shaquille Harrison,Sterling Brown,Tristan Thompson,Troy Brown Jr.,Wenyen Gabriel,co_inf with Anthony Davis,co_inf with Austin Reaves,co_inf with Cole Swider,co_inf with D'Angelo Russell,co_inf with Davon Reed,co_inf with Dennis Schröder,co_inf with Jarred Vanderbilt,co_inf with Kendrick Nunn,co_inf with LeBron James,co_inf with Lonnie Walker IV,co_inf with Malik Beasley,co_inf with Max Christie,co_inf with Onyeka Okongwu,co_inf with Scotty Pippen Jr.,co_inf with Shaquille Harrison,co_inf with Sterling Brown,co_inf with Tristan Thompson,co_inf with Troy Brown Jr.,co_inf with Wenyen Gabriel,Total Shared Players,CO_EFF,EFF,avg_EFF,CO_HGS,HGS,avg_HGS,PER,WS,BPM,OBPM,DBPM,Co_Points_Share,TS%,3PAr,FTr,VORP,OWS,New Column,Result
1.0,1.0,2022-10-19,24-160,ORL,DET,0,12.0,0.0,5.0,.000,0.0,4.0,.000,0,2.0,.000,1.0,1.0,2.0,1.0,0.0,0.0,0.0,0.0,0.0,-2.6,-10,1.0,0.0,0.0,20,37,22,17,25,39,17,22,3,21,21,3,21,33,21,34,26,37.0,70.0,51.0,27.0,60.0,80.0,48.0,53.0,2.0,11.0,34.0,60.0,4.0,57.0,72.0,47.0,63.0,57.0,0.5405405405405406,0.5285714285714286,0.4313725490196078,0.6296296296296297,0.4166666666666667,0.4875,0.3541666666666667,0.4150943396226415,0.0,0.2727272727272727,0.6176470588235294,0.35,0.75,0.3684210526315789,0.4583333333333333,0.4468085106382978,0.5396825396825397,0.4561403508771929,14,7,8,1,5,4,7,9,3,7,9,3,8,7,56.0,64.0,7.0,71.0,43.0,66.0,78.0,70.0,55.0,56.0,81.0,41.0,80.0,6.0,5.0,4.0,,76.0,68.0,0.125,0.125,0.1428571428571428,0.0704225352112676,0.0930232558139534,0.106060606060606,0.1153846153846153,0.0,0.0545454545454545,0.125,0.1111111111111111,0.073170731707317,0.0,0.0,0.0,0.0,,0.1052631578947368,0.1029411764705882,31,-4.0,82.0,2.6451612903225805,-2.6,70.0,2.2580645161290325,15.7,2.2,0.5,-0.2,0.7,0.0317425569176882,0.602,0.515,0.257,0.5,1.1,L (-4),L (-4)
2.0,2.0,2022-10-21,24-162,ORL,ATL,0,15.05,2.0,6.0,.333,1.0,3.0,.333,2,2.0,1.000,1.0,5.0,6.0,2.0,0.0,0.0,1.0,1.0,7.0,5.8,+2,3.0,1.0,0.3333333333333333,20,37,22,17,25,39,17,22,3,21,21,3,21,33,21,34,26,37.0,70.0,51.0,27.0,60.0,80.0,48.0,53.0,2.0,11.0,34.0,60.0,4.0,57.0,72.0,47.0,63.0,57.0,0.5405405405405406,0.5285714285714286,0.4313725490196078,0.6296296296296297,0.4166666666666667,0.4875,0.3541666666666667,0.4150943396226415,0.0,0.2727272727272727,0.6176470588235294,0.35,0.75,0.3684210526315789,0.4583333333333333,0.4468085106382978,0.5396825396825397,0.4561403508771929,14,7,8,1,5,4,7,9,3,7,9,3,8,7,56.0,64.0,7.0,71.0,43.0,66.0,78.0,70.0,55.0,56.0,81.0,41.0,80.0,6.0,5.0,4.0,,76.0,68.0,0.125,0.125,0.1428571428571428,0.0704225352112676,0.0930232558139534,0.106060606060606,0.1153846153846153,0.0,0.0545454545454545,0.125,0.1111111111111111,0.073170731707317,0.0,0.0,0.0,0.0,,0.1052631578947368,0.1029411764705882,31,6.0,79.0,2.548387096774193,5.000000000000001,89.5,2.8870967741935485,15.7,2.2,0.5,-0.2,0.7,0.0317425569176882,0.602,0.515,0.257,0.5,1.1,L (-10),L (-10)
3.0,3.0,2022-10-22,24-163,ORL,BOS,0,11.7,1.0,3.0,.333,1.0,3.0,.333,0,0.0,,0.0,0.0,0.0,1.0,0.0,0.0,0.0,2.0,3.0,1.2,+2,0.0,0.0,,20,37,22,17,25,39,17,22,3,21,21,3,21,33,21,34,26,37.0,70.0,51.0,27.0,60.0,80.0,48.0,53.0,2.0,11.0,34.0,60.0,4.0,57.0,72.0,47.0,63.0,57.0,0.5405405405405406,0.5285714285714286,0.4313725490196078,0.6296296296296297,0.4166666666666667,0.4875,0.3541666666666667,0.4150943396226415,0.0,0.2727272727272727,0.6176470588235294,0.35,0.75,0.3684210526315789,0.4583333333333333,0.4468085106382978,0.5396825396825397,0.4561403508771929,14,7,8,1,5,4,7,9,3,7,9,3,8,7,56.0,64.0,7.0,71.0,43.0,66.0,78.0,70.0,55.0,56.0,81.0,41.0,80.0,6.0,5.0,4.0,,76.0,68.0,0.125,0.125,0.1428571428571428,0.0704225352112676,0.0930232558139534,0.106060606060606,0.1153846153846153,0.0,0.0545454545454545,0.125,0.1111111111111111,0.073170731707317,0.0,0.0,0.0,0.0,,0.1052631578947368,0.1029411764705882,31,1.0,81.0,2.6129032258064515,1.2,83.00000000000001,2.67741935483871,15.7,2.2,0.5,-0.2,0.7,0.0317425569176882,0.602,0.515,0.257,0.5,1.1,L (-6),L (-6)
4.0,4.0,2022-10-24,24-165,ORL,NYK,0,14.0,1.0,3.0,.333,0.0,2.0,.000,0,0.0,,0.0,3.0,3.0,0.0,1.0,0.0,2.0,4.0,2.0,-1.4,-18,1.0,1.0,1.0,20,37,22,17,25,39,17,22,3,21,21,3,21,33,21,34,26,37.0,70.0,51.0,27.0,60.0,80.0,48.0,53.0,2.0,11.0,34.0,60.0,4.0,57.0,72.0,47.0,63.0,57.0,0.5405405405405406,0.5285714285714286,0.4313725490196078,0.6296296296296297,0.4166666666666667,0.4875,0.3541666666666667,0.4150943396226415,0.0,0.2727272727272727,0.6176470588235294,0.35,0.75,0.3684210526315789,0.4583333333333333,0.4468085106382978,0.5396825396825397,0.4561403508771929,14,7,8,1,5,4,7,9,3,7,9,3,8,7,56.0,64.0,7.0,71.0,43.0,66.0,78.0,70.0,55.0,56.0,81.0,41.0,80.0,6.0,5.0,4.0,,76.0,68.0,0.125,0.125,0.1428571428571428,0.0704225352112676,0.0930232558139534,0.106060606060606,0.1153846153846153,0.0,0.0545454545454545,0.125,0.1111111111111111,0.073170731707317,0.0,0.0,0.0,0.0,,0.1052631578947368,0.1029411764705882,31,1.0,101.0,3.2580645161290325,-1.4,98.3,3.170967741935484,15.7,2.2,0.5,-0.2,0.7,0.0317425569176882,0.602,0.515,0.257,0.5,1.1,L (-13),L (-13)
5.0,5.0,2022-10-26,24-167,ORL,CLE,0,7.016666666666667,1.0,1.0,1.000,0.0,0.0,,0,0.0,,0.0,1.0,1.0,0.0,0.0,0.0,0.0,1.0,2.0,1.6,-2,1.0,1.0,1.0,20,37,22,17,25,39,17,22,3,21,21,3,21,33,21,34,26,37.0,70.0,51.0,27.0,60.0,80.0,48.0,53.0,2.0,11.0,34.0,60.0,4.0,57.0,72.0,47.0,63.0,57.0,0.5405405405405406,0.5285714285714286,0.4313725490196078,0.6296296296296297,0.4166666666666667,0.4875,0.3541666666666667,0.4150943396226415,0.0,0.2727272727272727,0.6176470588235294,0.35,0.75,0.3684210526315789,0.4583333333333333,0.4468085106382978,0.5396825396825397,0.4561403508771929,14,7,8,1,5,4,7,9,3,7,9,3,8,7,56.0,64.0,7.0,71.0,43.0,66.0,78.0,70.0,55.0,56.0,81.0,41.0,80.0,6.0,5.0,4.0,,76.0,68.0,0.125,0.125,0.1428571428571428,0.0704225352112676,0.0930232558139534,0.106060606060606,0.1153846153846153,0.0,0.0545454545454545,0.125,0.1111111111111111,0.073170731707317,0.0,0.0,0.0,0.0,,0.1052631578947368,0.1029411764705882,31,2.0,97.0,3.129032258064516,1.5999999999999996,68.5,2.2096774193548385,15.7,2.2,0.5,-0.2,0.7,0.0317425569176882,0.602,0.515,0.257,0.5,1.1,L (-11),L (-11)
6.0,6.0,2022-10-28,24-169,ORL,CHO,0,16.883333333333333,8.0,12.0,.667,2.0,5.0,.400,1,1.0,1.000,1.0,5.0,6.0,1.0,0.0,3.0,1.0,5.0,19.0,15.8,+9,7.0,6.0,0.8571428571428571,20,37,22,17,25,39,17,22,3,21,21,3,21,33,21,34,26,37.0,70.0,51.0,27.0,60.0,80.0,48.0,53.0,2.0,11.0,34.0,60.0,4.0,57.0,72.0,47.0,63.0,57.0,0.5405405405405406,0.5285714285714286,0.4313725490196078,0.6296296296296297,0.4166666666666667,0.4875,0.3541666666666667,0.4150943396226415,0.0,0.2727272727272727,0.6176470588235294,0.35,0.75,0.3684210526315789,0.4583333333333333,0.4468085106382978,0.5396825396825397,0.4561403508771929,14,7,8,1,5,4,7,9,3,7,9,3,8,7,56.0,64.0,7.0,71.0,43.0,66.0,78.0,70.0,55.0,56.0,81.0,41.0,80.0,6.0,5.0,4.0,,76.0,68.0,0.125,0.125,0.1428571428571428,0.0704225352112676,0.0930232558139534,0.106060606060606,0.1153846153846153,0.0,0.0545454545454545,0.125,0.1111111111111111,0.073170731707317,0.0,0.0,0.0,0.0,,0.1052631578947368,0.1029411764705882,31,15.0,78.0,2.5161290322580645,15.4,86.3,2.783870967741936,15.7,2.2,0.5,-0.2,0.7,0.0317425569176882,0.602,0.515,0.257,0.5,1.1,W (+20),W (+20)
7.0,7.0,2022-10-30,24-171,ORL,DAL,0,17.316666666666666,2.0,4.0,.500,1.0,1.0,1.000,0,0.0,,0.0,4.0,4.0,1.0,0.0,1.0,0.0,2.0,5.0,4.8,0,3.0,1.0,0.3333333333333333,20,37,22,17,25,39,17,22,3,21,21,3,21,33,21,34,26,37.0,70.0,51.0,27.0,60.0,80.0,48.0,53.0,2.0,11.0,34.0,60.0,4.0,57.0,72.0,47.0,63.0,57.0,0.5405405405405406,0.5285714285714286,0.4313725490196078,0.6296296296296297,0.4166666666666667,0.4875,0.3541666666666667,0.4150943396226415,0.0,0.2727272727272727,0.6176470588235294,0.35,0.75,0.3684210526315789,0.4583333333333333,0.4468085106382978,0.5396825396825397,0.4561403508771929,14,7,8,1,5,4,7,9,3,7,9,3,8,7,56.0,64.0,7.0,71.0,43.0,66.0,78.0,70.0,55.0,56.0,81.0,41.0,80.0,6.0,5.0,4.0,,76.0,68.0,0.125,0.125,0.1428571428571428,0.0704225352112676,0.0930232558139534,0.106060606060606,0.1153846153846153,0.0,0.0545454545454545,0.125,0.1111111111111111,0.073170731707317,0.0,0.0,0.0,0.0,,0.1052631578947368,0.1029411764705882,31,7.0,95.0,3.064516129032258,4.800000000000001,93.8,3.025806451612904,15.7,2.2,0.5,-0.2,0.7,0.0317425569176882,0.602,0.515,0.257,0.5,1.1,L (-9),L (-9)
8.0,8.0,2022-11-01,24-173,ORL,OKC,0,12.916666666666666,1.0,4.0,.250,0.0,1.0,.000,0,0.0,,2.0,3.0,5.0,0.0,0.0,1.0,2.0,1.0,2.0,0.2,-10,3.0,1.0,0.3333333333333333,20,37,22,17,25,39,17,22,3,21,21,3,21,33,21,34,26,37.0,70.0,51.0,27.0,60.0,80.0,48.0,53.0,2.0,11.0,34.0,60.0,4.0,57.0,72.0,47.0,63.0,57.0,0.5405405405405406,0.5285714285714286,0.4313725490196078,0.6296296296296297,0.4166666666666667,0.4875,0.3541666666666667,0.4150943396226415,0.0,0.2727272727272727,0.6176470588235294,0.35,0.75,0.3684210526315789,0.4583333333333333,0.4468085106382978,0.5396825396825397,0.4561403508771929,14,7,8,1,5,4,7,9,3,7,9,3,8,7,56.0,64.0,7.0,71.0,43.0,66.0,78.0,70.0,55.0,56.0,81.0,41.0,80.0,6.0,5.0,4.0,,76.0,68.0,0.125,0.125,0.1428571428571428,0.0704225352112676,0.0930232558139534,0.106060606060606,0.1153846153846153,0.0,0.0545454545454545,0.125,0.1111111111111111,0.073170731707317,0.0,0.0,0.0,0.0,,0.1052631578947368,0.1029411764705882,31,2.0,76.0,2.4516129032258065,0.1999999999999997,80.3,2.5903225806451613,15.7,2.2,0.5,-0.2,0.7,0.0317425569176882,0.602,0.515,0.257,0.5,1.1,L (-8),L (-8)
9.0,9.0,2022-11-03,24-175,ORL,GSW,0,5.633333333333333,0.0,0.0,,0.0,0.0,,0,0.0,,0.0,2.0,2.0,0.0,0.0,0.0,1.0,1.0,0.0,-0.8,-4,0.0,0.0,,20,37,22,17,25,39,17,22,3,21,21,3,21,33,21,34,26,37.0,70.0,51.0,27.0,60.0,80.0,48.0,53.0,2.0,11.0,34.0,60.0,4.0,57.0,72.0,47.0,63.0,57.0,0.5405405405405406,0.5285714285714286,0.4313725490196078,0.6296296296296297,0.4166666666666667,0.4875,0.3541666666666667,0.4150943396226415,0.0,0.2727272727272727,0.6176470588235294,0.35,0.75,0.3684210526315789,0.4583333333333333,0.4468085106382978,0.5396825396825397,0.4561403508771929,14,7,8,1,5,4,7,9,3,7,9,3,8,7,56.0,64.0,7.0,71.0,43.0,66.0,78.0,70.0,55.0,56.0,81.0,41.0,80.0,6.0,5.0,4.0,,76.0,68.0,0.125,0.125,0.1428571428571428,0.0704225352112676,0.0930232558139534,0.106060606060606,0.1153846153846153,0.0,0.0545454545454545,0.125,0.1111111111111111,0.073170731707317,0.0,0.0,0.0,0.0,,0.1052631578947368,0.1029411764705882,31,1.0,54.0,1.7419354838709675,-0.8,64.69999999999999,2.087096774193548,15.7,2.2,0.5,-0.2,0.7,0.0317425569176882,0.602,0.515,0.257,0.5,1.1,W (+1),W (+1)
10.0,,2022-11-05,24-177,ORL,SAC,Did Not Play,0.0,0.0,0.0,Did Not Play,,,Did Not Play,Did Not Play,0.0,Did Not Play,0.0,0.0,,0.0,0.0,0.0,0.0,0.0,0.0,Did Not Play,Did Not Play,,,,20,37,22,17,25,39,17,22,3,21,21,3,21,33,21,34,26,37.0,70.0,51.0,27.0,60.0,80.0,48.0,53.0,2.0,11.0,34.0,60.0,4.0,57.0,72.0,47.0,63.0,57.0,0.5405405405405406,0.5285714285714286,0.4313725490196078,0.6296296296296297,0.4166666666666667,0.4875,0.3541666666666667,0.4150943396226415,0.0,0.2727272727272727,0.6176470588235294,0.35,0.75,0.3684210526315789,0.4583333333333333,0.4468085106382978,0.5396825396825397,0.4561403508771929,14,7,8,1,5,4,7,9,3,7,9,3,8,7,56.0,64.0,7.0,71.0,43.0,66.0,78.0,70.0,55.0,56.0,81.0,41.0,80.0,6.0,5.0,4.0,,76.0,68.0,0.125,0.125,0.1428571428571428,0.0704225352112676,0.0930232558139534,0.106060606060606,0.1153846153846153,0.0,0.0545454545454545,0.125,0.1111111111111111,0.073170731707317,0.0,0.0,0.0,0.0,,0.1052631578947368,0.1029411764705882,31,,68.0,2.193548387096774,0.0,66.6,2.148387096774193,15.7,2.2,0.5,-0.2,0.7,0.0317425569176882,0.602,0.515,0.257,0.5,1.1,L (-3),L (-3)
11.0,10.0,2022-11-07,24-179,ORL,HOU,0,19.616666666666667,6.0,7.0,.857,1.0,2.0,.500,1,2.0,.500,1.0,3.0,4.0,3.0,1.0,1.0,0.0,3.0,14.0,15.3,0,5.0,5.0,1.0,20,37,22,17,25,39,17,22,3,21,21,3,21,33,21,34,26,37.0,70.0,51.0,27.0,60.0,80.0,48.0,53.0,2.0,11.0,34.0,60.0,4.0,57.0,72.0,47.0,63.0,57.0,0.5405405405405406,0.5285714285714286,0.4313725490196078,0.6296296296296297,0.4166666666666667,0.4875,0.3541666666666667,0.4150943396226415,0.0,0.2727272727272727,0.6176470588235294,0.35,0.75,0.3684210526315789,0.4583333333333333,0.4468085106382978,0.5396825396825397,0.4561403508771929,14,7,8,1,5,4,7,9,3,7,9,3,8,7,56.0,64.0,7.0,71.0,43.0,66.0,78.0,70.0,55.0,56.0,81.0,41.0,80.0,6.0,5.0,4.0,,76.0,68.0,0.125,0.125,0.1428571428571428,0.0704225352112676,0.0930232558139534,0.106060606060606,0.1153846153846153,0.0,0.0545454545454545,0.125,0.1111111111111111,0.073170731707317,0.0,0.0,0.0,0.0,,0.1052631578947368,0.1029411764705882,31,14.0,67.0,2.161290322580645,14.899999999999997,71.6,2.3096774193548386,15.7,2.2,0.5,-0.2,0.7,0.0317425569176882,0.602,0.515,0.257,0.5,1.1,L (-7),L (-7)
12.0,11.0,2022-11-09,24-181,ORL,DAL,0,24.45,5.0,8.0,.625,1.0,3.0,.333,1,2.0,.500,1.0,5.0,6.0,1.0,0.0,1.0,0.0,2.0,12.0,10.8,-7,5.0,4.0,0.8,20,37,22,17,25,39,17,22,3,21,21,3,21,33,21,34,26,37.0,70.0,51.0,27.0,60.0,80.0,48.0,53.0,2.0,11.0,34.0,60.0,4.0,57.0,72.0,47.0,63.0,57.0,0.5405405405405406,0.5285714285714286,0.4313725490196078,0.6296296296296297,0.4166666666666667,0.4875,0.3541666666666667,0.4150943396226415,0.0,0.2727272727272727,0.6176470588235294,0.35,0.75,0.3684210526315789,0.4583333333333333,0.4468085106382978,0.5396825396825397,0.4561403508771929,14,7,8,1,5,4,7,9,3,7,9,3,8,7,56.0,64.0,7.0,71.0,43.0,66.0,78.0,70.0,55.0,56.0,81.0,41.0,80.0,6.0,5.0,4.0,,76.0,68.0,0.125,0.125,0.1428571428571428,0.0704225352112676,0.0930232558139534,0.106060606060606,0.1153846153846153,0.0,0.0545454545454545,0.125,0.1111111111111111,0.073170731707317,0.0,0.0,0.0,0.0,,0.1052631578947368,0.1029411764705882,31,10.0,74.0,2.3870967741935485,10.399999999999997,82.7,2.667741935483871,15.7,2.2,0.5,-0.2,0.7,0.0317425569176882,0.602,0.515,0.257,0.5,1.1,W (+7),W (+7)
13.0,12.0,2022-11-11,24-183,ORL,PHO,0,18.5,3.0,6.0,.500,1.0,3.0,.333,2,3.0,.667,1.0,4.0,5.0,2.0,0.0,1.0,1.0,1.0,9.0,8.2,+7,3.0,2.0,0.6666666666666666,20,37,22,17,25,39,17,22,3,21,21,3,21,33,21,34,26,37.0,70.0,51.0,27.0,60.0,80.0,48.0,53.0,2.0,11.0,34.0,60.0,4.0,57.0,72.0,47.0,63.0,57.0,0.5405405405405406,0.5285714285714286,0.4313725490196078,0.6296296296296297,0.4166666666666667,0.4875,0.3541666666666667,0.4150943396226415,0.0,0.2727272727272727,0.6176470588235294,0.35,0.75,0.3684210526315789,0.4583333333333333,0.4468085106382978,0.5396825396825397,0.4561403508771929,14,7,8,1,5,4,7,9,3,7,9,3,8,7,56.0,64.0,7.0,71.0,43.0,66.0,78.0,70.0,55.0,56.0,81.0,41.0,80.0,6.0,5.0,4.0,,76.0,68.0,0.125,0.125,0.1428571428571428,0.0704225352112676,0.0930232558139534,0.106060606060606,0.1153846153846153,0.0,0.0545454545454545,0.125,0.1111111111111111,0.073170731707317,0.0,0.0,0.0,0.0,,0.1052631578947368,0.1029411764705882,31,7.0,83.0,2.677419354838709,7.399999999999997,99.4,3.206451612903226,15.7,2.2,0.5,-0.2,0.7,0.0317425569176882,0.602,0.515,0.257,0.5,1.1,W (+17),W (+17)
14.0,13.0,2022-11-14,24-186,ORL,CHO,0,21.916666666666668,5.0,10.0,.500,1.0,2.0,.500,3,4.0,.750,7.0,3.0,10.0,1.0,0.0,1.0,2.0,2.0,14.0,13.0,+7,8.0,4.0,0.5,20,37,22,17,25,39,17,22,3,21,21,3,21,33,21,34,26,37.0,70.0,51.0,27.0,60.0,80.0,48.0,53.0,2.0,11.0,34.0,60.0,4.0,57.0,72.0,47.0,63.0,57.0,0.5405405405405406,0.5285714285714286,0.4313725490196078,0.6296296296296297,0.4166666666666667,0.4875,0.3541666666666667,0.4150943396226415,0.0,0.2727272727272727,0.6176470588235294,0.35,0.75,0.3684210526315789,0.4583333333333333,0.4468085106382978,0.5396825396825397,0.4561403508771929,14,7,8,1,5,4,7,9,3,7,9,3,8,7,56.0,64.0,7.0,71.0,43.0,66.0,78.0,70.0,55.0,56.0,81.0,41.0,80.0,6.0,5.0,4.0,,76.0,68.0,0.125,0.125,0.1428571428571428,0.0704225352112676,0.0930232558139534,0.106060606060606,0.1153846153846153,0.0,0.0545454545454545,0.125,0.1111111111111111,0.073170731707317,0.0,0.0,0.0,0.0,,0.1052631578947368,0.1029411764705882,31,10.0,113.0,3.645161290322581,11.799999999999995,121.4,3.916129032258065,15.7,2.2,0.5,-0.2,0.7,0.0317425569176882,0.602,0.515,0.257,0.5,1.1,L (-7),L (-7)
15.0,14.0,2022-11-16,24-188,ORL,MIN,1,29.33333333333333,4.0,11.0,.364,0.0,5.0,.000,0,0.0,,3.0,7.0,10.0,2.0,0.0,1.0,1.0,5.0,8.0,5.2,0,6.0,4.0,0.6666666666666666,20,37,22,17,25,39,17,22,3,21,21,3,21,33,21,34,26,37.0,70.0,51.0,27.0,60.0,80.0,48.0,53.0,2.0,11.0,34.0,60.0,4.0,57.0,72.0,47.0,63.0,57.0,0.5405405405405406,0.5285714285714286,0.4313725490196078,0.6296296296296297,0.4166666666666667,0.4875,0.3541666666666667,0.4150943396226415,0.0,0.2727272727272727,0.6176470588235294,0.35,0.75,0.3684210526315789,0.4583333333333333,0.4468085106382978,0.5396825396825397,0.4561403508771929,14,7,8,1,5,4,7,9,3,7,9,3,8,7,56.0,64.0,7.0,71.0,43.0,66.0,78.0,70.0,55.0,56.0,81.0,41.0,80.0,6.0,5.0,4.0,,76.0,68.0,0.125,0.125,0.1428571428571428,0.0704225352112676,0.0930232558139534,0.106060606060606,0.1153846153846153,0.0,0.0545454545454545,0.125,0.1111111111111111,0.073170731707317,0.0,0.0,0.0,0.0,,0.1052631578947368,0.1029411764705882,31,9.0,104.0,3.3548387096774195,5.199999999999999,97.7,3.1516129032258067,15.7,2.2,0.5,-0.2,0.7,0.0317425569176882,0.602,0.515,0.257,0.5,1.1,L (-18),L (-18)
16.0,15.0,2022-11-18,24-190,ORL,CHI,0,23.966666666666665,4.0,9.0,.444,4.0,5.0,.800,1,2.0,.500,1.0,3.0,4.0,1.0,0.0,2.0,0.0,4.0,13.0,10.0,-3,4.0,0.0,0.0,20,37,22,17,25,39,17,22,3,21,21,3,21,33,21,34,26,37.0,70.0,51.0,27.0,60.0,80.0,48.0,53.0,2.0,11.0,34.0,60.0,4.0,57.0,72.0,47.0,63.0,57.0,0.5405405405405406,0.5285714285714286,0.4313725490196078,0.6296296296296297,0.4166666666666667,0.4875,0.3541666666666667,0.4150943396226415,0.0,0.2727272727272727,0.6176470588235294,0.35,0.75,0.3684210526315789,0.4583333333333333,0.4468085106382978,0.5396825396825397,0.4561403508771929,14,7,8,1,5,4,7,9,3,7,9,3,8,7,56.0,64.0,7.0,71.0,43.0,66.0,78.0,70.0,55.0,56.0,81.0,41.0,80.0,6.0,5.0,4.0,,76.0,68.0,0.125,0.125,0.1428571428571428,0.0704225352112676,0.0930232558139534,0.106060606060606,0.1153846153846153,0.0,0.0545454545454545,0.125,0.1111111111111111,0.073170731707317,0.0,0.0,0.0,0.0,,0.1052631578947368,0.1029411764705882,31,9.0,66.0,2.129032258064516,9.599999999999996,81.1,2.616129032258064,15.7,2.2,0.5,-0.2,0.7,0.0317425569176882,0.602,0.515,0.257,0.5,1.1,W (+1),W (+1)
17.0,16.0,2022-11-19,24-191,ORL,IND,1,33.083333333333336,6.0,14.0,.429,3.0,8.0,.375,6,8.0,.750,3.0,6.0,9.0,1.0,2.0,1.0,2.0,3.0,21.0,16.9,+18,6.0,3.0,0.5,20,37,22,17,25,39,17,22,3,21,21,3,21,33,21,34,26,37.0,70.0,51.0,27.0,60.0,80.0,48.0,53.0,2.0,11.0,34.0,60.0,4.0,57.0,72.0,47.0,63.0,57.0,0.5405405405405406,0.5285714285714286,0.4313725490196078,0.6296296296296297,0.4166666666666667,0.4875,0.3541666666666667,0.4150943396226415,0.0,0.2727272727272727,0.6176470588235294,0.35,0.75,0.3684210526315789,0.4583333333333333,0.4468085106382978,0.5396825396825397,0.4561403508771929,14,7,8,1,5,4,7,9,3,7,9,3,8,7,56.0,64.0,7.0,71.0,43.0,66.0,78.0,70.0,55.0,56.0,81.0,41.0,80.0,6.0,5.0,4.0,,76.0,68.0,0.125,0.125,0.1428571428571428,0.0704225352112676,0.0930232558139534,0.106060606060606,0.1153846153846153,0.0,0.0545454545454545,0.125,0.1111111111111111,0.073170731707317,0.0,0.0,0.0,0.0,,0.1052631578947368,0.1029411764705882,31,10.0,119.0,3.838709677419355,14.5,107.3,3.4612903225806453,15.7,2.2,0.5,-0.2,0.7,0.0317425569176882,0.602,0.515,0.257,0.5,1.1,L (-1),L (-1)
18.0,17.0,2022-11-21,24-193,ORL,IND,1,32.916666666666664,5.0,6.0,.833,2.0,3.0,.667,3,3.0,1.000,0.0,4.0,4.0,1.0,0.0,0.0,2.0,2.0,15.0,11.9,-7,3.0,3.0,1.0,20,37,22,17,25,39,17,22,3,21,21,3,21,33,21,34,26,37.0,70.0,51.0,27.0,60.0,80.0,48.0,53.0,2.0,11.0,34.0,60.0,4.0,57.0,72.0,47.0,63.0,57.0,0.5405405405405406,0.5285714285714286,0.4313725490196078,0.6296296296296297,0.4166666666666667,0.4875,0.3541666666666667,0.4150943396226415,0.0,0.2727272727272727,0.6176470588235294,0.35,0.75,0.3684210526315789,0.4583333333333333,0.4468085106382978,0.5396825396825397,0.4561403508771929,14,7,8,1,5,4,7,9,3,7,9,3,8,7,56.0,64.0,7.0,71.0,43.0,66.0,78.0,70.0,55.0,56.0,81.0,41.0,80.0,6.0,5.0,4.0,,76.0,68.0,0.125,0.125,0.1428571428571428,0.0704225352112676,0.0930232558139534,0.106060606060606,0.1153846153846153,0.0,0.0545454545454545,0.125,0.1111111111111111,0.073170731707317,0.0,0.0,0.0,0.0,,0.1052631578947368,0.1029411764705882,31,9.0,116.0,3.741935483870968,10.7,127.5,4.112903225806452,15.7,2.2,0.5,-0.2,0.7,0.0317425569176882,0.602,0.515,0.257,0.5,1.1,L (-21),L (-21)
19.0,18.0,2022-11-25,24-197,ORL,PHI,1,27.366666666666667,2.0,7.0,.286,1.0,3.0,.333,2,2.0,1.000,0.0,4.0,4.0,4.0,1.0,1.0,1.0,2.0,7.0,6.8,-10,4.0,1.0,0.25,20,37,22,17,25,39,17,22,3,21,21,3,21,33,21,34,26,37.0,70.0,51.0,27.0,60.0,80.0,48.0,53.0,2.0,11.0,34.0,60.0,4.0,57.0,72.0,47.0,63.0,57.0,0.5405405405405406,0.5285714285714286,0.4313725490196078,0.6296296296296297,0.4166666666666667,0.4875,0.3541666666666667,0.4150943396226415,0.0,0.2727272727272727,0.6176470588235294,0.35,0.75,0.3684210526315789,0.4583333333333333,0.4468085106382978,0.5396825396825397,0.4561403508771929,14,7,8,1,5,4,7,9,3,7,9,3,8,7,56.0,64.0,7.0,71.0,43.0,66.0,78.0,70.0,55.0,56.0,81.0,41.0,80.0,6.0,5.0,4.0,,76.0,68.0,0.125,0.125,0.1428571428571428,0.0704225352112676,0.0930232558139534,0.106060606060606,0.1153846153846153,0.0,0.0545454545454545,0.125,0.1111111111111111,0.073170731707317,0.0,0.0,0.0,0.0,,0.1052631578947368,0.1029411764705882,31,7.0,99.0,3.193548387096774,6.000000000000002,89.8,2.896774193548387,15.7,2.2,0.5,-0.2,0.7,0.0317425569176882,0.602,0.515,0.257,0.5,1.1,L (-8),L (-8)
20.0,19.0,2022-11-27,24-199,ORL,PHI,1,11.616666666666667,1.0,3.0,.333,1.0,3.0,.333,0,0.0,,0.0,1.0,1.0,0.0,0.0,1.0,1.0,1.0,3.0,0.9,-13,0.0,0.0,,20,37,22,17,25,39,17,22,3,21,21,3,21,33,21,34,26,37.0,70.0,51.0,27.0,60.0,80.0,48.0,53.0,2.0,11.0,34.0,60.0,4.0,57.0,72.0,47.0,63.0,57.0,0.5405405405405406,0.5285714285714286,0.4313725490196078,0.6296296296296297,0.4166666666666667,0.4875,0.3541666666666667,0.4150943396226415,0.0,0.2727272727272727,0.6176470588235294,0.35,0.75,0.3684210526315789,0.4583333333333333,0.4468085106382978,0.5396825396825397,0.4561403508771929,14,7,8,1,5,4,7,9,3,7,9,3,8,7,56.0,64.0,7.0,71.0,43.0,66.0,78.0,70.0,55.0,56.0,81.0,41.0,80.0,6.0,5.0,4.0,,76.0,68.0,0.125,0.125,0.1428571428571428,0.0704225352112676,0.0930232558139534,0.106060606060606,0.1153846153846153,0.0,0.0545454545454545,0.125,0.1111111111111111,0.073170731707317,0.0,0.0,0.0,0.0,,0.1052631578947368,0.1029411764705882,31,1.0,112.0,3.612903225806452,0.8999999999999999,131.5,4.241935483870968,15.7,2.2,0.5,-0.2,0.7,0.0317425569176882,0.602,0.515,0.257,0.5,1.1,L (-30),L (-30)
21.0,,2022-11-28,24-200,ORL,BRK,,0.0,0.0,0.0,,,,,,0.0,,0.0,0.0,,0.0,0.0,0.0,0.0,0.0,0.0,,,,,,20,37,22,17,25,39,17,22,3,21,21,3,21,33,21,34,26,37.0,70.0,51.0,27.0,60.0,80.0,48.0,53.0,2.0,11.0,34.0,60.0,4.0,57.0,72.0,47.0,63.0,57.0,0.5405405405405406,0.5285714285714286,0.4313725490196078,0.6296296296296297,0.4166666666666667,0.4875,0.3541666666666667,0.4150943396226415,0.0,0.2727272727272727,0.6176470588235294,0.35,0.75,0.3684210526315789,0.4583333333333333,0.4468085106382978,0.5396825396825397,0.4561403508771929,14,7,8,1,5,4,7,9,3,7,9,3,8,7,56.0,64.0,7.0,71.0,43.0,66.0,78.0,70.0,55.0,56.0,81.0,41.0,80.0,6.0,5.0,4.0,,76.0,68.0,0.125,0.125,0.1428571428571428,0.0704225352112676,0.0930232558139534,0.106060606060606,0.1153846153846153,0.0,0.0545454545454545,0.125,0.1111111111111111,0.073170731707317,0.0,0.0,0.0,0.0,,0.1052631578947368,0.1029411764705882,31,,102.0,3.290322580645161,0.0,126.5,4.080645161290323,15.7,2.2,0.5,-0.2,0.7,0.0317425569176882,0.602,0.515,0.257,0.5,1.1,,
22.0,,2022-11-30,24-202,ORL,ATL,,0.0,0.0,0.0,,,,,,0.0,,0.0,0.0,,0.0,0.0,0.0,0.0,0.0,0.0,,,,,,20,37,22,17,25,39,17,22,3,21,21,3,21,33,21,34,26,37.0,70.0,51.0,27.0,60.0,80.0,48.0,53.0,2.0,11.0,34.0,60.0,4.0,57.0,72.0,47.0,63.0,57.0,0.5405405405405406,0.5285714285714286,0.4313725490196078,0.6296296296296297,0.4166666666666667,0.4875,0.3541666666666667,0.4150943396226415,0.0,0.2727272727272727,0.6176470588235294,0.35,0.75,0.3684210526315789,0.4583333333333333,0.4468085106382978,0.5396825396825397,0.4561403508771929,14,7,8,1,5,4,7,9,3,7,9,3,8,7,56.0,64.0,7.0,71.0,43.0,66.0,78.0,70.0,55.0,56.0,81.0,41.0,80.0,6.0,5.0,4.0,,76.0,68.0,0.125,0.125,0.1428571428571428,0.0704225352112676,0.0930232558139534,0.106060606060606,0.1153846153846153,0.0,0.0545454545454545,0.125,0.1111111111111111,0.073170731707317,0.0,0.0,0.0,0.0,,0.1052631578947368,0.1029411764705882,31,,117.0,3.774193548387097,0.0,125.2,4.038709677419355,15.7,2.2,0.5,-0.2,0.7,0.0317425569176882,0.602,0.515,0.257,0.5,1.1,L (-7),L (-7)
23.0,,2022-12-02,24-204,ORL,CLE,,0.0,0.0,0.0,,,,,,0.0,,0.0,0.0,,0.0,0.0,0.0,0.0,0.0,0.0,,,,,,20,37,22,17,25,39,17,22,3,21,21,3,21,33,21,34,26,37.0,70.0,51.0,27.0,60.0,80.0,48.0,53.0,2.0,11.0,34.0,60.0,4.0,57.0,72.0,47.0,63.0,57.0,0.5405405405405406,0.5285714285714286,0.4313725490196078,0.6296296296296297,0.4166666666666667,0.4875,0.3541666666666667,0.4150943396226415,0.0,0.2727272727272727,0.6176470588235294,0.35,0.75,0.3684210526315789,0.4583333333333333,0.4468085106382978,0.5396825396825397,0.4561403508771929,14,7,8,1,5,4,7,9,3,7,9,3,8,7,56.0,64.0,7.0,71.0,43.0,66.0,78.0,70.0,55.0,56.0,81.0,41.0,80.0,6.0,5.0,4.0,,76.0,68.0,0.125,0.125,0.1428571428571428,0.0704225352112676,0.0930232558139534,0.106060606060606,0.1153846153846153,0.0,0.0545454545454545,0.125,0.1111111111111111,0.073170731707317,0.0,0.0,0.0,0.0,,0.1052631578947368,0.1029411764705882,31,,63.0,2.032258064516129,0.0,76.19999999999999,2.458064516129032,15.7,2.2,0.5,-0.2,0.7,0.0317425569176882,0.602,0.515,0.257,0.5,1.1,L (-17),L (-17)
24.0,,2022-12-03,24-205,ORL,TOR,,0.0,0.0,0.0,,,,,,0.0,,0.0,0.0,,0.0,0.0,0.0,0.0,0.0,0.0,,,,,,20,37,22,17,25,39,17,22,3,21,21,3,21,33,21,34,26,37.0,70.0,51.0,27.0,60.0,80.0,48.0,53.0,2.0,11.0,34.0,60.0,4.0,57.0,72.0,47.0,63.0,57.0,0.5405405405405406,0.5285714285714286,0.4313725490196078,0.6296296296296297,0.4166666666666667,0.4875,0.3541666666666667,0.4150943396226415,0.0,0.2727272727272727,0.6176470588235294,0.35,0.75,0.3684210526315789,0.4583333333333333,0.4468085106382978,0.5396825396825397,0.4561403508771929,14,7,8,1,5,4,7,9,3,7,9,3,8,7,56.0,64.0,7.0,71.0,43.0,66.0,78.0,70.0,55.0,56.0,81.0,41.0,80.0,6.0,5.0,4.0,,76.0,68.0,0.125,0.125,0.1428571428571428,0.0704225352112676,0.0930232558139534,0.106060606060606,0.1153846153846153,0.0,0.0545454545454545,0.125,0.1111111111111111,0.073170731707317,0.0,0.0,0.0,0.0,,0.1052631578947368,0.1029411764705882,31,,45.0,1.4516129032258065,0.0,54.2,1.7483870967741937,15.7,2.2,0.5,-0.2,0.7,0.0317425569176882,0.602,0.515,0.257,0.5,1.1,L (-11),L (-11)
25.0,,2022-12-05,24-207,ORL,MIL,,0.0,0.0,0.0,,,,,,0.0,,0.0,0.0,,0.0,0.0,0.0,0.0,0.0,0.0,,,,,,20,37,22,17,25,39,17,22,3,21,21,3,21,33,21,34,26,37.0,70.0,51.0,27.0,60.0,80.0,48.0,53.0,2.0,11.0,34.0,60.0,4.0,57.0,72.0,47.0,63.0,57.0,0.5405405405405406,0.5285714285714286,0.4313725490196078,0.6296296296296297,0.4166666666666667,0.4875,0.3541666666666667,0.4150943396226415,0.0,0.2727272727272727,0.6176470588235294,0.35,0.75,0.3684210526315789,0.4583333333333333,0.4468085106382978,0.5396825396825397,0.4561403508771929,14,7,8,1,5,4,7,9,3,7,9,3,8,7,56.0,64.0,7.0,71.0,43.0,66.0,78.0,70.0,55.0,56.0,81.0,41.0,80.0,6.0,5.0,4.0,,76.0,68.0,0.125,0.125,0.1428571428571428,0.0704225352112676,0.0930232558139534,0.106060606060606,0.1153846153846153,0.0,0.0545454545454545,0.125,0.1111111111111111,0.073170731707317,0.0,0.0,0.0,0.0,,0.1052631578947368,0.1029411764705882,31,,70.0,2.2580645161290325,0.0,98.9,3.1903225806451614,15.7,2.2,0.5,-0.2,0.7,0.0317425569176882,0.602,0.515,0.257,0.5,1.1,L (-13),L (-13)
26.0,20.0,2022-12-07,24-209,ORL,LAC,0,17.15,3.0,6.0,.500,2.0,3.0,.667,0,0.0,,1.0,3.0,4.0,1.0,0.0,1.0,1.0,4.0,8.0,5.4,+17,3.0,1.0,0.3333333333333333,20,37,22,17,25,39,17,22,3,21,21,3,21,33,21,34,26,37.0,70.0,51.0,27.0,60.0,80.0,48.0,53.0,2.0,11.0,34.0,60.0,4.0,57.0,72.0,47.0,63.0,57.0,0.5405405405405406,0.5285714285714286,0.4313725490196078,0.6296296296296297,0.4166666666666667,0.4875,0.3541666666666667,0.4150943396226415,0.0,0.2727272727272727,0.6176470588235294,0.35,0.75,0.3684210526315789,0.4583333333333333,0.4468085106382978,0.5396825396825397,0.4561403508771929,14,7,8,1,5,4,7,9,3,7,9,3,8,7,56.0,64.0,7.0,71.0,43.0,66.0,78.0,70.0,55.0,56.0,81.0,41.0,80.0,6.0,5.0,4.0,,76.0,68.0,0.125,0.125,0.1428571428571428,0.0704225352112676,0.0930232558139534,0.106060606060606,0.1153846153846153,0.0,0.0545454545454545,0.125,0.1111111111111111,0.073170731707317,0.0,0.0,0.0,0.0,,0.1052631578947368,0.1029411764705882,31,7.0,100.0,3.225806451612903,5.399999999999999,115.60000000000002,3.729032258064517,15.7,2.2,0.5,-0.2,0.7,0.0317425569176882,0.602,0.515,0.257,0.5,1.1,L (-7),L (-7)
27.0,21.0,2022-12-09,24-211,ORL,TOR,0,17.3,1.0,4.0,.250,0.0,2.0,.000,0,0.0,,1.0,12.0,13.0,1.0,0.0,1.0,0.0,3.0,2.0,4.1,-2,2.0,1.0,0.5,20,37,22,17,25,39,17,22,3,21,21,3,21,33,21,34,26,37.0,70.0,51.0,27.0,60.0,80.0,48.0,53.0,2.0,11.0,34.0,60.0,4.0,57.0,72.0,47.0,63.0,57.0,0.5405405405405406,0.5285714285714286,0.4313725490196078,0.6296296296296297,0.4166666666666667,0.4875,0.3541666666666667,0.4150943396226415,0.0,0.2727272727272727,0.6176470588235294,0.35,0.75,0.3684210526315789,0.4583333333333333,0.4468085106382978,0.5396825396825397,0.4561403508771929,14,7,8,1,5,4,7,9,3,7,9,3,8,7,56.0,64.0,7.0,71.0,43.0,66.0,78.0,70.0,55.0,56.0,81.0,41.0,80.0,6.0,5.0,4.0,,76.0,68.0,0.125,0.125,0.1428571428571428,0.0704225352112676,0.0930232558139534,0.106060606060606,0.1153846153846153,0.0,0.0545454545454545,0.125,0.1111111111111111,0.073170731707317,0.0,0.0,0.0,0.0,,0.1052631578947368,0.1029411764705882,31,13.0,88.0,2.838709677419355,4.1,97.10000000000002,3.13225806451613,15.7,2.2,0.5,-0.2,0.7,0.0317425569176882,0.602,0.515,0.257,0.5,1.1,W (+5),W (+5)
28.0,22.0,2022-12-11,24-213,ORL,TOR,0,23.45,6.0,6.0,1.000,2.0,2.0,1.000,4,5.0,.800,1.0,8.0,9.0,1.0,0.0,2.0,0.0,4.0,18.0,19.4,+11,4.0,4.0,1.0,20,37,22,17,25,39,17,22,3,21,21,3,21,33,21,34,26,37.0,70.0,51.0,27.0,60.0,80.0,48.0,53.0,2.0,11.0,34.0,60.0,4.0,57.0,72.0,47.0,63.0,57.0,0.5405405405405406,0.5285714285714286,0.4313725490196078,0.6296296296296297,0.4166666666666667,0.4875,0.3541666666666667,0.4150943396226415,0.0,0.2727272727272727,0.6176470588235294,0.35,0.75,0.3684210526315789,0.4583333333333333,0.4468085106382978,0.5396825396825397,0.4561403508771929,14,7,8,1,5,4,7,9,3,7,9,3,8,7,56.0,64.0,7.0,71.0,43.0,66.0,78.0,70.0,55.0,56.0,81.0,41.0,80.0,6.0,5.0,4.0,,76.0,68.0,0.125,0.125,0.1428571428571428,0.0704225352112676,0.0930232558139534,0.106060606060606,0.1153846153846153,0.0,0.0545454545454545,0.125,0.1111111111111111,0.073170731707317,0.0,0.0,0.0,0.0,,0.1052631578947368,0.1029411764705882,31,19.0,75.0,2.419354838709677,17.799999999999994,87.7,2.829032258064516,15.7,2.2,0.5,-0.2,0.7,0.0317425569176882,0.602,0.515,0.257,0.5,1.1,W (+4),W (+4)
29.0,23.0,2022-12-14,24-216,ORL,ATL,0,17.566666666666666,4.0,6.0,.667,2.0,4.0,.500,1,3.0,.333,0.0,7.0,7.0,0.0,0.0,2.0,0.0,3.0,11.0,9.9,+6,2.0,2.0,1.0,20,37,22,17,25,39,17,22,3,21,21,3,21,33,21,34,26,37.0,70.0,51.0,27.0,60.0,80.0,48.0,53.0,2.0,11.0,34.0,60.0,4.0,57.0,72.0,47.0,63.0,57.0,0.5405405405405406,0.5285714285714286,0.4313725490196078,0.6296296296296297,0.4166666666666667,0.4875,0.3541666666666667,0.4150943396226415,0.0,0.2727272727272727,0.6176470588235294,0.35,0.75,0.3684210526315789,0.4583333333333333,0.4468085106382978,0.5396825396825397,0.4561403508771929,14,7,8,1,5,4,7,9,3,7,9,3,8,7,56.0,64.0,7.0,71.0,43.0,66.0,78.0,70.0,55.0,56.0,81.0,41.0,80.0,6.0,5.0,4.0,,76.0,68.0,0.125,0.125,0.1428571428571428,0.0704225352112676,0.0930232558139534,0.106060606060606,0.1153846153846153,0.0,0.0545454545454545,0.125,0.1111111111111111,0.073170731707317,0.0,0.0,0.0,0.0,,0.1052631578947368,0.1029411764705882,31,11.0,78.0,2.5161290322580645,9.5,84.59999999999998,2.729032258064516,15.7,2.2,0.5,-0.2,0.7,0.0317425569176882,0.602,0.515,0.257,0.5,1.1,W (+12),W (+12)
30.0,24.0,2022-12-16,24-218,ORL,BOS,0,24.716666666666665,3.0,7.0,.429,1.0,2.0,.500,1,2.0,.500,5.0,7.0,12.0,1.0,1.0,0.0,0.0,3.0,8.0,10.0,+15,5.0,2.0,0.4,20,37,22,17,25,39,17,22,3,21,21,3,21,33,21,34,26,37.0,70.0,51.0,27.0,60.0,80.0,48.0,53.0,2.0,11.0,34.0,60.0,4.0,57.0,72.0,47.0,63.0,57.0,0.5405405405405406,0.5285714285714286,0.4313725490196078,0.6296296296296297,0.4166666666666667,0.4875,0.3541666666666667,0.4150943396226415,0.0,0.2727272727272727,0.6176470588235294,0.35,0.75,0.3684210526315789,0.4583333333333333,0.4468085106382978,0.5396825396825397,0.4561403508771929,14,7,8,1,5,4,7,9,3,7,9,3,8,7,56.0,64.0,7.0,71.0,43.0,66.0,78.0,70.0,55.0,56.0,81.0,41.0,80.0,6.0,5.0,4.0,,76.0,68.0,0.125,0.125,0.1428571428571428,0.0704225352112676,0.0930232558139534,0.106060606060606,0.1153846153846153,0.0,0.0545454545454545,0.125,0.1111111111111111,0.073170731707317,0.0,0.0,0.0,0.0,,0.1052631578947368,0.1029411764705882,31,13.0,97.0,3.129032258064516,9.6,96.40000000000002,3.10967741935484,15.7,2.2,0.5,-0.2,0.7,0.0317425569176882,0.602,0.515,0.257,0.5,1.1,W (+11),W (+11)
31.0,25.0,2022-12-18,24-220,ORL,BOS,0,18.666666666666668,0.0,2.0,.000,0.0,2.0,.000,0,0.0,,0.0,6.0,6.0,1.0,1.0,3.0,0.0,1.0,0.0,3.8,0,0.0,0.0,,20,37,22,17,25,39,17,22,3,21,21,3,21,33,21,34,26,37.0,70.0,51.0,27.0,60.0,80.0,48.0,53.0,2.0,11.0,34.0,60.0,4.0,57.0,72.0,47.0,63.0,57.0,0.5405405405405406,0.5285714285714286,0.4313725490196078,0.6296296296296297,0.4166666666666667,0.4875,0.3541666666666667,0.4150943396226415,0.0,0.2727272727272727,0.6176470588235294,0.35,0.75,0.3684210526315789,0.4583333333333333,0.4468085106382978,0.5396825396825397,0.4561403508771929,14,7,8,1,5,4,7,9,3,7,9,3,8,7,56.0,64.0,7.0,71.0,43.0,66.0,78.0,70.0,55.0,56.0,81.0,41.0,80.0,6.0,5.0,4.0,,76.0,68.0,0.125,0.125,0.1428571428571428,0.0704225352112676,0.0930232558139534,0.106060606060606,0.1153846153846153,0.0,0.0545454545454545,0.125,0.1111111111111111,0.073170731707317,0.0,0.0,0.0,0.0,,0.1052631578947368,0.1029411764705882,31,9.0,58.0,1.870967741935484,3.8,72.99999999999999,2.354838709677419,15.7,2.2,0.5,-0.2,0.7,0.0317425569176882,0.602,0.515,0.257,0.5,1.1,W (+8),W (+8)
32.0,26.0,2022-12-19,24-221,ORL,ATL,0,18.5,4.0,6.0,.667,2.0,4.0,.500,1,2.0,.500,1.0,3.0,4.0,2.0,1.0,0.0,1.0,2.0,11.0,10.2,+1,2.0,2.0,1.0,20,37,22,17,25,39,17,22,3,21,21,3,21,33,21,34,26,37.0,70.0,51.0,27.0,60.0,80.0,48.0,53.0,2.0,11.0,34.0,60.0,4.0,57.0,72.0,47.0,63.0,57.0,0.5405405405405406,0.5285714285714286,0.4313725490196078,0.6296296296296297,0.4166666666666667,0.4875,0.3541666666666667,0.4150943396226415,0.0,0.2727272727272727,0.6176470588235294,0.35,0.75,0.3684210526315789,0.4583333333333333,0.4468085106382978,0.5396825396825397,0.4561403508771929,14,7,8,1,5,4,7,9,3,7,9,3,8,7,56.0,64.0,7.0,71.0,43.0,66.0,78.0,70.0,55.0,56.0,81.0,41.0,80.0,6.0,5.0,4.0,,76.0,68.0,0.125,0.125,0.1428571428571428,0.0704225352112676,0.0930232558139534,0.106060606060606,0.1153846153846153,0.0,0.0545454545454545,0.125,0.1111111111111111,0.073170731707317,0.0,0.0,0.0,0.0,,0.1052631578947368,0.1029411764705882,31,9.0,76.0,2.4516129032258065,9.799999999999995,79.39999999999999,2.561290322580645,15.7,2.2,0.5,-0.2,0.7,0.0317425569176882,0.602,0.515,0.257,0.5,1.1,W (+3),W (+3)
33.0,27.0,2022-12-21,24-223,ORL,HOU,0,20.183333333333334,3.0,6.0,.500,0.0,3.0,.000,1,1.0,1.000,3.0,2.0,5.0,0.0,0.0,3.0,0.0,3.0,7.0,7.6,+4,3.0,3.0,1.0,20,37,22,17,25,39,17,22,3,21,21,3,21,33,21,34,26,37.0,70.0,51.0,27.0,60.0,80.0,48.0,53.0,2.0,11.0,34.0,60.0,4.0,57.0,72.0,47.0,63.0,57.0,0.5405405405405406,0.5285714285714286,0.4313725490196078,0.6296296296296297,0.4166666666666667,0.4875,0.3541666666666667,0.4150943396226415,0.0,0.2727272727272727,0.6176470588235294,0.35,0.75,0.3684210526315789,0.4583333333333333,0.4468085106382978,0.5396825396825397,0.4561403508771929,14,7,8,1,5,4,7,9,3,7,9,3,8,7,56.0,64.0,7.0,71.0,43.0,66.0,78.0,70.0,55.0,56.0,81.0,41.0,80.0,6.0,5.0,4.0,,76.0,68.0,0.125,0.125,0.1428571428571428,0.0704225352112676,0.0930232558139534,0.106060606060606,0.1153846153846153,0.0,0.0545454545454545,0.125,0.1111111111111111,0.073170731707317,0.0,0.0,0.0,0.0,,0.1052631578947368,0.1029411764705882,31,8.0,67.0,2.161290322580645,7.199999999999998,72.50000000000001,2.3387096774193554,15.7,2.2,0.5,-0.2,0.7,0.0317425569176882,0.602,0.515,0.257,0.5,1.1,L (-1),L (-1)
34.0,28.0,2022-12-23,24-225,ORL,SAS,0,18.75,3.0,5.0,.600,3.0,4.0,.750,0,0.0,,3.0,2.0,5.0,0.0,0.0,1.0,0.0,2.0,9.0,9.3,+7,1.0,0.0,0.0,20,37,22,17,25,39,17,22,3,21,21,3,21,33,21,34,26,37.0,70.0,51.0,27.0,60.0,80.0,48.0,53.0,2.0,11.0,34.0,60.0,4.0,57.0,72.0,47.0,63.0,57.0,0.5405405405405406,0.5285714285714286,0.4313725490196078,0.6296296296296297,0.4166666666666667,0.4875,0.3541666666666667,0.4150943396226415,0.0,0.2727272727272727,0.6176470588235294,0.35,0.75,0.3684210526315789,0.4583333333333333,0.4468085106382978,0.5396825396825397,0.4561403508771929,14,7,8,1,5,4,7,9,3,7,9,3,8,7,56.0,64.0,7.0,71.0,43.0,66.0,78.0,70.0,55.0,56.0,81.0,41.0,80.0,6.0,5.0,4.0,,76.0,68.0,0.125,0.125,0.1428571428571428,0.0704225352112676,0.0930232558139534,0.106060606060606,0.1153846153846153,0.0,0.0545454545454545,0.125,0.1111111111111111,0.073170731707317,0.0,0.0,0.0,0.0,,0.1052631578947368,0.1029411764705882,31,10.0,90.0,2.903225806451613,9.299999999999995,92.1,2.970967741935484,15.7,2.2,0.5,-0.2,0.7,0.0317425569176882,0.602,0.515,0.257,0.5,1.1,W (+6),W (+6)
35.0,29.0,2022-12-27,24-229,ORL,LAL,0,19.883333333333333,2.0,5.0,.400,1.0,4.0,.250,0,0.0,,0.0,5.0,5.0,1.0,0.0,2.0,0.0,0.0,5.0,5.9,-9,1.0,1.0,1.0,20,37,22,17,25,39,17,22,3,21,21,3,21,33,21,34,26,37.0,70.0,51.0,27.0,60.0,80.0,48.0,53.0,2.0,11.0,34.0,60.0,4.0,57.0,72.0,47.0,63.0,57.0,0.5405405405405406,0.5285714285714286,0.4313725490196078,0.6296296296296297,0.4166666666666667,0.4875,0.3541666666666667,0.4150943396226415,0.0,0.2727272727272727,0.6176470588235294,0.35,0.75,0.3684210526315789,0.4583333333333333,0.4468085106382978,0.5396825396825397,0.4561403508771929,14,7,8,1,5,4,7,9,3,7,9,3,8,7,56.0,64.0,7.0,71.0,43.0,66.0,78.0,70.0,55.0,56.0,81.0,41.0,80.0,6.0,5.0,4.0,,76.0,68.0,0.125,0.125,0.1428571428571428,0.0704225352112676,0.0930232558139534,0.106060606060606,0.1153846153846153,0.0,0.0545454545454545,0.125,0.1111111111111111,0.073170731707317,0.0,0.0,0.0,0.0,,0.1052631578947368,0.1029411764705882,31,8.0,58.0,1.870967741935484,5.9,71.0,2.290322580645161,15.7,2.2,0.5,-0.2,0.7,0.0317425569176882,0.602,0.515,0.257,0.5,1.1,W (+20),W (+20)
36.0,30.0,2022-12-28,24-230,ORL,DET,0,16.0,3.0,5.0,.600,0.0,1.0,.000,1,1.0,1.000,1.0,3.0,4.0,2.0,0.0,2.0,1.0,3.0,7.0,6.9,+1,4.0,3.0,0.75,20,37,22,17,25,39,17,22,3,21,21,3,21,33,21,34,26,37.0,70.0,51.0,27.0,60.0,80.0,48.0,53.0,2.0,11.0,34.0,60.0,4.0,57.0,72.0,47.0,63.0,57.0,0.5405405405405406,0.5285714285714286,0.4313725490196078,0.6296296296296297,0.4166666666666667,0.4875,0.3541666666666667,0.4150943396226415,0.0,0.2727272727272727,0.6176470588235294,0.35,0.75,0.3684210526315789,0.4583333333333333,0.4468085106382978,0.5396825396825397,0.4561403508771929,14,7,8,1,5,4,7,9,3,7,9,3,8,7,56.0,64.0,7.0,71.0,43.0,66.0,78.0,70.0,55.0,56.0,81.0,41.0,80.0,6.0,5.0,4.0,,76.0,68.0,0.125,0.125,0.1428571428571428,0.0704225352112676,0.0930232558139534,0.106060606060606,0.1153846153846153,0.0,0.0545454545454545,0.125,0.1111111111111111,0.073170731707317,0.0,0.0,0.0,0.0,,0.1052631578947368,0.1029411764705882,31,8.0,71.0,2.290322580645161,6.499999999999999,77.5,2.5,15.7,2.2,0.5,-0.2,0.7,0.0317425569176882,0.602,0.515,0.257,0.5,1.1,L (-19),L (-19)
37.0,,2022-12-30,24-232,ORL,WAS,,0.0,0.0,0.0,,,,,,0.0,,0.0,0.0,,0.0,0.0,0.0,0.0,0.0,0.0,,,,,,20,37,22,17,25,39,17,22,3,21,21,3,21,33,21,34,26,37.0,70.0,51.0,27.0,60.0,80.0,48.0,53.0,2.0,11.0,34.0,60.0,4.0,57.0,72.0,47.0,63.0,57.0,0.5405405405405406,0.5285714285714286,0.4313725490196078,0.6296296296296297,0.4166666666666667,0.4875,0.3541666666666667,0.4150943396226415,0.0,0.2727272727272727,0.6176470588235294,0.35,0.75,0.3684210526315789,0.4583333333333333,0.4468085106382978,0.5396825396825397,0.4561403508771929,14,7,8,1,5,4,7,9,3,7,9,3,8,7,56.0,64.0,7.0,71.0,43.0,66.0,78.0,70.0,55.0,56.0,81.0,41.0,80.0,6.0,5.0,4.0,,76.0,68.0,0.125,0.125,0.1428571428571428,0.0704225352112676,0.0930232558139534,0.106060606060606,0.1153846153846153,0.0,0.0545454545454545,0.125,0.1111111111111111,0.073170731707317,0.0,0.0,0.0,0.0,,0.1052631578947368,0.1029411764705882,31,,85.0,2.7419354838709675,0.0,96.6,3.116129032258064,15.7,2.2,0.5,-0.2,0.7,0.0317425569176882,0.602,0.515,0.257,0.5,1.1,L (-20),L (-20)
38.0,31.0,2023-01-04,24-237,ORL,OKC,0,17.9,4.0,6.0,.667,1.0,1.0,1.000,1,2.0,.500,1.0,1.0,2.0,2.0,1.0,0.0,0.0,2.0,10.0,9.6,+7,5.0,3.0,0.6,20,37,22,17,25,39,17,22,3,21,21,3,21,33,21,34,26,37.0,70.0,51.0,27.0,60.0,80.0,48.0,53.0,2.0,11.0,34.0,60.0,4.0,57.0,72.0,47.0,63.0,57.0,0.5405405405405406,0.5285714285714286,0.4313725490196078,0.6296296296296297,0.4166666666666667,0.4875,0.3541666666666667,0.4150943396226415,0.0,0.2727272727272727,0.6176470588235294,0.35,0.75,0.3684210526315789,0.4583333333333333,0.4468085106382978,0.5396825396825397,0.4561403508771929,14,7,8,1,5,4,7,9,3,7,9,3,8,7,56.0,64.0,7.0,71.0,43.0,66.0,78.0,70.0,55.0,56.0,81.0,41.0,80.0,6.0,5.0,4.0,,76.0,68.0,0.125,0.125,0.1428571428571428,0.0704225352112676,0.0930232558139534,0.106060606060606,0.1153846153846153,0.0,0.0545454545454545,0.125,0.1111111111111111,0.073170731707317,0.0,0.0,0.0,0.0,,0.1052631578947368,0.1029411764705882,31,7.0,55.0,1.7741935483870968,9.2,55.3,1.783870967741935,15.7,2.2,0.5,-0.2,0.7,0.0317425569176882,0.602,0.515,0.257,0.5,1.1,L (-19),L (-19)
39.0,32.0,2023-01-05,24-238,ORL,MEM,0,7.716666666666667,0.0,2.0,.000,0.0,1.0,.000,0,0.0,,1.0,1.0,2.0,1.0,0.0,1.0,0.0,2.0,0.0,0.2,-15,1.0,0.0,0.0,20,37,22,17,25,39,17,22,3,21,21,3,21,33,21,34,26,37.0,70.0,51.0,27.0,60.0,80.0,48.0,53.0,2.0,11.0,34.0,60.0,4.0,57.0,72.0,47.0,63.0,57.0,0.5405405405405406,0.5285714285714286,0.4313725490196078,0.6296296296296297,0.4166666666666667,0.4875,0.3541666666666667,0.4150943396226415,0.0,0.2727272727272727,0.6176470588235294,0.35,0.75,0.3684210526315789,0.4583333333333333,0.4468085106382978,0.5396825396825397,0.4561403508771929,14,7,8,1,5,4,7,9,3,7,9,3,8,7,56.0,64.0,7.0,71.0,43.0,66.0,78.0,70.0,55.0,56.0,81.0,41.0,80.0,6.0,5.0,4.0,,76.0,68.0,0.125,0.125,0.1428571428571428,0.0704225352112676,0.0930232558139534,0.106060606060606,0.1153846153846153,0.0,0.0545454545454545,0.125,0.1111111111111111,0.073170731707317,0.0,0.0,0.0,0.0,,0.1052631578947368,0.1029411764705882,31,2.0,77.0,2.4838709677419355,0.1999999999999999,66.10000000000001,2.132258064516129,15.7,2.2,0.5,-0.2,0.7,0.0317425569176882,0.602,0.515,0.257,0.5,1.1,W (+11),W (+11)
40.0,,2023-01-07,24-240,ORL,GSW,Did Not Play,0.0,0.0,0.0,Did Not Play,,,Did Not Play,Did Not Play,0.0,Did Not Play,0.0,0.0,,0.0,0.0,0.0,0.0,0.0,0.0,Did Not Play,Did Not Play,,,,20,37,22,17,25,39,17,22,3,21,21,3,21,33,21,34,26,37.0,70.0,51.0,27.0,60.0,80.0,48.0,53.0,2.0,11.0,34.0,60.0,4.0,57.0,72.0,47.0,63.0,57.0,0.5405405405405406,0.5285714285714286,0.4313725490196078,0.6296296296296297,0.4166666666666667,0.4875,0.3541666666666667,0.4150943396226415,0.0,0.2727272727272727,0.6176470588235294,0.35,0.75,0.3684210526315789,0.4583333333333333,0.4468085106382978,0.5396825396825397,0.4561403508771929,14,7,8,1,5,4,7,9,3,7,9,3,8,7,56.0,64.0,7.0,71.0,43.0,66.0,78.0,70.0,55.0,56.0,81.0,41.0,80.0,6.0,5.0,4.0,,76.0,68.0,0.125,0.125,0.1428571428571428,0.0704225352112676,0.0930232558139534,0.106060606060606,0.1153846153846153,0.0,0.0545454545454545,0.125,0.1111111111111111,0.073170731707317,0.0,0.0,0.0,0.0,,0.1052631578947368,0.1029411764705882,31,,78.0,2.5161290322580645,0.0,94.20000000000002,3.038709677419356,15.7,2.2,0.5,-0.2,0.7,0.0317425569176882,0.602,0.515,0.257,0.5,1.1,L (-8),L (-8)
41.0,33.0,2023-01-09,24-242,ORL,SAC,0,9.533333333333331,0.0,4.0,.000,0.0,3.0,.000,2,2.0,1.000,0.0,0.0,0.0,0.0,0.0,2.0,0.0,1.0,2.0,0.2,-2,1.0,0.0,0.0,20,37,22,17,25,39,17,22,3,21,21,3,21,33,21,34,26,37.0,70.0,51.0,27.0,60.0,80.0,48.0,53.0,2.0,11.0,34.0,60.0,4.0,57.0,72.0,47.0,63.0,57.0,0.5405405405405406,0.5285714285714286,0.4313725490196078,0.6296296296296297,0.4166666666666667,0.4875,0.3541666666666667,0.4150943396226415,0.0,0.2727272727272727,0.6176470588235294,0.35,0.75,0.3684210526315789,0.4583333333333333,0.4468085106382978,0.5396825396825397,0.4561403508771929,14,7,8,1,5,4,7,9,3,7,9,3,8,7,56.0,64.0,7.0,71.0,43.0,66.0,78.0,70.0,55.0,56.0,81.0,41.0,80.0,6.0,5.0,4.0,,76.0,68.0,0.125,0.125,0.1428571428571428,0.0704225352112676,0.0930232558139534,0.106060606060606,0.1153846153846153,0.0,0.0545454545454545,0.125,0.1111111111111111,0.073170731707317,0.0,0.0,0.0,0.0,,0.1052631578947368,0.1029411764705882,31,-2.0,77.0,2.4838709677419355,-0.6,67.8,2.1870967741935483,15.7,2.2,0.5,-0.2,0.7,0.0317425569176882,0.602,0.515,0.257,0.5,1.1,W (+14),W (+14)
42.0,,2023-01-10,24-243,ORL,POR,Did Not Play,0.0,0.0,0.0,Did Not Play,,,Did Not Play,Did Not Play,0.0,Did Not Play,0.0,0.0,,0.0,0.0,0.0,0.0,0.0,0.0,Did Not Play,Did Not Play,,,,20,37,22,17,25,39,17,22,3,21,21,3,21,33,21,34,26,37.0,70.0,51.0,27.0,60.0,80.0,48.0,53.0,2.0,11.0,34.0,60.0,4.0,57.0,72.0,47.0,63.0,57.0,0.5405405405405406,0.5285714285714286,0.4313725490196078,0.6296296296296297,0.4166666666666667,0.4875,0.3541666666666667,0.4150943396226415,0.0,0.2727272727272727,0.6176470588235294,0.35,0.75,0.3684210526315789,0.4583333333333333,0.4468085106382978,0.5396825396825397,0.4561403508771929,14,7,8,1,5,4,7,9,3,7,9,3,8,7,56.0,64.0,7.0,71.0,43.0,66.0,78.0,70.0,55.0,56.0,81.0,41.0,80.0,6.0,5.0,4.0,,76.0,68.0,0.125,0.125,0.1428571428571428,0.0704225352112676,0.0930232558139534,0.106060606060606,0.1153846153846153,0.0,0.0545454545454545,0.125,0.1111111111111111,0.073170731707317,0.0,0.0,0.0,0.0,,0.1052631578947368,0.1029411764705882,31,,99.0,3.193548387096774,0.0,71.29999999999998,2.2999999999999994,15.7,2.2,0.5,-0.2,0.7,0.0317425569176882,0.602,0.515,0.257,0.5,1.1,,
43.0,34.0,2023-01-13,24-246,ORL,UTA,0,12.0,2.0,3.0,.667,1.0,1.0,1.000,0,0.0,,2.0,2.0,4.0,0.0,1.0,0.0,1.0,1.0,5.0,5.3,+1,2.0,1.0,0.5,20,37,22,17,25,39,17,22,3,21,21,3,21,33,21,34,26,37.0,70.0,51.0,27.0,60.0,80.0,48.0,53.0,2.0,11.0,34.0,60.0,4.0,57.0,72.0,47.0,63.0,57.0,0.5405405405405406,0.5285714285714286,0.4313725490196078,0.6296296296296297,0.4166666666666667,0.4875,0.3541666666666667,0.4150943396226415,0.0,0.2727272727272727,0.6176470588235294,0.35,0.75,0.3684210526315789,0.4583333333333333,0.4468085106382978,0.5396825396825397,0.4561403508771929,14,7,8,1,5,4,7,9,3,7,9,3,8,7,56.0,64.0,7.0,71.0,43.0,66.0,78.0,70.0,55.0,56.0,81.0,41.0,80.0,6.0,5.0,4.0,,76.0,68.0,0.125,0.125,0.1428571428571428,0.0704225352112676,0.0930232558139534,0.106060606060606,0.1153846153846153,0.0,0.0545454545454545,0.125,0.1111111111111111,0.073170731707317,0.0,0.0,0.0,0.0,,0.1052631578947368,0.1029411764705882,31,6.0,72.0,2.3225806451612905,5.299999999999999,76.39999999999999,2.464516129032258,15.7,2.2,0.5,-0.2,0.7,0.0317425569176882,0.602,0.515,0.257,0.5,1.1,L (-25),L (-25)
44.0,35.0,2023-01-15,24-248,ORL,DEN,0,0.8333333333333334,0.0,0.0,,0.0,0.0,,0,0.0,,0.0,0.0,0.0,0.0,0.0,0.0,0.0,0.0,0.0,0.0,-2,0.0,0.0,,20,37,22,17,25,39,17,22,3,21,21,3,21,33,21,34,26,37.0,70.0,51.0,27.0,60.0,80.0,48.0,53.0,2.0,11.0,34.0,60.0,4.0,57.0,72.0,47.0,63.0,57.0,0.5405405405405406,0.5285714285714286,0.4313725490196078,0.6296296296296297,0.4166666666666667,0.4875,0.3541666666666667,0.4150943396226415,0.0,0.2727272727272727,0.6176470588235294,0.35,0.75,0.3684210526315789,0.4583333333333333,0.4468085106382978,0.5396825396825397,0.4561403508771929,14,7,8,1,5,4,7,9,3,7,9,3,8,7,56.0,64.0,7.0,71.0,43.0,66.0,78.0,70.0,55.0,56.0,81.0,41.0,80.0,6.0,5.0,4.0,,76.0,68.0,0.125,0.125,0.1428571428571428,0.0704225352112676,0.0930232558139534,0.106060606060606,0.1153846153846153,0.0,0.0545454545454545,0.125,0.1111111111111111,0.073170731707317,0.0,0.0,0.0,0.0,,0.1052631578947368,0.1029411764705882,31,0.0,72.0,2.3225806451612905,0.0,81.39999999999999,2.625806451612903,15.7,2.2,0.5,-0.2,0.7,0.0317425569176882,0.602,0.515,0.257,0.5,1.1,W (+3),W (+3)
45.0,36.0,2023-01-20,24-253,ORL,NOP,0,7.0,1.0,2.0,.500,1.0,2.0,.500,0,0.0,,0.0,0.0,0.0,1.0,0.0,1.0,0.0,2.0,3.0,2.6,+6,0.0,0.0,,20,37,22,17,25,39,17,22,3,21,21,3,21,33,21,34,26,37.0,70.0,51.0,27.0,60.0,80.0,48.0,53.0,2.0,11.0,34.0,60.0,4.0,57.0,72.0,47.0,63.0,57.0,0.5405405405405406,0.5285714285714286,0.4313725490196078,0.6296296296296297,0.4166666666666667,0.4875,0.3541666666666667,0.4150943396226415,0.0,0.2727272727272727,0.6176470588235294,0.35,0.75,0.3684210526315789,0.4583333333333333,0.4468085106382978,0.5396825396825397,0.4561403508771929,14,7,8,1,5,4,7,9,3,7,9,3,8,7,56.0,64.0,7.0,71.0,43.0,66.0,78.0,70.0,55.0,56.0,81.0,41.0,80.0,6.0,5.0,4.0,,76.0,68.0,0.125,0.125,0.1428571428571428,0.0704225352112676,0.0930232558139534,0.106060606060606,0.1153846153846153,0.0,0.0545454545454545,0.125,0.1111111111111111,0.073170731707317,0.0,0.0,0.0,0.0,,0.1052631578947368,0.1029411764705882,31,3.0,79.0,2.548387096774193,2.6,79.99999999999999,2.580645161290322,15.7,2.2,0.5,-0.2,0.7,0.0317425569176882,0.602,0.515,0.257,0.5,1.1,L (-4),L (-4)
46.0,37.0,2023-01-21,24-254,ORL,WAS,0,19.566666666666663,3.0,6.0,.500,2.0,4.0,.500,0,0.0,,2.0,6.0,8.0,2.0,0.0,0.0,0.0,3.0,8.0,8.4,-11,2.0,1.0,0.5,20,37,22,17,25,39,17,22,3,21,21,3,21,33,21,34,26,37.0,70.0,51.0,27.0,60.0,80.0,48.0,53.0,2.0,11.0,34.0,60.0,4.0,57.0,72.0,47.0,63.0,57.0,0.5405405405405406,0.5285714285714286,0.4313725490196078,0.6296296296296297,0.4166666666666667,0.4875,0.3541666666666667,0.4150943396226415,0.0,0.2727272727272727,0.6176470588235294,0.35,0.75,0.3684210526315789,0.4583333333333333,0.4468085106382978,0.5396825396825397,0.4561403508771929,14,7,8,1,5,4,7,9,3,7,9,3,8,7,56.0,64.0,7.0,71.0,43.0,66.0,78.0,70.0,55.0,56.0,81.0,41.0,80.0,6.0,5.0,4.0,,76.0,68.0,0.125,0.125,0.1428571428571428,0.0704225352112676,0.0930232558139534,0.106060606060606,0.1153846153846153,0.0,0.0545454545454545,0.125,0.1111111111111111,0.073170731707317,0.0,0.0,0.0,0.0,,0.1052631578947368,0.1029411764705882,31,12.0,77.0,2.4838709677419355,8.399999999999999,65.6,2.116129032258064,15.7,2.2,0.5,-0.2,0.7,0.0317425569176882,0.602,0.515,0.257,0.5,1.1,L (-3),L (-3)
47.0,,2023-01-23,24-256,ORL,BOS,Did Not Play,0.0,0.0,0.0,Did Not Play,,,Did Not Play,Did Not Play,0.0,Did Not Play,0.0,0.0,,0.0,0.0,0.0,0.0,0.0,0.0,Did Not Play,Did Not Play,,,,20,37,22,17,25,39,17,22,3,21,21,3,21,33,21,34,26,37.0,70.0,51.0,27.0,60.0,80.0,48.0,53.0,2.0,11.0,34.0,60.0,4.0,57.0,72.0,47.0,63.0,57.0,0.5405405405405406,0.5285714285714286,0.4313725490196078,0.6296296296296297,0.4166666666666667,0.4875,0.3541666666666667,0.4150943396226415,0.0,0.2727272727272727,0.6176470588235294,0.35,0.75,0.3684210526315789,0.4583333333333333,0.4468085106382978,0.5396825396825397,0.4561403508771929,14,7,8,1,5,4,7,9,3,7,9,3,8,7,56.0,64.0,7.0,71.0,43.0,66.0,78.0,70.0,55.0,56.0,81.0,41.0,80.0,6.0,5.0,4.0,,76.0,68.0,0.125,0.125,0.1428571428571428,0.0704225352112676,0.0930232558139534,0.106060606060606,0.1153846153846153,0.0,0.0545454545454545,0.125,0.1111111111111111,0.073170731707317,0.0,0.0,0.0,0.0,,0.1052631578947368,0.1029411764705882,31,,74.0,2.3870967741935485,0.0,85.19999999999999,2.748387096774193,15.7,2.2,0.5,-0.2,0.7,0.0317425569176882,0.602,0.515,0.257,0.5,1.1,W (+13),W (+13)
48.0,38.0,2023-01-25,24-258,ORL,IND,0,12.216666666666669,1.0,3.0,.333,1.0,1.0,1.000,1,2.0,.500,2.0,1.0,3.0,2.0,0.0,1.0,0.0,1.0,4.0,5.3,+8,2.0,0.0,0.0,20,37,22,17,25,39,17,22,3,21,21,3,21,33,21,34,26,37.0,70.0,51.0,27.0,60.0,80.0,48.0,53.0,2.0,11.0,34.0,60.0,4.0,57.0,72.0,47.0,63.0,57.0,0.5405405405405406,0.5285714285714286,0.4313725490196078,0.6296296296296297,0.4166666666666667,0.4875,0.3541666666666667,0.4150943396226415,0.0,0.2727272727272727,0.6176470588235294,0.35,0.75,0.3684210526315789,0.4583333333333333,0.4468085106382978,0.5396825396825397,0.4561403508771929,14,7,8,1,5,4,7,9,3,7,9,3,8,7,56.0,64.0,7.0,71.0,43.0,66.0,78.0,70.0,55.0,56.0,81.0,41.0,80.0,6.0,5.0,4.0,,76.0,68.0,0.125,0.125,0.1428571428571428,0.0704225352112676,0.0930232558139534,0.106060606060606,0.1153846153846153,0.0,0.0545454545454545,0.125,0.1111111111111111,0.073170731707317,0.0,0.0,0.0,0.0,,0.1052631578947368,0.1029411764705882,31,5.0,70.0,2.2580645161290325,4.9,94.3,3.041935483870968,15.7,2.2,0.5,-0.2,0.7,0.0317425569176882,0.602,0.515,0.257,0.5,1.1,L (-20),L (-20)
49.0,,2023-01-27,24-260,ORL,MIA,Did Not Play,0.0,0.0,0.0,Did Not Play,,,Did Not Play,Did Not Play,0.0,Did Not Play,0.0,0.0,,0.0,0.0,0.0,0.0,0.0,0.0,Did Not Play,Did Not Play,,,,20,37,22,17,25,39,17,22,3,21,21,3,21,33,21,34,26,37.0,70.0,51.0,27.0,60.0,80.0,48.0,53.0,2.0,11.0,34.0,60.0,4.0,57.0,72.0,47.0,63.0,57.0,0.5405405405405406,0.5285714285714286,0.4313725490196078,0.6296296296296297,0.4166666666666667,0.4875,0.3541666666666667,0.4150943396226415,0.0,0.2727272727272727,0.6176470588235294,0.35,0.75,0.3684210526315789,0.4583333333333333,0.4468085106382978,0.5396825396825397,0.4561403508771929,14,7,8,1,5,4,7,9,3,7,9,3,8,7,56.0,64.0,7.0,71.0,43.0,66.0,78.0,70.0,55.0,56.0,81.0,41.0,80.0,6.0,5.0,4.0,,76.0,68.0,0.125,0.125,0.1428571428571428,0.0704225352112676,0.0930232558139534,0.106060606060606,0.1153846153846153,0.0,0.0545454545454545,0.125,0.1111111111111111,0.073170731707317,0.0,0.0,0.0,0.0,,0.1052631578947368,0.1029411764705882,31,,101.0,3.2580645161290325,0.0,83.79999999999998,2.7032258064516124,15.7,2.2,0.5,-0.2,0.7,0.0317425569176882,0.602,0.515,0.257,0.5,1.1,W (+15),W (+15)
50.0,,2023-01-28,24-261,ORL,CHI,Did Not Play,0.0,0.0,0.0,Did Not Play,,,Did Not Play,Did Not Play,0.0,Did Not Play,0.0,0.0,,0.0,0.0,0.0,0.0,0.0,0.0,Did Not Play,Did Not Play,,,,20,37,22,17,25,39,17,22,3,21,21,3,21,33,21,34,26,37.0,70.0,51.0,27.0,60.0,80.0,48.0,53.0,2.0,11.0,34.0,60.0,4.0,57.0,72.0,47.0,63.0,57.0,0.5405405405405406,0.5285714285714286,0.4313725490196078,0.6296296296296297,0.4166666666666667,0.4875,0.3541666666666667,0.4150943396226415,0.0,0.2727272727272727,0.6176470588235294,0.35,0.75,0.3684210526315789,0.4583333333333333,0.4468085106382978,0.5396825396825397,0.4561403508771929,14,7,8,1,5,4,7,9,3,7,9,3,8,7,56.0,64.0,7.0,71.0,43.0,66.0,78.0,70.0,55.0,56.0,81.0,41.0,80.0,6.0,5.0,4.0,,76.0,68.0,0.125,0.125,0.1428571428571428,0.0704225352112676,0.0930232558139534,0.106060606060606,0.1153846153846153,0.0,0.0545454545454545,0.125,0.1111111111111111,0.073170731707317,0.0,0.0,0.0,0.0,,0.1052631578947368,0.1029411764705882,31,,79.0,2.548387096774193,0.0,84.9,2.738709677419355,15.7,2.2,0.5,-0.2,0.7,0.0317425569176882,0.602,0.515,0.257,0.5,1.1,W (+6),W (+6)
51.0,39.0,2023-01-30,24-263,ORL,PHI,0,5.616666666666667,2.0,2.0,1.000,1.0,1.0,1.000,0,0.0,,0.0,1.0,1.0,0.0,1.0,0.0,0.0,1.0,5.0,5.3,+11,1.0,1.0,1.0,20,37,22,17,25,39,17,22,3,21,21,3,21,33,21,34,26,37.0,70.0,51.0,27.0,60.0,80.0,48.0,53.0,2.0,11.0,34.0,60.0,4.0,57.0,72.0,47.0,63.0,57.0,0.5405405405405406,0.5285714285714286,0.4313725490196078,0.6296296296296297,0.4166666666666667,0.4875,0.3541666666666667,0.4150943396226415,0.0,0.2727272727272727,0.6176470588235294,0.35,0.75,0.3684210526315789,0.4583333333333333,0.4468085106382978,0.5396825396825397,0.4561403508771929,14,7,8,1,5,4,7,9,3,7,9,3,8,7,56.0,64.0,7.0,71.0,43.0,66.0,78.0,70.0,55.0,56.0,81.0,41.0,80.0,6.0,5.0,4.0,,76.0,68.0,0.125,0.125,0.1428571428571428,0.0704225352112676,0.0930232558139534,0.106060606060606,0.1153846153846153,0.0,0.0545454545454545,0.125,0.1111111111111111,0.073170731707317,0.0,0.0,0.0,0.0,,0.1052631578947368,0.1029411764705882,31,5.0,76.0,2.4516129032258065,5.299999999999999,63.5,2.048387096774193,15.7,2.2,0.5,-0.2,0.7,0.0317425569176882,0.602,0.515,0.257,0.5,1.1,L (-5),L (-5)
52.0,,2023-02-01,24-265,ORL,PHI,Did Not Play,0.0,0.0,0.0,Did Not Play,,,Did Not Play,Did Not Play,0.0,Did Not Play,0.0,0.0,,0.0,0.0,0.0,0.0,0.0,0.0,Did Not Play,Did Not Play,,,,20,37,22,17,25,39,17,22,3,21,21,3,21,33,21,34,26,37.0,70.0,51.0,27.0,60.0,80.0,48.0,53.0,2.0,11.0,34.0,60.0,4.0,57.0,72.0,47.0,63.0,57.0,0.5405405405405406,0.5285714285714286,0.4313725490196078,0.6296296296296297,0.4166666666666667,0.4875,0.3541666666666667,0.4150943396226415,0.0,0.2727272727272727,0.6176470588235294,0.35,0.75,0.3684210526315789,0.4583333333333333,0.4468085106382978,0.5396825396825397,0.4561403508771929,14,7,8,1,5,4,7,9,3,7,9,3,8,7,56.0,64.0,7.0,71.0,43.0,66.0,78.0,70.0,55.0,56.0,81.0,41.0,80.0,6.0,5.0,4.0,,76.0,68.0,0.125,0.125,0.1428571428571428,0.0704225352112676,0.0930232558139534,0.106060606060606,0.1153846153846153,0.0,0.0545454545454545,0.125,0.1111111111111111,0.073170731707317,0.0,0.0,0.0,0.0,,0.1052631578947368,0.1029411764705882,31,,90.0,2.903225806451613,0.0,91.5,2.9516129032258065,15.7,2.2,0.5,-0.2,0.7,0.0317425569176882,0.602,0.515,0.257,0.5,1.1,L (-19),L (-19)
53.0,40.0,2023-02-03,24-267,ORL,MIN,1,20.8,4.0,9.0,.444,3.0,7.0,.429,0,0.0,,1.0,3.0,4.0,2.0,1.0,1.0,1.0,3.0,11.0,8.8,+2,2.0,1.0,0.5,20,37,22,17,25,39,17,22,3,21,21,3,21,33,21,34,26,37.0,70.0,51.0,27.0,60.0,80.0,48.0,53.0,2.0,11.0,34.0,60.0,4.0,57.0,72.0,47.0,63.0,57.0,0.5405405405405406,0.5285714285714286,0.4313725490196078,0.6296296296296297,0.4166666666666667,0.4875,0.3541666666666667,0.4150943396226415,0.0,0.2727272727272727,0.6176470588235294,0.35,0.75,0.3684210526315789,0.4583333333333333,0.4468085106382978,0.5396825396825397,0.4561403508771929,14,7,8,1,5,4,7,9,3,7,9,3,8,7,56.0,64.0,7.0,71.0,43.0,66.0,78.0,70.0,55.0,56.0,81.0,41.0,80.0,6.0,5.0,4.0,,76.0,68.0,0.125,0.125,0.1428571428571428,0.0704225352112676,0.0930232558139534,0.106060606060606,0.1153846153846153,0.0,0.0545454545454545,0.125,0.1111111111111111,0.073170731707317,0.0,0.0,0.0,0.0,,0.1052631578947368,0.1029411764705882,31,9.0,68.0,2.193548387096774,8.799999999999997,75.7,2.441935483870968,15.7,2.2,0.5,-0.2,0.7,0.0317425569176882,0.602,0.515,0.257,0.5,1.1,W (+10),W (+10)
54.0,,2023-02-05,24-269,ORL,CHO,Player Suspended,0.0,0.0,0.0,Player Suspended,,,Player Suspended,Player Suspended,0.0,Player Suspended,0.0,0.0,,0.0,0.0,0.0,0.0,0.0,0.0,Player Suspended,Player Suspended,,,,20,37,22,17,25,39,17,22,3,21,21,3,21,33,21,34,26,37.0,70.0,51.0,27.0,60.0,80.0,48.0,53.0,2.0,11.0,34.0,60.0,4.0,57.0,72.0,47.0,63.0,57.0,0.5405405405405406,0.5285714285714286,0.4313725490196078,0.6296296296296297,0.4166666666666667,0.4875,0.3541666666666667,0.4150943396226415,0.0,0.2727272727272727,0.6176470588235294,0.35,0.75,0.3684210526315789,0.4583333333333333,0.4468085106382978,0.5396825396825397,0.4561403508771929,14,7,8,1,5,4,7,9,3,7,9,3,8,7,56.0,64.0,7.0,71.0,43.0,66.0,78.0,70.0,55.0,56.0,81.0,41.0,80.0,6.0,5.0,4.0,,76.0,68.0,0.125,0.125,0.1428571428571428,0.0704225352112676,0.0930232558139534,0.106060606060606,0.1153846153846153,0.0,0.0545454545454545,0.125,0.1111111111111111,0.073170731707317,0.0,0.0,0.0,0.0,,0.1052631578947368,0.1029411764705882,31,,79.0,2.548387096774193,0.0,83.1,2.6806451612903226,15.7,2.2,0.5,-0.2,0.7,0.0317425569176882,0.602,0.515,0.257,0.5,1.1,L (-11),L (-11)
55.0,,2023-02-07,24-271,ORL,NYK,Player Suspended,0.0,0.0,0.0,Player Suspended,,,Player Suspended,Player Suspended,0.0,Player Suspended,0.0,0.0,,0.0,0.0,0.0,0.0,0.0,0.0,Player Suspended,Player Suspended,,,,20,37,22,17,25,39,17,22,3,21,21,3,21,33,21,34,26,37.0,70.0,51.0,27.0,60.0,80.0,48.0,53.0,2.0,11.0,34.0,60.0,4.0,57.0,72.0,47.0,63.0,57.0,0.5405405405405406,0.5285714285714286,0.4313725490196078,0.6296296296296297,0.4166666666666667,0.4875,0.3541666666666667,0.4150943396226415,0.0,0.2727272727272727,0.6176470588235294,0.35,0.75,0.3684210526315789,0.4583333333333333,0.4468085106382978,0.5396825396825397,0.4561403508771929,14,7,8,1,5,4,7,9,3,7,9,3,8,7,56.0,64.0,7.0,71.0,43.0,66.0,78.0,70.0,55.0,56.0,81.0,41.0,80.0,6.0,5.0,4.0,,76.0,68.0,0.125,0.125,0.1428571428571428,0.0704225352112676,0.0930232558139534,0.106060606060606,0.1153846153846153,0.0,0.0545454545454545,0.125,0.1111111111111111,0.073170731707317,0.0,0.0,0.0,0.0,,0.1052631578947368,0.1029411764705882,31,,89.0,2.870967741935484,0.0,87.40000000000003,2.8193548387096787,15.7,2.2,0.5,-0.2,0.7,0.0317425569176882,0.602,0.515,0.257,0.5,1.1,W (+7),W (+7)
56.0,,2023-02-09,24-273,LAL,MIL,,0.0,0.0,0.0,,,,,,0.0,,0.0,0.0,,0.0,0.0,0.0,0.0,0.0,0.0,,,,,,20,37,22,17,25,39,17,22,3,21,21,3,21,33,21,34,26,37.0,70.0,51.0,27.0,60.0,80.0,48.0,53.0,2.0,11.0,34.0,60.0,4.0,57.0,72.0,47.0,63.0,57.0,0.5405405405405406,0.5285714285714286,0.4313725490196078,0.6296296296296297,0.4166666666666667,0.4875,0.3541666666666667,0.4150943396226415,0.0,0.2727272727272727,0.6176470588235294,0.35,0.75,0.3684210526315789,0.4583333333333333,0.4468085106382978,0.5396825396825397,0.4561403508771929,14,7,8,1,5,4,7,9,3,7,9,3,8,7,56.0,64.0,7.0,71.0,43.0,66.0,78.0,70.0,55.0,56.0,81.0,41.0,80.0,6.0,5.0,4.0,,76.0,68.0,0.125,0.125,0.1428571428571428,0.0704225352112676,0.0930232558139534,0.106060606060606,0.1153846153846153,0.0,0.0545454545454545,0.125,0.1111111111111111,0.073170731707317,0.0,0.0,0.0,0.0,,0.1052631578947368,0.1029411764705882,31,,91.0,2.935483870967742,0.0,82.8,2.670967741935484,15.7,2.2,0.5,-0.2,0.7,0.0317425569176882,0.602,0.515,0.257,0.5,1.1,W (+6),W (+6)
57.0,,2023-02-09,24-273,ORL,DEN,Player Suspended,0.0,0.0,0.0,Player Suspended,,,Player Suspended,Player Suspended,0.0,Player Suspended,0.0,0.0,,0.0,0.0,0.0,0.0,0.0,0.0,Player Suspended,Player Suspended,,,,20,37,22,17,25,39,17,22,3,21,21,3,21,33,21,34,26,37.0,70.0,51.0,27.0,60.0,80.0,48.0,53.0,2.0,11.0,34.0,60.0,4.0,57.0,72.0,47.0,63.0,57.0,0.5405405405405406,0.5285714285714286,0.4313725490196078,0.6296296296296297,0.4166666666666667,0.4875,0.3541666666666667,0.4150943396226415,0.0,0.2727272727272727,0.6176470588235294,0.35,0.75,0.3684210526315789,0.4583333333333333,0.4468085106382978,0.5396825396825397,0.4561403508771929,14,7,8,1,5,4,7,9,3,7,9,3,8,7,56.0,64.0,7.0,71.0,43.0,66.0,78.0,70.0,55.0,56.0,81.0,41.0,80.0,6.0,5.0,4.0,,76.0,68.0,0.125,0.125,0.1428571428571428,0.0704225352112676,0.0930232558139534,0.106060606060606,0.1153846153846153,0.0,0.0545454545454545,0.125,0.1111111111111111,0.073170731707317,0.0,0.0,0.0,0.0,,0.1052631578947368,0.1029411764705882,31,,52.0,1.6774193548387095,0.0,46.2,1.4903225806451614,15.7,2.2,0.5,-0.2,0.7,0.0317425569176882,0.602,0.515,0.257,0.5,1.1,L (-4),L (-4)
58.0,,2023-02-11,24-275,LAL,GSW,Not With Team,0.0,0.0,0.0,Not With Team,,,Not With Team,Not With Team,0.0,Not With Team,0.0,0.0,,0.0,0.0,0.0,0.0,0.0,0.0,Not With Team,Not With Team,,,,20,37,22,17,25,39,17,22,3,21,21,3,21,33,21,34,26,37.0,70.0,51.0,27.0,60.0,80.0,48.0,53.0,2.0,11.0,34.0,60.0,4.0,57.0,72.0,47.0,63.0,57.0,0.5405405405405406,0.5285714285714286,0.4313725490196078,0.6296296296296297,0.4166666666666667,0.4875,0.3541666666666667,0.4150943396226415,0.0,0.2727272727272727,0.6176470588235294,0.35,0.75,0.3684210526315789,0.4583333333333333,0.4468085106382978,0.5396825396825397,0.4561403508771929,14,7,8,1,5,4,7,9,3,7,9,3,8,7,56.0,64.0,7.0,71.0,43.0,66.0,78.0,70.0,55.0,56.0,81.0,41.0,80.0,6.0,5.0,4.0,,76.0,68.0,0.125,0.125,0.1428571428571428,0.0704225352112676,0.0930232558139534,0.106060606060606,0.1153846153846153,0.0,0.0545454545454545,0.125,0.1111111111111111,0.073170731707317,0.0,0.0,0.0,0.0,,0.1052631578947368,0.1029411764705882,31,,73.0,2.3548387096774195,0.0,55.5,1.7903225806451613,15.7,2.2,0.5,-0.2,0.7,0.0317425569176882,0.602,0.515,0.257,0.5,1.1,L (-9),L (-9)
59.0,,2023-02-13,24-277,LAL,POR,Not With Team,0.0,0.0,0.0,Not With Team,,,Not With Team,Not With Team,0.0,Not With Team,0.0,0.0,,0.0,0.0,0.0,0.0,0.0,0.0,Not With Team,Not With Team,,,,20,37,22,17,25,39,17,22,3,21,21,3,21,33,21,34,26,37.0,70.0,51.0,27.0,60.0,80.0,48.0,53.0,2.0,11.0,34.0,60.0,4.0,57.0,72.0,47.0,63.0,57.0,0.5405405405405406,0.5285714285714286,0.4313725490196078,0.6296296296296297,0.4166666666666667,0.4875,0.3541666666666667,0.4150943396226415,0.0,0.2727272727272727,0.6176470588235294,0.35,0.75,0.3684210526315789,0.4583333333333333,0.4468085106382978,0.5396825396825397,0.4561403508771929,14,7,8,1,5,4,7,9,3,7,9,3,8,7,56.0,64.0,7.0,71.0,43.0,66.0,78.0,70.0,55.0,56.0,81.0,41.0,80.0,6.0,5.0,4.0,,76.0,68.0,0.125,0.125,0.1428571428571428,0.0704225352112676,0.0930232558139534,0.106060606060606,0.1153846153846153,0.0,0.0545454545454545,0.125,0.1111111111111111,0.073170731707317,0.0,0.0,0.0,0.0,,0.1052631578947368,0.1029411764705882,31,,81.0,2.6129032258064515,0.0,88.1,2.841935483870968,15.7,2.2,0.5,-0.2,0.7,0.0317425569176882,0.602,0.515,0.257,0.5,1.1,W (+11),W (+11)
60.0,41.0,2023-02-15,24-279,LAL,NOP,0,15.783333333333331,2.0,7.0,.286,0.0,5.0,.000,0,2.0,.000,1.0,5.0,6.0,1.0,0.0,3.0,1.0,6.0,4.0,0.7,-6,2.0,2.0,1.0,20,37,22,17,25,39,17,22,3,21,21,3,21,33,21,34,26,37.0,70.0,51.0,27.0,60.0,80.0,48.0,53.0,2.0,11.0,34.0,60.0,4.0,57.0,72.0,47.0,63.0,57.0,0.5405405405405406,0.5285714285714286,0.4313725490196078,0.6296296296296297,0.4166666666666667,0.4875,0.3541666666666667,0.4150943396226415,0.0,0.2727272727272727,0.6176470588235294,0.35,0.75,0.3684210526315789,0.4583333333333333,0.4468085106382978,0.5396825396825397,0.4561403508771929,14,7,8,1,5,4,7,9,3,7,9,3,8,7,56.0,64.0,7.0,71.0,43.0,66.0,78.0,70.0,55.0,56.0,81.0,41.0,80.0,6.0,5.0,4.0,,76.0,68.0,0.125,0.125,0.1428571428571428,0.0704225352112676,0.0930232558139534,0.106060606060606,0.1153846153846153,0.0,0.0545454545454545,0.125,0.1111111111111111,0.073170731707317,0.0,0.0,0.0,0.0,,0.1052631578947368,0.1029411764705882,31,4.0,97.0,3.129032258064516,0.7000000000000011,83.0,2.677419354838709,15.7,2.2,0.5,-0.2,0.7,0.0317425569176882,0.602,0.515,0.257,0.5,1.1,W (+6),W (+6)
61.0,42.0,2023-02-23,24-287,LAL,GSW,0,22.48333333333333,2.0,5.0,.400,2.0,4.0,.500,4,6.0,.667,0.0,13.0,13.0,1.0,0.0,0.0,2.0,4.0,10.0,7.5,+8,1.0,0.0,0.0,20,37,22,17,25,39,17,22,3,21,21,3,21,33,21,34,26,37.0,70.0,51.0,27.0,60.0,80.0,48.0,53.0,2.0,11.0,34.0,60.0,4.0,57.0,72.0,47.0,63.0,57.0,0.5405405405405406,0.5285714285714286,0.4313725490196078,0.6296296296296297,0.4166666666666667,0.4875,0.3541666666666667,0.4150943396226415,0.0,0.2727272727272727,0.6176470588235294,0.35,0.75,0.3684210526315789,0.4583333333333333,0.4468085106382978,0.5396825396825397,0.4561403508771929,14,7,8,1,5,4,7,9,3,7,9,3,8,7,56.0,64.0,7.0,71.0,43.0,66.0,78.0,70.0,55.0,56.0,81.0,41.0,80.0,6.0,5.0,4.0,,76.0,68.0,0.125,0.125,0.1428571428571428,0.0704225352112676,0.0930232558139534,0.106060606060606,0.1153846153846153,0.0,0.0545454545454545,0.125,0.1111111111111111,0.073170731707317,0.0,0.0,0.0,0.0,,0.1052631578947368,0.1029411764705882,31,11.0,75.0,2.419354838709677,5.9,95.0,3.064516129032258,15.7,2.2,0.5,-0.2,0.7,0.0317425569176882,0.602,0.515,0.257,0.5,1.1,L (-12),L (-12)
62.0,43.0,2023-02-26,24-290,LAL,DAL,0,5.8,0.0,1.0,.000,0.0,0.0,,0,0.0,,1.0,2.0,3.0,0.0,0.0,0.0,0.0,1.0,0.0,0.2,-10,1.0,0.0,0.0,20,37,22,17,25,39,17,22,3,21,21,3,21,33,21,34,26,37.0,70.0,51.0,27.0,60.0,80.0,48.0,53.0,2.0,11.0,34.0,60.0,4.0,57.0,72.0,47.0,63.0,57.0,0.5405405405405406,0.5285714285714286,0.4313725490196078,0.6296296296296297,0.4166666666666667,0.4875,0.3541666666666667,0.4150943396226415,0.0,0.2727272727272727,0.6176470588235294,0.35,0.75,0.3684210526315789,0.4583333333333333,0.4468085106382978,0.5396825396825397,0.4561403508771929,14,7,8,1,5,4,7,9,3,7,9,3,8,7,56.0,64.0,7.0,71.0,43.0,66.0,78.0,70.0,55.0,56.0,81.0,41.0,80.0,6.0,5.0,4.0,,76.0,68.0,0.125,0.125,0.1428571428571428,0.0704225352112676,0.0930232558139534,0.106060606060606,0.1153846153846153,0.0,0.0545454545454545,0.125,0.1111111111111111,0.073170731707317,0.0,0.0,0.0,0.0,,0.1052631578947368,0.1029411764705882,31,2.0,93.0,3.0,0.1999999999999998,94.8,3.0580645161290323,15.7,2.2,0.5,-0.2,0.7,0.0317425569176882,0.602,0.515,0.257,0.5,1.1,W (+18),W (+18)
63.0,44.0,2023-02-28,24-292,LAL,MEM,0,1.25,0.0,0.0,,0.0,0.0,,0,0.0,,0.0,0.0,0.0,0.0,0.0,0.0,0.0,0.0,0.0,0.0,-1,0.0,0.0,,20,37,22,17,25,39,17,22,3,21,21,3,21,33,21,34,26,37.0,70.0,51.0,27.0,60.0,80.0,48.0,53.0,2.0,11.0,34.0,60.0,4.0,57.0,72.0,47.0,63.0,57.0,0.5405405405405406,0.5285714285714286,0.4313725490196078,0.6296296296296297,0.4166666666666667,0.4875,0.3541666666666667,0.4150943396226415,0.0,0.2727272727272727,0.6176470588235294,0.35,0.75,0.3684210526315789,0.4583333333333333,0.4468085106382978,0.5396825396825397,0.4561403508771929,14,7,8,1,5,4,7,9,3,7,9,3,8,7,56.0,64.0,7.0,71.0,43.0,66.0,78.0,70.0,55.0,56.0,81.0,41.0,80.0,6.0,5.0,4.0,,76.0,68.0,0.125,0.125,0.1428571428571428,0.0704225352112676,0.0930232558139534,0.106060606060606,0.1153846153846153,0.0,0.0545454545454545,0.125,0.1111111111111111,0.073170731707317,0.0,0.0,0.0,0.0,,0.1052631578947368,0.1029411764705882,31,0.0,59.0,1.903225806451613,0.0,70.00000000000001,2.258064516129033,15.7,2.2,0.5,-0.2,0.7,0.0317425569176882,0.602,0.515,0.257,0.5,1.1,,
64.0,45.0,2023-03-01,24-293,LAL,OKC,1,21.883333333333333,4.0,5.0,.800,3.0,4.0,.750,1,2.0,.500,3.0,4.0,7.0,2.0,1.0,1.0,4.0,4.0,12.0,10.5,+1,1.0,1.0,1.0,20,37,22,17,25,39,17,22,3,21,21,3,21,33,21,34,26,37.0,70.0,51.0,27.0,60.0,80.0,48.0,53.0,2.0,11.0,34.0,60.0,4.0,57.0,72.0,47.0,63.0,57.0,0.5405405405405406,0.5285714285714286,0.4313725490196078,0.6296296296296297,0.4166666666666667,0.4875,0.3541666666666667,0.4150943396226415,0.0,0.2727272727272727,0.6176470588235294,0.35,0.75,0.3684210526315789,0.4583333333333333,0.4468085106382978,0.5396825396825397,0.4561403508771929,14,7,8,1,5,4,7,9,3,7,9,3,8,7,56.0,64.0,7.0,71.0,43.0,66.0,78.0,70.0,55.0,56.0,81.0,41.0,80.0,6.0,5.0,4.0,,76.0,68.0,0.125,0.125,0.1428571428571428,0.0704225352112676,0.0930232558139534,0.106060606060606,0.1153846153846153,0.0,0.0545454545454545,0.125,0.1111111111111111,0.073170731707317,0.0,0.0,0.0,0.0,,0.1052631578947368,0.1029411764705882,31,12.0,40.0,1.2903225806451613,10.099999999999996,54.39999999999999,1.7548387096774192,15.7,2.2,0.5,-0.2,0.7,0.0317425569176882,0.602,0.515,0.257,0.5,1.1,W (+13),W (+13)
65.0,46.0,2023-03-03,24-295,LAL,MIN,0,11.483333333333333,2.0,4.0,.500,0.0,1.0,.000,1,1.0,1.000,2.0,4.0,6.0,0.0,0.0,0.0,1.0,1.0,5.0,4.2,+1,3.0,2.0,0.6666666666666666,20,37,22,17,25,39,17,22,3,21,21,3,21,33,21,34,26,37.0,70.0,51.0,27.0,60.0,80.0,48.0,53.0,2.0,11.0,34.0,60.0,4.0,57.0,72.0,47.0,63.0,57.0,0.5405405405405406,0.5285714285714286,0.4313725490196078,0.6296296296296297,0.4166666666666667,0.4875,0.3541666666666667,0.4150943396226415,0.0,0.2727272727272727,0.6176470588235294,0.35,0.75,0.3684210526315789,0.4583333333333333,0.4468085106382978,0.5396825396825397,0.4561403508771929,14,7,8,1,5,4,7,9,3,7,9,3,8,7,56.0,64.0,7.0,71.0,43.0,66.0,78.0,70.0,55.0,56.0,81.0,41.0,80.0,6.0,5.0,4.0,,76.0,68.0,0.125,0.125,0.1428571428571428,0.0704225352112676,0.0930232558139534,0.106060606060606,0.1153846153846153,0.0,0.0545454545454545,0.125,0.1111111111111111,0.073170731707317,0.0,0.0,0.0,0.0,,0.1052631578947368,0.1029411764705882,31,5.0,71.0,2.290322580645161,3.799999999999998,83.7,2.7,15.7,2.2,0.5,-0.2,0.7,0.0317425569176882,0.602,0.515,0.257,0.5,1.1,W (+3),W (+3)
66.0,47.0,2023-03-05,24-297,LAL,GSW,0,2.05,0.0,2.0,.000,0.0,1.0,.000,0,0.0,,2.0,0.0,2.0,0.0,0.0,0.0,0.0,1.0,0.0,-0.4,0,1.0,0.0,0.0,20,37,22,17,25,39,17,22,3,21,21,3,21,33,21,34,26,37.0,70.0,51.0,27.0,60.0,80.0,48.0,53.0,2.0,11.0,34.0,60.0,4.0,57.0,72.0,47.0,63.0,57.0,0.5405405405405406,0.5285714285714286,0.4313725490196078,0.6296296296296297,0.4166666666666667,0.4875,0.3541666666666667,0.4150943396226415,0.0,0.2727272727272727,0.6176470588235294,0.35,0.75,0.3684210526315789,0.4583333333333333,0.4468085106382978,0.5396825396825397,0.4561403508771929,14,7,8,1,5,4,7,9,3,7,9,3,8,7,56.0,64.0,7.0,71.0,43.0,66.0,78.0,70.0,55.0,56.0,81.0,41.0,80.0,6.0,5.0,4.0,,76.0,68.0,0.125,0.125,0.1428571428571428,0.0704225352112676,0.0930232558139534,0.106060606060606,0.1153846153846153,0.0,0.0545454545454545,0.125,0.1111111111111111,0.073170731707317,0.0,0.0,0.0,0.0,,0.1052631578947368,0.1029411764705882,31,0.0,73.0,2.3548387096774195,-0.4,79.1,2.551612903225806,15.7,2.2,0.5,-0.2,0.7,0.0317425569176882,0.602,0.515,0.257,0.5,1.1,L (-12),L (-12)
67.0,,2023-03-07,24-299,LAL,MEM,,0.0,0.0,0.0,,,,,,0.0,,0.0,0.0,,0.0,0.0,0.0,0.0,0.0,0.0,,,,,,20,37,22,17,25,39,17,22,3,21,21,3,21,33,21,34,26,37.0,70.0,51.0,27.0,60.0,80.0,48.0,53.0,2.0,11.0,34.0,60.0,4.0,57.0,72.0,47.0,63.0,57.0,0.5405405405405406,0.5285714285714286,0.4313725490196078,0.6296296296296297,0.4166666666666667,0.4875,0.3541666666666667,0.4150943396226415,0.0,0.2727272727272727,0.6176470588235294,0.35,0.75,0.3684210526315789,0.4583333333333333,0.4468085106382978,0.5396825396825397,0.4561403508771929,14,7,8,1,5,4,7,9,3,7,9,3,8,7,56.0,64.0,7.0,71.0,43.0,66.0,78.0,70.0,55.0,56.0,81.0,41.0,80.0,6.0,5.0,4.0,,76.0,68.0,0.125,0.125,0.1428571428571428,0.0704225352112676,0.0930232558139534,0.106060606060606,0.1153846153846153,0.0,0.0545454545454545,0.125,0.1111111111111111,0.073170731707317,0.0,0.0,0.0,0.0,,0.1052631578947368,0.1029411764705882,31,,66.0,2.129032258064516,0.0,56.6,1.825806451612904,15.7,2.2,0.5,-0.2,0.7,0.0317425569176882,0.602,0.515,0.257,0.5,1.1,W (+6),W (+6)
68.0,,2023-03-10,24-302,LAL,TOR,,0.0,0.0,0.0,,,,,,0.0,,0.0,0.0,,0.0,0.0,0.0,0.0,0.0,0.0,,,,,,20,37,22,17,25,39,17,22,3,21,21,3,21,33,21,34,26,37.0,70.0,51.0,27.0,60.0,80.0,48.0,53.0,2.0,11.0,34.0,60.0,4.0,57.0,72.0,47.0,63.0,57.0,0.5405405405405406,0.5285714285714286,0.4313725490196078,0.6296296296296297,0.4166666666666667,0.4875,0.3541666666666667,0.4150943396226415,0.0,0.2727272727272727,0.6176470588235294,0.35,0.75,0.3684210526315789,0.4583333333333333,0.4468085106382978,0.5396825396825397,0.4561403508771929,14,7,8,1,5,4,7,9,3,7,9,3,8,7,56.0,64.0,7.0,71.0,43.0,66.0,78.0,70.0,55.0,56.0,81.0,41.0,80.0,6.0,5.0,4.0,,76.0,68.0,0.125,0.125,0.1428571428571428,0.0704225352112676,0.0930232558139534,0.106060606060606,0.1153846153846153,0.0,0.0545454545454545,0.125,0.1111111111111111,0.073170731707317,0.0,0.0,0.0,0.0,,0.1052631578947368,0.1029411764705882,31,,43.0,1.3870967741935485,0.0,43.1,1.3903225806451611,15.7,2.2,0.5,-0.2,0.7,0.0317425569176882,0.602,0.515,0.257,0.5,1.1,L (-8),L (-8)
69.0,,2023-03-12,24-304,LAL,NYK,,0.0,0.0,0.0,,,,,,0.0,,0.0,0.0,,0.0,0.0,0.0,0.0,0.0,0.0,,,,,,20,37,22,17,25,39,17,22,3,21,21,3,21,33,21,34,26,37.0,70.0,51.0,27.0,60.0,80.0,48.0,53.0,2.0,11.0,34.0,60.0,4.0,57.0,72.0,47.0,63.0,57.0,0.5405405405405406,0.5285714285714286,0.4313725490196078,0.6296296296296297,0.4166666666666667,0.4875,0.3541666666666667,0.4150943396226415,0.0,0.2727272727272727,0.6176470588235294,0.35,0.75,0.3684210526315789,0.4583333333333333,0.4468085106382978,0.5396825396825397,0.4561403508771929,14,7,8,1,5,4,7,9,3,7,9,3,8,7,56.0,64.0,7.0,71.0,43.0,66.0,78.0,70.0,55.0,56.0,81.0,41.0,80.0,6.0,5.0,4.0,,76.0,68.0,0.125,0.125,0.1428571428571428,0.0704225352112676,0.0930232558139534,0.106060606060606,0.1153846153846153,0.0,0.0545454545454545,0.125,0.1111111111111111,0.073170731707317,0.0,0.0,0.0,0.0,,0.1052631578947368,0.1029411764705882,31,,75.0,2.419354838709677,0.0,62.399999999999984,2.012903225806451,15.7,2.2,0.5,-0.2,0.7,0.0317425569176882,0.602,0.515,0.257,0.5,1.1,W (+8),W (+8)
70.0,,2023-03-14,24-306,LAL,NOP,,0.0,0.0,0.0,,,,,,0.0,,0.0,0.0,,0.0,0.0,0.0,0.0,0.0,0.0,,,,,,20,37,22,17,25,39,17,22,3,21,21,3,21,33,21,34,26,37.0,70.0,51.0,27.0,60.0,80.0,48.0,53.0,2.0,11.0,34.0,60.0,4.0,57.0,72.0,47.0,63.0,57.0,0.5405405405405406,0.5285714285714286,0.4313725490196078,0.6296296296296297,0.4166666666666667,0.4875,0.3541666666666667,0.4150943396226415,0.0,0.2727272727272727,0.6176470588235294,0.35,0.75,0.3684210526315789,0.4583333333333333,0.4468085106382978,0.5396825396825397,0.4561403508771929,14,7,8,1,5,4,7,9,3,7,9,3,8,7,56.0,64.0,7.0,71.0,43.0,66.0,78.0,70.0,55.0,56.0,81.0,41.0,80.0,6.0,5.0,4.0,,76.0,68.0,0.125,0.125,0.1428571428571428,0.0704225352112676,0.0930232558139534,0.106060606060606,0.1153846153846153,0.0,0.0545454545454545,0.125,0.1111111111111111,0.073170731707317,0.0,0.0,0.0,0.0,,0.1052631578947368,0.1029411764705882,31,,81.0,2.6129032258064515,0.0,85.40000000000002,2.75483870967742,15.7,2.2,0.5,-0.2,0.7,0.0317425569176882,0.602,0.515,0.257,0.5,1.1,W (+9),W (+9)
71.0,,2023-03-15,24-307,LAL,HOU,,0.0,0.0,0.0,,,,,,0.0,,0.0,0.0,,0.0,0.0,0.0,0.0,0.0,0.0,,,,,,20,37,22,17,25,39,17,22,3,21,21,3,21,33,21,34,26,37.0,70.0,51.0,27.0,60.0,80.0,48.0,53.0,2.0,11.0,34.0,60.0,4.0,57.0,72.0,47.0,63.0,57.0,0.5405405405405406,0.5285714285714286,0.4313725490196078,0.6296296296296297,0.4166666666666667,0.4875,0.3541666666666667,0.4150943396226415,0.0,0.2727272727272727,0.6176470588235294,0.35,0.75,0.3684210526315789,0.4583333333333333,0.4468085106382978,0.5396825396825397,0.4561403508771929,14,7,8,1,5,4,7,9,3,7,9,3,8,7,56.0,64.0,7.0,71.0,43.0,66.0,78.0,70.0,55.0,56.0,81.0,41.0,80.0,6.0,5.0,4.0,,76.0,68.0,0.125,0.125,0.1428571428571428,0.0704225352112676,0.0930232558139534,0.106060606060606,0.1153846153846153,0.0,0.0545454545454545,0.125,0.1111111111111111,0.073170731707317,0.0,0.0,0.0,0.0,,0.1052631578947368,0.1029411764705882,31,,96.0,3.096774193548387,0.0,104.0,3.3548387096774195,15.7,2.2,0.5,-0.2,0.7,0.0317425569176882,0.602,0.515,0.257,0.5,1.1,W (+10),W (+10)
72.0,,2023-03-17,24-309,LAL,DAL,,0.0,0.0,0.0,,,,,,0.0,,0.0,0.0,,0.0,0.0,0.0,0.0,0.0,0.0,,,,,,20,37,22,17,25,39,17,22,3,21,21,3,21,33,21,34,26,37.0,70.0,51.0,27.0,60.0,80.0,48.0,53.0,2.0,11.0,34.0,60.0,4.0,57.0,72.0,47.0,63.0,57.0,0.5405405405405406,0.5285714285714286,0.4313725490196078,0.6296296296296297,0.4166666666666667,0.4875,0.3541666666666667,0.4150943396226415,0.0,0.2727272727272727,0.6176470588235294,0.35,0.75,0.3684210526315789,0.4583333333333333,0.4468085106382978,0.5396825396825397,0.4561403508771929,14,7,8,1,5,4,7,9,3,7,9,3,8,7,56.0,64.0,7.0,71.0,43.0,66.0,78.0,70.0,55.0,56.0,81.0,41.0,80.0,6.0,5.0,4.0,,76.0,68.0,0.125,0.125,0.1428571428571428,0.0704225352112676,0.0930232558139534,0.106060606060606,0.1153846153846153,0.0,0.0545454545454545,0.125,0.1111111111111111,0.073170731707317,0.0,0.0,0.0,0.0,,0.1052631578947368,0.1029411764705882,31,,74.0,2.3870967741935485,0.0,77.5,2.5,15.7,2.2,0.5,-0.2,0.7,0.0317425569176882,0.602,0.515,0.257,0.5,1.1,L (-4),L (-4)
73.0,,2023-03-19,24-311,LAL,ORL,,0.0,0.0,0.0,,,,,,0.0,,0.0,0.0,,0.0,0.0,0.0,0.0,0.0,0.0,,,,,,20,37,22,17,25,39,17,22,3,21,21,3,21,33,21,34,26,37.0,70.0,51.0,27.0,60.0,80.0,48.0,53.0,2.0,11.0,34.0,60.0,4.0,57.0,72.0,47.0,63.0,57.0,0.5405405405405406,0.5285714285714286,0.4313725490196078,0.6296296296296297,0.4166666666666667,0.4875,0.3541666666666667,0.4150943396226415,0.0,0.2727272727272727,0.6176470588235294,0.35,0.75,0.3684210526315789,0.4583333333333333,0.4468085106382978,0.5396825396825397,0.4561403508771929,14,7,8,1,5,4,7,9,3,7,9,3,8,7,56.0,64.0,7.0,71.0,43.0,66.0,78.0,70.0,55.0,56.0,81.0,41.0,80.0,6.0,5.0,4.0,,76.0,68.0,0.125,0.125,0.1428571428571428,0.0704225352112676,0.0930232558139534,0.106060606060606,0.1153846153846153,0.0,0.0545454545454545,0.125,0.1111111111111111,0.073170731707317,0.0,0.0,0.0,0.0,,0.1052631578947368,0.1029411764705882,31,,63.0,2.032258064516129,0.0,67.50000000000001,2.17741935483871,15.7,2.2,0.5,-0.2,0.7,0.0317425569176882,0.602,0.515,0.257,0.5,1.1,W (+15),W (+15)
74.0,,2023-03-22,24-314,LAL,PHO,,0.0,0.0,0.0,,,,,,0.0,,0.0,0.0,,0.0,0.0,0.0,0.0,0.0,0.0,,,,,,20,37,22,17,25,39,17,22,3,21,21,3,21,33,21,34,26,37.0,70.0,51.0,27.0,60.0,80.0,48.0,53.0,2.0,11.0,34.0,60.0,4.0,57.0,72.0,47.0,63.0,57.0,0.5405405405405406,0.5285714285714286,0.4313725490196078,0.6296296296296297,0.4166666666666667,0.4875,0.3541666666666667,0.4150943396226415,0.0,0.2727272727272727,0.6176470588235294,0.35,0.75,0.3684210526315789,0.4583333333333333,0.4468085106382978,0.5396825396825397,0.4561403508771929,14,7,8,1,5,4,7,9,3,7,9,3,8,7,56.0,64.0,7.0,71.0,43.0,66.0,78.0,70.0,55.0,56.0,81.0,41.0,80.0,6.0,5.0,4.0,,76.0,68.0,0.125,0.125,0.1428571428571428,0.0704225352112676,0.0930232558139534,0.106060606060606,0.1153846153846153,0.0,0.0545454545454545,0.125,0.1111111111111111,0.073170731707317,0.0,0.0,0.0,0.0,,0.1052631578947368,0.1029411764705882,31,,96.0,3.096774193548387,0.0,102.5,3.306451612903226,15.7,2.2,0.5,-0.2,0.7,0.0317425569176882,0.602,0.515,0.257,0.5,1.1,L (-4),L (-4)
75.0,,2023-03-24,24-316,LAL,OKC,,0.0,0.0,0.0,,,,,,0.0,,0.0,0.0,,0.0,0.0,0.0,0.0,0.0,0.0,,,,,,20,37,22,17,25,39,17,22,3,21,21,3,21,33,21,34,26,37.0,70.0,51.0,27.0,60.0,80.0,48.0,53.0,2.0,11.0,34.0,60.0,4.0,57.0,72.0,47.0,63.0,57.0,0.5405405405405406,0.5285714285714286,0.4313725490196078,0.6296296296296297,0.4166666666666667,0.4875,0.3541666666666667,0.4150943396226415,0.0,0.2727272727272727,0.6176470588235294,0.35,0.75,0.3684210526315789,0.4583333333333333,0.4468085106382978,0.5396825396825397,0.4561403508771929,14,7,8,1,5,4,7,9,3,7,9,3,8,7,56.0,64.0,7.0,71.0,43.0,66.0,78.0,70.0,55.0,56.0,81.0,41.0,80.0,6.0,5.0,4.0,,76.0,68.0,0.125,0.125,0.1428571428571428,0.0704225352112676,0.0930232558139534,0.106060606060606,0.1153846153846153,0.0,0.0545454545454545,0.125,0.1111111111111111,0.073170731707317,0.0,0.0,0.0,0.0,,0.1052631578947368,0.1029411764705882,31,,82.0,2.6451612903225805,0.0,81.7,2.635483870967742,15.7,2.2,0.5,-0.2,0.7,0.0317425569176882,0.602,0.515,0.257,0.5,1.1,L (-1),L (-1)
76.0,,2023-03-26,24-318,LAL,CHI,,0.0,0.0,0.0,,,,,,0.0,,0.0,0.0,,0.0,0.0,0.0,0.0,0.0,0.0,,,,,,20,37,22,17,25,39,17,22,3,21,21,3,21,33,21,34,26,37.0,70.0,51.0,27.0,60.0,80.0,48.0,53.0,2.0,11.0,34.0,60.0,4.0,57.0,72.0,47.0,63.0,57.0,0.5405405405405406,0.5285714285714286,0.4313725490196078,0.6296296296296297,0.4166666666666667,0.4875,0.3541666666666667,0.4150943396226415,0.0,0.2727272727272727,0.6176470588235294,0.35,0.75,0.3684210526315789,0.4583333333333333,0.4468085106382978,0.5396825396825397,0.4561403508771929,14,7,8,1,5,4,7,9,3,7,9,3,8,7,56.0,64.0,7.0,71.0,43.0,66.0,78.0,70.0,55.0,56.0,81.0,41.0,80.0,6.0,5.0,4.0,,76.0,68.0,0.125,0.125,0.1428571428571428,0.0704225352112676,0.0930232558139534,0.106060606060606,0.1153846153846153,0.0,0.0545454545454545,0.125,0.1111111111111111,0.073170731707317,0.0,0.0,0.0,0.0,,0.1052631578947368,0.1029411764705882,31,,81.0,2.6129032258064515,0.0,103.4,3.335483870967742,15.7,2.2,0.5,-0.2,0.7,0.0317425569176882,0.602,0.515,0.257,0.5,1.1,W (+6),W (+6)
77.0,,2023-03-29,24-321,LAL,CHI,,0.0,0.0,0.0,,,,,,0.0,,0.0,0.0,,0.0,0.0,0.0,0.0,0.0,0.0,,,,,,20,37,22,17,25,39,17,22,3,21,21,3,21,33,21,34,26,37.0,70.0,51.0,27.0,60.0,80.0,48.0,53.0,2.0,11.0,34.0,60.0,4.0,57.0,72.0,47.0,63.0,57.0,0.5405405405405406,0.5285714285714286,0.4313725490196078,0.6296296296296297,0.4166666666666667,0.4875,0.3541666666666667,0.4150943396226415,0.0,0.2727272727272727,0.6176470588235294,0.35,0.75,0.3684210526315789,0.4583333333333333,0.4468085106382978,0.5396825396825397,0.4561403508771929,14,7,8,1,5,4,7,9,3,7,9,3,8,7,56.0,64.0,7.0,71.0,43.0,66.0,78.0,70.0,55.0,56.0,81.0,41.0,80.0,6.0,5.0,4.0,,76.0,68.0,0.125,0.125,0.1428571428571428,0.0704225352112676,0.0930232558139534,0.106060606060606,0.1153846153846153,0.0,0.0545454545454545,0.125,0.1111111111111111,0.073170731707317,0.0,0.0,0.0,0.0,,0.1052631578947368,0.1029411764705882,31,,69.0,2.225806451612903,0.0,71.2,2.296774193548387,15.7,2.2,0.5,-0.2,0.7,0.0317425569176882,0.602,0.515,0.257,0.5,1.1,W (+11),W (+11)
78.0,,2023-03-31,24-323,LAL,MIN,,0.0,0.0,0.0,,,,,,0.0,,0.0,0.0,,0.0,0.0,0.0,0.0,0.0,0.0,,,,,,20,37,22,17,25,39,17,22,3,21,21,3,21,33,21,34,26,37.0,70.0,51.0,27.0,60.0,80.0,48.0,53.0,2.0,11.0,34.0,60.0,4.0,57.0,72.0,47.0,63.0,57.0,0.5405405405405406,0.5285714285714286,0.4313725490196078,0.6296296296296297,0.4166666666666667,0.4875,0.3541666666666667,0.4150943396226415,0.0,0.2727272727272727,0.6176470588235294,0.35,0.75,0.3684210526315789,0.4583333333333333,0.4468085106382978,0.5396825396825397,0.4561403508771929,14,7,8,1,5,4,7,9,3,7,9,3,8,7,56.0,64.0,7.0,71.0,43.0,66.0,78.0,70.0,55.0,56.0,81.0,41.0,80.0,6.0,5.0,4.0,,76.0,68.0,0.125,0.125,0.1428571428571428,0.0704225352112676,0.0930232558139534,0.106060606060606,0.1153846153846153,0.0,0.0545454545454545,0.125,0.1111111111111111,0.073170731707317,0.0,0.0,0.0,0.0,,0.1052631578947368,0.1029411764705882,31,,106.0,3.419354838709677,0.0,105.09999999999998,3.3903225806451607,15.7,2.2,0.5,-0.2,0.7,0.0317425569176882,0.602,0.515,0.257,0.5,1.1,W (+5),W (+5)
79.0,,2023-04-02,24-325,LAL,HOU,,0.0,0.0,0.0,,,,,,0.0,,0.0,0.0,,0.0,0.0,0.0,0.0,0.0,0.0,,,,,,20,37,22,17,25,39,17,22,3,21,21,3,21,33,21,34,26,37.0,70.0,51.0,27.0,60.0,80.0,48.0,53.0,2.0,11.0,34.0,60.0,4.0,57.0,72.0,47.0,63.0,57.0,0.5405405405405406,0.5285714285714286,0.4313725490196078,0.6296296296296297,0.4166666666666667,0.4875,0.3541666666666667,0.4150943396226415,0.0,0.2727272727272727,0.6176470588235294,0.35,0.75,0.3684210526315789,0.4583333333333333,0.4468085106382978,0.5396825396825397,0.4561403508771929,14,7,8,1,5,4,7,9,3,7,9,3,8,7,56.0,64.0,7.0,71.0,43.0,66.0,78.0,70.0,55.0,56.0,81.0,41.0,80.0,6.0,5.0,4.0,,76.0,68.0,0.125,0.125,0.1428571428571428,0.0704225352112676,0.0930232558139534,0.106060606060606,0.1153846153846153,0.0,0.0545454545454545,0.125,0.1111111111111111,0.073170731707317,0.0,0.0,0.0,0.0,,0.1052631578947368,0.1029411764705882,31,,94.0,3.032258064516129,0.0,106.7,3.441935483870968,15.7,2.2,0.5,-0.2,0.7,0.0317425569176882,0.602,0.515,0.257,0.5,1.1,L (-10),L (-10)
80.0,,2023-04-04,24-327,LAL,UTA,,0.0,0.0,0.0,,,,,,0.0,,0.0,0.0,,0.0,0.0,0.0,0.0,0.0,0.0,,,,,,20,37,22,17,25,39,17,22,3,21,21,3,21,33,21,34,26,37.0,70.0,51.0,27.0,60.0,80.0,48.0,53.0,2.0,11.0,34.0,60.0,4.0,57.0,72.0,47.0,63.0,57.0,0.5405405405405406,0.5285714285714286,0.4313725490196078,0.6296296296296297,0.4166666666666667,0.4875,0.3541666666666667,0.4150943396226415,0.0,0.2727272727272727,0.6176470588235294,0.35,0.75,0.3684210526315789,0.4583333333333333,0.4468085106382978,0.5396825396825397,0.4561403508771929,14,7,8,1,5,4,7,9,3,7,9,3,8,7,56.0,64.0,7.0,71.0,43.0,66.0,78.0,70.0,55.0,56.0,81.0,41.0,80.0,6.0,5.0,4.0,,76.0,68.0,0.125,0.125,0.1428571428571428,0.0704225352112676,0.0930232558139534,0.106060606060606,0.1153846153846153,0.0,0.0545454545454545,0.125,0.1111111111111111,0.073170731707317,0.0,0.0,0.0,0.0,,0.1052631578947368,0.1029411764705882,31,,95.0,3.064516129032258,0.0,78.7,2.5387096774193547,15.7,2.2,0.5,-0.2,0.7,0.0317425569176882,0.602,0.515,0.257,0.5,1.1,W (+11),W (+11)
81.0,,2023-04-05,24-328,LAL,LAC,Did Not Play,0.0,0.0,0.0,Did Not Play,,,Did Not Play,Did Not Play,0.0,Did Not Play,0.0,0.0,,0.0,0.0,0.0,0.0,0.0,0.0,Did Not Play,Did Not Play,,,,20,37,22,17,25,39,17,22,3,21,21,3,21,33,21,34,26,37.0,70.0,51.0,27.0,60.0,80.0,48.0,53.0,2.0,11.0,34.0,60.0,4.0,57.0,72.0,47.0,63.0,57.0,0.5405405405405406,0.5285714285714286,0.4313725490196078,0.6296296296296297,0.4166666666666667,0.4875,0.3541666666666667,0.4150943396226415,0.0,0.2727272727272727,0.6176470588235294,0.35,0.75,0.3684210526315789,0.4583333333333333,0.4468085106382978,0.5396825396825397,0.4561403508771929,14,7,8,1,5,4,7,9,3,7,9,3,8,7,56.0,64.0,7.0,71.0,43.0,66.0,78.0,70.0,55.0,56.0,81.0,41.0,80.0,6.0,5.0,4.0,,76.0,68.0,0.125,0.125,0.1428571428571428,0.0704225352112676,0.0930232558139534,0.106060606060606,0.1153846153846153,0.0,0.0545454545454545,0.125,0.1111111111111111,0.073170731707317,0.0,0.0,0.0,0.0,,0.1052631578947368,0.1029411764705882,31,,82.0,2.6451612903225805,0.0,72.89999999999999,2.351612903225806,15.7,2.2,0.5,-0.2,0.7,0.0317425569176882,0.602,0.515,0.257,0.5,1.1,W (+12),W (+12)
82.0,48.0,2023-04-07,24-330,LAL,PHO,0,6.416666666666667,1.0,3.0,.333,0.0,1.0,.000,0,0.0,,2.0,1.0,3.0,0.0,0.0,1.0,0.0,2.0,2.0,1.9,-2,2.0,1.0,0.5,20,37,22,17,25,39,17,22,3,21,21,3,21,33,21,34,26,37.0,70.0,51.0,27.0,60.0,80.0,48.0,53.0,2.0,11.0,34.0,60.0,4.0,57.0,72.0,47.0,63.0,57.0,0.5405405405405406,0.5285714285714286,0.4313725490196078,0.6296296296296297,0.4166666666666667,0.4875,0.3541666666666667,0.4150943396226415,0.0,0.2727272727272727,0.6176470588235294,0.35,0.75,0.3684210526315789,0.4583333333333333,0.4468085106382978,0.5396825396825397,0.4561403508771929,14,7,8,1,5,4,7,9,3,7,9,3,8,7,56.0,64.0,7.0,71.0,43.0,66.0,78.0,70.0,55.0,56.0,81.0,41.0,80.0,6.0,5.0,4.0,,76.0,68.0,0.125,0.125,0.1428571428571428,0.0704225352112676,0.0930232558139534,0.106060606060606,0.1153846153846153,0.0,0.0545454545454545,0.125,0.1111111111111111,0.073170731707317,0.0,0.0,0.0,0.0,,0.1052631578947368,0.1029411764705882,31,3.0,86.0,2.774193548387097,1.9,80.4,2.5935483870967744,15.7,2.2,0.5,-0.2,0.7,0.0317425569176882,0.602,0.515,0.257,0.5,1.1,W (+25),W (+25)
83.0,49.0,2023-04-09,24-332,LAL,UTA,0,0.65,0.0,0.0,,0.0,0.0,,0,0.0,,0.0,1.0,1.0,0.0,0.0,0.0,0.0,0.0,0.0,0.3,0,0.0,0.0,,20,37,22,17,25,39,17,22,3,21,21,3,21,33,21,34,26,37.0,70.0,51.0,27.0,60.0,80.0,48.0,53.0,2.0,11.0,34.0,60.0,4.0,57.0,72.0,47.0,63.0,57.0,0.5405405405405406,0.5285714285714286,0.4313725490196078,0.6296296296296297,0.4166666666666667,0.4875,0.3541666666666667,0.4150943396226415,0.0,0.2727272727272727,0.6176470588235294,0.35,0.75,0.3684210526315789,0.4583333333333333,0.4468085106382978,0.5396825396825397,0.4561403508771929,14,7,8,1,5,4,7,9,3,7,9,3,8,7,56.0,64.0,7.0,71.0,43.0,66.0,78.0,70.0,55.0,56.0,81.0,41.0,80.0,6.0,5.0,4.0,,76.0,68.0,0.125,0.125,0.1428571428571428,0.0704225352112676,0.0930232558139534,0.106060606060606,0.1153846153846153,0.0,0.0545454545454545,0.125,0.1111111111111111,0.073170731707317,0.0,0.0,0.0,0.0,,0.1052631578947368,0.1029411764705882,31,1.0,32.0,1.032258064516129,0.3,31.79999999999999,1.0258064516129028,15.7,2.2,0.5,-0.2,0.7,0.0317425569176882,0.602,0.515,0.257,0.5,1.1,W (+2),W (+2)
