Unnamed: 0,Rk,G,Date,Age,Tm,Unnamed: 5,Opp,Unnamed: 7,GS,MP,FG,FGA,FG%,3P,3PA,3P%,FT,FTA,FT%,ORB,DRB,TRB,AST,STL,BLK,TOV,PF,PTS,GmSc,+/-,2PA,2P,2P%,Shared Games with Anthony Davis,Shared Games with Austin Reaves,Shared Games with Cole Swider,Shared Games with Damian Jones,Shared Games with Dennis Schröder,Shared Games with Juan Toscano-Anderson,Shared Games with Kendrick Nunn,Shared Games with LeBron James,Shared Games with Lonnie Walker IV,Shared Games with Matt Ryan,Shared Games with Max Christie,Shared Games with Patrick Beverley,Shared Games with Russell Westbrook,Shared Games with Scotty Pippen Jr.,Shared Games with Thomas Bryant,Shared Games with Troy Brown Jr.,Anthony Davis,Austin Reaves,Cole Swider,Damian Jones,Dennis Schröder,Juan Toscano-Anderson,Kendrick Nunn,LeBron James,Lonnie Walker IV,Matt Ryan,Max Christie,Patrick Beverley,Russell Westbrook,Scotty Pippen Jr.,Sterling Brown,Thomas Bryant,Tristan Thompson,Troy Brown Jr.,co_inf with Anthony Davis,co_inf with Austin Reaves,co_inf with Cole Swider,co_inf with Damian Jones,co_inf with Dennis Schröder,co_inf with Juan Toscano-Anderson,co_inf with Kendrick Nunn,co_inf with LeBron James,co_inf with Lonnie Walker IV,co_inf with Matt Ryan,co_inf with Max Christie,co_inf with Patrick Beverley,co_inf with Russell Westbrook,co_inf with Scotty Pippen Jr.,co_inf with Sterling Brown,co_inf with Thomas Bryant,co_inf with Tristan Thompson,co_inf with Troy Brown Jr.,Shared Games with Davon Reed,Shared Games with D'Angelo Russell,Shared Games with Jarred Vanderbilt,Shared Games with Malik Beasley,Shared Games with Mo Bamba,D'Angelo Russell,Davon Reed,Jarred Vanderbilt,Malik Beasley,Mo Bamba,Onyeka Okongwu,Shaquille Harrison,co_inf with Davon Reed,co_inf with D'Angelo Russell,co_inf with Jarred Vanderbilt,co_inf with Malik Beasley,co_inf with Mo Bamba,co_inf with Onyeka Okongwu,co_inf with Shaquille Harrison,Total Shared Players,CO_EFF,EFF,avg_EFF,CO_HGS,HGS,avg_HGS
0,1,1,2022-10-18,25-206,LAL,@,GSW,L (-14),0,7:48,0.0,1.0,.000,0.0,0.0,,0,2.0,.000,1.0,0.0,1.0,1.0,0.0,0.0,0.0,2.0,0.0,-0.9,0,1.0,0.0,0.0,44,53,7,16,54,26,32,42,42,11,37,35,39,6,30,63,56.0,64.0,7.0,41.0,66.0,52.0,70.0,55.0,56.0,34.0,41.0,67.0,73.0,6.0,4.0,59.0,,76.0,0.7857142857142857,0.828125,1.0,0.3902439024390244,0.8181818181818182,0.5,0.4571428571428571,0.7636363636363637,0.75,0.3235294117647059,0.902439024390244,0.5223880597014925,0.5342465753424658,1.0,0.0,0.5084745762711864,,0.8289473684210527,7,13,24,24,7,71.0,43.0,78.0,81.0,49.0,80.0,5.0,0.1627906976744186,0.1830985915492957,0.3076923076923077,0.2962962962962963,0.1428571428571428,0.0,0.0,21,-1.0,79.0,3.761904761904762,-0.9000000000000001,77.7,3.7
1,2,,2022-10-20,25-208,LAL,,LAC,L (-6),Did Not Play,Did Not Play,0.0,0.0,Did Not Play,,,Did Not Play,Did Not Play,0.0,Did Not Play,0.0,0.0,,0.0,0.0,0.0,0.0,0.0,0.0,Did Not Play,Did Not Play,,,,44,53,7,16,54,26,32,42,42,11,37,35,39,6,30,63,56.0,64.0,7.0,41.0,66.0,52.0,70.0,55.0,56.0,34.0,41.0,67.0,73.0,6.0,4.0,59.0,,76.0,0.7857142857142857,0.828125,1.0,0.3902439024390244,0.8181818181818182,0.5,0.4571428571428571,0.7636363636363637,0.75,0.3235294117647059,0.902439024390244,0.5223880597014925,0.5342465753424658,1.0,0.0,0.5084745762711864,,0.8289473684210527,7,13,24,24,7,71.0,43.0,78.0,81.0,49.0,80.0,5.0,0.1627906976744186,0.1830985915492957,0.3076923076923077,0.2962962962962963,0.1428571428571428,0.0,0.0,21,,85.0,4.047619047619048,0.0,90.9,4.328571428571429
2,3,,2022-10-23,25-211,LAL,,POR,L (-2),Did Not Play,Did Not Play,0.0,0.0,Did Not Play,,,Did Not Play,Did Not Play,0.0,Did Not Play,0.0,0.0,,0.0,0.0,0.0,0.0,0.0,0.0,Did Not Play,Did Not Play,,,,44,53,7,16,54,26,32,42,42,11,37,35,39,6,30,63,56.0,64.0,7.0,41.0,66.0,52.0,70.0,55.0,56.0,34.0,41.0,67.0,73.0,6.0,4.0,59.0,,76.0,0.7857142857142857,0.828125,1.0,0.3902439024390244,0.8181818181818182,0.5,0.4571428571428571,0.7636363636363637,0.75,0.3235294117647059,0.902439024390244,0.5223880597014925,0.5342465753424658,1.0,0.0,0.5084745762711864,,0.8289473684210527,7,13,24,24,7,71.0,43.0,78.0,81.0,49.0,80.0,5.0,0.1627906976744186,0.1830985915492957,0.3076923076923077,0.2962962962962963,0.1428571428571428,0.0,0.0,21,,82.0,3.9047619047619047,0.0,79.60000000000002,3.7904761904761917
3,4,2,2022-10-26,25-214,LAL,@,DEN,L (-11),0,2:46,0.0,0.0,,0.0,0.0,,0,0.0,,0.0,0.0,0.0,0.0,0.0,0.0,0.0,0.0,0.0,0.0,+7,0.0,0.0,,44,53,7,16,54,26,32,42,42,11,37,35,39,6,30,63,56.0,64.0,7.0,41.0,66.0,52.0,70.0,55.0,56.0,34.0,41.0,67.0,73.0,6.0,4.0,59.0,,76.0,0.7857142857142857,0.828125,1.0,0.3902439024390244,0.8181818181818182,0.5,0.4571428571428571,0.7636363636363637,0.75,0.3235294117647059,0.902439024390244,0.5223880597014925,0.5342465753424658,1.0,0.0,0.5084745762711864,,0.8289473684210527,7,13,24,24,7,71.0,43.0,78.0,81.0,49.0,80.0,5.0,0.1627906976744186,0.1830985915492957,0.3076923076923077,0.2962962962962963,0.1428571428571428,0.0,0.0,21,0.0,102.0,4.857142857142857,0.0,97.6,4.647619047619047
4,5,3,2022-10-28,25-216,LAL,@,MIN,L (-9),0,21:29,3.0,6.0,.500,0.0,1.0,.000,2,2.0,1.000,0.0,6.0,6.0,1.0,3.0,2.0,1.0,2.0,8.0,10.1,+10,5.0,3.0,0.6,44,53,7,16,54,26,32,42,42,11,37,35,39,6,30,63,56.0,64.0,7.0,41.0,66.0,52.0,70.0,55.0,56.0,34.0,41.0,67.0,73.0,6.0,4.0,59.0,,76.0,0.7857142857142857,0.828125,1.0,0.3902439024390244,0.8181818181818182,0.5,0.4571428571428571,0.7636363636363637,0.75,0.3235294117647059,0.902439024390244,0.5223880597014925,0.5342465753424658,1.0,0.0,0.5084745762711864,,0.8289473684210527,7,13,24,24,7,71.0,43.0,78.0,81.0,49.0,80.0,5.0,0.1627906976744186,0.1830985915492957,0.3076923076923077,0.2962962962962963,0.1428571428571428,0.0,0.0,21,11.0,88.0,4.190476190476191,9.299999999999995,64.3,3.0619047619047617
5,6,4,2022-10-30,25-218,LAL,,DEN,W (+11),0,8:37,2.0,4.0,.500,0.0,1.0,.000,0,0.0,,1.0,1.0,2.0,0.0,0.0,0.0,0.0,1.0,4.0,2.6,0,3.0,2.0,0.6666666666666666,44,53,7,16,54,26,32,42,42,11,37,35,39,6,30,63,56.0,64.0,7.0,41.0,66.0,52.0,70.0,55.0,56.0,34.0,41.0,67.0,73.0,6.0,4.0,59.0,,76.0,0.7857142857142857,0.828125,1.0,0.3902439024390244,0.8181818181818182,0.5,0.4571428571428571,0.7636363636363637,0.75,0.3235294117647059,0.902439024390244,0.5223880597014925,0.5342465753424658,1.0,0.0,0.5084745762711864,,0.8289473684210527,7,13,24,24,7,71.0,43.0,78.0,81.0,49.0,80.0,5.0,0.1627906976744186,0.1830985915492957,0.3076923076923077,0.2962962962962963,0.1428571428571428,0.0,0.0,21,2.0,91.0,4.333333333333333,2.6,101.1,4.814285714285714
6,7,5,2022-11-02,25-221,LAL,,NOP,W (+3),0,15:48,3.0,4.0,.750,0.0,1.0,.000,0,0.0,,2.0,2.0,4.0,1.0,1.0,0.0,2.0,4.0,6.0,4.5,-6,3.0,3.0,1.0,44,53,7,16,54,26,32,42,42,11,37,35,39,6,30,63,56.0,64.0,7.0,41.0,66.0,52.0,70.0,55.0,56.0,34.0,41.0,67.0,73.0,6.0,4.0,59.0,,76.0,0.7857142857142857,0.828125,1.0,0.3902439024390244,0.8181818181818182,0.5,0.4571428571428571,0.7636363636363637,0.75,0.3235294117647059,0.902439024390244,0.5223880597014925,0.5342465753424658,1.0,0.0,0.5084745762711864,,0.8289473684210527,7,13,24,24,7,71.0,43.0,78.0,81.0,49.0,80.0,5.0,0.1627906976744186,0.1830985915492957,0.3076923076923077,0.2962962962962963,0.1428571428571428,0.0,0.0,21,6.0,96.0,4.571428571428571,4.499999999999998,94.1,4.480952380952381
7,8,6,2022-11-04,25-223,LAL,,UTA,L (-14),0,11:07,1.0,1.0,1.000,0.0,0.0,,3,4.0,.750,1.0,3.0,4.0,1.0,0.0,0.0,0.0,1.0,5.0,6.2,-4,1.0,1.0,1.0,44,53,7,16,54,26,32,42,42,11,37,35,39,6,30,63,56.0,64.0,7.0,41.0,66.0,52.0,70.0,55.0,56.0,34.0,41.0,67.0,73.0,6.0,4.0,59.0,,76.0,0.7857142857142857,0.828125,1.0,0.3902439024390244,0.8181818181818182,0.5,0.4571428571428571,0.7636363636363637,0.75,0.3235294117647059,0.902439024390244,0.5223880597014925,0.5342465753424658,1.0,0.0,0.5084745762711864,,0.8289473684210527,7,13,24,24,7,71.0,43.0,78.0,81.0,49.0,80.0,5.0,0.1627906976744186,0.1830985915492957,0.3076923076923077,0.2962962962962963,0.1428571428571428,0.0,0.0,21,5.0,73.0,3.4761904761904763,5.0,74.1,3.5285714285714285
8,9,7,2022-11-06,25-225,LAL,,CLE,L (-14),0,15:15,2.0,4.0,.500,0.0,1.0,.000,0,0.0,,1.0,3.0,4.0,0.0,0.0,1.0,1.0,3.0,4.0,2.1,-7,3.0,2.0,0.6666666666666666,44,53,7,16,54,26,32,42,42,11,37,35,39,6,30,63,56.0,64.0,7.0,41.0,66.0,52.0,70.0,55.0,56.0,34.0,41.0,67.0,73.0,6.0,4.0,59.0,,76.0,0.7857142857142857,0.828125,1.0,0.3902439024390244,0.8181818181818182,0.5,0.4571428571428571,0.7636363636363637,0.75,0.3235294117647059,0.902439024390244,0.5223880597014925,0.5342465753424658,1.0,0.0,0.5084745762711864,,0.8289473684210527,7,13,24,24,7,71.0,43.0,78.0,81.0,49.0,80.0,5.0,0.1627906976744186,0.1830985915492957,0.3076923076923077,0.2962962962962963,0.1428571428571428,0.0,0.0,21,4.0,51.0,2.4285714285714284,2.1000000000000005,61.0,2.9047619047619047
9,10,8,2022-11-07,25-226,LAL,@,UTA,L (-23),1,23:39,2.0,3.0,.667,0.0,0.0,,0,0.0,,0.0,4.0,4.0,2.0,3.0,0.0,2.0,3.0,4.0,5.1,-9,3.0,2.0,0.6666666666666666,44,53,7,16,54,26,32,42,42,11,37,35,39,6,30,63,56.0,64.0,7.0,41.0,66.0,52.0,70.0,55.0,56.0,34.0,41.0,67.0,73.0,6.0,4.0,59.0,,76.0,0.7857142857142857,0.828125,1.0,0.3902439024390244,0.8181818181818182,0.5,0.4571428571428571,0.7636363636363637,0.75,0.3235294117647059,0.902439024390244,0.5223880597014925,0.5342465753424658,1.0,0.0,0.5084745762711864,,0.8289473684210527,7,13,24,24,7,71.0,43.0,78.0,81.0,49.0,80.0,5.0,0.1627906976744186,0.1830985915492957,0.3076923076923077,0.2962962962962963,0.1428571428571428,0.0,0.0,21,8.0,60.0,2.857142857142857,5.1000000000000005,69.8,3.3238095238095235
10,11,9,2022-11-09,25-228,LAL,@,LAC,L (-13),0,8:44,1.0,1.0,1.000,0.0,0.0,,2,2.0,1.000,0.0,1.0,1.0,1.0,1.0,1.0,0.0,2.0,4.0,5.6,-4,1.0,1.0,1.0,44,53,7,16,54,26,32,42,42,11,37,35,39,6,30,63,56.0,64.0,7.0,41.0,66.0,52.0,70.0,55.0,56.0,34.0,41.0,67.0,73.0,6.0,4.0,59.0,,76.0,0.7857142857142857,0.828125,1.0,0.3902439024390244,0.8181818181818182,0.5,0.4571428571428571,0.7636363636363637,0.75,0.3235294117647059,0.902439024390244,0.5223880597014925,0.5342465753424658,1.0,0.0,0.5084745762711864,,0.8289473684210527,7,13,24,24,7,71.0,43.0,78.0,81.0,49.0,80.0,5.0,0.1627906976744186,0.1830985915492957,0.3076923076923077,0.2962962962962963,0.1428571428571428,0.0,0.0,21,5.0,76.0,3.619047619047619,4.800000000000001,79.59999999999998,3.7904761904761894
11,12,10,2022-11-11,25-230,LAL,,SAC,L (-6),1,19:08,4.0,4.0,1.000,0.0,0.0,,0,0.0,,1.0,1.0,2.0,1.0,0.0,2.0,1.0,4.0,8.0,7.3,+10,4.0,4.0,1.0,44,53,7,16,54,26,32,42,42,11,37,35,39,6,30,63,56.0,64.0,7.0,41.0,66.0,52.0,70.0,55.0,56.0,34.0,41.0,67.0,73.0,6.0,4.0,59.0,,76.0,0.7857142857142857,0.828125,1.0,0.3902439024390244,0.8181818181818182,0.5,0.4571428571428571,0.7636363636363637,0.75,0.3235294117647059,0.902439024390244,0.5223880597014925,0.5342465753424658,1.0,0.0,0.5084745762711864,,0.8289473684210527,7,13,24,24,7,71.0,43.0,78.0,81.0,49.0,80.0,5.0,0.1627906976744186,0.1830985915492957,0.3076923076923077,0.2962962962962963,0.1428571428571428,0.0,0.0,21,8.0,76.0,3.619047619047619,7.299999999999999,85.79999999999998,4.0857142857142845
12,13,11,2022-11-13,25-232,LAL,,BRK,W (+13),0,14:22,4.0,7.0,.571,1.0,1.0,1.000,0,0.0,,0.0,0.0,0.0,0.0,0.0,0.0,1.0,1.0,9.0,4.3,-2,6.0,3.0,0.5,44,53,7,16,54,26,32,42,42,11,37,35,39,6,30,63,56.0,64.0,7.0,41.0,66.0,52.0,70.0,55.0,56.0,34.0,41.0,67.0,73.0,6.0,4.0,59.0,,76.0,0.7857142857142857,0.828125,1.0,0.3902439024390244,0.8181818181818182,0.5,0.4571428571428571,0.7636363636363637,0.75,0.3235294117647059,0.902439024390244,0.5223880597014925,0.5342465753424658,1.0,0.0,0.5084745762711864,,0.8289473684210527,7,13,24,24,7,71.0,43.0,78.0,81.0,49.0,80.0,5.0,0.1627906976744186,0.1830985915492957,0.3076923076923077,0.2962962962962963,0.1428571428571428,0.0,0.0,21,1.0,89.0,4.238095238095238,4.3,100.59999999999998,4.7904761904761894
13,14,12,2022-11-18,25-237,LAL,,DET,W (+7),0,17:46,5.0,5.0,1.000,0.0,0.0,,5,5.0,1.000,3.0,4.0,7.0,0.0,0.0,0.0,1.0,1.0,15.0,15.4,+3,5.0,5.0,1.0,44,53,7,16,54,26,32,42,42,11,37,35,39,6,30,63,56.0,64.0,7.0,41.0,66.0,52.0,70.0,55.0,56.0,34.0,41.0,67.0,73.0,6.0,4.0,59.0,,76.0,0.7857142857142857,0.828125,1.0,0.3902439024390244,0.8181818181818182,0.5,0.4571428571428571,0.7636363636363637,0.75,0.3235294117647059,0.902439024390244,0.5223880597014925,0.5342465753424658,1.0,0.0,0.5084745762711864,,0.8289473684210527,7,13,24,24,7,71.0,43.0,78.0,81.0,49.0,80.0,5.0,0.1627906976744186,0.1830985915492957,0.3076923076923077,0.2962962962962963,0.1428571428571428,0.0,0.0,21,11.0,112.0,5.333333333333333,13.4,128.2,6.104761904761904
14,15,13,2022-11-20,25-239,LAL,,SAS,W (+31),0,16:05,1.0,1.0,1.000,0.0,0.0,,0,0.0,,0.0,5.0,5.0,1.0,0.0,0.0,0.0,2.0,2.0,3.1,+1,1.0,1.0,1.0,44,53,7,16,54,26,32,42,42,11,37,35,39,6,30,63,56.0,64.0,7.0,41.0,66.0,52.0,70.0,55.0,56.0,34.0,41.0,67.0,73.0,6.0,4.0,59.0,,76.0,0.7857142857142857,0.828125,1.0,0.3902439024390244,0.8181818181818182,0.5,0.4571428571428571,0.7636363636363637,0.75,0.3235294117647059,0.902439024390244,0.5223880597014925,0.5342465753424658,1.0,0.0,0.5084745762711864,,0.8289473684210527,7,13,24,24,7,71.0,43.0,78.0,81.0,49.0,80.0,5.0,0.1627906976744186,0.1830985915492957,0.3076923076923077,0.2962962962962963,0.1428571428571428,0.0,0.0,21,7.0,106.0,5.047619047619048,3.1,106.3,5.061904761904762
15,16,14,2022-11-22,25-241,LAL,@,PHO,L (-10),0,6:49,0.0,3.0,.000,0.0,1.0,.000,0,0.0,,1.0,1.0,2.0,0.0,0.0,0.0,0.0,1.0,0.0,-1.5,-3,2.0,0.0,0.0,44,53,7,16,54,26,32,42,42,11,37,35,39,6,30,63,56.0,64.0,7.0,41.0,66.0,52.0,70.0,55.0,56.0,34.0,41.0,67.0,73.0,6.0,4.0,59.0,,76.0,0.7857142857142857,0.828125,1.0,0.3902439024390244,0.8181818181818182,0.5,0.4571428571428571,0.7636363636363637,0.75,0.3235294117647059,0.902439024390244,0.5223880597014925,0.5342465753424658,1.0,0.0,0.5084745762711864,,0.8289473684210527,7,13,24,24,7,71.0,43.0,78.0,81.0,49.0,80.0,5.0,0.1627906976744186,0.1830985915492957,0.3076923076923077,0.2962962962962963,0.1428571428571428,0.0,0.0,21,-1.0,76.0,3.619047619047619,-1.4999999999999996,93.6,4.457142857142857
16,17,15,2022-11-25,25-244,LAL,@,SAS,W (+11),0,12:56,1.0,1.0,1.000,0.0,0.0,,0,0.0,,2.0,4.0,6.0,2.0,0.0,0.0,1.0,1.0,2.0,4.3,-5,1.0,1.0,1.0,44,53,7,16,54,26,32,42,42,11,37,35,39,6,30,63,56.0,64.0,7.0,41.0,66.0,52.0,70.0,55.0,56.0,34.0,41.0,67.0,73.0,6.0,4.0,59.0,,76.0,0.7857142857142857,0.828125,1.0,0.3902439024390244,0.8181818181818182,0.5,0.4571428571428571,0.7636363636363637,0.75,0.3235294117647059,0.902439024390244,0.5223880597014925,0.5342465753424658,1.0,0.0,0.5084745762711864,,0.8289473684210527,7,13,24,24,7,71.0,43.0,78.0,81.0,49.0,80.0,5.0,0.1627906976744186,0.1830985915492957,0.3076923076923077,0.2962962962962963,0.1428571428571428,0.0,0.0,21,8.0,121.0,5.761904761904762,4.3,120.59999999999998,5.742857142857142
17,18,16,2022-11-26,25-245,LAL,@,SAS,W (+5),0,21:52,5.0,8.0,.625,2.0,4.0,.500,3,3.0,1.000,0.0,4.0,4.0,1.0,1.0,2.0,2.0,3.0,15.0,12.5,+1,4.0,3.0,0.75,44,53,7,16,54,26,32,42,42,11,37,35,39,6,30,63,56.0,64.0,7.0,41.0,66.0,52.0,70.0,55.0,56.0,34.0,41.0,67.0,73.0,6.0,4.0,59.0,,76.0,0.7857142857142857,0.828125,1.0,0.3902439024390244,0.8181818181818182,0.5,0.4571428571428571,0.7636363636363637,0.75,0.3235294117647059,0.902439024390244,0.5223880597014925,0.5342465753424658,1.0,0.0,0.5084745762711864,,0.8289473684210527,7,13,24,24,7,71.0,43.0,78.0,81.0,49.0,80.0,5.0,0.1627906976744186,0.1830985915492957,0.3076923076923077,0.2962962962962963,0.1428571428571428,0.0,0.0,21,10.0,115.0,5.476190476190476,11.299999999999995,131.1,6.242857142857143
18,19,17,2022-11-28,25-247,LAL,,IND,L (-1),0,13:00,2.0,7.0,.286,0.0,1.0,.000,1,2.0,.500,5.0,4.0,9.0,0.0,0.0,1.0,1.0,1.0,5.0,4.5,+5,6.0,2.0,0.3333333333333333,44,53,7,16,54,26,32,42,42,11,37,35,39,6,30,63,56.0,64.0,7.0,41.0,66.0,52.0,70.0,55.0,56.0,34.0,41.0,67.0,73.0,6.0,4.0,59.0,,76.0,0.7857142857142857,0.828125,1.0,0.3902439024390244,0.8181818181818182,0.5,0.4571428571428571,0.7636363636363637,0.75,0.3235294117647059,0.902439024390244,0.5223880597014925,0.5342465753424658,1.0,0.0,0.5084745762711864,,0.8289473684210527,7,13,24,24,7,71.0,43.0,78.0,81.0,49.0,80.0,5.0,0.1627906976744186,0.1830985915492957,0.3076923076923077,0.2962962962962963,0.1428571428571428,0.0,0.0,21,5.0,101.0,4.809523809523809,4.1,93.4,4.447619047619048
19,20,18,2022-11-30,25-249,LAL,,POR,W (+19),0,10:55,2.0,2.0,1.000,0.0,0.0,,2,2.0,1.000,2.0,2.0,4.0,0.0,1.0,0.0,0.0,0.0,6.0,8.4,+11,2.0,2.0,1.0,44,53,7,16,54,26,32,42,42,11,37,35,39,6,30,63,56.0,64.0,7.0,41.0,66.0,52.0,70.0,55.0,56.0,34.0,41.0,67.0,73.0,6.0,4.0,59.0,,76.0,0.7857142857142857,0.828125,1.0,0.3902439024390244,0.8181818181818182,0.5,0.4571428571428571,0.7636363636363637,0.75,0.3235294117647059,0.902439024390244,0.5223880597014925,0.5342465753424658,1.0,0.0,0.5084745762711864,,0.8289473684210527,7,13,24,24,7,71.0,43.0,78.0,81.0,49.0,80.0,5.0,0.1627906976744186,0.1830985915492957,0.3076923076923077,0.2962962962962963,0.1428571428571428,0.0,0.0,21,7.0,106.0,5.047619047619048,7.599999999999999,125.3,5.966666666666667
20,Rk,G,Date,Age,Tm,,Opp,,GS,MP,0.0,0.0,FG%,,,3P%,FT,0.0,FT%,0.0,0.0,,0.0,0.0,0.0,0.0,0.0,0.0,GmSc,+/-,,,,44,53,7,16,54,26,32,42,42,11,37,35,39,6,30,63,56.0,64.0,7.0,41.0,66.0,52.0,70.0,55.0,56.0,34.0,41.0,67.0,73.0,6.0,4.0,59.0,,76.0,0.7857142857142857,0.828125,1.0,0.3902439024390244,0.8181818181818182,0.5,0.4571428571428571,0.7636363636363637,0.75,0.3235294117647059,0.902439024390244,0.5223880597014925,0.5342465753424658,1.0,0.0,0.5084745762711864,,0.8289473684210527,7,13,24,24,7,71.0,43.0,78.0,81.0,49.0,80.0,5.0,0.1627906976744186,0.1830985915492957,0.3076923076923077,0.2962962962962963,0.1428571428571428,0.0,0.0,21,,0.0,0.0,0.0,0.0,0.0
21,21,19,2022-12-02,25-251,LAL,@,MIL,W (+4),0,14:24,2.0,4.0,.500,1.0,1.0,1.000,0,0.0,,4.0,2.0,6.0,1.0,1.0,0.0,1.0,1.0,5.0,6.7,+14,3.0,1.0,0.3333333333333333,44,53,7,16,54,26,32,42,42,11,37,35,39,6,30,63,56.0,64.0,7.0,41.0,66.0,52.0,70.0,55.0,56.0,34.0,41.0,67.0,73.0,6.0,4.0,59.0,,76.0,0.7857142857142857,0.828125,1.0,0.3902439024390244,0.8181818181818182,0.5,0.4571428571428571,0.7636363636363637,0.75,0.3235294117647059,0.902439024390244,0.5223880597014925,0.5342465753424658,1.0,0.0,0.5084745762711864,,0.8289473684210527,7,13,24,24,7,71.0,43.0,78.0,81.0,49.0,80.0,5.0,0.1627906976744186,0.1830985915492957,0.3076923076923077,0.2962962962962963,0.1428571428571428,0.0,0.0,21,8.0,94.0,4.476190476190476,6.6999999999999975,119.0,5.666666666666667
22,22,20,2022-12-04,25-253,LAL,@,WAS,W (+11),0,8:36,0.0,1.0,.000,0.0,1.0,.000,0,0.0,,2.0,0.0,2.0,0.0,0.0,1.0,0.0,2.0,0.0,0.6,-14,0.0,0.0,,44,53,7,16,54,26,32,42,42,11,37,35,39,6,30,63,56.0,64.0,7.0,41.0,66.0,52.0,70.0,55.0,56.0,34.0,41.0,67.0,73.0,6.0,4.0,59.0,,76.0,0.7857142857142857,0.828125,1.0,0.3902439024390244,0.8181818181818182,0.5,0.4571428571428571,0.7636363636363637,0.75,0.3235294117647059,0.902439024390244,0.5223880597014925,0.5342465753424658,1.0,0.0,0.5084745762711864,,0.8289473684210527,7,13,24,24,7,71.0,43.0,78.0,81.0,49.0,80.0,5.0,0.1627906976744186,0.1830985915492957,0.3076923076923077,0.2962962962962963,0.1428571428571428,0.0,0.0,21,2.0,115.0,5.476190476190476,0.5999999999999996,124.59999999999998,5.933333333333333
23,23,,2022-12-06,25-255,LAL,@,CLE,L (-14),Inactive,Inactive,0.0,0.0,Inactive,,,Inactive,Inactive,0.0,Inactive,0.0,0.0,,0.0,0.0,0.0,0.0,0.0,0.0,Inactive,Inactive,,,,44,53,7,16,54,26,32,42,42,11,37,35,39,6,30,63,56.0,64.0,7.0,41.0,66.0,52.0,70.0,55.0,56.0,34.0,41.0,67.0,73.0,6.0,4.0,59.0,,76.0,0.7857142857142857,0.828125,1.0,0.3902439024390244,0.8181818181818182,0.5,0.4571428571428571,0.7636363636363637,0.75,0.3235294117647059,0.902439024390244,0.5223880597014925,0.5342465753424658,1.0,0.0,0.5084745762711864,,0.8289473684210527,7,13,24,24,7,71.0,43.0,78.0,81.0,49.0,80.0,5.0,0.1627906976744186,0.1830985915492957,0.3076923076923077,0.2962962962962963,0.1428571428571428,0.0,0.0,21,,63.0,3.0,0.0,73.0,3.4761904761904763
24,24,,2022-12-07,25-256,LAL,@,TOR,L (-13),Did Not Dress,Did Not Dress,0.0,0.0,Did Not Dress,,,Did Not Dress,Did Not Dress,0.0,Did Not Dress,0.0,0.0,,0.0,0.0,0.0,0.0,0.0,0.0,Did Not Dress,Did Not Dress,,,,44,53,7,16,54,26,32,42,42,11,37,35,39,6,30,63,56.0,64.0,7.0,41.0,66.0,52.0,70.0,55.0,56.0,34.0,41.0,67.0,73.0,6.0,4.0,59.0,,76.0,0.7857142857142857,0.828125,1.0,0.3902439024390244,0.8181818181818182,0.5,0.4571428571428571,0.7636363636363637,0.75,0.3235294117647059,0.902439024390244,0.5223880597014925,0.5342465753424658,1.0,0.0,0.5084745762711864,,0.8289473684210527,7,13,24,24,7,71.0,43.0,78.0,81.0,49.0,80.0,5.0,0.1627906976744186,0.1830985915492957,0.3076923076923077,0.2962962962962963,0.1428571428571428,0.0,0.0,21,,45.0,2.142857142857143,0.0,63.8,3.038095238095238
25,25,,2022-12-09,25-258,LAL,@,PHI,L (-11),Inactive,Inactive,0.0,0.0,Inactive,,,Inactive,Inactive,0.0,Inactive,0.0,0.0,,0.0,0.0,0.0,0.0,0.0,0.0,Inactive,Inactive,,,,44,53,7,16,54,26,32,42,42,11,37,35,39,6,30,63,56.0,64.0,7.0,41.0,66.0,52.0,70.0,55.0,56.0,34.0,41.0,67.0,73.0,6.0,4.0,59.0,,76.0,0.7857142857142857,0.828125,1.0,0.3902439024390244,0.8181818181818182,0.5,0.4571428571428571,0.7636363636363637,0.75,0.3235294117647059,0.902439024390244,0.5223880597014925,0.5342465753424658,1.0,0.0,0.5084745762711864,,0.8289473684210527,7,13,24,24,7,71.0,43.0,78.0,81.0,49.0,80.0,5.0,0.1627906976744186,0.1830985915492957,0.3076923076923077,0.2962962962962963,0.1428571428571428,0.0,0.0,21,,70.0,3.333333333333333,0.0,98.9,4.70952380952381
26,26,,2022-12-11,25-260,LAL,@,DET,W (+7),Inactive,Inactive,0.0,0.0,Inactive,,,Inactive,Inactive,0.0,Inactive,0.0,0.0,,0.0,0.0,0.0,0.0,0.0,0.0,Inactive,Inactive,,,,44,53,7,16,54,26,32,42,42,11,37,35,39,6,30,63,56.0,64.0,7.0,41.0,66.0,52.0,70.0,55.0,56.0,34.0,41.0,67.0,73.0,6.0,4.0,59.0,,76.0,0.7857142857142857,0.828125,1.0,0.3902439024390244,0.8181818181818182,0.5,0.4571428571428571,0.7636363636363637,0.75,0.3235294117647059,0.902439024390244,0.5223880597014925,0.5342465753424658,1.0,0.0,0.5084745762711864,,0.8289473684210527,7,13,24,24,7,71.0,43.0,78.0,81.0,49.0,80.0,5.0,0.1627906976744186,0.1830985915492957,0.3076923076923077,0.2962962962962963,0.1428571428571428,0.0,0.0,21,,107.0,5.095238095238095,0.0,121.00000000000004,5.761904761904764
27,27,,2022-12-13,25-262,LAL,,BOS,L (-4),Inactive,Inactive,0.0,0.0,Inactive,,,Inactive,Inactive,0.0,Inactive,0.0,0.0,,0.0,0.0,0.0,0.0,0.0,0.0,Inactive,Inactive,,,,44,53,7,16,54,26,32,42,42,11,37,35,39,6,30,63,56.0,64.0,7.0,41.0,66.0,52.0,70.0,55.0,56.0,34.0,41.0,67.0,73.0,6.0,4.0,59.0,,76.0,0.7857142857142857,0.828125,1.0,0.3902439024390244,0.8181818181818182,0.5,0.4571428571428571,0.7636363636363637,0.75,0.3235294117647059,0.902439024390244,0.5223880597014925,0.5342465753424658,1.0,0.0,0.5084745762711864,,0.8289473684210527,7,13,24,24,7,71.0,43.0,78.0,81.0,49.0,80.0,5.0,0.1627906976744186,0.1830985915492957,0.3076923076923077,0.2962962962962963,0.1428571428571428,0.0,0.0,21,,101.0,4.809523809523809,0.0,103.2,4.914285714285715
28,28,,2022-12-16,25-265,LAL,,DEN,W (+18),Inactive,Inactive,0.0,0.0,Inactive,,,Inactive,Inactive,0.0,Inactive,0.0,0.0,,0.0,0.0,0.0,0.0,0.0,0.0,Inactive,Inactive,,,,44,53,7,16,54,26,32,42,42,11,37,35,39,6,30,63,56.0,64.0,7.0,41.0,66.0,52.0,70.0,55.0,56.0,34.0,41.0,67.0,73.0,6.0,4.0,59.0,,76.0,0.7857142857142857,0.828125,1.0,0.3902439024390244,0.8181818181818182,0.5,0.4571428571428571,0.7636363636363637,0.75,0.3235294117647059,0.902439024390244,0.5223880597014925,0.5342465753424658,1.0,0.0,0.5084745762711864,,0.8289473684210527,7,13,24,24,7,71.0,43.0,78.0,81.0,49.0,80.0,5.0,0.1627906976744186,0.1830985915492957,0.3076923076923077,0.2962962962962963,0.1428571428571428,0.0,0.0,21,,94.0,4.476190476190476,0.0,104.8,4.9904761904761905
29,29,,2022-12-18,25-267,LAL,,WAS,W (+2),Inactive,Inactive,0.0,0.0,Inactive,,,Inactive,Inactive,0.0,Inactive,0.0,0.0,,0.0,0.0,0.0,0.0,0.0,0.0,Inactive,Inactive,,,,44,53,7,16,54,26,32,42,42,11,37,35,39,6,30,63,56.0,64.0,7.0,41.0,66.0,52.0,70.0,55.0,56.0,34.0,41.0,67.0,73.0,6.0,4.0,59.0,,76.0,0.7857142857142857,0.828125,1.0,0.3902439024390244,0.8181818181818182,0.5,0.4571428571428571,0.7636363636363637,0.75,0.3235294117647059,0.902439024390244,0.5223880597014925,0.5342465753424658,1.0,0.0,0.5084745762711864,,0.8289473684210527,7,13,24,24,7,71.0,43.0,78.0,81.0,49.0,80.0,5.0,0.1627906976744186,0.1830985915492957,0.3076923076923077,0.2962962962962963,0.1428571428571428,0.0,0.0,21,,89.0,4.238095238095238,0.0,94.09999999999998,4.48095238095238
30,30,21,2022-12-19,25-268,LAL,@,PHO,L (-26),0,26:59,2.0,5.0,.400,0.0,0.0,,0,0.0,,3.0,3.0,6.0,0.0,0.0,0.0,1.0,2.0,4.0,2.5,-12,5.0,2.0,0.4,44,53,7,16,54,26,32,42,42,11,37,35,39,6,30,63,56.0,64.0,7.0,41.0,66.0,52.0,70.0,55.0,56.0,34.0,41.0,67.0,73.0,6.0,4.0,59.0,,76.0,0.7857142857142857,0.828125,1.0,0.3902439024390244,0.8181818181818182,0.5,0.4571428571428571,0.7636363636363637,0.75,0.3235294117647059,0.902439024390244,0.5223880597014925,0.5342465753424658,1.0,0.0,0.5084745762711864,,0.8289473684210527,7,13,24,24,7,71.0,43.0,78.0,81.0,49.0,80.0,5.0,0.1627906976744186,0.1830985915492957,0.3076923076923077,0.2962962962962963,0.1428571428571428,0.0,0.0,21,4.0,106.0,5.047619047619048,2.499999999999999,115.7,5.5095238095238095
31,31,22,2022-12-21,25-270,LAL,@,SAC,L (-14),0,12:51,3.0,4.0,.750,0.0,0.0,,1,2.0,.500,1.0,2.0,3.0,0.0,0.0,1.0,2.0,5.0,7.0,3.0,-1,4.0,3.0,0.75,44,53,7,16,54,26,32,42,42,11,37,35,39,6,30,63,56.0,64.0,7.0,41.0,66.0,52.0,70.0,55.0,56.0,34.0,41.0,67.0,73.0,6.0,4.0,59.0,,76.0,0.7857142857142857,0.828125,1.0,0.3902439024390244,0.8181818181818182,0.5,0.4571428571428571,0.7636363636363637,0.75,0.3235294117647059,0.902439024390244,0.5223880597014925,0.5342465753424658,1.0,0.0,0.5084745762711864,,0.8289473684210527,7,13,24,24,7,71.0,43.0,78.0,81.0,49.0,80.0,5.0,0.1627906976744186,0.1830985915492957,0.3076923076923077,0.2962962962962963,0.1428571428571428,0.0,0.0,21,3.0,64.0,3.0476190476190474,2.599999999999998,68.99999999999999,3.285714285714285
32,32,23,2022-12-23,25-272,LAL,,CHO,L (-4),0,16:25,5.0,5.0,1.000,0.0,0.0,,3,4.0,.750,5.0,2.0,7.0,0.0,0.0,1.0,1.0,3.0,13.0,13.7,-6,5.0,5.0,1.0,44,53,7,16,54,26,32,42,42,11,37,35,39,6,30,63,56.0,64.0,7.0,41.0,66.0,52.0,70.0,55.0,56.0,34.0,41.0,67.0,73.0,6.0,4.0,59.0,,76.0,0.7857142857142857,0.828125,1.0,0.3902439024390244,0.8181818181818182,0.5,0.4571428571428571,0.7636363636363637,0.75,0.3235294117647059,0.902439024390244,0.5223880597014925,0.5342465753424658,1.0,0.0,0.5084745762711864,,0.8289473684210527,7,13,24,24,7,71.0,43.0,78.0,81.0,49.0,80.0,5.0,0.1627906976744186,0.1830985915492957,0.3076923076923077,0.2962962962962963,0.1428571428571428,0.0,0.0,21,11.0,74.0,3.523809523809524,12.5,76.69999999999999,3.652380952380952
33,33,24,2022-12-25,25-274,LAL,@,DAL,L (-9),0,17:49,0.0,3.0,.000,0.0,0.0,,2,4.0,.500,3.0,4.0,7.0,0.0,0.0,0.0,1.0,2.0,2.0,0.6,-10,3.0,0.0,0.0,44,53,7,16,54,26,32,42,42,11,37,35,39,6,30,63,56.0,64.0,7.0,41.0,66.0,52.0,70.0,55.0,56.0,34.0,41.0,67.0,73.0,6.0,4.0,59.0,,76.0,0.7857142857142857,0.828125,1.0,0.3902439024390244,0.8181818181818182,0.5,0.4571428571428571,0.7636363636363637,0.75,0.3235294117647059,0.902439024390244,0.5223880597014925,0.5342465753424658,1.0,0.0,0.5084745762711864,,0.8289473684210527,7,13,24,24,7,71.0,43.0,78.0,81.0,49.0,80.0,5.0,0.1627906976744186,0.1830985915492957,0.3076923076923077,0.2962962962962963,0.1428571428571428,0.0,0.0,21,1.0,74.0,3.523809523809524,-0.1999999999999999,80.89999999999999,3.852380952380952
34,34,25,2022-12-27,25-276,LAL,@,ORL,W (+19),0,15:11,2.0,5.0,.400,1.0,2.0,.500,0,0.0,,1.0,5.0,6.0,1.0,0.0,0.0,0.0,3.0,5.0,4.0,+11,3.0,1.0,0.3333333333333333,44,53,7,16,54,26,32,42,42,11,37,35,39,6,30,63,56.0,64.0,7.0,41.0,66.0,52.0,70.0,55.0,56.0,34.0,41.0,67.0,73.0,6.0,4.0,59.0,,76.0,0.7857142857142857,0.828125,1.0,0.3902439024390244,0.8181818181818182,0.5,0.4571428571428571,0.7636363636363637,0.75,0.3235294117647059,0.902439024390244,0.5223880597014925,0.5342465753424658,1.0,0.0,0.5084745762711864,,0.8289473684210527,7,13,24,24,7,71.0,43.0,78.0,81.0,49.0,80.0,5.0,0.1627906976744186,0.1830985915492957,0.3076923076923077,0.2962962962962963,0.1428571428571428,0.0,0.0,21,7.0,93.0,4.428571428571429,3.999999999999999,103.1,4.909523809523809
35,35,26,2022-12-28,25-277,LAL,@,MIA,L (-14),0,13:36,4.0,4.0,1.000,1.0,1.0,1.000,1,1.0,1.000,0.0,1.0,1.0,0.0,0.0,1.0,0.0,2.0,10.0,9.0,+5,3.0,3.0,1.0,44,53,7,16,54,26,32,42,42,11,37,35,39,6,30,63,56.0,64.0,7.0,41.0,66.0,52.0,70.0,55.0,56.0,34.0,41.0,67.0,73.0,6.0,4.0,59.0,,76.0,0.7857142857142857,0.828125,1.0,0.3902439024390244,0.8181818181818182,0.5,0.4571428571428571,0.7636363636363637,0.75,0.3235294117647059,0.902439024390244,0.5223880597014925,0.5342465753424658,1.0,0.0,0.5084745762711864,,0.8289473684210527,7,13,24,24,7,71.0,43.0,78.0,81.0,49.0,80.0,5.0,0.1627906976744186,0.1830985915492957,0.3076923076923077,0.2962962962962963,0.1428571428571428,0.0,0.0,21,7.0,59.0,2.8095238095238093,8.6,68.3,3.2523809523809524
36,36,27,2022-12-30,25-279,LAL,@,ATL,W (+9),0,14:06,5.0,8.0,.625,0.0,0.0,,1,1.0,1.000,4.0,1.0,5.0,0.0,0.0,1.0,0.0,1.0,11.0,10.8,0,8.0,5.0,0.625,44,53,7,16,54,26,32,42,42,11,37,35,39,6,30,63,56.0,64.0,7.0,41.0,66.0,52.0,70.0,55.0,56.0,34.0,41.0,67.0,73.0,6.0,4.0,59.0,,76.0,0.7857142857142857,0.828125,1.0,0.3902439024390244,0.8181818181818182,0.5,0.4571428571428571,0.7636363636363637,0.75,0.3235294117647059,0.902439024390244,0.5223880597014925,0.5342465753424658,1.0,0.0,0.5084745762711864,,0.8289473684210527,7,13,24,24,7,71.0,43.0,78.0,81.0,49.0,80.0,5.0,0.1627906976744186,0.1830985915492957,0.3076923076923077,0.2962962962962963,0.1428571428571428,0.0,0.0,21,8.0,71.0,3.380952380952381,10.4,73.60000000000001,3.504761904761905
37,37,28,2023-01-02,25-282,LAL,@,CHO,W (+6),0,10:46,2.0,3.0,.667,0.0,0.0,,1,3.0,.333,1.0,0.0,1.0,0.0,0.0,1.0,1.0,3.0,5.0,2.1,+15,3.0,2.0,0.6666666666666666,44,53,7,16,54,26,32,42,42,11,37,35,39,6,30,63,56.0,64.0,7.0,41.0,66.0,52.0,70.0,55.0,56.0,34.0,41.0,67.0,73.0,6.0,4.0,59.0,,76.0,0.7857142857142857,0.828125,1.0,0.3902439024390244,0.8181818181818182,0.5,0.4571428571428571,0.7636363636363637,0.75,0.3235294117647059,0.902439024390244,0.5223880597014925,0.5342465753424658,1.0,0.0,0.5084745762711864,,0.8289473684210527,7,13,24,24,7,71.0,43.0,78.0,81.0,49.0,80.0,5.0,0.1627906976744186,0.1830985915492957,0.3076923076923077,0.2962962962962963,0.1428571428571428,0.0,0.0,21,0.0,85.0,4.047619047619048,1.7000000000000002,97.1,4.623809523809523
38,38,29,2023-01-04,25-284,LAL,,MIA,W (+3),0,19:39,4.0,6.0,.667,1.0,1.0,1.000,1,2.0,.500,0.0,4.0,4.0,0.0,0.0,1.0,1.0,3.0,10.0,6.7,0,5.0,3.0,0.6,44,53,7,16,54,26,32,42,42,11,37,35,39,6,30,63,56.0,64.0,7.0,41.0,66.0,52.0,70.0,55.0,56.0,34.0,41.0,67.0,73.0,6.0,4.0,59.0,,76.0,0.7857142857142857,0.828125,1.0,0.3902439024390244,0.8181818181818182,0.5,0.4571428571428571,0.7636363636363637,0.75,0.3235294117647059,0.902439024390244,0.5223880597014925,0.5342465753424658,1.0,0.0,0.5084745762711864,,0.8289473684210527,7,13,24,24,7,71.0,43.0,78.0,81.0,49.0,80.0,5.0,0.1627906976744186,0.1830985915492957,0.3076923076923077,0.2962962962962963,0.1428571428571428,0.0,0.0,21,6.0,56.0,2.6666666666666665,6.299999999999998,64.19999999999999,3.0571428571428565
39,39,30,2023-01-06,25-286,LAL,,ATL,W (+16),0,19:29,2.0,2.0,1.000,0.0,0.0,,0,1.0,.000,2.0,3.0,5.0,2.0,0.0,0.0,2.0,1.0,4.0,4.3,+16,2.0,2.0,1.0,44,53,7,16,54,26,32,42,42,11,37,35,39,6,30,63,56.0,64.0,7.0,41.0,66.0,52.0,70.0,55.0,56.0,34.0,41.0,67.0,73.0,6.0,4.0,59.0,,76.0,0.7857142857142857,0.828125,1.0,0.3902439024390244,0.8181818181818182,0.5,0.4571428571428571,0.7636363636363637,0.75,0.3235294117647059,0.902439024390244,0.5223880597014925,0.5342465753424658,1.0,0.0,0.5084745762711864,,0.8289473684210527,7,13,24,24,7,71.0,43.0,78.0,81.0,49.0,80.0,5.0,0.1627906976744186,0.1830985915492957,0.3076923076923077,0.2962962962962963,0.1428571428571428,0.0,0.0,21,6.0,73.0,3.4761904761904763,4.299999999999999,78.8,3.7523809523809524
40,40,31,2023-01-07,25-287,LAL,@,SAC,W (+2),0,13:11,3.0,5.0,.600,0.0,1.0,.000,0,0.0,,2.0,1.0,3.0,1.0,0.0,0.0,1.0,6.0,6.0,2.7,-12,4.0,3.0,0.75,44,53,7,16,54,26,32,42,42,11,37,35,39,6,30,63,56.0,64.0,7.0,41.0,66.0,52.0,70.0,55.0,56.0,34.0,41.0,67.0,73.0,6.0,4.0,59.0,,76.0,0.7857142857142857,0.828125,1.0,0.3902439024390244,0.8181818181818182,0.5,0.4571428571428571,0.7636363636363637,0.75,0.3235294117647059,0.902439024390244,0.5223880597014925,0.5342465753424658,1.0,0.0,0.5084745762711864,,0.8289473684210527,7,13,24,24,7,71.0,43.0,78.0,81.0,49.0,80.0,5.0,0.1627906976744186,0.1830985915492957,0.3076923076923077,0.2962962962962963,0.1428571428571428,0.0,0.0,21,4.0,74.0,3.523809523809524,2.7,91.80000000000004,4.371428571428574
41,Rk,G,Date,Age,Tm,,Opp,,GS,MP,0.0,0.0,FG%,,,3P%,FT,0.0,FT%,0.0,0.0,,0.0,0.0,0.0,0.0,0.0,0.0,GmSc,+/-,,,,44,53,7,16,54,26,32,42,42,11,37,35,39,6,30,63,56.0,64.0,7.0,41.0,66.0,52.0,70.0,55.0,56.0,34.0,41.0,67.0,73.0,6.0,4.0,59.0,,76.0,0.7857142857142857,0.828125,1.0,0.3902439024390244,0.8181818181818182,0.5,0.4571428571428571,0.7636363636363637,0.75,0.3235294117647059,0.902439024390244,0.5223880597014925,0.5342465753424658,1.0,0.0,0.5084745762711864,,0.8289473684210527,7,13,24,24,7,71.0,43.0,78.0,81.0,49.0,80.0,5.0,0.1627906976744186,0.1830985915492957,0.3076923076923077,0.2962962962962963,0.1428571428571428,0.0,0.0,21,,0.0,0.0,0.0,0.0,0.0
42,41,32,2023-01-09,25-289,LAL,@,DEN,L (-13),0,19:15,4.0,6.0,.667,1.0,1.0,1.000,0,0.0,,2.0,3.0,5.0,0.0,0.0,2.0,1.0,0.0,9.0,9.1,-8,5.0,3.0,0.6,44,53,7,16,54,26,32,42,42,11,37,35,39,6,30,63,56.0,64.0,7.0,41.0,66.0,52.0,70.0,55.0,56.0,34.0,41.0,67.0,73.0,6.0,4.0,59.0,,76.0,0.7857142857142857,0.828125,1.0,0.3902439024390244,0.8181818181818182,0.5,0.4571428571428571,0.7636363636363637,0.75,0.3235294117647059,0.902439024390244,0.5223880597014925,0.5342465753424658,1.0,0.0,0.5084745762711864,,0.8289473684210527,7,13,24,24,7,71.0,43.0,78.0,81.0,49.0,80.0,5.0,0.1627906976744186,0.1830985915492957,0.3076923076923077,0.2962962962962963,0.1428571428571428,0.0,0.0,21,9.0,66.0,3.142857142857143,9.1,69.39999999999999,3.3047619047619046
43,42,33,2023-01-12,25-292,LAL,,DAL,L (-4),0,33:04,6.0,8.0,.750,1.0,2.0,.500,1,2.0,.500,2.0,5.0,7.0,0.0,2.0,2.0,0.0,3.0,14.0,15.5,+9,6.0,5.0,0.8333333333333334,44,53,7,16,54,26,32,42,42,11,37,35,39,6,30,63,56.0,64.0,7.0,41.0,66.0,52.0,70.0,55.0,56.0,34.0,41.0,67.0,73.0,6.0,4.0,59.0,,76.0,0.7857142857142857,0.828125,1.0,0.3902439024390244,0.8181818181818182,0.5,0.4571428571428571,0.7636363636363637,0.75,0.3235294117647059,0.902439024390244,0.5223880597014925,0.5342465753424658,1.0,0.0,0.5084745762711864,,0.8289473684210527,7,13,24,24,7,71.0,43.0,78.0,81.0,49.0,80.0,5.0,0.1627906976744186,0.1830985915492957,0.3076923076923077,0.2962962962962963,0.1428571428571428,0.0,0.0,21,15.0,84.0,4.0,15.099999999999994,62.29999999999999,2.9666666666666663
44,43,34,2023-01-15,25-295,LAL,,PHI,L (-1),0,26:18,7.0,11.0,.636,0.0,1.0,.000,0,0.0,,1.0,0.0,1.0,0.0,0.0,2.0,0.0,4.0,14.0,9.6,+4,10.0,7.0,0.7,44,53,7,16,54,26,32,42,42,11,37,35,39,6,30,63,56.0,64.0,7.0,41.0,66.0,52.0,70.0,55.0,56.0,34.0,41.0,67.0,73.0,6.0,4.0,59.0,,76.0,0.7857142857142857,0.828125,1.0,0.3902439024390244,0.8181818181818182,0.5,0.4571428571428571,0.7636363636363637,0.75,0.3235294117647059,0.902439024390244,0.5223880597014925,0.5342465753424658,1.0,0.0,0.5084745762711864,,0.8289473684210527,7,13,24,24,7,71.0,43.0,78.0,81.0,49.0,80.0,5.0,0.1627906976744186,0.1830985915492957,0.3076923076923077,0.2962962962962963,0.1428571428571428,0.0,0.0,21,6.0,72.0,3.4285714285714284,9.6,77.1,3.6714285714285713
45,44,35,2023-01-16,25-296,LAL,,HOU,W (+8),0,24:07,5.0,8.0,.625,0.0,1.0,.000,4,4.0,1.000,5.0,4.0,9.0,1.0,1.0,2.0,0.0,6.0,14.0,15.8,+15,7.0,5.0,0.7142857142857143,44,53,7,16,54,26,32,42,42,11,37,35,39,6,30,63,56.0,64.0,7.0,41.0,66.0,52.0,70.0,55.0,56.0,34.0,41.0,67.0,73.0,6.0,4.0,59.0,,76.0,0.7857142857142857,0.828125,1.0,0.3902439024390244,0.8181818181818182,0.5,0.4571428571428571,0.7636363636363637,0.75,0.3235294117647059,0.902439024390244,0.5223880597014925,0.5342465753424658,1.0,0.0,0.5084745762711864,,0.8289473684210527,7,13,24,24,7,71.0,43.0,78.0,81.0,49.0,80.0,5.0,0.1627906976744186,0.1830985915492957,0.3076923076923077,0.2962962962962963,0.1428571428571428,0.0,0.0,21,15.0,57.0,2.7142857142857144,14.199999999999994,77.90000000000002,3.7095238095238106
46,45,36,2023-01-18,25-298,LAL,,SAC,L (-5),0,23:33,5.0,8.0,.625,0.0,1.0,.000,0,0.0,,3.0,3.0,6.0,1.0,1.0,1.0,1.0,3.0,10.0,9.6,-3,7.0,5.0,0.7142857142857143,44,53,7,16,54,26,32,42,42,11,37,35,39,6,30,63,56.0,64.0,7.0,41.0,66.0,52.0,70.0,55.0,56.0,34.0,41.0,67.0,73.0,6.0,4.0,59.0,,76.0,0.7857142857142857,0.828125,1.0,0.3902439024390244,0.8181818181818182,0.5,0.4571428571428571,0.7636363636363637,0.75,0.3235294117647059,0.902439024390244,0.5223880597014925,0.5342465753424658,1.0,0.0,0.5084745762711864,,0.8289473684210527,7,13,24,24,7,71.0,43.0,78.0,81.0,49.0,80.0,5.0,0.1627906976744186,0.1830985915492957,0.3076923076923077,0.2962962962962963,0.1428571428571428,0.0,0.0,21,10.0,72.0,3.4285714285714284,9.599999999999998,82.8,3.9428571428571426
47,46,37,2023-01-20,25-300,LAL,,MEM,W (+1),0,21:52,2.0,5.0,.400,0.0,1.0,.000,1,2.0,.500,1.0,4.0,5.0,0.0,0.0,0.0,0.0,4.0,5.0,2.2,-13,4.0,2.0,0.5,44,53,7,16,54,26,32,42,42,11,37,35,39,6,30,63,56.0,64.0,7.0,41.0,66.0,52.0,70.0,55.0,56.0,34.0,41.0,67.0,73.0,6.0,4.0,59.0,,76.0,0.7857142857142857,0.828125,1.0,0.3902439024390244,0.8181818181818182,0.5,0.4571428571428571,0.7636363636363637,0.75,0.3235294117647059,0.902439024390244,0.5223880597014925,0.5342465753424658,1.0,0.0,0.5084745762711864,,0.8289473684210527,7,13,24,24,7,71.0,43.0,78.0,81.0,49.0,80.0,5.0,0.1627906976744186,0.1830985915492957,0.3076923076923077,0.2962962962962963,0.1428571428571428,0.0,0.0,21,3.0,86.0,4.095238095238095,1.8000000000000005,77.4,3.685714285714286
48,47,38,2023-01-22,25-302,LAL,@,POR,W (+9),0,12:00,2.0,2.0,1.000,0.0,0.0,,0,2.0,.000,0.0,0.0,0.0,0.0,0.0,0.0,3.0,3.0,4.0,-1.6,-2,2.0,2.0,1.0,44,53,7,16,54,26,32,42,42,11,37,35,39,6,30,63,56.0,64.0,7.0,41.0,66.0,52.0,70.0,55.0,56.0,34.0,41.0,67.0,73.0,6.0,4.0,59.0,,76.0,0.7857142857142857,0.828125,1.0,0.3902439024390244,0.8181818181818182,0.5,0.4571428571428571,0.7636363636363637,0.75,0.3235294117647059,0.902439024390244,0.5223880597014925,0.5342465753424658,1.0,0.0,0.5084745762711864,,0.8289473684210527,7,13,24,24,7,71.0,43.0,78.0,81.0,49.0,80.0,5.0,0.1627906976744186,0.1830985915492957,0.3076923076923077,0.2962962962962963,0.1428571428571428,0.0,0.0,21,-3.0,77.0,3.6666666666666665,-1.6000000000000003,91.2,4.342857142857143
49,48,39,2023-01-24,25-304,LAL,,LAC,L (-18),0,14:06,4.0,6.0,.667,0.0,0.0,,0,3.0,.000,4.0,2.0,6.0,0.0,0.0,0.0,0.0,2.0,8.0,6.8,-12,6.0,4.0,0.6666666666666666,44,53,7,16,54,26,32,42,42,11,37,35,39,6,30,63,56.0,64.0,7.0,41.0,66.0,52.0,70.0,55.0,56.0,34.0,41.0,67.0,73.0,6.0,4.0,59.0,,76.0,0.7857142857142857,0.828125,1.0,0.3902439024390244,0.8181818181818182,0.5,0.4571428571428571,0.7636363636363637,0.75,0.3235294117647059,0.902439024390244,0.5223880597014925,0.5342465753424658,1.0,0.0,0.5084745762711864,,0.8289473684210527,7,13,24,24,7,71.0,43.0,78.0,81.0,49.0,80.0,5.0,0.1627906976744186,0.1830985915492957,0.3076923076923077,0.2962962962962963,0.1428571428571428,0.0,0.0,21,5.0,70.0,3.333333333333333,6.799999999999999,94.3,4.4904761904761905
50,49,40,2023-01-25,25-305,LAL,,SAS,W (+9),0,0:45,0.0,0.0,,0.0,0.0,,0,0.0,,0.0,1.0,1.0,0.0,0.0,0.0,0.0,0.0,0.0,0.3,0,0.0,0.0,,44,53,7,16,54,26,32,42,42,11,37,35,39,6,30,63,56.0,64.0,7.0,41.0,66.0,52.0,70.0,55.0,56.0,34.0,41.0,67.0,73.0,6.0,4.0,59.0,,76.0,0.7857142857142857,0.828125,1.0,0.3902439024390244,0.8181818181818182,0.5,0.4571428571428571,0.7636363636363637,0.75,0.3235294117647059,0.902439024390244,0.5223880597014925,0.5342465753424658,1.0,0.0,0.5084745762711864,,0.8289473684210527,7,13,24,24,7,71.0,43.0,78.0,81.0,49.0,80.0,5.0,0.1627906976744186,0.1830985915492957,0.3076923076923077,0.2962962962962963,0.1428571428571428,0.0,0.0,21,1.0,100.0,4.761904761904762,0.3,97.6,4.647619047619047
51,50,,2023-01-28,25-308,LAL,@,BOS,L (-4),Did Not Play,Did Not Play,0.0,0.0,Did Not Play,,,Did Not Play,Did Not Play,0.0,Did Not Play,0.0,0.0,,0.0,0.0,0.0,0.0,0.0,0.0,Did Not Play,Did Not Play,,,,44,53,7,16,54,26,32,42,42,11,37,35,39,6,30,63,56.0,64.0,7.0,41.0,66.0,52.0,70.0,55.0,56.0,34.0,41.0,67.0,73.0,6.0,4.0,59.0,,76.0,0.7857142857142857,0.828125,1.0,0.3902439024390244,0.8181818181818182,0.5,0.4571428571428571,0.7636363636363637,0.75,0.3235294117647059,0.902439024390244,0.5223880597014925,0.5342465753424658,1.0,0.0,0.5084745762711864,,0.8289473684210527,7,13,24,24,7,71.0,43.0,78.0,81.0,49.0,80.0,5.0,0.1627906976744186,0.1830985915492957,0.3076923076923077,0.2962962962962963,0.1428571428571428,0.0,0.0,21,,79.0,3.761904761904762,0.0,88.6,4.219047619047619
52,51,41,2023-01-30,25-310,LAL,@,BRK,L (-17),0,15:58,5.0,10.0,.500,0.0,2.0,.000,1,2.0,.500,1.0,3.0,4.0,0.0,0.0,0.0,0.0,0.0,11.0,7.2,-18,8.0,5.0,0.625,44,53,7,16,54,26,32,42,42,11,37,35,39,6,30,63,56.0,64.0,7.0,41.0,66.0,52.0,70.0,55.0,56.0,34.0,41.0,67.0,73.0,6.0,4.0,59.0,,76.0,0.7857142857142857,0.828125,1.0,0.3902439024390244,0.8181818181818182,0.5,0.4571428571428571,0.7636363636363637,0.75,0.3235294117647059,0.902439024390244,0.5223880597014925,0.5342465753424658,1.0,0.0,0.5084745762711864,,0.8289473684210527,7,13,24,24,7,71.0,43.0,78.0,81.0,49.0,80.0,5.0,0.1627906976744186,0.1830985915492957,0.3076923076923077,0.2962962962962963,0.1428571428571428,0.0,0.0,21,3.0,78.0,3.7142857142857135,6.8,71.19999999999999,3.39047619047619
53,52,,2023-01-31,25-311,LAL,@,NYK,W (+6),Did Not Play,Did Not Play,0.0,0.0,Did Not Play,,,Did Not Play,Did Not Play,0.0,Did Not Play,0.0,0.0,,0.0,0.0,0.0,0.0,0.0,0.0,Did Not Play,Did Not Play,,,,44,53,7,16,54,26,32,42,42,11,37,35,39,6,30,63,56.0,64.0,7.0,41.0,66.0,52.0,70.0,55.0,56.0,34.0,41.0,67.0,73.0,6.0,4.0,59.0,,76.0,0.7857142857142857,0.828125,1.0,0.3902439024390244,0.8181818181818182,0.5,0.4571428571428571,0.7636363636363637,0.75,0.3235294117647059,0.902439024390244,0.5223880597014925,0.5342465753424658,1.0,0.0,0.5084745762711864,,0.8289473684210527,7,13,24,24,7,71.0,43.0,78.0,81.0,49.0,80.0,5.0,0.1627906976744186,0.1830985915492957,0.3076923076923077,0.2962962962962963,0.1428571428571428,0.0,0.0,21,,90.0,4.285714285714286,0.0,95.7,4.557142857142857
54,53,,2023-02-02,25-313,LAL,@,IND,W (+1),Did Not Play,Did Not Play,0.0,0.0,Did Not Play,,,Did Not Play,Did Not Play,0.0,Did Not Play,0.0,0.0,,0.0,0.0,0.0,0.0,0.0,0.0,Did Not Play,Did Not Play,,,,44,53,7,16,54,26,32,42,42,11,37,35,39,6,30,63,56.0,64.0,7.0,41.0,66.0,52.0,70.0,55.0,56.0,34.0,41.0,67.0,73.0,6.0,4.0,59.0,,76.0,0.7857142857142857,0.828125,1.0,0.3902439024390244,0.8181818181818182,0.5,0.4571428571428571,0.7636363636363637,0.75,0.3235294117647059,0.902439024390244,0.5223880597014925,0.5342465753424658,1.0,0.0,0.5084745762711864,,0.8289473684210527,7,13,24,24,7,71.0,43.0,78.0,81.0,49.0,80.0,5.0,0.1627906976744186,0.1830985915492957,0.3076923076923077,0.2962962962962963,0.1428571428571428,0.0,0.0,21,,77.0,3.6666666666666665,0.0,83.10000000000001,3.9571428571428577
55,54,42,2023-02-04,25-315,LAL,@,NOP,L (-5),0,6:25,1.0,1.0,1.000,0.0,0.0,,0,0.0,,0.0,0.0,0.0,0.0,0.0,0.0,1.0,1.0,2.0,0.3,-2,1.0,1.0,1.0,44,53,7,16,54,26,32,42,42,11,37,35,39,6,30,63,56.0,64.0,7.0,41.0,66.0,52.0,70.0,55.0,56.0,34.0,41.0,67.0,73.0,6.0,4.0,59.0,,76.0,0.7857142857142857,0.828125,1.0,0.3902439024390244,0.8181818181818182,0.5,0.4571428571428571,0.7636363636363637,0.75,0.3235294117647059,0.902439024390244,0.5223880597014925,0.5342465753424658,1.0,0.0,0.5084745762711864,,0.8289473684210527,7,13,24,24,7,71.0,43.0,78.0,81.0,49.0,80.0,5.0,0.1627906976744186,0.1830985915492957,0.3076923076923077,0.2962962962962963,0.1428571428571428,0.0,0.0,21,0.0,79.0,3.761904761904762,0.2999999999999998,87.30000000000001,4.1571428571428575
56,55,,2023-02-07,25-318,LAL,,OKC,L (-3),Did Not Play,Did Not Play,0.0,0.0,Did Not Play,,,Did Not Play,Did Not Play,0.0,Did Not Play,0.0,0.0,,0.0,0.0,0.0,0.0,0.0,0.0,Did Not Play,Did Not Play,,,,44,53,7,16,54,26,32,42,42,11,37,35,39,6,30,63,56.0,64.0,7.0,41.0,66.0,52.0,70.0,55.0,56.0,34.0,41.0,67.0,73.0,6.0,4.0,59.0,,76.0,0.7857142857142857,0.828125,1.0,0.3902439024390244,0.8181818181818182,0.5,0.4571428571428571,0.7636363636363637,0.75,0.3235294117647059,0.902439024390244,0.5223880597014925,0.5342465753424658,1.0,0.0,0.5084745762711864,,0.8289473684210527,7,13,24,24,7,71.0,43.0,78.0,81.0,49.0,80.0,5.0,0.1627906976744186,0.1830985915492957,0.3076923076923077,0.2962962962962963,0.1428571428571428,0.0,0.0,21,,89.0,4.238095238095238,0.0,90.5,4.309523809523809
57,56,43,2023-02-09,25-320,LAL,,MIL,L (-9),0,28:39,3.0,5.0,.600,0.0,1.0,.000,0,2.0,.000,2.0,2.0,4.0,0.0,0.0,0.0,1.0,3.0,6.0,2.7,-3,4.0,3.0,0.75,44,53,7,16,54,26,32,42,42,11,37,35,39,6,30,63,56.0,64.0,7.0,41.0,66.0,52.0,70.0,55.0,56.0,34.0,41.0,67.0,73.0,6.0,4.0,59.0,,76.0,0.7857142857142857,0.828125,1.0,0.3902439024390244,0.8181818181818182,0.5,0.4571428571428571,0.7636363636363637,0.75,0.3235294117647059,0.902439024390244,0.5223880597014925,0.5342465753424658,1.0,0.0,0.5084745762711864,,0.8289473684210527,7,13,24,24,7,71.0,43.0,78.0,81.0,49.0,80.0,5.0,0.1627906976744186,0.1830985915492957,0.3076923076923077,0.2962962962962963,0.1428571428571428,0.0,0.0,21,2.0,89.0,4.238095238095238,2.7,90.79999999999998,4.323809523809523
58,57,44,2023-02-11,25-322,LAL,@,GSW,W (+6),0,12:09,3.0,4.0,.750,0.0,1.0,.000,0,0.0,,2.0,1.0,3.0,0.0,1.0,0.0,1.0,2.0,6.0,5.3,-4,3.0,3.0,1.0,44,53,7,16,54,26,32,42,42,11,37,35,39,6,30,63,56.0,64.0,7.0,41.0,66.0,52.0,70.0,55.0,56.0,34.0,41.0,67.0,73.0,6.0,4.0,59.0,,76.0,0.7857142857142857,0.828125,1.0,0.3902439024390244,0.8181818181818182,0.5,0.4571428571428571,0.7636363636363637,0.75,0.3235294117647059,0.902439024390244,0.5223880597014925,0.5342465753424658,1.0,0.0,0.5084745762711864,,0.8289473684210527,7,13,24,24,7,71.0,43.0,78.0,81.0,49.0,80.0,5.0,0.1627906976744186,0.1830985915492957,0.3076923076923077,0.2962962962962963,0.1428571428571428,0.0,0.0,21,5.0,47.0,2.238095238095238,5.300000000000001,54.60000000000001,2.6000000000000005
59,58,45,2023-02-13,25-324,LAL,@,POR,L (-12),0,12:31,2.0,4.0,.500,0.0,0.0,,3,4.0,.750,5.0,2.0,7.0,2.0,0.0,0.0,1.0,3.0,7.0,7.9,-1,4.0,2.0,0.5,44,53,7,16,54,26,32,42,42,11,37,35,39,6,30,63,56.0,64.0,7.0,41.0,66.0,52.0,70.0,55.0,56.0,34.0,41.0,67.0,73.0,6.0,4.0,59.0,,76.0,0.7857142857142857,0.828125,1.0,0.3902439024390244,0.8181818181818182,0.5,0.4571428571428571,0.7636363636363637,0.75,0.3235294117647059,0.902439024390244,0.5223880597014925,0.5342465753424658,1.0,0.0,0.5084745762711864,,0.8289473684210527,7,13,24,24,7,71.0,43.0,78.0,81.0,49.0,80.0,5.0,0.1627906976744186,0.1830985915492957,0.3076923076923077,0.2962962962962963,0.1428571428571428,0.0,0.0,21,7.0,66.0,3.142857142857143,6.7,55.99999999999999,2.6666666666666665
60,59,46,2023-02-15,25-326,LAL,,NOP,W (+18),0,3:51,0.0,1.0,.000,0.0,1.0,.000,0,0.0,,0.0,0.0,0.0,1.0,0.0,0.0,0.0,1.0,0.0,-0.4,-2,0.0,0.0,,44,53,7,16,54,26,32,42,42,11,37,35,39,6,30,63,56.0,64.0,7.0,41.0,66.0,52.0,70.0,55.0,56.0,34.0,41.0,67.0,73.0,6.0,4.0,59.0,,76.0,0.7857142857142857,0.828125,1.0,0.3902439024390244,0.8181818181818182,0.5,0.4571428571428571,0.7636363636363637,0.75,0.3235294117647059,0.902439024390244,0.5223880597014925,0.5342465753424658,1.0,0.0,0.5084745762711864,,0.8289473684210527,7,13,24,24,7,71.0,43.0,78.0,81.0,49.0,80.0,5.0,0.1627906976744186,0.1830985915492957,0.3076923076923077,0.2962962962962963,0.1428571428571428,0.0,0.0,21,0.0,81.0,3.857142857142857,-0.4,93.5,4.4523809523809526
61,60,47,2023-02-23,25-334,LAL,,GSW,W (+13),0,6:59,0.0,0.0,,0.0,0.0,,0,0.0,,0.0,0.0,0.0,0.0,0.0,0.0,0.0,1.0,0.0,-0.4,-15,0.0,0.0,,44,53,7,16,54,26,32,42,42,11,37,35,39,6,30,63,56.0,64.0,7.0,41.0,66.0,52.0,70.0,55.0,56.0,34.0,41.0,67.0,73.0,6.0,4.0,59.0,,76.0,0.7857142857142857,0.828125,1.0,0.3902439024390244,0.8181818181818182,0.5,0.4571428571428571,0.7636363636363637,0.75,0.3235294117647059,0.902439024390244,0.5223880597014925,0.5342465753424658,1.0,0.0,0.5084745762711864,,0.8289473684210527,7,13,24,24,7,71.0,43.0,78.0,81.0,49.0,80.0,5.0,0.1627906976744186,0.1830985915492957,0.3076923076923077,0.2962962962962963,0.1428571428571428,0.0,0.0,21,0.0,101.0,4.809523809523809,-0.4,86.0,4.095238095238095
62,Rk,G,Date,Age,Tm,,Opp,,GS,MP,0.0,0.0,FG%,,,3P%,FT,0.0,FT%,0.0,0.0,,0.0,0.0,0.0,0.0,0.0,0.0,GmSc,+/-,,,,44,53,7,16,54,26,32,42,42,11,37,35,39,6,30,63,56.0,64.0,7.0,41.0,66.0,52.0,70.0,55.0,56.0,34.0,41.0,67.0,73.0,6.0,4.0,59.0,,76.0,0.7857142857142857,0.828125,1.0,0.3902439024390244,0.8181818181818182,0.5,0.4571428571428571,0.7636363636363637,0.75,0.3235294117647059,0.902439024390244,0.5223880597014925,0.5342465753424658,1.0,0.0,0.5084745762711864,,0.8289473684210527,7,13,24,24,7,71.0,43.0,78.0,81.0,49.0,80.0,5.0,0.1627906976744186,0.1830985915492957,0.3076923076923077,0.2962962962962963,0.1428571428571428,0.0,0.0,21,,0.0,0.0,0.0,0.0,0.0
63,61,,2023-02-26,25-337,LAL,@,DAL,W (+3),Did Not Play,Did Not Play,0.0,0.0,Did Not Play,,,Did Not Play,Did Not Play,0.0,Did Not Play,0.0,0.0,,0.0,0.0,0.0,0.0,0.0,0.0,Did Not Play,Did Not Play,,,,44,53,7,16,54,26,32,42,42,11,37,35,39,6,30,63,56.0,64.0,7.0,41.0,66.0,52.0,70.0,55.0,56.0,34.0,41.0,67.0,73.0,6.0,4.0,59.0,,76.0,0.7857142857142857,0.828125,1.0,0.3902439024390244,0.8181818181818182,0.5,0.4571428571428571,0.7636363636363637,0.75,0.3235294117647059,0.902439024390244,0.5223880597014925,0.5342465753424658,1.0,0.0,0.5084745762711864,,0.8289473684210527,7,13,24,24,7,71.0,43.0,78.0,81.0,49.0,80.0,5.0,0.1627906976744186,0.1830985915492957,0.3076923076923077,0.2962962962962963,0.1428571428571428,0.0,0.0,21,,86.0,4.095238095238095,0.0,100.8,4.8
64,62,48,2023-02-28,25-339,LAL,@,MEM,L (-12),0,12:28,3.0,3.0,1.000,0.0,0.0,,0,0.0,,2.0,6.0,8.0,0.0,1.0,1.0,0.0,2.0,6.0,9.2,-3,3.0,3.0,1.0,44,53,7,16,54,26,32,42,42,11,37,35,39,6,30,63,56.0,64.0,7.0,41.0,66.0,52.0,70.0,55.0,56.0,34.0,41.0,67.0,73.0,6.0,4.0,59.0,,76.0,0.7857142857142857,0.828125,1.0,0.3902439024390244,0.8181818181818182,0.5,0.4571428571428571,0.7636363636363637,0.75,0.3235294117647059,0.902439024390244,0.5223880597014925,0.5342465753424658,1.0,0.0,0.5084745762711864,,0.8289473684210527,7,13,24,24,7,71.0,43.0,78.0,81.0,49.0,80.0,5.0,0.1627906976744186,0.1830985915492957,0.3076923076923077,0.2962962962962963,0.1428571428571428,0.0,0.0,21,13.0,82.0,3.9047619047619047,9.199999999999998,89.7,4.271428571428571
65,63,49,2023-03-01,25-340,LAL,@,OKC,W (+6),0,22:15,2.0,7.0,.286,0.0,0.0,,1,2.0,.500,4.0,6.0,10.0,0.0,0.0,0.0,0.0,2.0,5.0,4.3,+7,7.0,2.0,0.2857142857142857,44,53,7,16,54,26,32,42,42,11,37,35,39,6,30,63,56.0,64.0,7.0,41.0,66.0,52.0,70.0,55.0,56.0,34.0,41.0,67.0,73.0,6.0,4.0,59.0,,76.0,0.7857142857142857,0.828125,1.0,0.3902439024390244,0.8181818181818182,0.5,0.4571428571428571,0.7636363636363637,0.75,0.3235294117647059,0.902439024390244,0.5223880597014925,0.5342465753424658,1.0,0.0,0.5084745762711864,,0.8289473684210527,7,13,24,24,7,71.0,43.0,78.0,81.0,49.0,80.0,5.0,0.1627906976744186,0.1830985915492957,0.3076923076923077,0.2962962962962963,0.1428571428571428,0.0,0.0,21,6.0,53.0,2.523809523809524,3.9,68.80000000000001,3.2761904761904765
66,64,50,2023-03-03,25-342,LAL,,MIN,L (-8),0,4:05,0.0,0.0,,0.0,0.0,,0,0.0,,0.0,0.0,0.0,0.0,0.0,0.0,0.0,1.0,0.0,-0.4,-1,0.0,0.0,,44,53,7,16,54,26,32,42,42,11,37,35,39,6,30,63,56.0,64.0,7.0,41.0,66.0,52.0,70.0,55.0,56.0,34.0,41.0,67.0,73.0,6.0,4.0,59.0,,76.0,0.7857142857142857,0.828125,1.0,0.3902439024390244,0.8181818181818182,0.5,0.4571428571428571,0.7636363636363637,0.75,0.3235294117647059,0.902439024390244,0.5223880597014925,0.5342465753424658,1.0,0.0,0.5084745762711864,,0.8289473684210527,7,13,24,24,7,71.0,43.0,78.0,81.0,49.0,80.0,5.0,0.1627906976744186,0.1830985915492957,0.3076923076923077,0.2962962962962963,0.1428571428571428,0.0,0.0,21,0.0,52.0,2.4761904761904763,-0.4,60.79999999999999,2.8952380952380947
67,65,51,2023-03-05,25-344,LAL,,GSW,W (+8),0,8:22,1.0,2.0,.500,0.0,0.0,,0,0.0,,1.0,5.0,6.0,0.0,0.0,0.0,2.0,3.0,2.0,0.0,-9,2.0,1.0,0.5,44,53,7,16,54,26,32,42,42,11,37,35,39,6,30,63,56.0,64.0,7.0,41.0,66.0,52.0,70.0,55.0,56.0,34.0,41.0,67.0,73.0,6.0,4.0,59.0,,76.0,0.7857142857142857,0.828125,1.0,0.3902439024390244,0.8181818181818182,0.5,0.4571428571428571,0.7636363636363637,0.75,0.3235294117647059,0.902439024390244,0.5223880597014925,0.5342465753424658,1.0,0.0,0.5084745762711864,,0.8289473684210527,7,13,24,24,7,71.0,43.0,78.0,81.0,49.0,80.0,5.0,0.1627906976744186,0.1830985915492957,0.3076923076923077,0.2962962962962963,0.1428571428571428,0.0,0.0,21,4.0,72.0,3.4285714285714284,-4.440892098500626e-16,90.4,4.3047619047619055
68,66,52,2023-03-07,25-346,LAL,,MEM,W (+9),0,13:33,1.0,1.0,1.000,0.0,0.0,,0,0.0,,0.0,0.0,0.0,0.0,0.0,0.0,0.0,3.0,2.0,0.5,-15,1.0,1.0,1.0,44,53,7,16,54,26,32,42,42,11,37,35,39,6,30,63,56.0,64.0,7.0,41.0,66.0,52.0,70.0,55.0,56.0,34.0,41.0,67.0,73.0,6.0,4.0,59.0,,76.0,0.7857142857142857,0.828125,1.0,0.3902439024390244,0.8181818181818182,0.5,0.4571428571428571,0.7636363636363637,0.75,0.3235294117647059,0.902439024390244,0.5223880597014925,0.5342465753424658,1.0,0.0,0.5084745762711864,,0.8289473684210527,7,13,24,24,7,71.0,43.0,78.0,81.0,49.0,80.0,5.0,0.1627906976744186,0.1830985915492957,0.3076923076923077,0.2962962962962963,0.1428571428571428,0.0,0.0,21,1.0,72.0,3.4285714285714284,0.4999999999999998,76.8,3.657142857142857
69,67,53,2023-03-10,25-349,LAL,,TOR,W (+10),0,15:28,2.0,3.0,.667,0.0,0.0,,0,0.0,,0.0,4.0,4.0,2.0,0.0,3.0,0.0,1.0,4.0,7.0,+19,3.0,2.0,0.6666666666666666,44,53,7,16,54,26,32,42,42,11,37,35,39,6,30,63,56.0,64.0,7.0,41.0,66.0,52.0,70.0,55.0,56.0,34.0,41.0,67.0,73.0,6.0,4.0,59.0,,76.0,0.7857142857142857,0.828125,1.0,0.3902439024390244,0.8181818181818182,0.5,0.4571428571428571,0.7636363636363637,0.75,0.3235294117647059,0.902439024390244,0.5223880597014925,0.5342465753424658,1.0,0.0,0.5084745762711864,,0.8289473684210527,7,13,24,24,7,71.0,43.0,78.0,81.0,49.0,80.0,5.0,0.1627906976744186,0.1830985915492957,0.3076923076923077,0.2962962962962963,0.1428571428571428,0.0,0.0,21,10.0,56.0,2.6666666666666665,7.0,49.6,2.361904761904762
70,68,54,2023-03-12,25-351,LAL,,NYK,L (-4),0,10:46,2.0,3.0,.667,0.0,0.0,,0,0.0,,0.0,2.0,2.0,1.0,0.0,0.0,1.0,1.0,4.0,2.6,-13,3.0,2.0,0.6666666666666666,44,53,7,16,54,26,32,42,42,11,37,35,39,6,30,63,56.0,64.0,7.0,41.0,66.0,52.0,70.0,55.0,56.0,34.0,41.0,67.0,73.0,6.0,4.0,59.0,,76.0,0.7857142857142857,0.828125,1.0,0.3902439024390244,0.8181818181818182,0.5,0.4571428571428571,0.7636363636363637,0.75,0.3235294117647059,0.902439024390244,0.5223880597014925,0.5342465753424658,1.0,0.0,0.5084745762711864,,0.8289473684210527,7,13,24,24,7,71.0,43.0,78.0,81.0,49.0,80.0,5.0,0.1627906976744186,0.1830985915492957,0.3076923076923077,0.2962962962962963,0.1428571428571428,0.0,0.0,21,3.0,40.0,1.9047619047619049,2.6,40.49999999999999,1.9285714285714282
71,69,55,2023-03-14,25-353,LAL,@,NOP,W (+15),0,14:41,3.0,6.0,.500,0.0,1.0,.000,0,0.0,,5.0,3.0,8.0,1.0,0.0,0.0,2.0,3.0,6.0,4.9,-3,5.0,3.0,0.6,44,53,7,16,54,26,32,42,42,11,37,35,39,6,30,63,56.0,64.0,7.0,41.0,66.0,52.0,70.0,55.0,56.0,34.0,41.0,67.0,73.0,6.0,4.0,59.0,,76.0,0.7857142857142857,0.828125,1.0,0.3902439024390244,0.8181818181818182,0.5,0.4571428571428571,0.7636363636363637,0.75,0.3235294117647059,0.902439024390244,0.5223880597014925,0.5342465753424658,1.0,0.0,0.5084745762711864,,0.8289473684210527,7,13,24,24,7,71.0,43.0,78.0,81.0,49.0,80.0,5.0,0.1627906976744186,0.1830985915492957,0.3076923076923077,0.2962962962962963,0.1428571428571428,0.0,0.0,21,7.0,68.0,3.238095238095238,4.9,57.799999999999976,2.752380952380951
72,70,56,2023-03-15,25-354,LAL,@,HOU,L (-4),0,33:29,2.0,5.0,.400,0.0,0.0,,2,2.0,1.000,7.0,7.0,14.0,1.0,2.0,0.0,0.0,5.0,6.0,11.0,+12,5.0,2.0,0.4,44,53,7,16,54,26,32,42,42,11,37,35,39,6,30,63,56.0,64.0,7.0,41.0,66.0,52.0,70.0,55.0,56.0,34.0,41.0,67.0,73.0,6.0,4.0,59.0,,76.0,0.7857142857142857,0.828125,1.0,0.3902439024390244,0.8181818181818182,0.5,0.4571428571428571,0.7636363636363637,0.75,0.3235294117647059,0.902439024390244,0.5223880597014925,0.5342465753424658,1.0,0.0,0.5084745762711864,,0.8289473684210527,7,13,24,24,7,71.0,43.0,78.0,81.0,49.0,80.0,5.0,0.1627906976744186,0.1830985915492957,0.3076923076923077,0.2962962962962963,0.1428571428571428,0.0,0.0,21,16.0,65.0,3.095238095238096,10.2,75.2,3.580952380952381
73,71,57,2023-03-17,25-356,LAL,,DAL,L (-1),0,23:16,3.0,8.0,.375,0.0,0.0,,3,6.0,.500,8.0,3.0,11.0,2.0,2.0,1.0,1.0,2.0,9.0,12.2,+5,8.0,3.0,0.375,44,53,7,16,54,26,32,42,42,11,37,35,39,6,30,63,56.0,64.0,7.0,41.0,66.0,52.0,70.0,55.0,56.0,34.0,41.0,67.0,73.0,6.0,4.0,59.0,,76.0,0.7857142857142857,0.828125,1.0,0.3902439024390244,0.8181818181818182,0.5,0.4571428571428571,0.7636363636363637,0.75,0.3235294117647059,0.902439024390244,0.5223880597014925,0.5342465753424658,1.0,0.0,0.5084745762711864,,0.8289473684210527,7,13,24,24,7,71.0,43.0,78.0,81.0,49.0,80.0,5.0,0.1627906976744186,0.1830985915492957,0.3076923076923077,0.2962962962962963,0.1428571428571428,0.0,0.0,21,10.0,86.0,4.095238095238095,10.999999999999996,96.6,4.6
74,72,58,2023-03-19,25-358,LAL,,ORL,W (+6),0,20:15,2.0,3.0,.667,0.0,0.0,,2,2.0,1.000,4.0,4.0,8.0,1.0,0.0,1.0,0.0,3.0,6.0,8.9,+25,3.0,2.0,0.6666666666666666,44,53,7,16,54,26,32,42,42,11,37,35,39,6,30,63,56.0,64.0,7.0,41.0,66.0,52.0,70.0,55.0,56.0,34.0,41.0,67.0,73.0,6.0,4.0,59.0,,76.0,0.7857142857142857,0.828125,1.0,0.3902439024390244,0.8181818181818182,0.5,0.4571428571428571,0.7636363636363637,0.75,0.3235294117647059,0.902439024390244,0.5223880597014925,0.5342465753424658,1.0,0.0,0.5084745762711864,,0.8289473684210527,7,13,24,24,7,71.0,43.0,78.0,81.0,49.0,80.0,5.0,0.1627906976744186,0.1830985915492957,0.3076923076923077,0.2962962962962963,0.1428571428571428,0.0,0.0,21,11.0,63.0,3.0,8.099999999999998,70.9,3.3761904761904766
75,73,59,2023-03-22,25-361,LAL,,PHO,W (+11),0,16:05,2.0,2.0,1.000,0.0,0.0,,2,5.0,.400,1.0,1.0,2.0,1.0,2.0,0.0,3.0,3.0,6.0,3.7,-3,2.0,2.0,1.0,44,53,7,16,54,26,32,42,42,11,37,35,39,6,30,63,56.0,64.0,7.0,41.0,66.0,52.0,70.0,55.0,56.0,34.0,41.0,67.0,73.0,6.0,4.0,59.0,,76.0,0.7857142857142857,0.828125,1.0,0.3902439024390244,0.8181818181818182,0.5,0.4571428571428571,0.7636363636363637,0.75,0.3235294117647059,0.902439024390244,0.5223880597014925,0.5342465753424658,1.0,0.0,0.5084745762711864,,0.8289473684210527,7,13,24,24,7,71.0,43.0,78.0,81.0,49.0,80.0,5.0,0.1627906976744186,0.1830985915492957,0.3076923076923077,0.2962962962962963,0.1428571428571428,0.0,0.0,21,1.0,62.0,2.952380952380953,2.8999999999999995,67.19999999999999,3.1999999999999993
76,74,60,2023-03-24,25-363,LAL,,OKC,W (+5),0,17:39,2.0,4.0,.500,1.0,2.0,.500,2,2.0,1.000,2.0,6.0,8.0,0.0,0.0,0.0,0.0,2.0,7.0,7.4,+6,2.0,1.0,0.5,44,53,7,16,54,26,32,42,42,11,37,35,39,6,30,63,56.0,64.0,7.0,41.0,66.0,52.0,70.0,55.0,56.0,34.0,41.0,67.0,73.0,6.0,4.0,59.0,,76.0,0.7857142857142857,0.828125,1.0,0.3902439024390244,0.8181818181818182,0.5,0.4571428571428571,0.7636363636363637,0.75,0.3235294117647059,0.902439024390244,0.5223880597014925,0.5342465753424658,1.0,0.0,0.5084745762711864,,0.8289473684210527,7,13,24,24,7,71.0,43.0,78.0,81.0,49.0,80.0,5.0,0.1627906976744186,0.1830985915492957,0.3076923076923077,0.2962962962962963,0.1428571428571428,0.0,0.0,21,9.0,87.0,4.142857142857143,6.6,102.0,4.857142857142857
77,75,61,2023-03-26,26-000,LAL,,CHI,L (-10),0,8:43,0.0,1.0,.000,0.0,0.0,,2,4.0,.500,1.0,1.0,2.0,1.0,0.0,1.0,0.0,2.0,2.0,2.1,-19,1.0,0.0,0.0,44,53,7,16,54,26,32,42,42,11,37,35,39,6,30,63,56.0,64.0,7.0,41.0,66.0,52.0,70.0,55.0,56.0,34.0,41.0,67.0,73.0,6.0,4.0,59.0,,76.0,0.7857142857142857,0.828125,1.0,0.3902439024390244,0.8181818181818182,0.5,0.4571428571428571,0.7636363636363637,0.75,0.3235294117647059,0.902439024390244,0.5223880597014925,0.5342465753424658,1.0,0.0,0.5084745762711864,,0.8289473684210527,7,13,24,24,7,71.0,43.0,78.0,81.0,49.0,80.0,5.0,0.1627906976744186,0.1830985915492957,0.3076923076923077,0.2962962962962963,0.1428571428571428,0.0,0.0,21,1.0,81.0,3.857142857142857,1.3,80.39999999999999,3.8285714285714283
78,76,62,2023-03-29,26-003,LAL,@,CHI,W (+11),0,10:13,0.0,1.0,.000,0.0,0.0,,0,0.0,,0.0,3.0,3.0,0.0,0.0,0.0,0.0,0.0,0.0,0.2,-3,1.0,0.0,0.0,44,53,7,16,54,26,32,42,42,11,37,35,39,6,30,63,56.0,64.0,7.0,41.0,66.0,52.0,70.0,55.0,56.0,34.0,41.0,67.0,73.0,6.0,4.0,59.0,,76.0,0.7857142857142857,0.828125,1.0,0.3902439024390244,0.8181818181818182,0.5,0.4571428571428571,0.7636363636363637,0.75,0.3235294117647059,0.902439024390244,0.5223880597014925,0.5342465753424658,1.0,0.0,0.5084745762711864,,0.8289473684210527,7,13,24,24,7,71.0,43.0,78.0,81.0,49.0,80.0,5.0,0.1627906976744186,0.1830985915492957,0.3076923076923077,0.2962962962962963,0.1428571428571428,0.0,0.0,21,2.0,79.0,3.761904761904762,0.1999999999999999,102.7,4.890476190476191
79,77,63,2023-03-31,26-005,LAL,@,MIN,W (+12),0,14:53,2.0,2.0,1.000,0.0,0.0,,0,0.0,,1.0,1.0,2.0,1.0,1.0,0.0,0.0,2.0,4.0,5.3,,2.0,2.0,1.0,44,53,7,16,54,26,32,42,42,11,37,35,39,6,30,63,56.0,64.0,7.0,41.0,66.0,52.0,70.0,55.0,56.0,34.0,41.0,67.0,73.0,6.0,4.0,59.0,,76.0,0.7857142857142857,0.828125,1.0,0.3902439024390244,0.8181818181818182,0.5,0.4571428571428571,0.7636363636363637,0.75,0.3235294117647059,0.902439024390244,0.5223880597014925,0.5342465753424658,1.0,0.0,0.5084745762711864,,0.8289473684210527,7,13,24,24,7,71.0,43.0,78.0,81.0,49.0,80.0,5.0,0.1627906976744186,0.1830985915492957,0.3076923076923077,0.2962962962962963,0.1428571428571428,0.0,0.0,21,6.0,63.0,3.0,5.3,72.10000000000002,3.4333333333333345
80,78,64,2023-04-02,26-007,LAL,@,HOU,W (+25),0,14:21,1.0,3.0,.333,0.0,1.0,.000,0,0.0,,2.0,1.0,3.0,0.0,0.0,1.0,1.0,1.0,2.0,1.3,+14,2.0,1.0,0.5,44,53,7,16,54,26,32,42,42,11,37,35,39,6,30,63,56.0,64.0,7.0,41.0,66.0,52.0,70.0,55.0,56.0,34.0,41.0,67.0,73.0,6.0,4.0,59.0,,76.0,0.7857142857142857,0.828125,1.0,0.3902439024390244,0.8181818181818182,0.5,0.4571428571428571,0.7636363636363637,0.75,0.3235294117647059,0.902439024390244,0.5223880597014925,0.5342465753424658,1.0,0.0,0.5084745762711864,,0.8289473684210527,7,13,24,24,7,71.0,43.0,78.0,81.0,49.0,80.0,5.0,0.1627906976744186,0.1830985915492957,0.3076923076923077,0.2962962962962963,0.1428571428571428,0.0,0.0,21,2.0,104.0,4.9523809523809526,1.3000000000000005,111.2,5.295238095238095
81,79,65,2023-04-04,26-009,LAL,@,UTA,W (+2),0,10:10,1.0,1.0,1.000,0.0,0.0,,0,0.0,,1.0,4.0,5.0,0.0,0.0,1.0,0.0,2.0,2.0,3.5,-4,1.0,1.0,1.0,44,53,7,16,54,26,32,42,42,11,37,35,39,6,30,63,56.0,64.0,7.0,41.0,66.0,52.0,70.0,55.0,56.0,34.0,41.0,67.0,73.0,6.0,4.0,59.0,,76.0,0.7857142857142857,0.828125,1.0,0.3902439024390244,0.8181818181818182,0.5,0.4571428571428571,0.7636363636363637,0.75,0.3235294117647059,0.902439024390244,0.5223880597014925,0.5342465753424658,1.0,0.0,0.5084745762711864,,0.8289473684210527,7,13,24,24,7,71.0,43.0,78.0,81.0,49.0,80.0,5.0,0.1627906976744186,0.1830985915492957,0.3076923076923077,0.2962962962962963,0.1428571428571428,0.0,0.0,21,7.0,87.0,4.142857142857143,3.5,110.20000000000002,5.2476190476190485
82,80,66,2023-04-05,26-010,LAL,@,LAC,L (-7),0,15:41,3.0,6.0,.500,0.0,2.0,.000,0,0.0,,1.0,3.0,4.0,2.0,1.0,0.0,1.0,3.0,6.0,4.8,-16,4.0,3.0,0.75,44,53,7,16,54,26,32,42,42,11,37,35,39,6,30,63,56.0,64.0,7.0,41.0,66.0,52.0,70.0,55.0,56.0,34.0,41.0,67.0,73.0,6.0,4.0,59.0,,76.0,0.7857142857142857,0.828125,1.0,0.3902439024390244,0.8181818181818182,0.5,0.4571428571428571,0.7636363636363637,0.75,0.3235294117647059,0.902439024390244,0.5223880597014925,0.5342465753424658,1.0,0.0,0.5084745762711864,,0.8289473684210527,7,13,24,24,7,71.0,43.0,78.0,81.0,49.0,80.0,5.0,0.1627906976744186,0.1830985915492957,0.3076923076923077,0.2962962962962963,0.1428571428571428,0.0,0.0,21,6.0,89.0,4.238095238095238,4.800000000000002,96.4,4.590476190476191
83,Rk,G,Date,Age,Tm,,Opp,,GS,MP,0.0,0.0,FG%,,,3P%,FT,0.0,FT%,0.0,0.0,,0.0,0.0,0.0,0.0,0.0,0.0,GmSc,+/-,,,,44,53,7,16,54,26,32,42,42,11,37,35,39,6,30,63,56.0,64.0,7.0,41.0,66.0,52.0,70.0,55.0,56.0,34.0,41.0,67.0,73.0,6.0,4.0,59.0,,76.0,0.7857142857142857,0.828125,1.0,0.3902439024390244,0.8181818181818182,0.5,0.4571428571428571,0.7636363636363637,0.75,0.3235294117647059,0.902439024390244,0.5223880597014925,0.5342465753424658,1.0,0.0,0.5084745762711864,,0.8289473684210527,7,13,24,24,7,71.0,43.0,78.0,81.0,49.0,80.0,5.0,0.1627906976744186,0.1830985915492957,0.3076923076923077,0.2962962962962963,0.1428571428571428,0.0,0.0,21,,0.0,0.0,0.0,0.0,0.0
84,81,67,2023-04-07,26-012,LAL,,PHO,W (+14),0,8:29,0.0,0.0,,0.0,0.0,,0,0.0,,0.0,3.0,3.0,0.0,1.0,1.0,1.0,0.0,0.0,1.6,-3,0.0,0.0,,44,53,7,16,54,26,32,42,42,11,37,35,39,6,30,63,56.0,64.0,7.0,41.0,66.0,52.0,70.0,55.0,56.0,34.0,41.0,67.0,73.0,6.0,4.0,59.0,,76.0,0.7857142857142857,0.828125,1.0,0.3902439024390244,0.8181818181818182,0.5,0.4571428571428571,0.7636363636363637,0.75,0.3235294117647059,0.902439024390244,0.5223880597014925,0.5342465753424658,1.0,0.0,0.5084745762711864,,0.8289473684210527,7,13,24,24,7,71.0,43.0,78.0,81.0,49.0,80.0,5.0,0.1627906976744186,0.1830985915492957,0.3076923076923077,0.2962962962962963,0.1428571428571428,0.0,0.0,21,4.0,78.0,3.7142857142857135,1.5999999999999996,78.5,3.738095238095238
85,82,68,2023-04-09,26-014,LAL,,UTA,W (+11),0,16:14,2.0,3.0,.667,0.0,0.0,,0,0.0,,0.0,4.0,4.0,1.0,0.0,0.0,1.0,1.0,4.0,3.2,+4,3.0,2.0,0.6666666666666666,44,53,7,16,54,26,32,42,42,11,37,35,39,6,30,63,56.0,64.0,7.0,41.0,66.0,52.0,70.0,55.0,56.0,34.0,41.0,67.0,73.0,6.0,4.0,59.0,,76.0,0.7857142857142857,0.828125,1.0,0.3902439024390244,0.8181818181818182,0.5,0.4571428571428571,0.7636363636363637,0.75,0.3235294117647059,0.902439024390244,0.5223880597014925,0.5342465753424658,1.0,0.0,0.5084745762711864,,0.8289473684210527,7,13,24,24,7,71.0,43.0,78.0,81.0,49.0,80.0,5.0,0.1627906976744186,0.1830985915492957,0.3076923076923077,0.2962962962962963,0.1428571428571428,0.0,0.0,21,5.0,84.0,4.0,3.2,81.40000000000002,3.876190476190477
