Rk,G,Date,Age,Tm,Opp,GS,MP,FG,FGA,FG%,3P,3PA,3P%,FT,FTA,FT%,ORB,DRB,TRB,AST,STL,BLK,TOV,PF,PTS,GmSc,+/-,2PA,2P,2P%,Shared Games with A.J. Green,Shared Games with Bobby Portis,Shared Games with Brook Lopez,Shared Games with George Hill,Shared Games with Giannis Antetokounmpo,Shared Games with Grayson Allen,Shared Games with Jevon Carter,Shared Games with Joe Ingles,Shared Games with Jordan Nwora,Shared Games with Jrue Holiday,Shared Games with Khris Middleton,Shared Games with Meyers Leonard,Shared Games with Pat Connaughton,Shared Games with Sandro Mamukelashvili,Shared Games with Serge Ibaka,Shared Games with Thanasis Antetokounmpo,Shared Games with Wesley Matthews,A.J. Green,Bobby Portis,Brook Lopez,George Hill,Giannis Antetokounmpo,Grayson Allen,Jevon Carter,Joe Ingles,Jordan Nwora,Jrue Holiday,Khris Middleton,Lindell Wigginton,Meyers Leonard,Pat Connaughton,Sandro Mamukelashvili,Serge Ibaka,Thanasis Antetokounmpo,Wesley Matthews,co_inf with A.J. Green,co_inf with Bobby Portis,co_inf with Brook Lopez,co_inf with George Hill,co_inf with Giannis Antetokounmpo,co_inf with Grayson Allen,co_inf with Jevon Carter,co_inf with Joe Ingles,co_inf with Jordan Nwora,co_inf with Jrue Holiday,co_inf with Khris Middleton,co_inf with Lindell Wigginton,co_inf with Meyers Leonard,co_inf with Pat Connaughton,co_inf with Sandro Mamukelashvili,co_inf with Serge Ibaka,co_inf with Thanasis Antetokounmpo,co_inf with Wesley Matthews,Shared Games with Goran Dragić,Shared Games with Jae Crowder,Goran Dragić,Jae Crowder,Tyrese Martin,co_inf with Goran Dragić,co_inf with Jae Crowder,co_inf with Tyrese Martin,Total Shared Players,CO_EFF,EFF,avg_EFF,CO_HGS,HGS,avg_HGS,PER,WS,BPM,OBPM,DBPM,Co_Points_Share,TS%,3PAr,FTr,VORP,OWS,New Column,Result
1.0,,2022-10-20,22-008,MIL,PHI,Did Not Play,0.0,0.0,0.0,Did Not Play,,,Did Not Play,Did Not Play,0.0,Did Not Play,0.0,0.0,,0.0,0.0,0.0,0.0,0.0,0.0,Did Not Play,Did Not Play,,,,26,46,49,20,42,44,51,29,25,40,14,3,34,21,14,34,37,35.0,70.0,78.0,46.0,63.0,72.0,81.0,46.0,62.0,67.0,33.0,7.0,9.0,61.0,43.0,16.0,37.0,52.0,0.7428571428571429,0.6571428571428571,0.6282051282051282,0.4347826086956521,0.6666666666666666,0.6111111111111112,0.6296296296296297,0.6304347826086957,0.4032258064516129,0.5970149253731343,0.4242424242424242,0.0,0.3333333333333333,0.5573770491803278,0.4883720930232558,0.875,0.918918918918919,0.7115384615384616,6,8,58.0,18.0,16.0,0.1034482758620689,0.4444444444444444,0.0,19,,69.0,3.631578947368421,0.0,72.79999999999998,3.83157894736842,8.2,0.4,-4.8,-4.1,-0.6,0.0277401188862237,0.513,0.584,0.152,-0.5,-0.4,W (+2),W (+2)
2.0,1.0,2022-10-22,22-010,MIL,HOU,0,2.2333333333333334,1.0,1.0,1.000,0.0,0.0,,0,0.0,,0.0,0.0,0.0,0.0,0.0,0.0,0.0,0.0,2.0,1.7,-2,1.0,1.0,1.0,26,46,49,20,42,44,51,29,25,40,14,3,34,21,14,34,37,35.0,70.0,78.0,46.0,63.0,72.0,81.0,46.0,62.0,67.0,33.0,7.0,9.0,61.0,43.0,16.0,37.0,52.0,0.7428571428571429,0.6571428571428571,0.6282051282051282,0.4347826086956521,0.6666666666666666,0.6111111111111112,0.6296296296296297,0.6304347826086957,0.4032258064516129,0.5970149253731343,0.4242424242424242,0.0,0.3333333333333333,0.5573770491803278,0.4883720930232558,0.875,0.918918918918919,0.7115384615384616,6,8,58.0,18.0,16.0,0.1034482758620689,0.4444444444444444,0.0,19,1.0,80.0,4.2105263157894735,1.7,87.5,4.605263157894737,8.2,0.4,-4.8,-4.1,-0.6,0.0277401188862237,0.513,0.584,0.152,-0.5,-0.4,W (+20),W (+20)
3.0,,2022-10-26,22-014,MIL,BRK,Did Not Play,0.0,0.0,0.0,Did Not Play,,,Did Not Play,Did Not Play,0.0,Did Not Play,0.0,0.0,,0.0,0.0,0.0,0.0,0.0,0.0,Did Not Play,Did Not Play,,,,26,46,49,20,42,44,51,29,25,40,14,3,34,21,14,34,37,35.0,70.0,78.0,46.0,63.0,72.0,81.0,46.0,62.0,67.0,33.0,7.0,9.0,61.0,43.0,16.0,37.0,52.0,0.7428571428571429,0.6571428571428571,0.6282051282051282,0.4347826086956521,0.6666666666666666,0.6111111111111112,0.6296296296296297,0.6304347826086957,0.4032258064516129,0.5970149253731343,0.4242424242424242,0.0,0.3333333333333333,0.5573770491803278,0.4883720930232558,0.875,0.918918918918919,0.7115384615384616,6,8,58.0,18.0,16.0,0.1034482758620689,0.4444444444444444,0.0,19,,61.0,3.210526315789474,0.0,70.79999999999998,3.7263157894736834,8.2,0.4,-4.8,-4.1,-0.6,0.0277401188862237,0.513,0.584,0.152,-0.5,-0.4,W (+11),W (+11)
4.0,,2022-10-28,22-016,MIL,NYK,Did Not Play,0.0,0.0,0.0,Did Not Play,,,Did Not Play,Did Not Play,0.0,Did Not Play,0.0,0.0,,0.0,0.0,0.0,0.0,0.0,0.0,Did Not Play,Did Not Play,,,,26,46,49,20,42,44,51,29,25,40,14,3,34,21,14,34,37,35.0,70.0,78.0,46.0,63.0,72.0,81.0,46.0,62.0,67.0,33.0,7.0,9.0,61.0,43.0,16.0,37.0,52.0,0.7428571428571429,0.6571428571428571,0.6282051282051282,0.4347826086956521,0.6666666666666666,0.6111111111111112,0.6296296296296297,0.6304347826086957,0.4032258064516129,0.5970149253731343,0.4242424242424242,0.0,0.3333333333333333,0.5573770491803278,0.4883720930232558,0.875,0.918918918918919,0.7115384615384616,6,8,58.0,18.0,16.0,0.1034482758620689,0.4444444444444444,0.0,19,,74.0,3.8947368421052633,0.0,88.99999999999999,4.6842105263157885,8.2,0.4,-4.8,-4.1,-0.6,0.0277401188862237,0.513,0.584,0.152,-0.5,-0.4,W (+11),W (+11)
5.0,2.0,2022-10-29,22-017,MIL,ATL,0,6.8,1.0,1.0,1.000,1.0,1.0,1.000,0,0.0,,0.0,0.0,0.0,0.0,0.0,0.0,2.0,1.0,3.0,0.3,+1,0.0,0.0,,26,46,49,20,42,44,51,29,25,40,14,3,34,21,14,34,37,35.0,70.0,78.0,46.0,63.0,72.0,81.0,46.0,62.0,67.0,33.0,7.0,9.0,61.0,43.0,16.0,37.0,52.0,0.7428571428571429,0.6571428571428571,0.6282051282051282,0.4347826086956521,0.6666666666666666,0.6111111111111112,0.6296296296296297,0.6304347826086957,0.4032258064516129,0.5970149253731343,0.4242424242424242,0.0,0.3333333333333333,0.5573770491803278,0.4883720930232558,0.875,0.918918918918919,0.7115384615384616,6,8,58.0,18.0,16.0,0.1034482758620689,0.4444444444444444,0.0,19,0.0,81.0,4.2631578947368425,0.3000000000000002,97.3,5.121052631578947,8.2,0.4,-4.8,-4.1,-0.6,0.0277401188862237,0.513,0.584,0.152,-0.5,-0.4,W (+8),W (+8)
6.0,3.0,2022-10-31,22-019,MIL,DET,0,3.6666666666666665,0.0,2.0,.000,0.0,1.0,.000,0,0.0,,0.0,1.0,1.0,0.0,0.0,1.0,0.0,0.0,0.0,-0.4,-3,1.0,0.0,0.0,26,46,49,20,42,44,51,29,25,40,14,3,34,21,14,34,37,35.0,70.0,78.0,46.0,63.0,72.0,81.0,46.0,62.0,67.0,33.0,7.0,9.0,61.0,43.0,16.0,37.0,52.0,0.7428571428571429,0.6571428571428571,0.6282051282051282,0.4347826086956521,0.6666666666666666,0.6111111111111112,0.6296296296296297,0.6304347826086957,0.4032258064516129,0.5970149253731343,0.4242424242424242,0.0,0.3333333333333333,0.5573770491803278,0.4883720930232558,0.875,0.918918918918919,0.7115384615384616,6,8,58.0,18.0,16.0,0.1034482758620689,0.4444444444444444,0.0,19,0.0,66.0,3.473684210526316,-0.3999999999999999,80.99999999999999,4.263157894736842,8.2,0.4,-4.8,-4.1,-0.6,0.0277401188862237,0.513,0.584,0.152,-0.5,-0.4,W (+2),W (+2)
7.0,4.0,2022-11-02,22-021,MIL,DET,0,16.1,0.0,3.0,.000,0.0,3.0,.000,3,4.0,.750,1.0,3.0,4.0,1.0,2.0,0.0,2.0,2.0,3.0,2.0,+12,0.0,0.0,,26,46,49,20,42,44,51,29,25,40,14,3,34,21,14,34,37,35.0,70.0,78.0,46.0,63.0,72.0,81.0,46.0,62.0,67.0,33.0,7.0,9.0,61.0,43.0,16.0,37.0,52.0,0.7428571428571429,0.6571428571428571,0.6282051282051282,0.4347826086956521,0.6666666666666666,0.6111111111111112,0.6296296296296297,0.6304347826086957,0.4032258064516129,0.5970149253731343,0.4242424242424242,0.0,0.3333333333333333,0.5573770491803278,0.4883720930232558,0.875,0.918918918918919,0.7115384615384616,6,8,58.0,18.0,16.0,0.1034482758620689,0.4444444444444444,0.0,19,1.0,69.0,3.631578947368421,0.7999999999999998,79.1,4.163157894736842,8.2,0.4,-4.8,-4.1,-0.6,0.0277401188862237,0.513,0.584,0.152,-0.5,-0.4,W (+25),W (+25)
8.0,5.0,2022-11-04,22-023,MIL,MIN,0,18.383333333333333,6.0,10.0,.600,2.0,4.0,.500,0,1.0,.000,0.0,5.0,5.0,0.0,0.0,0.0,2.0,2.0,14.0,7.7,+2,6.0,4.0,0.6666666666666666,26,46,49,20,42,44,51,29,25,40,14,3,34,21,14,34,37,35.0,70.0,78.0,46.0,63.0,72.0,81.0,46.0,62.0,67.0,33.0,7.0,9.0,61.0,43.0,16.0,37.0,52.0,0.7428571428571429,0.6571428571428571,0.6282051282051282,0.4347826086956521,0.6666666666666666,0.6111111111111112,0.6296296296296297,0.6304347826086957,0.4032258064516129,0.5970149253731343,0.4242424242424242,0.0,0.3333333333333333,0.5573770491803278,0.4883720930232558,0.875,0.918918918918919,0.7115384615384616,6,8,58.0,18.0,16.0,0.1034482758620689,0.4444444444444444,0.0,19,6.0,78.0,4.105263157894737,7.699999999999997,89.29999999999998,4.699999999999999,8.2,0.4,-4.8,-4.1,-0.6,0.0277401188862237,0.513,0.584,0.152,-0.5,-0.4,W (+13),W (+13)
9.0,6.0,2022-11-05,22-024,MIL,OKC,1,24.8,1.0,9.0,.111,0.0,6.0,.000,0,0.0,,3.0,2.0,5.0,0.0,1.0,0.0,2.0,6.0,2.0,-4.6,+12,3.0,1.0,0.3333333333333333,26,46,49,20,42,44,51,29,25,40,14,3,34,21,14,34,37,35.0,70.0,78.0,46.0,63.0,72.0,81.0,46.0,62.0,67.0,33.0,7.0,9.0,61.0,43.0,16.0,37.0,52.0,0.7428571428571429,0.6571428571428571,0.6282051282051282,0.4347826086956521,0.6666666666666666,0.6111111111111112,0.6296296296296297,0.6304347826086957,0.4032258064516129,0.5970149253731343,0.4242424242424242,0.0,0.3333333333333333,0.5573770491803278,0.4883720930232558,0.875,0.918918918918919,0.7115384615384616,6,8,58.0,18.0,16.0,0.1034482758620689,0.4444444444444444,0.0,19,-3.0,75.0,3.947368421052632,-4.6000000000000005,84.3,4.436842105263158,8.2,0.4,-4.8,-4.1,-0.6,0.0277401188862237,0.513,0.584,0.152,-0.5,-0.4,W (+14),W (+14)
10.0,7.0,2022-11-07,22-026,MIL,ATL,0,10.55,1.0,4.0,.250,1.0,4.0,.250,1,2.0,.500,0.0,2.0,2.0,0.0,0.0,0.0,0.0,1.0,4.0,1.4,+4,0.0,0.0,,26,46,49,20,42,44,51,29,25,40,14,3,34,21,14,34,37,35.0,70.0,78.0,46.0,63.0,72.0,81.0,46.0,62.0,67.0,33.0,7.0,9.0,61.0,43.0,16.0,37.0,52.0,0.7428571428571429,0.6571428571428571,0.6282051282051282,0.4347826086956521,0.6666666666666666,0.6111111111111112,0.6296296296296297,0.6304347826086957,0.4032258064516129,0.5970149253731343,0.4242424242424242,0.0,0.3333333333333333,0.5573770491803278,0.4883720930232558,0.875,0.918918918918919,0.7115384615384616,6,8,58.0,18.0,16.0,0.1034482758620689,0.4444444444444444,0.0,19,0.0,46.0,2.421052631578948,1.0,54.50000000000001,2.868421052631579,8.2,0.4,-4.8,-4.1,-0.6,0.0277401188862237,0.513,0.584,0.152,-0.5,-0.4,L (-19),L (-19)
11.0,8.0,2022-11-09,22-028,MIL,OKC,1,29.916666666666668,7.0,13.0,.538,5.0,8.0,.625,0,0.0,,3.0,5.0,8.0,0.0,2.0,0.0,2.0,5.0,19.0,14.3,+14,5.0,2.0,0.4,26,46,49,20,42,44,51,29,25,40,14,3,34,21,14,34,37,35.0,70.0,78.0,46.0,63.0,72.0,81.0,46.0,62.0,67.0,33.0,7.0,9.0,61.0,43.0,16.0,37.0,52.0,0.7428571428571429,0.6571428571428571,0.6282051282051282,0.4347826086956521,0.6666666666666666,0.6111111111111112,0.6296296296296297,0.6304347826086957,0.4032258064516129,0.5970149253731343,0.4242424242424242,0.0,0.3333333333333333,0.5573770491803278,0.4883720930232558,0.875,0.918918918918919,0.7115384615384616,6,8,58.0,18.0,16.0,0.1034482758620689,0.4444444444444444,0.0,19,14.0,68.0,3.5789473684210527,14.299999999999995,81.00000000000001,4.2631578947368425,8.2,0.4,-4.8,-4.1,-0.6,0.0277401188862237,0.513,0.584,0.152,-0.5,-0.4,W (+4),W (+4)
12.0,9.0,2022-11-11,22-030,MIL,SAS,1,34.38333333333333,4.0,13.0,.308,0.0,6.0,.000,0,0.0,,1.0,3.0,4.0,2.0,1.0,0.0,0.0,2.0,8.0,3.7,-24,7.0,4.0,0.5714285714285714,26,46,49,20,42,44,51,29,25,40,14,3,34,21,14,34,37,35.0,70.0,78.0,46.0,63.0,72.0,81.0,46.0,62.0,67.0,33.0,7.0,9.0,61.0,43.0,16.0,37.0,52.0,0.7428571428571429,0.6571428571428571,0.6282051282051282,0.4347826086956521,0.6666666666666666,0.6111111111111112,0.6296296296296297,0.6304347826086957,0.4032258064516129,0.5970149253731343,0.4242424242424242,0.0,0.3333333333333333,0.5573770491803278,0.4883720930232558,0.875,0.918918918918919,0.7115384615384616,6,8,58.0,18.0,16.0,0.1034482758620689,0.4444444444444444,0.0,19,2.0,38.0,2.0,3.7,51.0,2.6842105263157894,8.2,0.4,-4.8,-4.1,-0.6,0.0277401188862237,0.513,0.584,0.152,-0.5,-0.4,L (-18),L (-18)
13.0,10.0,2022-11-14,22-033,MIL,ATL,1,34.18333333333333,7.0,9.0,.778,3.0,4.0,.750,3,3.0,1.000,2.0,6.0,8.0,1.0,0.0,1.0,2.0,2.0,20.0,18.3,-14,5.0,4.0,0.8,26,46,49,20,42,44,51,29,25,40,14,3,34,21,14,34,37,35.0,70.0,78.0,46.0,63.0,72.0,81.0,46.0,62.0,67.0,33.0,7.0,9.0,61.0,43.0,16.0,37.0,52.0,0.7428571428571429,0.6571428571428571,0.6282051282051282,0.4347826086956521,0.6666666666666666,0.6111111111111112,0.6296296296296297,0.6304347826086957,0.4032258064516129,0.5970149253731343,0.4242424242424242,0.0,0.3333333333333333,0.5573770491803278,0.4883720930232558,0.875,0.918918918918919,0.7115384615384616,6,8,58.0,18.0,16.0,0.1034482758620689,0.4444444444444444,0.0,19,16.0,15.0,0.7894736842105263,17.099999999999998,38.99999999999999,2.052631578947368,8.2,0.4,-4.8,-4.1,-0.6,0.0277401188862237,0.513,0.584,0.152,-0.5,-0.4,L (-15),L (-15)
14.0,11.0,2022-11-16,22-035,MIL,CLE,1,26.633333333333333,1.0,8.0,.125,0.0,3.0,.000,0,0.0,,4.0,1.0,5.0,1.0,0.0,0.0,2.0,2.0,2.0,-2.2,+7,5.0,1.0,0.2,26,46,49,20,42,44,51,29,25,40,14,3,34,21,14,34,37,35.0,70.0,78.0,46.0,63.0,72.0,81.0,46.0,62.0,67.0,33.0,7.0,9.0,61.0,43.0,16.0,37.0,52.0,0.7428571428571429,0.6571428571428571,0.6282051282051282,0.4347826086956521,0.6666666666666666,0.6111111111111112,0.6296296296296297,0.6304347826086957,0.4032258064516129,0.5970149253731343,0.4242424242424242,0.0,0.3333333333333333,0.5573770491803278,0.4883720930232558,0.875,0.918918918918919,0.7115384615384616,6,8,58.0,18.0,16.0,0.1034482758620689,0.4444444444444444,0.0,19,-2.0,67.0,3.526315789473684,-2.2,69.8,3.673684210526316,8.2,0.4,-4.8,-4.1,-0.6,0.0277401188862237,0.513,0.584,0.152,-0.5,-0.4,W (+15),W (+15)
15.0,12.0,2022-11-18,22-037,MIL,PHI,1,14.583333333333334,0.0,3.0,.000,0.0,1.0,.000,0,0.0,,0.0,2.0,2.0,1.0,0.0,0.0,1.0,1.0,0.0,-2.2,-4,2.0,0.0,0.0,26,46,49,20,42,44,51,29,25,40,14,3,34,21,14,34,37,35.0,70.0,78.0,46.0,63.0,72.0,81.0,46.0,62.0,67.0,33.0,7.0,9.0,61.0,43.0,16.0,37.0,52.0,0.7428571428571429,0.6571428571428571,0.6282051282051282,0.4347826086956521,0.6666666666666666,0.6111111111111112,0.6296296296296297,0.6304347826086957,0.4032258064516129,0.5970149253731343,0.4242424242424242,0.0,0.3333333333333333,0.5573770491803278,0.4883720930232558,0.875,0.918918918918919,0.7115384615384616,6,8,58.0,18.0,16.0,0.1034482758620689,0.4444444444444444,0.0,19,-1.0,55.0,2.894736842105264,-2.2,64.5,3.394736842105264,8.2,0.4,-4.8,-4.1,-0.6,0.0277401188862237,0.513,0.584,0.152,-0.5,-0.4,L (-8),L (-8)
16.0,13.0,2022-11-21,22-040,MIL,POR,0,5.2,0.0,1.0,.000,0.0,0.0,,0,0.0,,0.0,0.0,0.0,0.0,1.0,0.0,1.0,1.0,0.0,-1.1,-9,1.0,0.0,0.0,26,46,49,20,42,44,51,29,25,40,14,3,34,21,14,34,37,35.0,70.0,78.0,46.0,63.0,72.0,81.0,46.0,62.0,67.0,33.0,7.0,9.0,61.0,43.0,16.0,37.0,52.0,0.7428571428571429,0.6571428571428571,0.6282051282051282,0.4347826086956521,0.6666666666666666,0.6111111111111112,0.6296296296296297,0.6304347826086957,0.4032258064516129,0.5970149253731343,0.4242424242424242,0.0,0.3333333333333333,0.5573770491803278,0.4883720930232558,0.875,0.918918918918919,0.7115384615384616,6,8,58.0,18.0,16.0,0.1034482758620689,0.4444444444444444,0.0,19,-1.0,78.0,4.105263157894737,-1.1,95.3,5.015789473684211,8.2,0.4,-4.8,-4.1,-0.6,0.0277401188862237,0.513,0.584,0.152,-0.5,-0.4,W (+8),W (+8)
17.0,,2022-11-23,22-042,MIL,CHI,Did Not Play,0.0,0.0,0.0,Did Not Play,,,Did Not Play,Did Not Play,0.0,Did Not Play,0.0,0.0,,0.0,0.0,0.0,0.0,0.0,0.0,Did Not Play,Did Not Play,,,,26,46,49,20,42,44,51,29,25,40,14,3,34,21,14,34,37,35.0,70.0,78.0,46.0,63.0,72.0,81.0,46.0,62.0,67.0,33.0,7.0,9.0,61.0,43.0,16.0,37.0,52.0,0.7428571428571429,0.6571428571428571,0.6282051282051282,0.4347826086956521,0.6666666666666666,0.6111111111111112,0.6296296296296297,0.6304347826086957,0.4032258064516129,0.5970149253731343,0.4242424242424242,0.0,0.3333333333333333,0.5573770491803278,0.4883720930232558,0.875,0.918918918918919,0.7115384615384616,6,8,58.0,18.0,16.0,0.1034482758620689,0.4444444444444444,0.0,19,,75.0,3.947368421052632,0.0,68.89999999999999,3.626315789473684,8.2,0.4,-4.8,-4.1,-0.6,0.0277401188862237,0.513,0.584,0.152,-0.5,-0.4,L (-5),L (-5)
18.0,14.0,2022-11-25,22-044,MIL,CLE,0,3.05,1.0,1.0,1.000,0.0,0.0,,0,0.0,,0.0,0.0,0.0,0.0,0.0,0.0,1.0,1.0,2.0,0.3,-7,1.0,1.0,1.0,26,46,49,20,42,44,51,29,25,40,14,3,34,21,14,34,37,35.0,70.0,78.0,46.0,63.0,72.0,81.0,46.0,62.0,67.0,33.0,7.0,9.0,61.0,43.0,16.0,37.0,52.0,0.7428571428571429,0.6571428571428571,0.6282051282051282,0.4347826086956521,0.6666666666666666,0.6111111111111112,0.6296296296296297,0.6304347826086957,0.4032258064516129,0.5970149253731343,0.4242424242424242,0.0,0.3333333333333333,0.5573770491803278,0.4883720930232558,0.875,0.918918918918919,0.7115384615384616,6,8,58.0,18.0,16.0,0.1034482758620689,0.4444444444444444,0.0,19,0.0,77.0,4.052631578947368,0.2999999999999998,83.99999999999999,4.421052631578947,8.2,0.4,-4.8,-4.1,-0.6,0.0277401188862237,0.513,0.584,0.152,-0.5,-0.4,W (+15),W (+15)
19.0,15.0,2022-11-27,22-046,MIL,DAL,0,1.9666666666666668,0.0,0.0,,0.0,0.0,,0,0.0,,0.0,0.0,0.0,0.0,0.0,0.0,1.0,0.0,0.0,-1.0,-5,0.0,0.0,,26,46,49,20,42,44,51,29,25,40,14,3,34,21,14,34,37,35.0,70.0,78.0,46.0,63.0,72.0,81.0,46.0,62.0,67.0,33.0,7.0,9.0,61.0,43.0,16.0,37.0,52.0,0.7428571428571429,0.6571428571428571,0.6282051282051282,0.4347826086956521,0.6666666666666666,0.6111111111111112,0.6296296296296297,0.6304347826086957,0.4032258064516129,0.5970149253731343,0.4242424242424242,0.0,0.3333333333333333,0.5573770491803278,0.4883720930232558,0.875,0.918918918918919,0.7115384615384616,6,8,58.0,18.0,16.0,0.1034482758620689,0.4444444444444444,0.0,19,-1.0,77.0,4.052631578947368,-1.0,91.7,4.826315789473685,8.2,0.4,-4.8,-4.1,-0.6,0.0277401188862237,0.513,0.584,0.152,-0.5,-0.4,W (+9),W (+9)
20.0,,2022-11-30,22-049,MIL,NYK,,0.0,0.0,0.0,,,,,,0.0,,0.0,0.0,,0.0,0.0,0.0,0.0,0.0,0.0,,,,,,26,46,49,20,42,44,51,29,25,40,14,3,34,21,14,34,37,35.0,70.0,78.0,46.0,63.0,72.0,81.0,46.0,62.0,67.0,33.0,7.0,9.0,61.0,43.0,16.0,37.0,52.0,0.7428571428571429,0.6571428571428571,0.6282051282051282,0.4347826086956521,0.6666666666666666,0.6111111111111112,0.6296296296296297,0.6304347826086957,0.4032258064516129,0.5970149253731343,0.4242424242424242,0.0,0.3333333333333333,0.5573770491803278,0.4883720930232558,0.875,0.918918918918919,0.7115384615384616,6,8,58.0,18.0,16.0,0.1034482758620689,0.4444444444444444,0.0,19,,73.0,3.842105263157895,0.0,85.5,4.5,8.2,0.4,-4.8,-4.1,-0.6,0.0277401188862237,0.513,0.584,0.152,-0.5,-0.4,W (+6),W (+6)
21.0,,2022-12-02,22-051,MIL,LAL,,0.0,0.0,0.0,,,,,,0.0,,0.0,0.0,,0.0,0.0,0.0,0.0,0.0,0.0,,,,,,26,46,49,20,42,44,51,29,25,40,14,3,34,21,14,34,37,35.0,70.0,78.0,46.0,63.0,72.0,81.0,46.0,62.0,67.0,33.0,7.0,9.0,61.0,43.0,16.0,37.0,52.0,0.7428571428571429,0.6571428571428571,0.6282051282051282,0.4347826086956521,0.6666666666666666,0.6111111111111112,0.6296296296296297,0.6304347826086957,0.4032258064516129,0.5970149253731343,0.4242424242424242,0.0,0.3333333333333333,0.5573770491803278,0.4883720930232558,0.875,0.918918918918919,0.7115384615384616,6,8,58.0,18.0,16.0,0.1034482758620689,0.4444444444444444,0.0,19,,83.0,4.368421052631579,0.0,102.6,5.4,8.2,0.4,-4.8,-4.1,-0.6,0.0277401188862237,0.513,0.584,0.152,-0.5,-0.4,,
22.0,,2022-12-03,22-052,MIL,CHO,,0.0,0.0,0.0,,,,,,0.0,,0.0,0.0,,0.0,0.0,0.0,0.0,0.0,0.0,,,,,,26,46,49,20,42,44,51,29,25,40,14,3,34,21,14,34,37,35.0,70.0,78.0,46.0,63.0,72.0,81.0,46.0,62.0,67.0,33.0,7.0,9.0,61.0,43.0,16.0,37.0,52.0,0.7428571428571429,0.6571428571428571,0.6282051282051282,0.4347826086956521,0.6666666666666666,0.6111111111111112,0.6296296296296297,0.6304347826086957,0.4032258064516129,0.5970149253731343,0.4242424242424242,0.0,0.3333333333333333,0.5573770491803278,0.4883720930232558,0.875,0.918918918918919,0.7115384615384616,6,8,58.0,18.0,16.0,0.1034482758620689,0.4444444444444444,0.0,19,,61.0,3.210526315789474,0.0,61.3,3.226315789473684,8.2,0.4,-4.8,-4.1,-0.6,0.0277401188862237,0.513,0.584,0.152,-0.5,-0.4,L (-4),L (-4)
23.0,,2022-12-05,22-054,MIL,ORL,,0.0,0.0,0.0,,,,,,0.0,,0.0,0.0,,0.0,0.0,0.0,0.0,0.0,0.0,,,,,,26,46,49,20,42,44,51,29,25,40,14,3,34,21,14,34,37,35.0,70.0,78.0,46.0,63.0,72.0,81.0,46.0,62.0,67.0,33.0,7.0,9.0,61.0,43.0,16.0,37.0,52.0,0.7428571428571429,0.6571428571428571,0.6282051282051282,0.4347826086956521,0.6666666666666666,0.6111111111111112,0.6296296296296297,0.6304347826086957,0.4032258064516129,0.5970149253731343,0.4242424242424242,0.0,0.3333333333333333,0.5573770491803278,0.4883720930232558,0.875,0.918918918918919,0.7115384615384616,6,8,58.0,18.0,16.0,0.1034482758620689,0.4444444444444444,0.0,19,,55.0,2.894736842105264,0.0,65.6,3.452631578947368,8.2,0.4,-4.8,-4.1,-0.6,0.0277401188862237,0.513,0.584,0.152,-0.5,-0.4,W (+9),W (+9)
24.0,,2022-12-07,22-056,MIL,SAC,Did Not Play,0.0,0.0,0.0,Did Not Play,,,Did Not Play,Did Not Play,0.0,Did Not Play,0.0,0.0,,0.0,0.0,0.0,0.0,0.0,0.0,Did Not Play,Did Not Play,,,,26,46,49,20,42,44,51,29,25,40,14,3,34,21,14,34,37,35.0,70.0,78.0,46.0,63.0,72.0,81.0,46.0,62.0,67.0,33.0,7.0,9.0,61.0,43.0,16.0,37.0,52.0,0.7428571428571429,0.6571428571428571,0.6282051282051282,0.4347826086956521,0.6666666666666666,0.6111111111111112,0.6296296296296297,0.6304347826086957,0.4032258064516129,0.5970149253731343,0.4242424242424242,0.0,0.3333333333333333,0.5573770491803278,0.4883720930232558,0.875,0.918918918918919,0.7115384615384616,6,8,58.0,18.0,16.0,0.1034482758620689,0.4444444444444444,0.0,19,,101.0,5.315789473684211,0.0,114.70000000000002,6.036842105263159,8.2,0.4,-4.8,-4.1,-0.6,0.0277401188862237,0.513,0.584,0.152,-0.5,-0.4,W (+7),W (+7)
25.0,,2022-12-09,22-058,MIL,DAL,Did Not Play,0.0,0.0,0.0,Did Not Play,,,Did Not Play,Did Not Play,0.0,Did Not Play,0.0,0.0,,0.0,0.0,0.0,0.0,0.0,0.0,Did Not Play,Did Not Play,,,,26,46,49,20,42,44,51,29,25,40,14,3,34,21,14,34,37,35.0,70.0,78.0,46.0,63.0,72.0,81.0,46.0,62.0,67.0,33.0,7.0,9.0,61.0,43.0,16.0,37.0,52.0,0.7428571428571429,0.6571428571428571,0.6282051282051282,0.4347826086956521,0.6666666666666666,0.6111111111111112,0.6296296296296297,0.6304347826086957,0.4032258064516129,0.5970149253731343,0.4242424242424242,0.0,0.3333333333333333,0.5573770491803278,0.4883720930232558,0.875,0.918918918918919,0.7115384615384616,6,8,58.0,18.0,16.0,0.1034482758620689,0.4444444444444444,0.0,19,,67.0,3.526315789473684,0.0,79.69999999999999,4.194736842105263,8.2,0.4,-4.8,-4.1,-0.6,0.0277401188862237,0.513,0.584,0.152,-0.5,-0.4,W (+13),W (+13)
26.0,,2022-12-11,22-060,MIL,HOU,Did Not Play,0.0,0.0,0.0,Did Not Play,,,Did Not Play,Did Not Play,0.0,Did Not Play,0.0,0.0,,0.0,0.0,0.0,0.0,0.0,0.0,Did Not Play,Did Not Play,,,,26,46,49,20,42,44,51,29,25,40,14,3,34,21,14,34,37,35.0,70.0,78.0,46.0,63.0,72.0,81.0,46.0,62.0,67.0,33.0,7.0,9.0,61.0,43.0,16.0,37.0,52.0,0.7428571428571429,0.6571428571428571,0.6282051282051282,0.4347826086956521,0.6666666666666666,0.6111111111111112,0.6296296296296297,0.6304347826086957,0.4032258064516129,0.5970149253731343,0.4242424242424242,0.0,0.3333333333333333,0.5573770491803278,0.4883720930232558,0.875,0.918918918918919,0.7115384615384616,6,8,58.0,18.0,16.0,0.1034482758620689,0.4444444444444444,0.0,19,,48.0,2.526315789473684,0.0,57.0,3.0,8.2,0.4,-4.8,-4.1,-0.6,0.0277401188862237,0.513,0.584,0.152,-0.5,-0.4,W (+1),W (+1)
27.0,16.0,2022-12-13,22-062,MIL,GSW,0,4.966666666666667,1.0,4.0,.250,1.0,1.0,1.000,0,0.0,,2.0,1.0,3.0,0.0,0.0,0.0,1.0,1.0,3.0,0.9,-4,3.0,0.0,0.0,26,46,49,20,42,44,51,29,25,40,14,3,34,21,14,34,37,35.0,70.0,78.0,46.0,63.0,72.0,81.0,46.0,62.0,67.0,33.0,7.0,9.0,61.0,43.0,16.0,37.0,52.0,0.7428571428571429,0.6571428571428571,0.6282051282051282,0.4347826086956521,0.6666666666666666,0.6111111111111112,0.6296296296296297,0.6304347826086957,0.4032258064516129,0.5970149253731343,0.4242424242424242,0.0,0.3333333333333333,0.5573770491803278,0.4883720930232558,0.875,0.918918918918919,0.7115384615384616,6,8,58.0,18.0,16.0,0.1034482758620689,0.4444444444444444,0.0,19,1.0,75.0,3.947368421052632,0.8999999999999999,94.10000000000002,4.952631578947369,8.2,0.4,-4.8,-4.1,-0.6,0.0277401188862237,0.513,0.584,0.152,-0.5,-0.4,L (-5),L (-5)
28.0,17.0,2022-12-15,22-064,MIL,MEM,0,21.866666666666667,4.0,9.0,.444,1.0,6.0,.167,3,5.0,.600,2.0,1.0,3.0,2.0,2.0,0.0,0.0,1.0,12.0,11.2,-8,3.0,3.0,1.0,26,46,49,20,42,44,51,29,25,40,14,3,34,21,14,34,37,35.0,70.0,78.0,46.0,63.0,72.0,81.0,46.0,62.0,67.0,33.0,7.0,9.0,61.0,43.0,16.0,37.0,52.0,0.7428571428571429,0.6571428571428571,0.6282051282051282,0.4347826086956521,0.6666666666666666,0.6111111111111112,0.6296296296296297,0.6304347826086957,0.4032258064516129,0.5970149253731343,0.4242424242424242,0.0,0.3333333333333333,0.5573770491803278,0.4883720930232558,0.875,0.918918918918919,0.7115384615384616,6,8,58.0,18.0,16.0,0.1034482758620689,0.4444444444444444,0.0,19,5.0,23.0,1.2105263157894737,9.999999999999998,43.9,2.310526315789473,8.2,0.4,-4.8,-4.1,-0.6,0.0277401188862237,0.513,0.584,0.152,-0.5,-0.4,W (+17),W (+17)
29.0,18.0,2022-12-17,22-066,MIL,UTA,0,19.383333333333333,5.0,9.0,.556,4.0,7.0,.571,4,4.0,1.000,0.0,3.0,3.0,2.0,1.0,0.0,1.0,3.0,18.0,14.8,+17,2.0,1.0,0.5,26,46,49,20,42,44,51,29,25,40,14,3,34,21,14,34,37,35.0,70.0,78.0,46.0,63.0,72.0,81.0,46.0,62.0,67.0,33.0,7.0,9.0,61.0,43.0,16.0,37.0,52.0,0.7428571428571429,0.6571428571428571,0.6282051282051282,0.4347826086956521,0.6666666666666666,0.6111111111111112,0.6296296296296297,0.6304347826086957,0.4032258064516129,0.5970149253731343,0.4242424242424242,0.0,0.3333333333333333,0.5573770491803278,0.4883720930232558,0.875,0.918918918918919,0.7115384615384616,6,8,58.0,18.0,16.0,0.1034482758620689,0.4444444444444444,0.0,19,10.0,71.0,3.736842105263158,13.199999999999996,80.39999999999999,4.231578947368421,8.2,0.4,-4.8,-4.1,-0.6,0.0277401188862237,0.513,0.584,0.152,-0.5,-0.4,L (-41),L (-41)
30.0,19.0,2022-12-19,22-068,MIL,NOP,1,15.883333333333333,2.0,4.0,.500,2.0,4.0,.500,0,0.0,,0.0,3.0,3.0,1.0,1.0,0.0,2.0,0.0,6.0,4.6,+6,0.0,0.0,,26,46,49,20,42,44,51,29,25,40,14,3,34,21,14,34,37,35.0,70.0,78.0,46.0,63.0,72.0,81.0,46.0,62.0,67.0,33.0,7.0,9.0,61.0,43.0,16.0,37.0,52.0,0.7428571428571429,0.6571428571428571,0.6282051282051282,0.4347826086956521,0.6666666666666666,0.6111111111111112,0.6296296296296297,0.6304347826086957,0.4032258064516129,0.5970149253731343,0.4242424242424242,0.0,0.3333333333333333,0.5573770491803278,0.4883720930232558,0.875,0.918918918918919,0.7115384615384616,6,8,58.0,18.0,16.0,0.1034482758620689,0.4444444444444444,0.0,19,5.0,82.0,4.315789473684211,4.599999999999999,96.0,5.052631578947368,8.2,0.4,-4.8,-4.1,-0.6,0.0277401188862237,0.513,0.584,0.152,-0.5,-0.4,W (+26),W (+26)
31.0,20.0,2022-12-21,22-070,MIL,CLE,1,20.2,4.0,7.0,.571,3.0,5.0,.600,0,0.0,,1.0,0.0,1.0,0.0,0.0,0.0,1.0,4.0,11.0,5.8,0,2.0,1.0,0.5,26,46,49,20,42,44,51,29,25,40,14,3,34,21,14,34,37,35.0,70.0,78.0,46.0,63.0,72.0,81.0,46.0,62.0,67.0,33.0,7.0,9.0,61.0,43.0,16.0,37.0,52.0,0.7428571428571429,0.6571428571428571,0.6282051282051282,0.4347826086956521,0.6666666666666666,0.6111111111111112,0.6296296296296297,0.6304347826086957,0.4032258064516129,0.5970149253731343,0.4242424242424242,0.0,0.3333333333333333,0.5573770491803278,0.4883720930232558,0.875,0.918918918918919,0.7115384615384616,6,8,58.0,18.0,16.0,0.1034482758620689,0.4444444444444444,0.0,19,4.0,56.0,2.9473684210526314,5.799999999999999,64.19999999999999,3.378947368421052,8.2,0.4,-4.8,-4.1,-0.6,0.0277401188862237,0.513,0.584,0.152,-0.5,-0.4,W (+9),W (+9)
32.0,21.0,2022-12-23,22-072,MIL,BRK,0,15.3,2.0,6.0,.333,2.0,5.0,.400,0,0.0,,0.0,0.0,0.0,0.0,0.0,0.0,0.0,2.0,6.0,1.8,+4,1.0,0.0,0.0,26,46,49,20,42,44,51,29,25,40,14,3,34,21,14,34,37,35.0,70.0,78.0,46.0,63.0,72.0,81.0,46.0,62.0,67.0,33.0,7.0,9.0,61.0,43.0,16.0,37.0,52.0,0.7428571428571429,0.6571428571428571,0.6282051282051282,0.4347826086956521,0.6666666666666666,0.6111111111111112,0.6296296296296297,0.6304347826086957,0.4032258064516129,0.5970149253731343,0.4242424242424242,0.0,0.3333333333333333,0.5573770491803278,0.4883720930232558,0.875,0.918918918918919,0.7115384615384616,6,8,58.0,18.0,16.0,0.1034482758620689,0.4444444444444444,0.0,19,0.0,47.0,2.473684210526316,1.8000000000000005,64.1,3.3736842105263154,8.2,0.4,-4.8,-4.1,-0.6,0.0277401188862237,0.513,0.584,0.152,-0.5,-0.4,L (-8),L (-8)
33.0,22.0,2022-12-25,22-074,MIL,BOS,0,3.6833333333333336,2.0,3.0,.667,1.0,2.0,.500,0,0.0,,0.0,0.0,0.0,0.0,0.0,0.0,0.0,0.0,5.0,3.7,-2,1.0,1.0,1.0,26,46,49,20,42,44,51,29,25,40,14,3,34,21,14,34,37,35.0,70.0,78.0,46.0,63.0,72.0,81.0,46.0,62.0,67.0,33.0,7.0,9.0,61.0,43.0,16.0,37.0,52.0,0.7428571428571429,0.6571428571428571,0.6282051282051282,0.4347826086956521,0.6666666666666666,0.6111111111111112,0.6296296296296297,0.6304347826086957,0.4032258064516129,0.5970149253731343,0.4242424242424242,0.0,0.3333333333333333,0.5573770491803278,0.4883720930232558,0.875,0.918918918918919,0.7115384615384616,6,8,58.0,18.0,16.0,0.1034482758620689,0.4444444444444444,0.0,19,2.0,63.0,3.3157894736842106,3.7,85.3,4.489473684210526,8.2,0.4,-4.8,-4.1,-0.6,0.0277401188862237,0.513,0.584,0.152,-0.5,-0.4,L (-18),L (-18)
34.0,23.0,2022-12-28,22-077,MIL,CHI,0,1.6166666666666667,0.0,1.0,.000,0.0,0.0,,0,0.0,,1.0,0.0,1.0,0.0,0.0,0.0,0.0,0.0,0.0,0.0,-7,1.0,0.0,0.0,26,46,49,20,42,44,51,29,25,40,14,3,34,21,14,34,37,35.0,70.0,78.0,46.0,63.0,72.0,81.0,46.0,62.0,67.0,33.0,7.0,9.0,61.0,43.0,16.0,37.0,52.0,0.7428571428571429,0.6571428571428571,0.6282051282051282,0.4347826086956521,0.6666666666666666,0.6111111111111112,0.6296296296296297,0.6304347826086957,0.4032258064516129,0.5970149253731343,0.4242424242424242,0.0,0.3333333333333333,0.5573770491803278,0.4883720930232558,0.875,0.918918918918919,0.7115384615384616,6,8,58.0,18.0,16.0,0.1034482758620689,0.4444444444444444,0.0,19,0.0,48.0,2.526315789473684,0.0,68.00000000000001,3.578947368421053,8.2,0.4,-4.8,-4.1,-0.6,0.0277401188862237,0.513,0.584,0.152,-0.5,-0.4,L (-21),L (-21)
35.0,24.0,2022-12-30,22-079,MIL,MIN,0,14.933333333333334,2.0,6.0,.333,0.0,3.0,.000,1,2.0,.500,1.0,1.0,2.0,1.0,1.0,0.0,1.0,3.0,5.0,1.7,+4,3.0,2.0,0.6666666666666666,26,46,49,20,42,44,51,29,25,40,14,3,34,21,14,34,37,35.0,70.0,78.0,46.0,63.0,72.0,81.0,46.0,62.0,67.0,33.0,7.0,9.0,61.0,43.0,16.0,37.0,52.0,0.7428571428571429,0.6571428571428571,0.6282051282051282,0.4347826086956521,0.6666666666666666,0.6111111111111112,0.6296296296296297,0.6304347826086957,0.4032258064516129,0.5970149253731343,0.4242424242424242,0.0,0.3333333333333333,0.5573770491803278,0.4883720930232558,0.875,0.918918918918919,0.7115384615384616,6,8,58.0,18.0,16.0,0.1034482758620689,0.4444444444444444,0.0,19,0.0,82.0,4.315789473684211,1.3000000000000007,86.50000000000003,4.55263157894737,8.2,0.4,-4.8,-4.1,-0.6,0.0277401188862237,0.513,0.584,0.152,-0.5,-0.4,L (-6),L (-6)
36.0,25.0,2023-01-01,22-081,MIL,WAS,0,25.0,4.0,12.0,.333,2.0,9.0,.222,1,2.0,.500,3.0,1.0,4.0,0.0,1.0,0.0,2.0,2.0,11.0,4.4,-14,3.0,2.0,0.6666666666666666,26,46,49,20,42,44,51,29,25,40,14,3,34,21,14,34,37,35.0,70.0,78.0,46.0,63.0,72.0,81.0,46.0,62.0,67.0,33.0,7.0,9.0,61.0,43.0,16.0,37.0,52.0,0.7428571428571429,0.6571428571428571,0.6282051282051282,0.4347826086956521,0.6666666666666666,0.6111111111111112,0.6296296296296297,0.6304347826086957,0.4032258064516129,0.5970149253731343,0.4242424242424242,0.0,0.3333333333333333,0.5573770491803278,0.4883720930232558,0.875,0.918918918918919,0.7115384615384616,6,8,58.0,18.0,16.0,0.1034482758620689,0.4444444444444444,0.0,19,0.0,44.0,2.3157894736842106,4.000000000000002,51.99999999999999,2.736842105263157,8.2,0.4,-4.8,-4.1,-0.6,0.0277401188862237,0.513,0.584,0.152,-0.5,-0.4,W (+9),W (+9)
37.0,26.0,2023-01-03,22-083,MIL,WAS,0,15.75,2.0,4.0,.500,0.0,0.0,,0,0.0,,2.0,0.0,2.0,1.0,1.0,0.0,0.0,1.0,4.0,4.7,+8,4.0,2.0,0.5,26,46,49,20,42,44,51,29,25,40,14,3,34,21,14,34,37,35.0,70.0,78.0,46.0,63.0,72.0,81.0,46.0,62.0,67.0,33.0,7.0,9.0,61.0,43.0,16.0,37.0,52.0,0.7428571428571429,0.6571428571428571,0.6282051282051282,0.4347826086956521,0.6666666666666666,0.6111111111111112,0.6296296296296297,0.6304347826086957,0.4032258064516129,0.5970149253731343,0.4242424242424242,0.0,0.3333333333333333,0.5573770491803278,0.4883720930232558,0.875,0.918918918918919,0.7115384615384616,6,8,58.0,18.0,16.0,0.1034482758620689,0.4444444444444444,0.0,19,4.0,80.0,4.2105263157894735,4.699999999999999,95.9,5.047368421052632,8.2,0.4,-4.8,-4.1,-0.6,0.0277401188862237,0.513,0.584,0.152,-0.5,-0.4,L (-23),L (-23)
38.0,27.0,2023-01-04,22-084,MIL,TOR,0,22.0,4.0,6.0,.667,2.0,3.0,.667,0,0.0,,2.0,2.0,4.0,2.0,0.0,0.0,3.0,3.0,10.0,6.6,-7,3.0,2.0,0.6666666666666666,26,46,49,20,42,44,51,29,25,40,14,3,34,21,14,34,37,35.0,70.0,78.0,46.0,63.0,72.0,81.0,46.0,62.0,67.0,33.0,7.0,9.0,61.0,43.0,16.0,37.0,52.0,0.7428571428571429,0.6571428571428571,0.6282051282051282,0.4347826086956521,0.6666666666666666,0.6111111111111112,0.6296296296296297,0.6304347826086957,0.4032258064516129,0.5970149253731343,0.4242424242424242,0.0,0.3333333333333333,0.5573770491803278,0.4883720930232558,0.875,0.918918918918919,0.7115384615384616,6,8,58.0,18.0,16.0,0.1034482758620689,0.4444444444444444,0.0,19,7.0,64.0,3.3684210526315788,6.600000000000001,58.6,3.0842105263157897,8.2,0.4,-4.8,-4.1,-0.6,0.0277401188862237,0.513,0.584,0.152,-0.5,-0.4,W (+10),W (+10)
39.0,28.0,2023-01-06,22-086,MIL,CHO,0,23.316666666666663,2.0,6.0,.333,0.0,3.0,.000,2,2.0,1.000,0.0,2.0,2.0,2.0,0.0,0.0,1.0,2.0,6.0,2.8,-14,3.0,2.0,0.6666666666666666,26,46,49,20,42,44,51,29,25,40,14,3,34,21,14,34,37,35.0,70.0,78.0,46.0,63.0,72.0,81.0,46.0,62.0,67.0,33.0,7.0,9.0,61.0,43.0,16.0,37.0,52.0,0.7428571428571429,0.6571428571428571,0.6282051282051282,0.4347826086956521,0.6666666666666666,0.6111111111111112,0.6296296296296297,0.6304347826086957,0.4032258064516129,0.5970149253731343,0.4242424242424242,0.0,0.3333333333333333,0.5573770491803278,0.4883720930232558,0.875,0.918918918918919,0.7115384615384616,6,8,58.0,18.0,16.0,0.1034482758620689,0.4444444444444444,0.0,19,1.0,51.0,2.6842105263157894,2.0,67.0,3.526315789473684,8.2,0.4,-4.8,-4.1,-0.6,0.0277401188862237,0.513,0.584,0.152,-0.5,-0.4,W (+3),W (+3)
40.0,29.0,2023-01-09,22-089,MIL,NYK,0,11.266666666666667,3.0,6.0,.500,2.0,4.0,.500,0,0.0,,2.0,3.0,5.0,1.0,0.0,0.0,0.0,3.0,8.0,6.8,+5,2.0,1.0,0.5,26,46,49,20,42,44,51,29,25,40,14,3,34,21,14,34,37,35.0,70.0,78.0,46.0,63.0,72.0,81.0,46.0,62.0,67.0,33.0,7.0,9.0,61.0,43.0,16.0,37.0,52.0,0.7428571428571429,0.6571428571428571,0.6282051282051282,0.4347826086956521,0.6666666666666666,0.6111111111111112,0.6296296296296297,0.6304347826086957,0.4032258064516129,0.5970149253731343,0.4242424242424242,0.0,0.3333333333333333,0.5573770491803278,0.4883720930232558,0.875,0.918918918918919,0.7115384615384616,6,8,58.0,18.0,16.0,0.1034482758620689,0.4444444444444444,0.0,19,8.0,70.0,3.684210526315789,6.8,79.1,4.163157894736842,8.2,0.4,-4.8,-4.1,-0.6,0.0277401188862237,0.513,0.584,0.152,-0.5,-0.4,L (-29),L (-29)
41.0,30.0,2023-01-11,22-091,MIL,ATL,0,21.33333333333333,3.0,9.0,.333,2.0,7.0,.286,0,0.0,,0.0,1.0,1.0,4.0,0.0,0.0,0.0,0.0,8.0,6.0,+7,2.0,1.0,0.5,26,46,49,20,42,44,51,29,25,40,14,3,34,21,14,34,37,35.0,70.0,78.0,46.0,63.0,72.0,81.0,46.0,62.0,67.0,33.0,7.0,9.0,61.0,43.0,16.0,37.0,52.0,0.7428571428571429,0.6571428571428571,0.6282051282051282,0.4347826086956521,0.6666666666666666,0.6111111111111112,0.6296296296296297,0.6304347826086957,0.4032258064516129,0.5970149253731343,0.4242424242424242,0.0,0.3333333333333333,0.5573770491803278,0.4883720930232558,0.875,0.918918918918919,0.7115384615384616,6,8,58.0,18.0,16.0,0.1034482758620689,0.4444444444444444,0.0,19,4.0,86.0,4.526315789473684,6.000000000000001,87.6,4.610526315789474,8.2,0.4,-4.8,-4.1,-0.6,0.0277401188862237,0.513,0.584,0.152,-0.5,-0.4,W (+4),W (+4)
42.0,31.0,2023-01-12,22-092,MIL,MIA,1,18.016666666666666,0.0,3.0,.000,0.0,2.0,.000,0,0.0,,1.0,1.0,2.0,0.0,1.0,0.0,2.0,1.0,0.0,-2.5,-5,1.0,0.0,0.0,26,46,49,20,42,44,51,29,25,40,14,3,34,21,14,34,37,35.0,70.0,78.0,46.0,63.0,72.0,81.0,46.0,62.0,67.0,33.0,7.0,9.0,61.0,43.0,16.0,37.0,52.0,0.7428571428571429,0.6571428571428571,0.6282051282051282,0.4347826086956521,0.6666666666666666,0.6111111111111112,0.6296296296296297,0.6304347826086957,0.4032258064516129,0.5970149253731343,0.4242424242424242,0.0,0.3333333333333333,0.5573770491803278,0.4883720930232558,0.875,0.918918918918919,0.7115384615384616,6,8,58.0,18.0,16.0,0.1034482758620689,0.4444444444444444,0.0,19,-2.0,48.0,2.526315789473684,-2.5,64.6,3.4,8.2,0.4,-4.8,-4.1,-0.6,0.0277401188862237,0.513,0.584,0.152,-0.5,-0.4,,
43.0,32.0,2023-01-14,22-094,MIL,MIA,0,10.383333333333333,0.0,4.0,.000,0.0,3.0,.000,0,0.0,,1.0,0.0,1.0,0.0,0.0,0.0,0.0,0.0,0.0,-2.1,+4,1.0,0.0,0.0,26,46,49,20,42,44,51,29,25,40,14,3,34,21,14,34,37,35.0,70.0,78.0,46.0,63.0,72.0,81.0,46.0,62.0,67.0,33.0,7.0,9.0,61.0,43.0,16.0,37.0,52.0,0.7428571428571429,0.6571428571428571,0.6282051282051282,0.4347826086956521,0.6666666666666666,0.6111111111111112,0.6296296296296297,0.6304347826086957,0.4032258064516129,0.5970149253731343,0.4242424242424242,0.0,0.3333333333333333,0.5573770491803278,0.4883720930232558,0.875,0.918918918918919,0.7115384615384616,6,8,58.0,18.0,16.0,0.1034482758620689,0.4444444444444444,0.0,19,-3.0,63.0,3.3157894736842106,-2.1,73.89999999999999,3.8894736842105258,8.2,0.4,-4.8,-4.1,-0.6,0.0277401188862237,0.513,0.584,0.152,-0.5,-0.4,W (+9),W (+9)
44.0,,2023-01-16,22-096,MIL,IND,Did Not Play,0.0,0.0,0.0,Did Not Play,,,Did Not Play,Did Not Play,0.0,Did Not Play,0.0,0.0,,0.0,0.0,0.0,0.0,0.0,0.0,Did Not Play,Did Not Play,,,,26,46,49,20,42,44,51,29,25,40,14,3,34,21,14,34,37,35.0,70.0,78.0,46.0,63.0,72.0,81.0,46.0,62.0,67.0,33.0,7.0,9.0,61.0,43.0,16.0,37.0,52.0,0.7428571428571429,0.6571428571428571,0.6282051282051282,0.4347826086956521,0.6666666666666666,0.6111111111111112,0.6296296296296297,0.6304347826086957,0.4032258064516129,0.5970149253731343,0.4242424242424242,0.0,0.3333333333333333,0.5573770491803278,0.4883720930232558,0.875,0.918918918918919,0.7115384615384616,6,8,58.0,18.0,16.0,0.1034482758620689,0.4444444444444444,0.0,19,,73.0,3.842105263157895,0.0,87.3,4.594736842105263,8.2,0.4,-4.8,-4.1,-0.6,0.0277401188862237,0.513,0.584,0.152,-0.5,-0.4,L (-6),L (-6)
45.0,,2023-01-17,22-097,MIL,TOR,Did Not Play,0.0,0.0,0.0,Did Not Play,,,Did Not Play,Did Not Play,0.0,Did Not Play,0.0,0.0,,0.0,0.0,0.0,0.0,0.0,0.0,Did Not Play,Did Not Play,,,,26,46,49,20,42,44,51,29,25,40,14,3,34,21,14,34,37,35.0,70.0,78.0,46.0,63.0,72.0,81.0,46.0,62.0,67.0,33.0,7.0,9.0,61.0,43.0,16.0,37.0,52.0,0.7428571428571429,0.6571428571428571,0.6282051282051282,0.4347826086956521,0.6666666666666666,0.6111111111111112,0.6296296296296297,0.6304347826086957,0.4032258064516129,0.5970149253731343,0.4242424242424242,0.0,0.3333333333333333,0.5573770491803278,0.4883720930232558,0.875,0.918918918918919,0.7115384615384616,6,8,58.0,18.0,16.0,0.1034482758620689,0.4444444444444444,0.0,19,,87.0,4.578947368421052,0.0,98.4,5.178947368421053,8.2,0.4,-4.8,-4.1,-0.6,0.0277401188862237,0.513,0.584,0.152,-0.5,-0.4,L (-16),L (-16)
46.0,,2023-01-21,22-101,MIL,CLE,Did Not Play,0.0,0.0,0.0,Did Not Play,,,Did Not Play,Did Not Play,0.0,Did Not Play,0.0,0.0,,0.0,0.0,0.0,0.0,0.0,0.0,Did Not Play,Did Not Play,,,,26,46,49,20,42,44,51,29,25,40,14,3,34,21,14,34,37,35.0,70.0,78.0,46.0,63.0,72.0,81.0,46.0,62.0,67.0,33.0,7.0,9.0,61.0,43.0,16.0,37.0,52.0,0.7428571428571429,0.6571428571428571,0.6282051282051282,0.4347826086956521,0.6666666666666666,0.6111111111111112,0.6296296296296297,0.6304347826086957,0.4032258064516129,0.5970149253731343,0.4242424242424242,0.0,0.3333333333333333,0.5573770491803278,0.4883720930232558,0.875,0.918918918918919,0.7115384615384616,6,8,58.0,18.0,16.0,0.1034482758620689,0.4444444444444444,0.0,19,,51.0,2.6842105263157894,0.0,60.7,3.194736842105263,8.2,0.4,-4.8,-4.1,-0.6,0.0277401188862237,0.513,0.584,0.152,-0.5,-0.4,W (+13),W (+13)
47.0,33.0,2023-01-23,22-103,MIL,DET,0,7.55,3.0,6.0,.500,1.0,2.0,.500,0,0.0,,0.0,0.0,0.0,1.0,0.0,0.0,1.0,1.0,7.0,3.3,-11,4.0,2.0,0.5,26,46,49,20,42,44,51,29,25,40,14,3,34,21,14,34,37,35.0,70.0,78.0,46.0,63.0,72.0,81.0,46.0,62.0,67.0,33.0,7.0,9.0,61.0,43.0,16.0,37.0,52.0,0.7428571428571429,0.6571428571428571,0.6282051282051282,0.4347826086956521,0.6666666666666666,0.6111111111111112,0.6296296296296297,0.6304347826086957,0.4032258064516129,0.5970149253731343,0.4242424242424242,0.0,0.3333333333333333,0.5573770491803278,0.4883720930232558,0.875,0.918918918918919,0.7115384615384616,6,8,58.0,18.0,16.0,0.1034482758620689,0.4444444444444444,0.0,19,1.0,108.0,5.684210526315789,3.299999999999999,119.8,6.3052631578947365,8.2,0.4,-4.8,-4.1,-0.6,0.0277401188862237,0.513,0.584,0.152,-0.5,-0.4,W (+8),W (+8)
48.0,,2023-01-25,22-105,MIL,DEN,,0.0,0.0,0.0,,,,,,0.0,,0.0,0.0,,0.0,0.0,0.0,0.0,0.0,0.0,,,,,,26,46,49,20,42,44,51,29,25,40,14,3,34,21,14,34,37,35.0,70.0,78.0,46.0,63.0,72.0,81.0,46.0,62.0,67.0,33.0,7.0,9.0,61.0,43.0,16.0,37.0,52.0,0.7428571428571429,0.6571428571428571,0.6282051282051282,0.4347826086956521,0.6666666666666666,0.6111111111111112,0.6296296296296297,0.6304347826086957,0.4032258064516129,0.5970149253731343,0.4242424242424242,0.0,0.3333333333333333,0.5573770491803278,0.4883720930232558,0.875,0.918918918918919,0.7115384615384616,6,8,58.0,18.0,16.0,0.1034482758620689,0.4444444444444444,0.0,19,,59.0,3.1052631578947367,0.0,68.3,3.594736842105263,8.2,0.4,-4.8,-4.1,-0.6,0.0277401188862237,0.513,0.584,0.152,-0.5,-0.4,L (-12),L (-12)
49.0,,2023-01-27,22-107,MIL,IND,Did Not Play,0.0,0.0,0.0,Did Not Play,,,Did Not Play,Did Not Play,0.0,Did Not Play,0.0,0.0,,0.0,0.0,0.0,0.0,0.0,0.0,Did Not Play,Did Not Play,,,,26,46,49,20,42,44,51,29,25,40,14,3,34,21,14,34,37,35.0,70.0,78.0,46.0,63.0,72.0,81.0,46.0,62.0,67.0,33.0,7.0,9.0,61.0,43.0,16.0,37.0,52.0,0.7428571428571429,0.6571428571428571,0.6282051282051282,0.4347826086956521,0.6666666666666666,0.6111111111111112,0.6296296296296297,0.6304347826086957,0.4032258064516129,0.5970149253731343,0.4242424242424242,0.0,0.3333333333333333,0.5573770491803278,0.4883720930232558,0.875,0.918918918918919,0.7115384615384616,6,8,58.0,18.0,16.0,0.1034482758620689,0.4444444444444444,0.0,19,,98.0,5.157894736842105,0.0,118.0,6.2105263157894735,8.2,0.4,-4.8,-4.1,-0.6,0.0277401188862237,0.513,0.584,0.152,-0.5,-0.4,W (+20),W (+20)
50.0,34.0,2023-01-29,22-109,MIL,NOP,0,1.2333333333333334,0.0,0.0,,0.0,0.0,,0,0.0,,0.0,0.0,0.0,0.0,0.0,0.0,0.0,0.0,0.0,0.0,-2,0.0,0.0,,26,46,49,20,42,44,51,29,25,40,14,3,34,21,14,34,37,35.0,70.0,78.0,46.0,63.0,72.0,81.0,46.0,62.0,67.0,33.0,7.0,9.0,61.0,43.0,16.0,37.0,52.0,0.7428571428571429,0.6571428571428571,0.6282051282051282,0.4347826086956521,0.6666666666666666,0.6111111111111112,0.6296296296296297,0.6304347826086957,0.4032258064516129,0.5970149253731343,0.4242424242424242,0.0,0.3333333333333333,0.5573770491803278,0.4883720930232558,0.875,0.918918918918919,0.7115384615384616,6,8,58.0,18.0,16.0,0.1034482758620689,0.4444444444444444,0.0,19,0.0,92.0,4.842105263157895,0.0,103.59999999999998,5.452631578947368,8.2,0.4,-4.8,-4.1,-0.6,0.0277401188862237,0.513,0.584,0.152,-0.5,-0.4,W (+8),W (+8)
51.0,,2023-01-31,22-111,MIL,CHO,Did Not Play,0.0,0.0,0.0,Did Not Play,,,Did Not Play,Did Not Play,0.0,Did Not Play,0.0,0.0,,0.0,0.0,0.0,0.0,0.0,0.0,Did Not Play,Did Not Play,,,,26,46,49,20,42,44,51,29,25,40,14,3,34,21,14,34,37,35.0,70.0,78.0,46.0,63.0,72.0,81.0,46.0,62.0,67.0,33.0,7.0,9.0,61.0,43.0,16.0,37.0,52.0,0.7428571428571429,0.6571428571428571,0.6282051282051282,0.4347826086956521,0.6666666666666666,0.6111111111111112,0.6296296296296297,0.6304347826086957,0.4032258064516129,0.5970149253731343,0.4242424242424242,0.0,0.3333333333333333,0.5573770491803278,0.4883720930232558,0.875,0.918918918918919,0.7115384615384616,6,8,58.0,18.0,16.0,0.1034482758620689,0.4444444444444444,0.0,19,,84.0,4.421052631578948,0.0,90.4,4.757894736842106,8.2,0.4,-4.8,-4.1,-0.6,0.0277401188862237,0.513,0.584,0.152,-0.5,-0.4,W (+10),W (+10)
52.0,,2023-02-02,22-113,MIL,LAC,Did Not Play,0.0,0.0,0.0,Did Not Play,,,Did Not Play,Did Not Play,0.0,Did Not Play,0.0,0.0,,0.0,0.0,0.0,0.0,0.0,0.0,Did Not Play,Did Not Play,,,,26,46,49,20,42,44,51,29,25,40,14,3,34,21,14,34,37,35.0,70.0,78.0,46.0,63.0,72.0,81.0,46.0,62.0,67.0,33.0,7.0,9.0,61.0,43.0,16.0,37.0,52.0,0.7428571428571429,0.6571428571428571,0.6282051282051282,0.4347826086956521,0.6666666666666666,0.6111111111111112,0.6296296296296297,0.6304347826086957,0.4032258064516129,0.5970149253731343,0.4242424242424242,0.0,0.3333333333333333,0.5573770491803278,0.4883720930232558,0.875,0.918918918918919,0.7115384615384616,6,8,58.0,18.0,16.0,0.1034482758620689,0.4444444444444444,0.0,19,,60.0,3.1578947368421053,0.0,72.60000000000001,3.821052631578948,8.2,0.4,-4.8,-4.1,-0.6,0.0277401188862237,0.513,0.584,0.152,-0.5,-0.4,W (+25),W (+25)
53.0,,2023-02-04,22-115,MIL,MIA,Did Not Play,0.0,0.0,0.0,Did Not Play,,,Did Not Play,Did Not Play,0.0,Did Not Play,0.0,0.0,,0.0,0.0,0.0,0.0,0.0,0.0,Did Not Play,Did Not Play,,,,26,46,49,20,42,44,51,29,25,40,14,3,34,21,14,34,37,35.0,70.0,78.0,46.0,63.0,72.0,81.0,46.0,62.0,67.0,33.0,7.0,9.0,61.0,43.0,16.0,37.0,52.0,0.7428571428571429,0.6571428571428571,0.6282051282051282,0.4347826086956521,0.6666666666666666,0.6111111111111112,0.6296296296296297,0.6304347826086957,0.4032258064516129,0.5970149253731343,0.4242424242424242,0.0,0.3333333333333333,0.5573770491803278,0.4883720930232558,0.875,0.918918918918919,0.7115384615384616,6,8,58.0,18.0,16.0,0.1034482758620689,0.4444444444444444,0.0,19,,82.0,4.315789473684211,0.0,98.2,5.16842105263158,8.2,0.4,-4.8,-4.1,-0.6,0.0277401188862237,0.513,0.584,0.152,-0.5,-0.4,W (+9),W (+9)
54.0,35.0,2023-02-06,22-117,MIL,POR,0,13.466666666666669,2.0,4.0,.500,1.0,3.0,.333,0,0.0,,0.0,4.0,4.0,0.0,0.0,0.0,1.0,2.0,5.0,2.4,-5,1.0,1.0,1.0,26,46,49,20,42,44,51,29,25,40,14,3,34,21,14,34,37,35.0,70.0,78.0,46.0,63.0,72.0,81.0,46.0,62.0,67.0,33.0,7.0,9.0,61.0,43.0,16.0,37.0,52.0,0.7428571428571429,0.6571428571428571,0.6282051282051282,0.4347826086956521,0.6666666666666666,0.6111111111111112,0.6296296296296297,0.6304347826086957,0.4032258064516129,0.5970149253731343,0.4242424242424242,0.0,0.3333333333333333,0.5573770491803278,0.4883720930232558,0.875,0.918918918918919,0.7115384615384616,6,8,58.0,18.0,16.0,0.1034482758620689,0.4444444444444444,0.0,19,4.0,87.0,4.578947368421052,2.4000000000000004,91.3,4.8052631578947365,8.2,0.4,-4.8,-4.1,-0.6,0.0277401188862237,0.513,0.584,0.152,-0.5,-0.4,W (+1),W (+1)
55.0,36.0,2023-02-09,22-120,MIL,LAL,0,5.45,1.0,4.0,.250,1.0,4.0,.250,0,0.0,,0.0,1.0,1.0,0.0,0.0,0.0,2.0,2.0,3.0,-1.9,-8,0.0,0.0,,26,46,49,20,42,44,51,29,25,40,14,3,34,21,14,34,37,35.0,70.0,78.0,46.0,63.0,72.0,81.0,46.0,62.0,67.0,33.0,7.0,9.0,61.0,43.0,16.0,37.0,52.0,0.7428571428571429,0.6571428571428571,0.6282051282051282,0.4347826086956521,0.6666666666666666,0.6111111111111112,0.6296296296296297,0.6304347826086957,0.4032258064516129,0.5970149253731343,0.4242424242424242,0.0,0.3333333333333333,0.5573770491803278,0.4883720930232558,0.875,0.918918918918919,0.7115384615384616,6,8,58.0,18.0,16.0,0.1034482758620689,0.4444444444444444,0.0,19,-2.0,77.0,4.052631578947368,-1.9,88.7,4.66842105263158,8.2,0.4,-4.8,-4.1,-0.6,0.0277401188862237,0.513,0.584,0.152,-0.5,-0.4,W (+8),W (+8)
56.0,37.0,2023-02-10,22-121,MIL,LAC,0,15.95,4.0,7.0,.571,1.0,3.0,.333,1,2.0,.500,0.0,0.0,0.0,2.0,2.0,1.0,0.0,1.0,10.0,10.0,-6,4.0,3.0,0.75,26,46,49,20,42,44,51,29,25,40,14,3,34,21,14,34,37,35.0,70.0,78.0,46.0,63.0,72.0,81.0,46.0,62.0,67.0,33.0,7.0,9.0,61.0,43.0,16.0,37.0,52.0,0.7428571428571429,0.6571428571428571,0.6282051282051282,0.4347826086956521,0.6666666666666666,0.6111111111111112,0.6296296296296297,0.6304347826086957,0.4032258064516129,0.5970149253731343,0.4242424242424242,0.0,0.3333333333333333,0.5573770491803278,0.4883720930232558,0.875,0.918918918918919,0.7115384615384616,6,8,58.0,18.0,16.0,0.1034482758620689,0.4444444444444444,0.0,19,6.0,80.0,4.2105263157894735,9.6,85.4,4.494736842105263,8.2,0.4,-4.8,-4.1,-0.6,0.0277401188862237,0.513,0.584,0.152,-0.5,-0.4,W (+19),W (+19)
57.0,,2023-02-14,22-125,MIL,BOS,Did Not Play,0.0,0.0,0.0,Did Not Play,,,Did Not Play,Did Not Play,0.0,Did Not Play,0.0,0.0,,0.0,0.0,0.0,0.0,0.0,0.0,Did Not Play,Did Not Play,,,,26,46,49,20,42,44,51,29,25,40,14,3,34,21,14,34,37,35.0,70.0,78.0,46.0,63.0,72.0,81.0,46.0,62.0,67.0,33.0,7.0,9.0,61.0,43.0,16.0,37.0,52.0,0.7428571428571429,0.6571428571428571,0.6282051282051282,0.4347826086956521,0.6666666666666666,0.6111111111111112,0.6296296296296297,0.6304347826086957,0.4032258064516129,0.5970149253731343,0.4242424242424242,0.0,0.3333333333333333,0.5573770491803278,0.4883720930232558,0.875,0.918918918918919,0.7115384615384616,6,8,58.0,18.0,16.0,0.1034482758620689,0.4444444444444444,0.0,19,,75.0,3.947368421052632,0.0,90.1,4.742105263157894,8.2,0.4,-4.8,-4.1,-0.6,0.0277401188862237,0.513,0.584,0.152,-0.5,-0.4,W (+9),W (+9)
58.0,38.0,2023-02-16,22-127,MIL,CHI,0,22.15,0.0,3.0,.000,0.0,1.0,.000,2,2.0,1.000,2.0,2.0,4.0,1.0,1.0,1.0,0.0,1.0,2.0,3.9,-8,2.0,0.0,0.0,26,46,49,20,42,44,51,29,25,40,14,3,34,21,14,34,37,35.0,70.0,78.0,46.0,63.0,72.0,81.0,46.0,62.0,67.0,33.0,7.0,9.0,61.0,43.0,16.0,37.0,52.0,0.7428571428571429,0.6571428571428571,0.6282051282051282,0.4347826086956521,0.6666666666666666,0.6111111111111112,0.6296296296296297,0.6304347826086957,0.4032258064516129,0.5970149253731343,0.4242424242424242,0.0,0.3333333333333333,0.5573770491803278,0.4883720930232558,0.875,0.918918918918919,0.7115384615384616,6,8,58.0,18.0,16.0,0.1034482758620689,0.4444444444444444,0.0,19,4.0,77.0,4.052631578947368,3.100000000000001,84.29999999999998,4.436842105263157,8.2,0.4,-4.8,-4.1,-0.6,0.0277401188862237,0.513,0.584,0.152,-0.5,-0.4,W (+13),W (+13)
59.0,39.0,2023-02-24,22-135,MIL,MIA,0,4.633333333333333,0.0,1.0,.000,0.0,1.0,.000,0,0.0,,0.0,2.0,2.0,0.0,0.0,0.0,0.0,1.0,0.0,-0.5,-6,0.0,0.0,,26,46,49,20,42,44,51,29,25,40,14,3,34,21,14,34,37,35.0,70.0,78.0,46.0,63.0,72.0,81.0,46.0,62.0,67.0,33.0,7.0,9.0,61.0,43.0,16.0,37.0,52.0,0.7428571428571429,0.6571428571428571,0.6282051282051282,0.4347826086956521,0.6666666666666666,0.6111111111111112,0.6296296296296297,0.6304347826086957,0.4032258064516129,0.5970149253731343,0.4242424242424242,0.0,0.3333333333333333,0.5573770491803278,0.4883720930232558,0.875,0.918918918918919,0.7115384615384616,6,8,58.0,18.0,16.0,0.1034482758620689,0.4444444444444444,0.0,19,1.0,80.0,4.2105263157894735,-0.5,90.3,4.752631578947368,8.2,0.4,-4.8,-4.1,-0.6,0.0277401188862237,0.513,0.584,0.152,-0.5,-0.4,W (+6),W (+6)
60.0,,2023-02-26,22-137,MIL,PHO,Did Not Play,0.0,0.0,0.0,Did Not Play,,,Did Not Play,Did Not Play,0.0,Did Not Play,0.0,0.0,,0.0,0.0,0.0,0.0,0.0,0.0,Did Not Play,Did Not Play,,,,26,46,49,20,42,44,51,29,25,40,14,3,34,21,14,34,37,35.0,70.0,78.0,46.0,63.0,72.0,81.0,46.0,62.0,67.0,33.0,7.0,9.0,61.0,43.0,16.0,37.0,52.0,0.7428571428571429,0.6571428571428571,0.6282051282051282,0.4347826086956521,0.6666666666666666,0.6111111111111112,0.6296296296296297,0.6304347826086957,0.4032258064516129,0.5970149253731343,0.4242424242424242,0.0,0.3333333333333333,0.5573770491803278,0.4883720930232558,0.875,0.918918918918919,0.7115384615384616,6,8,58.0,18.0,16.0,0.1034482758620689,0.4444444444444444,0.0,19,,48.0,2.526315789473684,0.0,60.20000000000001,3.1684210526315795,8.2,0.4,-4.8,-4.1,-0.6,0.0277401188862237,0.513,0.584,0.152,-0.5,-0.4,W (+12),W (+12)
61.0,40.0,2023-02-28,22-139,MIL,BRK,0,3.583333333333333,0.0,2.0,.000,0.0,1.0,.000,0,0.0,,0.0,0.0,0.0,0.0,0.0,0.0,1.0,0.0,0.0,-2.4,-1,1.0,0.0,0.0,26,46,49,20,42,44,51,29,25,40,14,3,34,21,14,34,37,35.0,70.0,78.0,46.0,63.0,72.0,81.0,46.0,62.0,67.0,33.0,7.0,9.0,61.0,43.0,16.0,37.0,52.0,0.7428571428571429,0.6571428571428571,0.6282051282051282,0.4347826086956521,0.6666666666666666,0.6111111111111112,0.6296296296296297,0.6304347826086957,0.4032258064516129,0.5970149253731343,0.4242424242424242,0.0,0.3333333333333333,0.5573770491803278,0.4883720930232558,0.875,0.918918918918919,0.7115384615384616,6,8,58.0,18.0,16.0,0.1034482758620689,0.4444444444444444,0.0,19,-3.0,88.0,4.631578947368421,-2.4,95.10000000000002,5.005263157894738,8.2,0.4,-4.8,-4.1,-0.6,0.0277401188862237,0.513,0.584,0.152,-0.5,-0.4,W (+29),W (+29)
62.0,41.0,2023-03-01,22-140,MIL,ORL,0,4.55,0.0,1.0,.000,0.0,0.0,,0,0.0,,0.0,0.0,0.0,0.0,0.0,0.0,0.0,0.0,0.0,-0.7,-1,1.0,0.0,0.0,26,46,49,20,42,44,51,29,25,40,14,3,34,21,14,34,37,35.0,70.0,78.0,46.0,63.0,72.0,81.0,46.0,62.0,67.0,33.0,7.0,9.0,61.0,43.0,16.0,37.0,52.0,0.7428571428571429,0.6571428571428571,0.6282051282051282,0.4347826086956521,0.6666666666666666,0.6111111111111112,0.6296296296296297,0.6304347826086957,0.4032258064516129,0.5970149253731343,0.4242424242424242,0.0,0.3333333333333333,0.5573770491803278,0.4883720930232558,0.875,0.918918918918919,0.7115384615384616,6,8,58.0,18.0,16.0,0.1034482758620689,0.4444444444444444,0.0,19,-1.0,100.0,5.2631578947368425,-0.7,113.1,5.9526315789473685,8.2,0.4,-4.8,-4.1,-0.6,0.0277401188862237,0.513,0.584,0.152,-0.5,-0.4,W (+3),W (+3)
63.0,,2023-03-04,22-143,MIL,PHI,Did Not Play,0.0,0.0,0.0,Did Not Play,,,Did Not Play,Did Not Play,0.0,Did Not Play,0.0,0.0,,0.0,0.0,0.0,0.0,0.0,0.0,Did Not Play,Did Not Play,,,,26,46,49,20,42,44,51,29,25,40,14,3,34,21,14,34,37,35.0,70.0,78.0,46.0,63.0,72.0,81.0,46.0,62.0,67.0,33.0,7.0,9.0,61.0,43.0,16.0,37.0,52.0,0.7428571428571429,0.6571428571428571,0.6282051282051282,0.4347826086956521,0.6666666666666666,0.6111111111111112,0.6296296296296297,0.6304347826086957,0.4032258064516129,0.5970149253731343,0.4242424242424242,0.0,0.3333333333333333,0.5573770491803278,0.4883720930232558,0.875,0.918918918918919,0.7115384615384616,6,8,58.0,18.0,16.0,0.1034482758620689,0.4444444444444444,0.0,19,,90.0,4.7368421052631575,0.0,103.2,5.431578947368421,8.2,0.4,-4.8,-4.1,-0.6,0.0277401188862237,0.513,0.584,0.152,-0.5,-0.4,,
64.0,,2023-03-05,22-144,MIL,WAS,Did Not Play,0.0,0.0,0.0,Did Not Play,,,Did Not Play,Did Not Play,0.0,Did Not Play,0.0,0.0,,0.0,0.0,0.0,0.0,0.0,0.0,Did Not Play,Did Not Play,,,,26,46,49,20,42,44,51,29,25,40,14,3,34,21,14,34,37,35.0,70.0,78.0,46.0,63.0,72.0,81.0,46.0,62.0,67.0,33.0,7.0,9.0,61.0,43.0,16.0,37.0,52.0,0.7428571428571429,0.6571428571428571,0.6282051282051282,0.4347826086956521,0.6666666666666666,0.6111111111111112,0.6296296296296297,0.6304347826086957,0.4032258064516129,0.5970149253731343,0.4242424242424242,0.0,0.3333333333333333,0.5573770491803278,0.4883720930232558,0.875,0.918918918918919,0.7115384615384616,6,8,58.0,18.0,16.0,0.1034482758620689,0.4444444444444444,0.0,19,,87.0,4.578947368421052,0.0,95.3,5.015789473684211,8.2,0.4,-4.8,-4.1,-0.6,0.0277401188862237,0.513,0.584,0.152,-0.5,-0.4,W (+14),W (+14)
65.0,,2023-03-07,22-146,MIL,ORL,Did Not Play,0.0,0.0,0.0,Did Not Play,,,Did Not Play,Did Not Play,0.0,Did Not Play,0.0,0.0,,0.0,0.0,0.0,0.0,0.0,0.0,Did Not Play,Did Not Play,,,,26,46,49,20,42,44,51,29,25,40,14,3,34,21,14,34,37,35.0,70.0,78.0,46.0,63.0,72.0,81.0,46.0,62.0,67.0,33.0,7.0,9.0,61.0,43.0,16.0,37.0,52.0,0.7428571428571429,0.6571428571428571,0.6282051282051282,0.4347826086956521,0.6666666666666666,0.6111111111111112,0.6296296296296297,0.6304347826086957,0.4032258064516129,0.5970149253731343,0.4242424242424242,0.0,0.3333333333333333,0.5573770491803278,0.4883720930232558,0.875,0.918918918918919,0.7115384615384616,6,8,58.0,18.0,16.0,0.1034482758620689,0.4444444444444444,0.0,19,,67.0,3.526315789473684,0.0,86.10000000000002,4.531578947368423,8.2,0.4,-4.8,-4.1,-0.6,0.0277401188862237,0.513,0.584,0.152,-0.5,-0.4,W (+22),W (+22)
66.0,,2023-03-09,22-148,MIL,BRK,Did Not Play,0.0,0.0,0.0,Did Not Play,,,Did Not Play,Did Not Play,0.0,Did Not Play,0.0,0.0,,0.0,0.0,0.0,0.0,0.0,0.0,Did Not Play,Did Not Play,,,,26,46,49,20,42,44,51,29,25,40,14,3,34,21,14,34,37,35.0,70.0,78.0,46.0,63.0,72.0,81.0,46.0,62.0,67.0,33.0,7.0,9.0,61.0,43.0,16.0,37.0,52.0,0.7428571428571429,0.6571428571428571,0.6282051282051282,0.4347826086956521,0.6666666666666666,0.6111111111111112,0.6296296296296297,0.6304347826086957,0.4032258064516129,0.5970149253731343,0.4242424242424242,0.0,0.3333333333333333,0.5573770491803278,0.4883720930232558,0.875,0.918918918918919,0.7115384615384616,6,8,58.0,18.0,16.0,0.1034482758620689,0.4444444444444444,0.0,19,,87.0,4.578947368421052,0.0,93.7,4.931578947368421,8.2,0.4,-4.8,-4.1,-0.6,0.0277401188862237,0.513,0.584,0.152,-0.5,-0.4,L (-3),L (-3)
67.0,,2023-03-11,22-150,MIL,GSW,Did Not Play,0.0,0.0,0.0,Did Not Play,,,Did Not Play,Did Not Play,0.0,Did Not Play,0.0,0.0,,0.0,0.0,0.0,0.0,0.0,0.0,Did Not Play,Did Not Play,,,,26,46,49,20,42,44,51,29,25,40,14,3,34,21,14,34,37,35.0,70.0,78.0,46.0,63.0,72.0,81.0,46.0,62.0,67.0,33.0,7.0,9.0,61.0,43.0,16.0,37.0,52.0,0.7428571428571429,0.6571428571428571,0.6282051282051282,0.4347826086956521,0.6666666666666666,0.6111111111111112,0.6296296296296297,0.6304347826086957,0.4032258064516129,0.5970149253731343,0.4242424242424242,0.0,0.3333333333333333,0.5573770491803278,0.4883720930232558,0.875,0.918918918918919,0.7115384615384616,6,8,58.0,18.0,16.0,0.1034482758620689,0.4444444444444444,0.0,19,,91.0,4.789473684210527,0.0,100.1,5.268421052631578,8.2,0.4,-4.8,-4.1,-0.6,0.0277401188862237,0.513,0.584,0.152,-0.5,-0.4,W (+6),W (+6)
68.0,,2023-03-13,22-152,MIL,SAC,Did Not Play,0.0,0.0,0.0,Did Not Play,,,Did Not Play,Did Not Play,0.0,Did Not Play,0.0,0.0,,0.0,0.0,0.0,0.0,0.0,0.0,Did Not Play,Did Not Play,,,,26,46,49,20,42,44,51,29,25,40,14,3,34,21,14,34,37,35.0,70.0,78.0,46.0,63.0,72.0,81.0,46.0,62.0,67.0,33.0,7.0,9.0,61.0,43.0,16.0,37.0,52.0,0.7428571428571429,0.6571428571428571,0.6282051282051282,0.4347826086956521,0.6666666666666666,0.6111111111111112,0.6296296296296297,0.6304347826086957,0.4032258064516129,0.5970149253731343,0.4242424242424242,0.0,0.3333333333333333,0.5573770491803278,0.4883720930232558,0.875,0.918918918918919,0.7115384615384616,6,8,58.0,18.0,16.0,0.1034482758620689,0.4444444444444444,0.0,19,,102.0,5.368421052631579,0.0,111.9,5.889473684210526,8.2,0.4,-4.8,-4.1,-0.6,0.0277401188862237,0.513,0.584,0.152,-0.5,-0.4,W (+11),W (+11)
69.0,,2023-03-14,22-153,MIL,PHO,Did Not Play,0.0,0.0,0.0,Did Not Play,,,Did Not Play,Did Not Play,0.0,Did Not Play,0.0,0.0,,0.0,0.0,0.0,0.0,0.0,0.0,Did Not Play,Did Not Play,,,,26,46,49,20,42,44,51,29,25,40,14,3,34,21,14,34,37,35.0,70.0,78.0,46.0,63.0,72.0,81.0,46.0,62.0,67.0,33.0,7.0,9.0,61.0,43.0,16.0,37.0,52.0,0.7428571428571429,0.6571428571428571,0.6282051282051282,0.4347826086956521,0.6666666666666666,0.6111111111111112,0.6296296296296297,0.6304347826086957,0.4032258064516129,0.5970149253731343,0.4242424242424242,0.0,0.3333333333333333,0.5573770491803278,0.4883720930232558,0.875,0.918918918918919,0.7115384615384616,6,8,58.0,18.0,16.0,0.1034482758620689,0.4444444444444444,0.0,19,,57.0,3.0,0.0,78.0,4.105263157894737,8.2,0.4,-4.8,-4.1,-0.6,0.0277401188862237,0.513,0.584,0.152,-0.5,-0.4,W (+5),W (+5)
70.0,42.0,2023-03-16,22-155,MIL,IND,0,2.216666666666667,0.0,1.0,.000,0.0,0.0,,0,0.0,,0.0,0.0,0.0,0.0,0.0,0.0,0.0,0.0,0.0,-0.7,0,1.0,0.0,0.0,26,46,49,20,42,44,51,29,25,40,14,3,34,21,14,34,37,35.0,70.0,78.0,46.0,63.0,72.0,81.0,46.0,62.0,67.0,33.0,7.0,9.0,61.0,43.0,16.0,37.0,52.0,0.7428571428571429,0.6571428571428571,0.6282051282051282,0.4347826086956521,0.6666666666666666,0.6111111111111112,0.6296296296296297,0.6304347826086957,0.4032258064516129,0.5970149253731343,0.4242424242424242,0.0,0.3333333333333333,0.5573770491803278,0.4883720930232558,0.875,0.918918918918919,0.7115384615384616,6,8,58.0,18.0,16.0,0.1034482758620689,0.4444444444444444,0.0,19,-1.0,75.0,3.947368421052632,-0.7,88.89999999999999,4.678947368421052,8.2,0.4,-4.8,-4.1,-0.6,0.0277401188862237,0.513,0.584,0.152,-0.5,-0.4,L (-9),L (-9)
71.0,,2023-03-19,22-158,MIL,TOR,Did Not Play,0.0,0.0,0.0,Did Not Play,,,Did Not Play,Did Not Play,0.0,Did Not Play,0.0,0.0,,0.0,0.0,0.0,0.0,0.0,0.0,Did Not Play,Did Not Play,,,,26,46,49,20,42,44,51,29,25,40,14,3,34,21,14,34,37,35.0,70.0,78.0,46.0,63.0,72.0,81.0,46.0,62.0,67.0,33.0,7.0,9.0,61.0,43.0,16.0,37.0,52.0,0.7428571428571429,0.6571428571428571,0.6282051282051282,0.4347826086956521,0.6666666666666666,0.6111111111111112,0.6296296296296297,0.6304347826086957,0.4032258064516129,0.5970149253731343,0.4242424242424242,0.0,0.3333333333333333,0.5573770491803278,0.4883720930232558,0.875,0.918918918918919,0.7115384615384616,6,8,58.0,18.0,16.0,0.1034482758620689,0.4444444444444444,0.0,19,,105.0,5.526315789473684,0.0,112.79999999999998,5.936842105263157,8.2,0.4,-4.8,-4.1,-0.6,0.0277401188862237,0.513,0.584,0.152,-0.5,-0.4,W (+9),W (+9)
72.0,43.0,2023-03-22,22-161,MIL,SAS,0,6.2,2.0,2.0,1.000,1.0,1.0,1.000,2,4.0,.500,0.0,2.0,2.0,0.0,0.0,0.0,0.0,0.0,7.0,6.2,+11,1.0,1.0,1.0,26,46,49,20,42,44,51,29,25,40,14,3,34,21,14,34,37,35.0,70.0,78.0,46.0,63.0,72.0,81.0,46.0,62.0,67.0,33.0,7.0,9.0,61.0,43.0,16.0,37.0,52.0,0.7428571428571429,0.6571428571428571,0.6282051282051282,0.4347826086956521,0.6666666666666666,0.6111111111111112,0.6296296296296297,0.6304347826086957,0.4032258064516129,0.5970149253731343,0.4242424242424242,0.0,0.3333333333333333,0.5573770491803278,0.4883720930232558,0.875,0.918918918918919,0.7115384615384616,6,8,58.0,18.0,16.0,0.1034482758620689,0.4444444444444444,0.0,19,3.0,83.0,4.368421052631579,5.4,96.0,5.052631578947368,8.2,0.4,-4.8,-4.1,-0.6,0.0277401188862237,0.513,0.584,0.152,-0.5,-0.4,W (+12),W (+12)
73.0,44.0,2023-03-24,22-163,MIL,UTA,0,9.933333333333334,2.0,4.0,.500,0.0,2.0,.000,0,0.0,,0.0,2.0,2.0,1.0,0.0,0.0,0.0,2.0,4.0,2.5,-3,2.0,2.0,1.0,26,46,49,20,42,44,51,29,25,40,14,3,34,21,14,34,37,35.0,70.0,78.0,46.0,63.0,72.0,81.0,46.0,62.0,67.0,33.0,7.0,9.0,61.0,43.0,16.0,37.0,52.0,0.7428571428571429,0.6571428571428571,0.6282051282051282,0.4347826086956521,0.6666666666666666,0.6111111111111112,0.6296296296296297,0.6304347826086957,0.4032258064516129,0.5970149253731343,0.4242424242424242,0.0,0.3333333333333333,0.5573770491803278,0.4883720930232558,0.875,0.918918918918919,0.7115384615384616,6,8,58.0,18.0,16.0,0.1034482758620689,0.4444444444444444,0.0,19,3.0,124.0,6.526315789473684,2.5,129.10000000000002,6.794736842105264,8.2,0.4,-4.8,-4.1,-0.6,0.0277401188862237,0.513,0.584,0.152,-0.5,-0.4,L (-16),L (-16)
74.0,45.0,2023-03-25,22-164,MIL,DEN,0,5.9,2.0,2.0,1.000,1.0,1.0,1.000,0,0.0,,0.0,1.0,1.0,0.0,0.0,0.0,0.0,0.0,5.0,4.7,-3,1.0,1.0,1.0,26,46,49,20,42,44,51,29,25,40,14,3,34,21,14,34,37,35.0,70.0,78.0,46.0,63.0,72.0,81.0,46.0,62.0,67.0,33.0,7.0,9.0,61.0,43.0,16.0,37.0,52.0,0.7428571428571429,0.6571428571428571,0.6282051282051282,0.4347826086956521,0.6666666666666666,0.6111111111111112,0.6296296296296297,0.6304347826086957,0.4032258064516129,0.5970149253731343,0.4242424242424242,0.0,0.3333333333333333,0.5573770491803278,0.4883720930232558,0.875,0.918918918918919,0.7115384615384616,6,8,58.0,18.0,16.0,0.1034482758620689,0.4444444444444444,0.0,19,4.0,59.0,3.1052631578947367,4.699999999999999,69.39999999999999,3.652631578947368,8.2,0.4,-4.8,-4.1,-0.6,0.0277401188862237,0.513,0.584,0.152,-0.5,-0.4,W (+7),W (+7)
75.0,,2023-03-27,22-166,MIL,DET,Did Not Play,0.0,0.0,0.0,Did Not Play,,,Did Not Play,Did Not Play,0.0,Did Not Play,0.0,0.0,,0.0,0.0,0.0,0.0,0.0,0.0,Did Not Play,Did Not Play,,,,26,46,49,20,42,44,51,29,25,40,14,3,34,21,14,34,37,35.0,70.0,78.0,46.0,63.0,72.0,81.0,46.0,62.0,67.0,33.0,7.0,9.0,61.0,43.0,16.0,37.0,52.0,0.7428571428571429,0.6571428571428571,0.6282051282051282,0.4347826086956521,0.6666666666666666,0.6111111111111112,0.6296296296296297,0.6304347826086957,0.4032258064516129,0.5970149253731343,0.4242424242424242,0.0,0.3333333333333333,0.5573770491803278,0.4883720930232558,0.875,0.918918918918919,0.7115384615384616,6,8,58.0,18.0,16.0,0.1034482758620689,0.4444444444444444,0.0,19,,77.0,4.052631578947368,0.0,94.8,4.989473684210526,8.2,0.4,-4.8,-4.1,-0.6,0.0277401188862237,0.513,0.584,0.152,-0.5,-0.4,W (+36),W (+36)
76.0,46.0,2023-03-29,22-168,MIL,IND,0,2.2333333333333334,0.0,0.0,,0.0,0.0,,0,0.0,,0.0,1.0,1.0,0.0,0.0,1.0,2.0,0.0,0.0,-1.0,-6,0.0,0.0,,26,46,49,20,42,44,51,29,25,40,14,3,34,21,14,34,37,35.0,70.0,78.0,46.0,63.0,72.0,81.0,46.0,62.0,67.0,33.0,7.0,9.0,61.0,43.0,16.0,37.0,52.0,0.7428571428571429,0.6571428571428571,0.6282051282051282,0.4347826086956521,0.6666666666666666,0.6111111111111112,0.6296296296296297,0.6304347826086957,0.4032258064516129,0.5970149253731343,0.4242424242424242,0.0,0.3333333333333333,0.5573770491803278,0.4883720930232558,0.875,0.918918918918919,0.7115384615384616,6,8,58.0,18.0,16.0,0.1034482758620689,0.4444444444444444,0.0,19,0.0,108.0,5.684210526315789,-1.0,130.89999999999998,6.889473684210525,8.2,0.4,-4.8,-4.1,-0.6,0.0277401188862237,0.513,0.584,0.152,-0.5,-0.4,W (+28),W (+28)
77.0,47.0,2023-03-30,22-169,MIL,BOS,0,10.233333333333333,1.0,3.0,.333,1.0,2.0,.500,0,0.0,,1.0,2.0,3.0,0.0,1.0,0.0,1.0,1.0,3.0,2.2,+1,1.0,0.0,0.0,26,46,49,20,42,44,51,29,25,40,14,3,34,21,14,34,37,35.0,70.0,78.0,46.0,63.0,72.0,81.0,46.0,62.0,67.0,33.0,7.0,9.0,61.0,43.0,16.0,37.0,52.0,0.7428571428571429,0.6571428571428571,0.6282051282051282,0.4347826086956521,0.6666666666666666,0.6111111111111112,0.6296296296296297,0.6304347826086957,0.4032258064516129,0.5970149253731343,0.4242424242424242,0.0,0.3333333333333333,0.5573770491803278,0.4883720930232558,0.875,0.918918918918919,0.7115384615384616,6,8,58.0,18.0,16.0,0.1034482758620689,0.4444444444444444,0.0,19,3.0,32.0,1.6842105263157894,2.2,47.3,2.4894736842105263,8.2,0.4,-4.8,-4.1,-0.6,0.0277401188862237,0.513,0.584,0.152,-0.5,-0.4,L (-23),L (-23)
78.0,48.0,2023-04-02,22-172,MIL,PHI,0,1.4333333333333331,0.0,0.0,,0.0,0.0,,0,0.0,,1.0,0.0,1.0,0.0,0.0,0.0,0.0,1.0,0.0,0.3,-6,0.0,0.0,,26,46,49,20,42,44,51,29,25,40,14,3,34,21,14,34,37,35.0,70.0,78.0,46.0,63.0,72.0,81.0,46.0,62.0,67.0,33.0,7.0,9.0,61.0,43.0,16.0,37.0,52.0,0.7428571428571429,0.6571428571428571,0.6282051282051282,0.4347826086956521,0.6666666666666666,0.6111111111111112,0.6296296296296297,0.6304347826086957,0.4032258064516129,0.5970149253731343,0.4242424242424242,0.0,0.3333333333333333,0.5573770491803278,0.4883720930232558,0.875,0.918918918918919,0.7115384615384616,6,8,58.0,18.0,16.0,0.1034482758620689,0.4444444444444444,0.0,19,1.0,93.0,4.894736842105263,0.2999999999999999,104.8,5.515789473684211,8.2,0.4,-4.8,-4.1,-0.6,0.0277401188862237,0.513,0.584,0.152,-0.5,-0.4,W (+9),W (+9)
79.0,49.0,2023-04-04,22-174,MIL,WAS,0,13.283333333333331,2.0,4.0,.500,1.0,3.0,.333,0,0.0,,1.0,0.0,1.0,0.0,0.0,0.0,0.0,3.0,5.0,2.5,-8,1.0,1.0,1.0,26,46,49,20,42,44,51,29,25,40,14,3,34,21,14,34,37,35.0,70.0,78.0,46.0,63.0,72.0,81.0,46.0,62.0,67.0,33.0,7.0,9.0,61.0,43.0,16.0,37.0,52.0,0.7428571428571429,0.6571428571428571,0.6282051282051282,0.4347826086956521,0.6666666666666666,0.6111111111111112,0.6296296296296297,0.6304347826086957,0.4032258064516129,0.5970149253731343,0.4242424242424242,0.0,0.3333333333333333,0.5573770491803278,0.4883720930232558,0.875,0.918918918918919,0.7115384615384616,6,8,58.0,18.0,16.0,0.1034482758620689,0.4444444444444444,0.0,19,2.0,88.0,4.631578947368421,2.5,94.8,4.989473684210526,8.2,0.4,-4.8,-4.1,-0.6,0.0277401188862237,0.513,0.584,0.152,-0.5,-0.4,W (+13),W (+13)
80.0,50.0,2023-04-05,22-175,MIL,CHI,0,0.65,0.0,0.0,,0.0,0.0,,0,0.0,,0.0,0.0,0.0,0.0,0.0,0.0,0.0,0.0,0.0,0.0,-3,0.0,0.0,,26,46,49,20,42,44,51,29,25,40,14,3,34,21,14,34,37,35.0,70.0,78.0,46.0,63.0,72.0,81.0,46.0,62.0,67.0,33.0,7.0,9.0,61.0,43.0,16.0,37.0,52.0,0.7428571428571429,0.6571428571428571,0.6282051282051282,0.4347826086956521,0.6666666666666666,0.6111111111111112,0.6296296296296297,0.6304347826086957,0.4032258064516129,0.5970149253731343,0.4242424242424242,0.0,0.3333333333333333,0.5573770491803278,0.4883720930232558,0.875,0.918918918918919,0.7115384615384616,6,8,58.0,18.0,16.0,0.1034482758620689,0.4444444444444444,0.0,19,0.0,82.0,4.315789473684211,0.0,91.10000000000002,4.794736842105264,8.2,0.4,-4.8,-4.1,-0.6,0.0277401188862237,0.513,0.584,0.152,-0.5,-0.4,L (-41),L (-41)
81.0,51.0,2023-04-07,22-177,MIL,MEM,1,43.083333333333336,3.0,12.0,.250,3.0,8.0,.375,4,4.0,1.000,1.0,5.0,6.0,4.0,2.0,2.0,3.0,2.0,13.0,10.4,-18,4.0,0.0,0.0,26,46,49,20,42,44,51,29,25,40,14,3,34,21,14,34,37,35.0,70.0,78.0,46.0,63.0,72.0,81.0,46.0,62.0,67.0,33.0,7.0,9.0,61.0,43.0,16.0,37.0,52.0,0.7428571428571429,0.6571428571428571,0.6282051282051282,0.4347826086956521,0.6666666666666666,0.6111111111111112,0.6296296296296297,0.6304347826086957,0.4032258064516129,0.5970149253731343,0.4242424242424242,0.0,0.3333333333333333,0.5573770491803278,0.4883720930232558,0.875,0.918918918918919,0.7115384615384616,6,8,58.0,18.0,16.0,0.1034482758620689,0.4444444444444444,0.0,19,8.0,43.0,2.263157894736842,8.799999999999999,49.0,2.5789473684210527,8.2,0.4,-4.8,-4.1,-0.6,0.0277401188862237,0.513,0.584,0.152,-0.5,-0.4,W (+13),W (+13)
82.0,52.0,2023-04-09,22-179,MIL,TOR,1,30.23333333333333,4.0,10.0,.400,2.0,5.0,.400,0,0.0,,0.0,6.0,6.0,4.0,0.0,0.0,2.0,2.0,10.0,6.4,+6,5.0,2.0,0.4,26,46,49,20,42,44,51,29,25,40,14,3,34,21,14,34,37,35.0,70.0,78.0,46.0,63.0,72.0,81.0,46.0,62.0,67.0,33.0,7.0,9.0,61.0,43.0,16.0,37.0,52.0,0.7428571428571429,0.6571428571428571,0.6282051282051282,0.4347826086956521,0.6666666666666666,0.6111111111111112,0.6296296296296297,0.6304347826086957,0.4032258064516129,0.5970149253731343,0.4242424242424242,0.0,0.3333333333333333,0.5573770491803278,0.4883720930232558,0.875,0.918918918918919,0.7115384615384616,6,8,58.0,18.0,16.0,0.1034482758620689,0.4444444444444444,0.0,19,8.0,26.0,1.368421052631579,6.399999999999999,28.3,1.4894736842105265,8.2,0.4,-4.8,-4.1,-0.6,0.0277401188862237,0.513,0.584,0.152,-0.5,-0.4,W (+12),W (+12)
