Rk,G,Date,Age,Tm,Opp,GS,MP,FG,FGA,FG%,3P,3PA,3P%,FT,FTA,FT%,ORB,DRB,TRB,AST,STL,BLK,TOV,PF,PTS,GmSc,+/-,2PA,2P,2P%,Shared Games with Cameron Johnson,Shared Games with Cameron Payne,Shared Games with Chris Paul,Shared Games with Damion Lee,Shared Games with Dario Šarić,Shared Games with Deandre Ayton,Shared Games with Devin Booker,Shared Games with Duane Washington Jr.,Shared Games with Ish Wainright,Shared Games with Jock Landale,Shared Games with Josh Okogie,Shared Games with Landry Shamet,Shared Games with Mikal Bridges,Shared Games with Torrey Craig,Cameron Johnson,Cameron Payne,Chris Paul,Damion Lee,Dario Šarić,Deandre Ayton,Devin Booker,Duane Washington Jr.,Ish Wainright,Jae Crowder,Jock Landale,Josh Okogie,Landry Shamet,Mikal Bridges,Torrey Craig,co_inf with Cameron Johnson,co_inf with Cameron Payne,co_inf with Chris Paul,co_inf with Damion Lee,co_inf with Dario Šarić,co_inf with Deandre Ayton,co_inf with Devin Booker,co_inf with Duane Washington Jr.,co_inf with Ish Wainright,co_inf with Jae Crowder,co_inf with Jock Landale,co_inf with Josh Okogie,co_inf with Landry Shamet,co_inf with Mikal Bridges,co_inf with Torrey Craig,Shared Games with Kevin Durant,Shared Games with T.J. Warren,Shared Games with Darius Bazley,Shared Games with Saben Lee,Shared Games with Terrence Ross,Darius Bazley,Jaylen Brown,Kevin Durant,Saben Lee,T.J. Warren,Terrence Ross,co_inf with Kevin Durant,co_inf with T.J. Warren,co_inf with Darius Bazley,co_inf with Jaylen Brown,co_inf with Saben Lee,co_inf with Terrence Ross,Total Shared Players,CO_EFF,EFF,avg_EFF,CO_HGS,HGS,avg_HGS,PER,WS,BPM,OBPM,DBPM,Co_Points_Share,TS%,3PAr,FTr,VORP,OWS,New Column,Result
1.0,1.0,2022-10-19,30-052,PHO,DAL,0,7.433333333333334,0.0,1.0,.000,0.0,0.0,,0,0.0,,0.0,2.0,2.0,1.0,0.0,0.0,1.0,2.0,0.0,-1.2,-7,1.0,0.0,0.0,13,35,42,53,28,47,40,24,44,48,54,32,43,58,42.0,48.0,59.0,74.0,57.0,67.0,53.0,31.0,60.0,18.0,69.0,72.0,40.0,83.0,79.0,0.3095238095238095,0.7291666666666666,0.711864406779661,0.7162162162162162,0.4912280701754385,0.7014925373134329,0.7547169811320755,0.7741935483870968,0.7333333333333333,0.0,0.6956521739130435,0.75,0.8,0.5180722891566265,0.7341772151898734,5,11,5,18,16,43.0,67.0,47.0,25.0,42.0,63.0,0.1063829787234042,0.2619047619047619,0.1162790697674418,0.0,0.72,0.2539682539682539,19,1.0,79.0,4.157894736842105,-1.2000000000000002,89.69999999999999,4.721052631578947,14.4,1.9,-0.9,-3.4,2.5,0.0282219122223414,0.555,0.0,0.34,0.2,0.2,W (+2),W (+2)
2.0,2.0,2022-10-21,30-054,PHO,POR,0,0.0166666666666666,0.0,0.0,,0.0,0.0,,0,0.0,,0.0,0.0,0.0,0.0,0.0,0.0,0.0,0.0,0.0,0.0,0,0.0,0.0,,13,35,42,53,28,47,40,24,44,48,54,32,43,58,42.0,48.0,59.0,74.0,57.0,67.0,53.0,31.0,60.0,18.0,69.0,72.0,40.0,83.0,79.0,0.3095238095238095,0.7291666666666666,0.711864406779661,0.7162162162162162,0.4912280701754385,0.7014925373134329,0.7547169811320755,0.7741935483870968,0.7333333333333333,0.0,0.6956521739130435,0.75,0.8,0.5180722891566265,0.7341772151898734,5,11,5,18,16,43.0,67.0,47.0,25.0,42.0,63.0,0.1063829787234042,0.2619047619047619,0.1162790697674418,0.0,0.72,0.2539682539682539,19,0.0,95.0,5.0,0.0,97.4,5.126315789473685,14.4,1.9,-0.9,-3.4,2.5,0.0282219122223414,0.555,0.0,0.34,0.2,0.2,L (-2),L (-2)
3.0,,2022-10-23,30-056,PHO,LAC,Did Not Play,0.0,0.0,0.0,Did Not Play,,,Did Not Play,Did Not Play,0.0,Did Not Play,0.0,0.0,,0.0,0.0,0.0,0.0,0.0,0.0,Did Not Play,Did Not Play,,,,13,35,42,53,28,47,40,24,44,48,54,32,43,58,42.0,48.0,59.0,74.0,57.0,67.0,53.0,31.0,60.0,18.0,69.0,72.0,40.0,83.0,79.0,0.3095238095238095,0.7291666666666666,0.711864406779661,0.7162162162162162,0.4912280701754385,0.7014925373134329,0.7547169811320755,0.7741935483870968,0.7333333333333333,0.0,0.6956521739130435,0.75,0.8,0.5180722891566265,0.7341772151898734,5,11,5,18,16,43.0,67.0,47.0,25.0,42.0,63.0,0.1063829787234042,0.2619047619047619,0.1162790697674418,0.0,0.72,0.2539682539682539,19,,103.0,5.421052631578948,0.0,124.8,6.568421052631579,14.4,1.9,-0.9,-3.4,2.5,0.0282219122223414,0.555,0.0,0.34,0.2,0.2,W (+17),W (+17)
4.0,,2022-10-25,30-058,PHO,GSW,Did Not Play,0.0,0.0,0.0,Did Not Play,,,Did Not Play,Did Not Play,0.0,Did Not Play,0.0,0.0,,0.0,0.0,0.0,0.0,0.0,0.0,Did Not Play,Did Not Play,,,,13,35,42,53,28,47,40,24,44,48,54,32,43,58,42.0,48.0,59.0,74.0,57.0,67.0,53.0,31.0,60.0,18.0,69.0,72.0,40.0,83.0,79.0,0.3095238095238095,0.7291666666666666,0.711864406779661,0.7162162162162162,0.4912280701754385,0.7014925373134329,0.7547169811320755,0.7741935483870968,0.7333333333333333,0.0,0.6956521739130435,0.75,0.8,0.5180722891566265,0.7341772151898734,5,11,5,18,16,43.0,67.0,47.0,25.0,42.0,63.0,0.1063829787234042,0.2619047619047619,0.1162790697674418,0.0,0.72,0.2539682539682539,19,,84.0,4.421052631578948,0.0,108.0,5.684210526315789,14.4,1.9,-0.9,-3.4,2.5,0.0282219122223414,0.555,0.0,0.34,0.2,0.2,W (+29),W (+29)
5.0,3.0,2022-10-28,30-061,PHO,NOP,0,23.3,5.0,7.0,.714,0.0,0.0,,1,2.0,.500,4.0,9.0,13.0,2.0,0.0,2.0,0.0,5.0,11.0,14.0,0,7.0,5.0,0.7142857142857143,13,35,42,53,28,47,40,24,44,48,54,32,43,58,42.0,48.0,59.0,74.0,57.0,67.0,53.0,31.0,60.0,18.0,69.0,72.0,40.0,83.0,79.0,0.3095238095238095,0.7291666666666666,0.711864406779661,0.7162162162162162,0.4912280701754385,0.7014925373134329,0.7547169811320755,0.7741935483870968,0.7333333333333333,0.0,0.6956521739130435,0.75,0.8,0.5180722891566265,0.7341772151898734,5,11,5,18,16,43.0,67.0,47.0,25.0,42.0,63.0,0.1063829787234042,0.2619047619047619,0.1162790697674418,0.0,0.72,0.2539682539682539,19,19.0,81.0,4.2631578947368425,13.599999999999998,95.20000000000002,5.010526315789474,14.4,1.9,-0.9,-3.4,2.5,0.0282219122223414,0.555,0.0,0.34,0.2,0.2,W (+13),W (+13)
6.0,4.0,2022-10-30,30-063,PHO,HOU,1,21.98333333333333,1.0,1.0,1.000,0.0,0.0,,3,5.0,.600,0.0,5.0,5.0,0.0,0.0,5.0,2.0,3.0,5.0,5.7,+12,1.0,1.0,1.0,13,35,42,53,28,47,40,24,44,48,54,32,43,58,42.0,48.0,59.0,74.0,57.0,67.0,53.0,31.0,60.0,18.0,69.0,72.0,40.0,83.0,79.0,0.3095238095238095,0.7291666666666666,0.711864406779661,0.7162162162162162,0.4912280701754385,0.7014925373134329,0.7547169811320755,0.7741935483870968,0.7333333333333333,0.0,0.6956521739130435,0.75,0.8,0.5180722891566265,0.7341772151898734,5,11,5,18,16,43.0,67.0,47.0,25.0,42.0,63.0,0.1063829787234042,0.2619047619047619,0.1162790697674418,0.0,0.72,0.2539682539682539,19,7.0,81.0,4.2631578947368425,4.500000000000001,101.7,5.352631578947369,14.4,1.9,-0.9,-3.4,2.5,0.0282219122223414,0.555,0.0,0.34,0.2,0.2,W (+15),W (+15)
7.0,5.0,2022-11-01,30-065,PHO,MIN,1,29.816666666666663,4.0,5.0,.800,0.0,0.0,,0,0.0,,1.0,3.0,4.0,1.0,0.0,4.0,1.0,2.0,8.0,9.4,+11,5.0,4.0,0.8,13,35,42,53,28,47,40,24,44,48,54,32,43,58,42.0,48.0,59.0,74.0,57.0,67.0,53.0,31.0,60.0,18.0,69.0,72.0,40.0,83.0,79.0,0.3095238095238095,0.7291666666666666,0.711864406779661,0.7162162162162162,0.4912280701754385,0.7014925373134329,0.7547169811320755,0.7741935483870968,0.7333333333333333,0.0,0.6956521739130435,0.75,0.8,0.5180722891566265,0.7341772151898734,5,11,5,18,16,43.0,67.0,47.0,25.0,42.0,63.0,0.1063829787234042,0.2619047619047619,0.1162790697674418,0.0,0.72,0.2539682539682539,19,11.0,67.0,3.526315789473684,9.4,72.9,3.836842105263158,14.4,1.9,-0.9,-3.4,2.5,0.0282219122223414,0.555,0.0,0.34,0.2,0.2,W (+9),W (+9)
8.0,6.0,2022-11-04,30-068,PHO,POR,0,3.716666666666667,1.0,3.0,.333,0.0,0.0,,0,0.0,,0.0,1.0,1.0,0.0,0.0,2.0,0.0,0.0,2.0,2.0,-8,3.0,1.0,0.3333333333333333,13,35,42,53,28,47,40,24,44,48,54,32,43,58,42.0,48.0,59.0,74.0,57.0,67.0,53.0,31.0,60.0,18.0,69.0,72.0,40.0,83.0,79.0,0.3095238095238095,0.7291666666666666,0.711864406779661,0.7162162162162162,0.4912280701754385,0.7014925373134329,0.7547169811320755,0.7741935483870968,0.7333333333333333,0.0,0.6956521739130435,0.75,0.8,0.5180722891566265,0.7341772151898734,5,11,5,18,16,43.0,67.0,47.0,25.0,42.0,63.0,0.1063829787234042,0.2619047619047619,0.1162790697674418,0.0,0.72,0.2539682539682539,19,2.0,75.0,3.947368421052632,2.0,89.30000000000001,4.7,14.4,1.9,-0.9,-3.4,2.5,0.0282219122223414,0.555,0.0,0.34,0.2,0.2,L (-2),L (-2)
9.0,7.0,2022-11-05,30-069,PHO,POR,0,13.816666666666666,1.0,4.0,.250,0.0,0.0,,1,1.0,1.000,1.0,3.0,4.0,0.0,0.0,3.0,2.0,3.0,3.0,1.1,+2,4.0,1.0,0.25,13,35,42,53,28,47,40,24,44,48,54,32,43,58,42.0,48.0,59.0,74.0,57.0,67.0,53.0,31.0,60.0,18.0,69.0,72.0,40.0,83.0,79.0,0.3095238095238095,0.7291666666666666,0.711864406779661,0.7162162162162162,0.4912280701754385,0.7014925373134329,0.7547169811320755,0.7741935483870968,0.7333333333333333,0.0,0.6956521739130435,0.75,0.8,0.5180722891566265,0.7341772151898734,5,11,5,18,16,43.0,67.0,47.0,25.0,42.0,63.0,0.1063829787234042,0.2619047619047619,0.1162790697674418,0.0,0.72,0.2539682539682539,19,3.0,98.0,5.157894736842105,0.6999999999999997,93.7,4.931578947368421,14.4,1.9,-0.9,-3.4,2.5,0.0282219122223414,0.555,0.0,0.34,0.2,0.2,W (+20),W (+20)
10.0,8.0,2022-11-07,30-071,PHO,PHI,0,10.6,0.0,0.0,,0.0,0.0,,0,0.0,,1.0,3.0,4.0,1.0,0.0,0.0,0.0,1.0,0.0,1.9,+4,0.0,0.0,,13,35,42,53,28,47,40,24,44,48,54,32,43,58,42.0,48.0,59.0,74.0,57.0,67.0,53.0,31.0,60.0,18.0,69.0,72.0,40.0,83.0,79.0,0.3095238095238095,0.7291666666666666,0.711864406779661,0.7162162162162162,0.4912280701754385,0.7014925373134329,0.7547169811320755,0.7741935483870968,0.7333333333333333,0.0,0.6956521739130435,0.75,0.8,0.5180722891566265,0.7341772151898734,5,11,5,18,16,43.0,67.0,47.0,25.0,42.0,63.0,0.1063829787234042,0.2619047619047619,0.1162790697674418,0.0,0.72,0.2539682539682539,19,5.0,55.0,2.894736842105264,1.9,66.8,3.5157894736842104,14.4,1.9,-0.9,-3.4,2.5,0.0282219122223414,0.555,0.0,0.34,0.2,0.2,L (-12),L (-12)
11.0,9.0,2022-11-09,30-073,PHO,MIN,0,3.033333333333333,0.0,0.0,,0.0,0.0,,0,0.0,,0.0,0.0,0.0,0.0,1.0,1.0,0.0,1.0,0.0,1.3,-2,0.0,0.0,,13,35,42,53,28,47,40,24,44,48,54,32,43,58,42.0,48.0,59.0,74.0,57.0,67.0,53.0,31.0,60.0,18.0,69.0,72.0,40.0,83.0,79.0,0.3095238095238095,0.7291666666666666,0.711864406779661,0.7162162162162162,0.4912280701754385,0.7014925373134329,0.7547169811320755,0.7741935483870968,0.7333333333333333,0.0,0.6956521739130435,0.75,0.8,0.5180722891566265,0.7341772151898734,5,11,5,18,16,43.0,67.0,47.0,25.0,42.0,63.0,0.1063829787234042,0.2619047619047619,0.1162790697674418,0.0,0.72,0.2539682539682539,19,2.0,85.0,4.473684210526316,1.2999999999999998,95.7,5.036842105263158,14.4,1.9,-0.9,-3.4,2.5,0.0282219122223414,0.555,0.0,0.34,0.2,0.2,W (+12),W (+12)
12.0,10.0,2022-11-11,30-075,PHO,ORL,0,11.016666666666667,3.0,6.0,.500,0.0,0.0,,1,1.0,1.000,1.0,1.0,2.0,1.0,1.0,1.0,0.0,2.0,7.0,6.6,-4,6.0,3.0,0.5,13,35,42,53,28,47,40,24,44,48,54,32,43,58,42.0,48.0,59.0,74.0,57.0,67.0,53.0,31.0,60.0,18.0,69.0,72.0,40.0,83.0,79.0,0.3095238095238095,0.7291666666666666,0.711864406779661,0.7162162162162162,0.4912280701754385,0.7014925373134329,0.7547169811320755,0.7741935483870968,0.7333333333333333,0.0,0.6956521739130435,0.75,0.8,0.5180722891566265,0.7341772151898734,5,11,5,18,16,43.0,67.0,47.0,25.0,42.0,63.0,0.1063829787234042,0.2619047619047619,0.1162790697674418,0.0,0.72,0.2539682539682539,19,5.0,92.0,4.842105263157895,6.199999999999998,83.0,4.368421052631579,14.4,1.9,-0.9,-3.4,2.5,0.0282219122223414,0.555,0.0,0.34,0.2,0.2,L (-17),L (-17)
13.0,11.0,2022-11-14,30-078,PHO,MIA,0,5.216666666666667,0.0,0.0,,0.0,0.0,,0,0.0,,0.0,1.0,1.0,0.0,0.0,1.0,1.0,1.0,0.0,-0.4,+1,0.0,0.0,,13,35,42,53,28,47,40,24,44,48,54,32,43,58,42.0,48.0,59.0,74.0,57.0,67.0,53.0,31.0,60.0,18.0,69.0,72.0,40.0,83.0,79.0,0.3095238095238095,0.7291666666666666,0.711864406779661,0.7162162162162162,0.4912280701754385,0.7014925373134329,0.7547169811320755,0.7741935483870968,0.7333333333333333,0.0,0.6956521739130435,0.75,0.8,0.5180722891566265,0.7341772151898734,5,11,5,18,16,43.0,67.0,47.0,25.0,42.0,63.0,0.1063829787234042,0.2619047619047619,0.1162790697674418,0.0,0.72,0.2539682539682539,19,1.0,82.0,4.315789473684211,-0.4,93.59999999999998,4.926315789473684,14.4,1.9,-0.9,-3.4,2.5,0.0282219122223414,0.555,0.0,0.34,0.2,0.2,L (-1),L (-1)
14.0,,2022-11-16,30-080,PHO,GSW,,0.0,0.0,0.0,,,,,,0.0,,0.0,0.0,,0.0,0.0,0.0,0.0,0.0,0.0,,,,,,13,35,42,53,28,47,40,24,44,48,54,32,43,58,42.0,48.0,59.0,74.0,57.0,67.0,53.0,31.0,60.0,18.0,69.0,72.0,40.0,83.0,79.0,0.3095238095238095,0.7291666666666666,0.711864406779661,0.7162162162162162,0.4912280701754385,0.7014925373134329,0.7547169811320755,0.7741935483870968,0.7333333333333333,0.0,0.6956521739130435,0.75,0.8,0.5180722891566265,0.7341772151898734,5,11,5,18,16,43.0,67.0,47.0,25.0,42.0,63.0,0.1063829787234042,0.2619047619047619,0.1162790697674418,0.0,0.72,0.2539682539682539,19,,96.0,5.052631578947368,0.0,99.6,5.242105263157894,14.4,1.9,-0.9,-3.4,2.5,0.0282219122223414,0.555,0.0,0.34,0.2,0.2,W (+11),W (+11)
15.0,,2022-11-18,30-082,PHO,UTA,Did Not Play,0.0,0.0,0.0,Did Not Play,,,Did Not Play,Did Not Play,0.0,Did Not Play,0.0,0.0,,0.0,0.0,0.0,0.0,0.0,0.0,Did Not Play,Did Not Play,,,,13,35,42,53,28,47,40,24,44,48,54,32,43,58,42.0,48.0,59.0,74.0,57.0,67.0,53.0,31.0,60.0,18.0,69.0,72.0,40.0,83.0,79.0,0.3095238095238095,0.7291666666666666,0.711864406779661,0.7162162162162162,0.4912280701754385,0.7014925373134329,0.7547169811320755,0.7741935483870968,0.7333333333333333,0.0,0.6956521739130435,0.75,0.8,0.5180722891566265,0.7341772151898734,5,11,5,18,16,43.0,67.0,47.0,25.0,42.0,63.0,0.1063829787234042,0.2619047619047619,0.1162790697674418,0.0,0.72,0.2539682539682539,19,,82.0,4.315789473684211,0.0,104.1,5.478947368421053,14.4,1.9,-0.9,-3.4,2.5,0.0282219122223414,0.555,0.0,0.34,0.2,0.2,L (-1),L (-1)
16.0,12.0,2022-11-20,30-084,PHO,NYK,0,21.2,2.0,6.0,.333,0.0,0.0,,1,2.0,.500,6.0,4.0,10.0,3.0,0.0,1.0,4.0,5.0,5.0,3.4,+15,6.0,2.0,0.3333333333333333,13,35,42,53,28,47,40,24,44,48,54,32,43,58,42.0,48.0,59.0,74.0,57.0,67.0,53.0,31.0,60.0,18.0,69.0,72.0,40.0,83.0,79.0,0.3095238095238095,0.7291666666666666,0.711864406779661,0.7162162162162162,0.4912280701754385,0.7014925373134329,0.7547169811320755,0.7741935483870968,0.7333333333333333,0.0,0.6956521739130435,0.75,0.8,0.5180722891566265,0.7341772151898734,5,11,5,18,16,43.0,67.0,47.0,25.0,42.0,63.0,0.1063829787234042,0.2619047619047619,0.1162790697674418,0.0,0.72,0.2539682539682539,19,7.0,105.0,5.526315789473684,2.9999999999999982,108.0,5.684210526315789,14.4,1.9,-0.9,-3.4,2.5,0.0282219122223414,0.555,0.0,0.34,0.2,0.2,W (+21),W (+21)
17.0,13.0,2022-11-22,30-086,PHO,LAL,0,16.45,1.0,3.0,.333,0.0,0.0,,0,2.0,.000,0.0,3.0,3.0,1.0,1.0,2.0,2.0,0.0,2.0,1.5,+1,3.0,1.0,0.3333333333333333,13,35,42,53,28,47,40,24,44,48,54,32,43,58,42.0,48.0,59.0,74.0,57.0,67.0,53.0,31.0,60.0,18.0,69.0,72.0,40.0,83.0,79.0,0.3095238095238095,0.7291666666666666,0.711864406779661,0.7162162162162162,0.4912280701754385,0.7014925373134329,0.7547169811320755,0.7741935483870968,0.7333333333333333,0.0,0.6956521739130435,0.75,0.8,0.5180722891566265,0.7341772151898734,5,11,5,18,16,43.0,67.0,47.0,25.0,42.0,63.0,0.1063829787234042,0.2619047619047619,0.1162790697674418,0.0,0.72,0.2539682539682539,19,2.0,78.0,4.105263157894737,1.5000000000000009,87.2,4.589473684210526,14.4,1.9,-0.9,-3.4,2.5,0.0282219122223414,0.555,0.0,0.34,0.2,0.2,W (+10),W (+10)
18.0,14.0,2022-11-25,30-089,PHO,DET,0,18.03333333333333,2.0,3.0,.667,0.0,0.0,,1,2.0,.500,0.0,5.0,5.0,1.0,0.0,1.0,3.0,3.0,5.0,2.0,-7,3.0,2.0,0.6666666666666666,13,35,42,53,28,47,40,24,44,48,54,32,43,58,42.0,48.0,59.0,74.0,57.0,67.0,53.0,31.0,60.0,18.0,69.0,72.0,40.0,83.0,79.0,0.3095238095238095,0.7291666666666666,0.711864406779661,0.7162162162162162,0.4912280701754385,0.7014925373134329,0.7547169811320755,0.7741935483870968,0.7333333333333333,0.0,0.6956521739130435,0.75,0.8,0.5180722891566265,0.7341772151898734,5,11,5,18,16,43.0,67.0,47.0,25.0,42.0,63.0,0.1063829787234042,0.2619047619047619,0.1162790697674418,0.0,0.72,0.2539682539682539,19,4.0,96.0,5.052631578947368,1.5999999999999996,98.8,5.2,14.4,1.9,-0.9,-3.4,2.5,0.0282219122223414,0.555,0.0,0.34,0.2,0.2,W (+6),W (+6)
19.0,15.0,2022-11-26,30-090,PHO,UTA,0,8.466666666666667,0.0,1.0,.000,0.0,0.0,,0,2.0,.000,0.0,0.0,0.0,2.0,2.0,1.0,0.0,1.0,0.0,2.2,-2,1.0,0.0,0.0,13,35,42,53,28,47,40,24,44,48,54,32,43,58,42.0,48.0,59.0,74.0,57.0,67.0,53.0,31.0,60.0,18.0,69.0,72.0,40.0,83.0,79.0,0.3095238095238095,0.7291666666666666,0.711864406779661,0.7162162162162162,0.4912280701754385,0.7014925373134329,0.7547169811320755,0.7741935483870968,0.7333333333333333,0.0,0.6956521739130435,0.75,0.8,0.5180722891566265,0.7341772151898734,5,11,5,18,16,43.0,67.0,47.0,25.0,42.0,63.0,0.1063829787234042,0.2619047619047619,0.1162790697674418,0.0,0.72,0.2539682539682539,19,2.0,107.0,5.631578947368421,2.2,111.70000000000002,5.878947368421054,14.4,1.9,-0.9,-3.4,2.5,0.0282219122223414,0.555,0.0,0.34,0.2,0.2,W (+1),W (+1)
20.0,16.0,2022-11-28,30-092,PHO,SAC,0,8.866666666666667,2.0,3.0,.667,0.0,0.0,,0,0.0,,1.0,2.0,3.0,2.0,0.0,2.0,2.0,1.0,4.0,4.4,0,3.0,2.0,0.6666666666666666,13,35,42,53,28,47,40,24,44,48,54,32,43,58,42.0,48.0,59.0,74.0,57.0,67.0,53.0,31.0,60.0,18.0,69.0,72.0,40.0,83.0,79.0,0.3095238095238095,0.7291666666666666,0.711864406779661,0.7162162162162162,0.4912280701754385,0.7014925373134329,0.7547169811320755,0.7741935483870968,0.7333333333333333,0.0,0.6956521739130435,0.75,0.8,0.5180722891566265,0.7341772151898734,5,11,5,18,16,43.0,67.0,47.0,25.0,42.0,63.0,0.1063829787234042,0.2619047619047619,0.1162790697674418,0.0,0.72,0.2539682539682539,19,6.0,85.0,4.473684210526316,4.4,99.39999999999996,5.231578947368419,14.4,1.9,-0.9,-3.4,2.5,0.0282219122223414,0.555,0.0,0.34,0.2,0.2,W (+5),W (+5)
21.0,17.0,2022-11-30,30-094,PHO,CHI,0,7.6,0.0,2.0,.000,0.0,0.0,,0,0.0,,0.0,2.0,2.0,0.0,0.0,0.0,1.0,1.0,0.0,-2.2,+7,2.0,0.0,0.0,13,35,42,53,28,47,40,24,44,48,54,32,43,58,42.0,48.0,59.0,74.0,57.0,67.0,53.0,31.0,60.0,18.0,69.0,72.0,40.0,83.0,79.0,0.3095238095238095,0.7291666666666666,0.711864406779661,0.7162162162162162,0.4912280701754385,0.7014925373134329,0.7547169811320755,0.7741935483870968,0.7333333333333333,0.0,0.6956521739130435,0.75,0.8,0.5180722891566265,0.7341772151898734,5,11,5,18,16,43.0,67.0,47.0,25.0,42.0,63.0,0.1063829787234042,0.2619047619047619,0.1162790697674418,0.0,0.72,0.2539682539682539,19,-1.0,100.0,5.2631578947368425,-2.2,119.29999999999998,6.278947368421052,14.4,1.9,-0.9,-3.4,2.5,0.0282219122223414,0.555,0.0,0.34,0.2,0.2,,
22.0,18.0,2022-12-02,30-096,PHO,HOU,0,11.283333333333331,2.0,2.0,1.000,0.0,0.0,,0,0.0,,1.0,3.0,4.0,1.0,1.0,1.0,0.0,3.0,4.0,6.2,0,2.0,2.0,1.0,13,35,42,53,28,47,40,24,44,48,54,32,43,58,42.0,48.0,59.0,74.0,57.0,67.0,53.0,31.0,60.0,18.0,69.0,72.0,40.0,83.0,79.0,0.3095238095238095,0.7291666666666666,0.711864406779661,0.7162162162162162,0.4912280701754385,0.7014925373134329,0.7547169811320755,0.7741935483870968,0.7333333333333333,0.0,0.6956521739130435,0.75,0.8,0.5180722891566265,0.7341772151898734,5,11,5,18,16,43.0,67.0,47.0,25.0,42.0,63.0,0.1063829787234042,0.2619047619047619,0.1162790697674418,0.0,0.72,0.2539682539682539,19,9.0,99.0,5.2105263157894735,6.199999999999998,116.4,6.126315789473685,14.4,1.9,-0.9,-3.4,2.5,0.0282219122223414,0.555,0.0,0.34,0.2,0.2,W (+19),W (+19)
23.0,19.0,2022-12-04,30-098,PHO,SAS,0,6.266666666666667,1.0,2.0,.500,0.0,0.0,,0,0.0,,1.0,1.0,2.0,0.0,0.0,0.0,2.0,1.0,2.0,-0.4,+6,2.0,1.0,0.5,13,35,42,53,28,47,40,24,44,48,54,32,43,58,42.0,48.0,59.0,74.0,57.0,67.0,53.0,31.0,60.0,18.0,69.0,72.0,40.0,83.0,79.0,0.3095238095238095,0.7291666666666666,0.711864406779661,0.7162162162162162,0.4912280701754385,0.7014925373134329,0.7547169811320755,0.7741935483870968,0.7333333333333333,0.0,0.6956521739130435,0.75,0.8,0.5180722891566265,0.7341772151898734,5,11,5,18,16,43.0,67.0,47.0,25.0,42.0,63.0,0.1063829787234042,0.2619047619047619,0.1162790697674418,0.0,0.72,0.2539682539682539,19,0.0,105.0,5.526315789473684,-0.4000000000000003,112.1,5.9,14.4,1.9,-0.9,-3.4,2.5,0.0282219122223414,0.555,0.0,0.34,0.2,0.2,L (-1),L (-1)
24.0,20.0,2022-12-05,30-099,PHO,DAL,0,15.0,3.0,3.0,1.000,0.0,0.0,,0,3.0,.000,1.0,1.0,2.0,0.0,0.0,1.0,0.0,1.0,6.0,5.2,0,3.0,3.0,1.0,13,35,42,53,28,47,40,24,44,48,54,32,43,58,42.0,48.0,59.0,74.0,57.0,67.0,53.0,31.0,60.0,18.0,69.0,72.0,40.0,83.0,79.0,0.3095238095238095,0.7291666666666666,0.711864406779661,0.7162162162162162,0.4912280701754385,0.7014925373134329,0.7547169811320755,0.7741935483870968,0.7333333333333333,0.0,0.6956521739130435,0.75,0.8,0.5180722891566265,0.7341772151898734,5,11,5,18,16,43.0,67.0,47.0,25.0,42.0,63.0,0.1063829787234042,0.2619047619047619,0.1162790697674418,0.0,0.72,0.2539682539682539,19,3.0,116.0,6.105263157894737,5.2,117.4,6.178947368421053,14.4,1.9,-0.9,-3.4,2.5,0.0282219122223414,0.555,0.0,0.34,0.2,0.2,W (+38),W (+38)
25.0,21.0,2022-12-07,30-101,PHO,BOS,0,4.95,0.0,2.0,.000,0.0,0.0,,0,0.0,,1.0,1.0,2.0,0.0,0.0,1.0,1.0,1.0,0.0,-1.1,+5,2.0,0.0,0.0,13,35,42,53,28,47,40,24,44,48,54,32,43,58,42.0,48.0,59.0,74.0,57.0,67.0,53.0,31.0,60.0,18.0,69.0,72.0,40.0,83.0,79.0,0.3095238095238095,0.7291666666666666,0.711864406779661,0.7162162162162162,0.4912280701754385,0.7014925373134329,0.7547169811320755,0.7741935483870968,0.7333333333333333,0.0,0.6956521739130435,0.75,0.8,0.5180722891566265,0.7341772151898734,5,11,5,18,16,43.0,67.0,47.0,25.0,42.0,63.0,0.1063829787234042,0.2619047619047619,0.1162790697674418,0.0,0.72,0.2539682539682539,19,0.0,73.0,3.842105263157895,-1.1,83.0,4.368421052631579,14.4,1.9,-0.9,-3.4,2.5,0.0282219122223414,0.555,0.0,0.34,0.2,0.2,L (-19),L (-19)
26.0,,2022-12-09,30-103,PHO,NOP,Did Not Play,0.0,0.0,0.0,Did Not Play,,,Did Not Play,Did Not Play,0.0,Did Not Play,0.0,0.0,,0.0,0.0,0.0,0.0,0.0,0.0,Did Not Play,Did Not Play,,,,13,35,42,53,28,47,40,24,44,48,54,32,43,58,42.0,48.0,59.0,74.0,57.0,67.0,53.0,31.0,60.0,18.0,69.0,72.0,40.0,83.0,79.0,0.3095238095238095,0.7291666666666666,0.711864406779661,0.7162162162162162,0.4912280701754385,0.7014925373134329,0.7547169811320755,0.7741935483870968,0.7333333333333333,0.0,0.6956521739130435,0.75,0.8,0.5180722891566265,0.7341772151898734,5,11,5,18,16,43.0,67.0,47.0,25.0,42.0,63.0,0.1063829787234042,0.2619047619047619,0.1162790697674418,0.0,0.72,0.2539682539682539,19,,110.0,5.789473684210527,0.0,111.8,5.88421052631579,14.4,1.9,-0.9,-3.4,2.5,0.0282219122223414,0.555,0.0,0.34,0.2,0.2,L (-27),L (-27)
27.0,,2022-12-11,30-105,PHO,NOP,Did Not Play,0.0,0.0,0.0,Did Not Play,,,Did Not Play,Did Not Play,0.0,Did Not Play,0.0,0.0,,0.0,0.0,0.0,0.0,0.0,0.0,Did Not Play,Did Not Play,,,,13,35,42,53,28,47,40,24,44,48,54,32,43,58,42.0,48.0,59.0,74.0,57.0,67.0,53.0,31.0,60.0,18.0,69.0,72.0,40.0,83.0,79.0,0.3095238095238095,0.7291666666666666,0.711864406779661,0.7162162162162162,0.4912280701754385,0.7014925373134329,0.7547169811320755,0.7741935483870968,0.7333333333333333,0.0,0.6956521739130435,0.75,0.8,0.5180722891566265,0.7341772151898734,5,11,5,18,16,43.0,67.0,47.0,25.0,42.0,63.0,0.1063829787234042,0.2619047619047619,0.1162790697674418,0.0,0.72,0.2539682539682539,19,,110.0,5.789473684210527,0.0,115.69999999999996,6.089473684210525,14.4,1.9,-0.9,-3.4,2.5,0.0282219122223414,0.555,0.0,0.34,0.2,0.2,L (-11),L (-11)
28.0,22.0,2022-12-13,30-107,PHO,HOU,0,21.966666666666665,3.0,3.0,1.000,0.0,0.0,,1,2.0,.500,3.0,3.0,6.0,2.0,0.0,3.0,1.0,3.0,7.0,10.0,-4,3.0,3.0,1.0,13,35,42,53,28,47,40,24,44,48,54,32,43,58,42.0,48.0,59.0,74.0,57.0,67.0,53.0,31.0,60.0,18.0,69.0,72.0,40.0,83.0,79.0,0.3095238095238095,0.7291666666666666,0.711864406779661,0.7162162162162162,0.4912280701754385,0.7014925373134329,0.7547169811320755,0.7741935483870968,0.7333333333333333,0.0,0.6956521739130435,0.75,0.8,0.5180722891566265,0.7341772151898734,5,11,5,18,16,43.0,67.0,47.0,25.0,42.0,63.0,0.1063829787234042,0.2619047619047619,0.1162790697674418,0.0,0.72,0.2539682539682539,19,12.0,69.0,3.631578947368421,9.599999999999998,73.69999999999999,3.878947368421052,14.4,1.9,-0.9,-3.4,2.5,0.0282219122223414,0.555,0.0,0.34,0.2,0.2,L (-5),L (-5)
29.0,23.0,2022-12-15,30-109,PHO,LAC,1,18.15,2.0,3.0,.667,0.0,0.0,,1,2.0,.500,2.0,3.0,5.0,2.0,0.0,1.0,0.0,5.0,5.0,5.7,+6,3.0,2.0,0.6666666666666666,13,35,42,53,28,47,40,24,44,48,54,32,43,58,42.0,48.0,59.0,74.0,57.0,67.0,53.0,31.0,60.0,18.0,69.0,72.0,40.0,83.0,79.0,0.3095238095238095,0.7291666666666666,0.711864406779661,0.7162162162162162,0.4912280701754385,0.7014925373134329,0.7547169811320755,0.7741935483870968,0.7333333333333333,0.0,0.6956521739130435,0.75,0.8,0.5180722891566265,0.7341772151898734,5,11,5,18,16,43.0,67.0,47.0,25.0,42.0,63.0,0.1063829787234042,0.2619047619047619,0.1162790697674418,0.0,0.72,0.2539682539682539,19,8.0,122.0,6.421052631578948,5.3,111.8,5.88421052631579,14.4,1.9,-0.9,-3.4,2.5,0.0282219122223414,0.555,0.0,0.34,0.2,0.2,L (-14),L (-14)
30.0,24.0,2022-12-17,30-111,PHO,NOP,1,31.2,5.0,6.0,.833,0.0,0.0,,1,4.0,.250,2.0,4.0,6.0,0.0,0.0,1.0,1.0,0.0,11.0,9.9,+6,6.0,5.0,0.8333333333333334,13,35,42,53,28,47,40,24,44,48,54,32,43,58,42.0,48.0,59.0,74.0,57.0,67.0,53.0,31.0,60.0,18.0,69.0,72.0,40.0,83.0,79.0,0.3095238095238095,0.7291666666666666,0.711864406779661,0.7162162162162162,0.4912280701754385,0.7014925373134329,0.7547169811320755,0.7741935483870968,0.7333333333333333,0.0,0.6956521739130435,0.75,0.8,0.5180722891566265,0.7341772151898734,5,11,5,18,16,43.0,67.0,47.0,25.0,42.0,63.0,0.1063829787234042,0.2619047619047619,0.1162790697674418,0.0,0.72,0.2539682539682539,19,7.0,71.0,3.736842105263158,9.500000000000002,101.0,5.315789473684211,14.4,1.9,-0.9,-3.4,2.5,0.0282219122223414,0.555,0.0,0.34,0.2,0.2,W (+16),W (+16)
31.0,25.0,2022-12-19,30-113,PHO,LAL,0,17.416666666666668,0.0,2.0,.000,0.0,0.0,,0,0.0,,1.0,7.0,8.0,1.0,1.0,2.0,1.0,2.0,0.0,2.7,+13,2.0,0.0,0.0,13,35,42,53,28,47,40,24,44,48,54,32,43,58,42.0,48.0,59.0,74.0,57.0,67.0,53.0,31.0,60.0,18.0,69.0,72.0,40.0,83.0,79.0,0.3095238095238095,0.7291666666666666,0.711864406779661,0.7162162162162162,0.4912280701754385,0.7014925373134329,0.7547169811320755,0.7741935483870968,0.7333333333333333,0.0,0.6956521739130435,0.75,0.8,0.5180722891566265,0.7341772151898734,5,11,5,18,16,43.0,67.0,47.0,25.0,42.0,63.0,0.1063829787234042,0.2619047619047619,0.1162790697674418,0.0,0.72,0.2539682539682539,19,9.0,106.0,5.578947368421052,2.7,123.2,6.484210526315789,14.4,1.9,-0.9,-3.4,2.5,0.0282219122223414,0.555,0.0,0.34,0.2,0.2,W (+4),W (+4)
32.0,26.0,2022-12-20,30-114,PHO,WAS,0,15.816666666666666,3.0,4.0,.750,0.0,0.0,,1,2.0,.500,1.0,4.0,5.0,1.0,0.0,0.0,1.0,4.0,7.0,5.0,+12,4.0,3.0,0.75,13,35,42,53,28,47,40,24,44,48,54,32,43,58,42.0,48.0,59.0,74.0,57.0,67.0,53.0,31.0,60.0,18.0,69.0,72.0,40.0,83.0,79.0,0.3095238095238095,0.7291666666666666,0.711864406779661,0.7162162162162162,0.4912280701754385,0.7014925373134329,0.7547169811320755,0.7741935483870968,0.7333333333333333,0.0,0.6956521739130435,0.75,0.8,0.5180722891566265,0.7341772151898734,5,11,5,18,16,43.0,67.0,47.0,25.0,42.0,63.0,0.1063829787234042,0.2619047619047619,0.1162790697674418,0.0,0.72,0.2539682539682539,19,6.0,86.0,4.526315789473684,4.599999999999998,104.1,5.478947368421053,14.4,1.9,-0.9,-3.4,2.5,0.0282219122223414,0.555,0.0,0.34,0.2,0.2,W (+26),W (+26)
33.0,27.0,2022-12-23,30-117,PHO,MEM,0,21.366666666666667,3.0,3.0,1.000,0.0,0.0,,0,3.0,.000,1.0,3.0,4.0,2.0,2.0,4.0,3.0,4.0,6.0,7.1,-17,3.0,3.0,1.0,13,35,42,53,28,47,40,24,44,48,54,32,43,58,42.0,48.0,59.0,74.0,57.0,67.0,53.0,31.0,60.0,18.0,69.0,72.0,40.0,83.0,79.0,0.3095238095238095,0.7291666666666666,0.711864406779661,0.7162162162162162,0.4912280701754385,0.7014925373134329,0.7547169811320755,0.7741935483870968,0.7333333333333333,0.0,0.6956521739130435,0.75,0.8,0.5180722891566265,0.7341772151898734,5,11,5,18,16,43.0,67.0,47.0,25.0,42.0,63.0,0.1063829787234042,0.2619047619047619,0.1162790697674418,0.0,0.72,0.2539682539682539,19,9.0,65.0,3.421052631578948,7.1,77.7,4.089473684210526,14.4,1.9,-0.9,-3.4,2.5,0.0282219122223414,0.555,0.0,0.34,0.2,0.2,L (-3),L (-3)
34.0,28.0,2022-12-25,30-119,PHO,DEN,0,15.416666666666666,2.0,4.0,.500,0.0,0.0,,1,3.0,.333,1.0,2.0,3.0,2.0,0.0,0.0,0.0,3.0,5.0,3.7,+10,4.0,2.0,0.5,13,35,42,53,28,47,40,24,44,48,54,32,43,58,42.0,48.0,59.0,74.0,57.0,67.0,53.0,31.0,60.0,18.0,69.0,72.0,40.0,83.0,79.0,0.3095238095238095,0.7291666666666666,0.711864406779661,0.7162162162162162,0.4912280701754385,0.7014925373134329,0.7547169811320755,0.7741935483870968,0.7333333333333333,0.0,0.6956521739130435,0.75,0.8,0.5180722891566265,0.7341772151898734,5,11,5,18,16,43.0,67.0,47.0,25.0,42.0,63.0,0.1063829787234042,0.2619047619047619,0.1162790697674418,0.0,0.72,0.2539682539682539,19,3.0,117.0,6.157894736842105,3.3,128.5,6.7631578947368425,14.4,1.9,-0.9,-3.4,2.5,0.0282219122223414,0.555,0.0,0.34,0.2,0.2,L (-25),L (-25)
35.0,29.0,2022-12-27,30-121,PHO,MEM,0,14.066666666666666,2.0,3.0,.667,0.0,0.0,,0,0.0,,2.0,1.0,3.0,0.0,1.0,1.0,0.0,2.0,4.0,5.3,-1,3.0,2.0,0.6666666666666666,13,35,42,53,28,47,40,24,44,48,54,32,43,58,42.0,48.0,59.0,74.0,57.0,67.0,53.0,31.0,60.0,18.0,69.0,72.0,40.0,83.0,79.0,0.3095238095238095,0.7291666666666666,0.711864406779661,0.7162162162162162,0.4912280701754385,0.7014925373134329,0.7547169811320755,0.7741935483870968,0.7333333333333333,0.0,0.6956521739130435,0.75,0.8,0.5180722891566265,0.7341772151898734,5,11,5,18,16,43.0,67.0,47.0,25.0,42.0,63.0,0.1063829787234042,0.2619047619047619,0.1162790697674418,0.0,0.72,0.2539682539682539,19,6.0,95.0,5.0,5.3,91.6,4.821052631578947,14.4,1.9,-0.9,-3.4,2.5,0.0282219122223414,0.555,0.0,0.34,0.2,0.2,L (-3),L (-3)
36.0,30.0,2022-12-28,30-122,PHO,WAS,0,8.1,0.0,1.0,.000,0.0,0.0,,0,2.0,.000,1.0,1.0,2.0,0.0,0.0,0.0,0.0,1.0,0.0,-0.9,-8,1.0,0.0,0.0,13,35,42,53,28,47,40,24,44,48,54,32,43,58,42.0,48.0,59.0,74.0,57.0,67.0,53.0,31.0,60.0,18.0,69.0,72.0,40.0,83.0,79.0,0.3095238095238095,0.7291666666666666,0.711864406779661,0.7162162162162162,0.4912280701754385,0.7014925373134329,0.7547169811320755,0.7741935483870968,0.7333333333333333,0.0,0.6956521739130435,0.75,0.8,0.5180722891566265,0.7341772151898734,5,11,5,18,16,43.0,67.0,47.0,25.0,42.0,63.0,0.1063829787234042,0.2619047619047619,0.1162790697674418,0.0,0.72,0.2539682539682539,19,-1.0,62.0,3.263157894736842,-0.9,73.4,3.8631578947368426,14.4,1.9,-0.9,-3.4,2.5,0.0282219122223414,0.555,0.0,0.34,0.2,0.2,W (+17),W (+17)
37.0,,2022-12-30,30-124,PHO,TOR,Did Not Play,0.0,0.0,0.0,Did Not Play,,,Did Not Play,Did Not Play,0.0,Did Not Play,0.0,0.0,,0.0,0.0,0.0,0.0,0.0,0.0,Did Not Play,Did Not Play,,,,13,35,42,53,28,47,40,24,44,48,54,32,43,58,42.0,48.0,59.0,74.0,57.0,67.0,53.0,31.0,60.0,18.0,69.0,72.0,40.0,83.0,79.0,0.3095238095238095,0.7291666666666666,0.711864406779661,0.7162162162162162,0.4912280701754385,0.7014925373134329,0.7547169811320755,0.7741935483870968,0.7333333333333333,0.0,0.6956521739130435,0.75,0.8,0.5180722891566265,0.7341772151898734,5,11,5,18,16,43.0,67.0,47.0,25.0,42.0,63.0,0.1063829787234042,0.2619047619047619,0.1162790697674418,0.0,0.72,0.2539682539682539,19,,100.0,5.2631578947368425,0.0,91.5,4.815789473684211,14.4,1.9,-0.9,-3.4,2.5,0.0282219122223414,0.555,0.0,0.34,0.2,0.2,L (-25),L (-25)
38.0,,2023-01-02,30-127,PHO,NYK,Did Not Play,0.0,0.0,0.0,Did Not Play,,,Did Not Play,Did Not Play,0.0,Did Not Play,0.0,0.0,,0.0,0.0,0.0,0.0,0.0,0.0,Did Not Play,Did Not Play,,,,13,35,42,53,28,47,40,24,44,48,54,32,43,58,42.0,48.0,59.0,74.0,57.0,67.0,53.0,31.0,60.0,18.0,69.0,72.0,40.0,83.0,79.0,0.3095238095238095,0.7291666666666666,0.711864406779661,0.7162162162162162,0.4912280701754385,0.7014925373134329,0.7547169811320755,0.7741935483870968,0.7333333333333333,0.0,0.6956521739130435,0.75,0.8,0.5180722891566265,0.7341772151898734,5,11,5,18,16,43.0,67.0,47.0,25.0,42.0,63.0,0.1063829787234042,0.2619047619047619,0.1162790697674418,0.0,0.72,0.2539682539682539,19,,76.0,4.0,0.0,88.00000000000001,4.631578947368422,14.4,1.9,-0.9,-3.4,2.5,0.0282219122223414,0.555,0.0,0.34,0.2,0.2,L (-9),L (-9)
39.0,31.0,2023-01-04,30-129,PHO,CLE,0,9.466666666666669,0.0,0.0,,0.0,0.0,,0,2.0,.000,0.0,3.0,3.0,0.0,0.0,0.0,1.0,1.0,0.0,-1.3,+5,0.0,0.0,,13,35,42,53,28,47,40,24,44,48,54,32,43,58,42.0,48.0,59.0,74.0,57.0,67.0,53.0,31.0,60.0,18.0,69.0,72.0,40.0,83.0,79.0,0.3095238095238095,0.7291666666666666,0.711864406779661,0.7162162162162162,0.4912280701754385,0.7014925373134329,0.7547169811320755,0.7741935483870968,0.7333333333333333,0.0,0.6956521739130435,0.75,0.8,0.5180722891566265,0.7341772151898734,5,11,5,18,16,43.0,67.0,47.0,25.0,42.0,63.0,0.1063829787234042,0.2619047619047619,0.1162790697674418,0.0,0.72,0.2539682539682539,19,0.0,80.0,4.2105263157894735,-1.3000000000000005,88.1,4.636842105263158,14.4,1.9,-0.9,-3.4,2.5,0.0282219122223414,0.555,0.0,0.34,0.2,0.2,L (-19),L (-19)
40.0,,2023-01-06,30-131,PHO,MIA,Did Not Play,0.0,0.0,0.0,Did Not Play,,,Did Not Play,Did Not Play,0.0,Did Not Play,0.0,0.0,,0.0,0.0,0.0,0.0,0.0,0.0,Did Not Play,Did Not Play,,,,13,35,42,53,28,47,40,24,44,48,54,32,43,58,42.0,48.0,59.0,74.0,57.0,67.0,53.0,31.0,60.0,18.0,69.0,72.0,40.0,83.0,79.0,0.3095238095238095,0.7291666666666666,0.711864406779661,0.7162162162162162,0.4912280701754385,0.7014925373134329,0.7547169811320755,0.7741935483870968,0.7333333333333333,0.0,0.6956521739130435,0.75,0.8,0.5180722891566265,0.7341772151898734,5,11,5,18,16,43.0,67.0,47.0,25.0,42.0,63.0,0.1063829787234042,0.2619047619047619,0.1162790697674418,0.0,0.72,0.2539682539682539,19,,61.0,3.210526315789474,0.0,64.9,3.4157894736842107,14.4,1.9,-0.9,-3.4,2.5,0.0282219122223414,0.555,0.0,0.34,0.2,0.2,L (-2),L (-2)
41.0,,2023-01-08,30-133,PHO,CLE,Did Not Play,0.0,0.0,0.0,Did Not Play,,,Did Not Play,Did Not Play,0.0,Did Not Play,0.0,0.0,,0.0,0.0,0.0,0.0,0.0,0.0,Did Not Play,Did Not Play,,,,13,35,42,53,28,47,40,24,44,48,54,32,43,58,42.0,48.0,59.0,74.0,57.0,67.0,53.0,31.0,60.0,18.0,69.0,72.0,40.0,83.0,79.0,0.3095238095238095,0.7291666666666666,0.711864406779661,0.7162162162162162,0.4912280701754385,0.7014925373134329,0.7547169811320755,0.7741935483870968,0.7333333333333333,0.0,0.6956521739130435,0.75,0.8,0.5180722891566265,0.7341772151898734,5,11,5,18,16,43.0,67.0,47.0,25.0,42.0,63.0,0.1063829787234042,0.2619047619047619,0.1162790697674418,0.0,0.72,0.2539682539682539,19,,37.0,1.947368421052632,0.0,48.9,2.573684210526316,14.4,1.9,-0.9,-3.4,2.5,0.0282219122223414,0.555,0.0,0.34,0.2,0.2,L (-8),L (-8)
42.0,32.0,2023-01-10,30-135,PHO,GSW,1,17.3,4.0,7.0,.571,0.0,0.0,,0,0.0,,3.0,5.0,8.0,0.0,0.0,2.0,0.0,0.0,8.0,9.7,+21,7.0,4.0,0.5714285714285714,13,35,42,53,28,47,40,24,44,48,54,32,43,58,42.0,48.0,59.0,74.0,57.0,67.0,53.0,31.0,60.0,18.0,69.0,72.0,40.0,83.0,79.0,0.3095238095238095,0.7291666666666666,0.711864406779661,0.7162162162162162,0.4912280701754385,0.7014925373134329,0.7547169811320755,0.7741935483870968,0.7333333333333333,0.0,0.6956521739130435,0.75,0.8,0.5180722891566265,0.7341772151898734,5,11,5,18,16,43.0,67.0,47.0,25.0,42.0,63.0,0.1063829787234042,0.2619047619047619,0.1162790697674418,0.0,0.72,0.2539682539682539,19,11.0,58.0,3.0526315789473686,9.7,38.5,2.026315789473684,14.4,1.9,-0.9,-3.4,2.5,0.0282219122223414,0.555,0.0,0.34,0.2,0.2,,
43.0,33.0,2023-01-11,30-136,PHO,DEN,1,15.95,2.0,6.0,.333,0.0,0.0,,0,0.0,,2.0,1.0,3.0,1.0,0.0,0.0,1.0,2.0,4.0,1.2,-31,6.0,2.0,0.3333333333333333,13,35,42,53,28,47,40,24,44,48,54,32,43,58,42.0,48.0,59.0,74.0,57.0,67.0,53.0,31.0,60.0,18.0,69.0,72.0,40.0,83.0,79.0,0.3095238095238095,0.7291666666666666,0.711864406779661,0.7162162162162162,0.4912280701754385,0.7014925373134329,0.7547169811320755,0.7741935483870968,0.7333333333333333,0.0,0.6956521739130435,0.75,0.8,0.5180722891566265,0.7341772151898734,5,11,5,18,16,43.0,67.0,47.0,25.0,42.0,63.0,0.1063829787234042,0.2619047619047619,0.1162790697674418,0.0,0.72,0.2539682539682539,19,1.0,55.0,2.894736842105264,1.2000000000000002,71.69999999999999,3.7736842105263153,14.4,1.9,-0.9,-3.4,2.5,0.0282219122223414,0.555,0.0,0.34,0.2,0.2,L (-14),L (-14)
44.0,34.0,2023-01-13,30-138,PHO,MIN,0,6.416666666666667,0.0,1.0,.000,0.0,0.0,,0,0.0,,0.0,2.0,2.0,1.0,1.0,0.0,1.0,1.0,0.0,0.2,+5,1.0,0.0,0.0,13,35,42,53,28,47,40,24,44,48,54,32,43,58,42.0,48.0,59.0,74.0,57.0,67.0,53.0,31.0,60.0,18.0,69.0,72.0,40.0,83.0,79.0,0.3095238095238095,0.7291666666666666,0.711864406779661,0.7162162162162162,0.4912280701754385,0.7014925373134329,0.7547169811320755,0.7741935483870968,0.7333333333333333,0.0,0.6956521739130435,0.75,0.8,0.5180722891566265,0.7341772151898734,5,11,5,18,16,43.0,67.0,47.0,25.0,42.0,63.0,0.1063829787234042,0.2619047619047619,0.1162790697674418,0.0,0.72,0.2539682539682539,19,2.0,55.0,2.894736842105264,0.1999999999999997,59.8,3.147368421052632,14.4,1.9,-0.9,-3.4,2.5,0.0282219122223414,0.555,0.0,0.34,0.2,0.2,W (+12),W (+12)
45.0,35.0,2023-01-16,30-141,PHO,MEM,0,12.133333333333333,4.0,5.0,.800,0.0,0.0,,0,0.0,,2.0,3.0,5.0,0.0,0.0,2.0,1.0,1.0,8.0,8.4,-11,5.0,4.0,0.8,13,35,42,53,28,47,40,24,44,48,54,32,43,58,42.0,48.0,59.0,74.0,57.0,67.0,53.0,31.0,60.0,18.0,69.0,72.0,40.0,83.0,79.0,0.3095238095238095,0.7291666666666666,0.711864406779661,0.7162162162162162,0.4912280701754385,0.7014925373134329,0.7547169811320755,0.7741935483870968,0.7333333333333333,0.0,0.6956521739130435,0.75,0.8,0.5180722891566265,0.7341772151898734,5,11,5,18,16,43.0,67.0,47.0,25.0,42.0,63.0,0.1063829787234042,0.2619047619047619,0.1162790697674418,0.0,0.72,0.2539682539682539,19,9.0,41.0,2.1578947368421053,8.4,46.9,2.468421052631579,14.4,1.9,-0.9,-3.4,2.5,0.0282219122223414,0.555,0.0,0.34,0.2,0.2,L (-29),L (-29)
46.0,36.0,2023-01-19,30-144,PHO,BRK,0,16.166666666666668,0.0,0.0,,0.0,0.0,,1,4.0,.250,1.0,5.0,6.0,1.0,0.0,1.0,0.0,2.0,1.0,2.6,+5,0.0,0.0,,13,35,42,53,28,47,40,24,44,48,54,32,43,58,42.0,48.0,59.0,74.0,57.0,67.0,53.0,31.0,60.0,18.0,69.0,72.0,40.0,83.0,79.0,0.3095238095238095,0.7291666666666666,0.711864406779661,0.7162162162162162,0.4912280701754385,0.7014925373134329,0.7547169811320755,0.7741935483870968,0.7333333333333333,0.0,0.6956521739130435,0.75,0.8,0.5180722891566265,0.7341772151898734,5,11,5,18,16,43.0,67.0,47.0,25.0,42.0,63.0,0.1063829787234042,0.2619047619047619,0.1162790697674418,0.0,0.72,0.2539682539682539,19,5.0,30.0,1.5789473684210529,2.2,32.099999999999994,1.689473684210526,14.4,1.9,-0.9,-3.4,2.5,0.0282219122223414,0.555,0.0,0.34,0.2,0.2,L (-5),L (-5)
47.0,37.0,2023-01-21,30-146,PHO,IND,1,30.6,6.0,12.0,.500,0.0,0.0,,0,3.0,.000,2.0,14.0,16.0,2.0,0.0,3.0,1.0,3.0,12.0,11.7,-5,12.0,6.0,0.5,13,35,42,53,28,47,40,24,44,48,54,32,43,58,42.0,48.0,59.0,74.0,57.0,67.0,53.0,31.0,60.0,18.0,69.0,72.0,40.0,83.0,79.0,0.3095238095238095,0.7291666666666666,0.711864406779661,0.7162162162162162,0.4912280701754385,0.7014925373134329,0.7547169811320755,0.7741935483870968,0.7333333333333333,0.0,0.6956521739130435,0.75,0.8,0.5180722891566265,0.7341772151898734,5,11,5,18,16,43.0,67.0,47.0,25.0,42.0,63.0,0.1063829787234042,0.2619047619047619,0.1162790697674418,0.0,0.72,0.2539682539682539,19,17.0,60.0,3.1578947368421053,11.700000000000005,49.6,2.610526315789474,14.4,1.9,-0.9,-3.4,2.5,0.0282219122223414,0.555,0.0,0.34,0.2,0.2,L (-30),L (-30)
48.0,38.0,2023-01-22,30-147,PHO,MEM,1,15.816666666666666,2.0,5.0,.400,0.0,0.0,,0,0.0,,1.0,2.0,3.0,0.0,0.0,1.0,1.0,6.0,4.0,-0.1,+13,5.0,2.0,0.4,13,35,42,53,28,47,40,24,44,48,54,32,43,58,42.0,48.0,59.0,74.0,57.0,67.0,53.0,31.0,60.0,18.0,69.0,72.0,40.0,83.0,79.0,0.3095238095238095,0.7291666666666666,0.711864406779661,0.7162162162162162,0.4912280701754385,0.7014925373134329,0.7547169811320755,0.7741935483870968,0.7333333333333333,0.0,0.6956521739130435,0.75,0.8,0.5180722891566265,0.7341772151898734,5,11,5,18,16,43.0,67.0,47.0,25.0,42.0,63.0,0.1063829787234042,0.2619047619047619,0.1162790697674418,0.0,0.72,0.2539682539682539,19,2.0,39.0,2.0526315789473686,-0.1000000000000005,42.8,2.2526315789473683,14.4,1.9,-0.9,-3.4,2.5,0.0282219122223414,0.555,0.0,0.34,0.2,0.2,W (+5),W (+5)
49.0,39.0,2023-01-24,30-149,PHO,CHO,1,31.45,3.0,6.0,.500,0.0,0.0,,0,0.0,,1.0,8.0,9.0,4.0,0.0,5.0,3.0,3.0,6.0,8.2,+13,6.0,3.0,0.5,13,35,42,53,28,47,40,24,44,48,54,32,43,58,42.0,48.0,59.0,74.0,57.0,67.0,53.0,31.0,60.0,18.0,69.0,72.0,40.0,83.0,79.0,0.3095238095238095,0.7291666666666666,0.711864406779661,0.7162162162162162,0.4912280701754385,0.7014925373134329,0.7547169811320755,0.7741935483870968,0.7333333333333333,0.0,0.6956521739130435,0.75,0.8,0.5180722891566265,0.7341772151898734,5,11,5,18,16,43.0,67.0,47.0,25.0,42.0,63.0,0.1063829787234042,0.2619047619047619,0.1162790697674418,0.0,0.72,0.2539682539682539,19,15.0,44.0,2.3157894736842106,8.200000000000003,46.400000000000006,2.4421052631578952,14.4,1.9,-0.9,-3.4,2.5,0.0282219122223414,0.555,0.0,0.34,0.2,0.2,W (+5),W (+5)
50.0,40.0,2023-01-26,30-151,PHO,DAL,0,9.516666666666667,2.0,3.0,.667,0.0,0.0,,0,0.0,,0.0,3.0,3.0,1.0,0.0,1.0,0.0,0.0,4.0,5.0,+1,3.0,2.0,0.6666666666666666,13,35,42,53,28,47,40,24,44,48,54,32,43,58,42.0,48.0,59.0,74.0,57.0,67.0,53.0,31.0,60.0,18.0,69.0,72.0,40.0,83.0,79.0,0.3095238095238095,0.7291666666666666,0.711864406779661,0.7162162162162162,0.4912280701754385,0.7014925373134329,0.7547169811320755,0.7741935483870968,0.7333333333333333,0.0,0.6956521739130435,0.75,0.8,0.5180722891566265,0.7341772151898734,5,11,5,18,16,43.0,67.0,47.0,25.0,42.0,63.0,0.1063829787234042,0.2619047619047619,0.1162790697674418,0.0,0.72,0.2539682539682539,19,6.0,47.0,2.473684210526316,5.0,38.8,2.0421052631578944,14.4,1.9,-0.9,-3.4,2.5,0.0282219122223414,0.555,0.0,0.34,0.2,0.2,W (+2),W (+2)
51.0,41.0,2023-01-28,30-153,PHO,SAS,0,16.016666666666666,3.0,4.0,.750,0.0,0.0,,2,2.0,1.000,3.0,3.0,6.0,3.0,2.0,1.0,0.0,2.0,8.0,13.4,+8,4.0,3.0,0.75,13,35,42,53,28,47,40,24,44,48,54,32,43,58,42.0,48.0,59.0,74.0,57.0,67.0,53.0,31.0,60.0,18.0,69.0,72.0,40.0,83.0,79.0,0.3095238095238095,0.7291666666666666,0.711864406779661,0.7162162162162162,0.4912280701754385,0.7014925373134329,0.7547169811320755,0.7741935483870968,0.7333333333333333,0.0,0.6956521739130435,0.75,0.8,0.5180722891566265,0.7341772151898734,5,11,5,18,16,43.0,67.0,47.0,25.0,42.0,63.0,0.1063829787234042,0.2619047619047619,0.1162790697674418,0.0,0.72,0.2539682539682539,19,14.0,63.0,3.3157894736842106,12.599999999999994,59.19999999999999,3.11578947368421,14.4,1.9,-0.9,-3.4,2.5,0.0282219122223414,0.555,0.0,0.34,0.2,0.2,W (+31),W (+31)
52.0,42.0,2023-01-30,30-155,PHO,TOR,0,7.383333333333334,0.0,1.0,.000,0.0,0.0,,0,0.0,,1.0,0.0,1.0,0.0,0.0,0.0,1.0,0.0,0.0,-1.0,+1,1.0,0.0,0.0,13,35,42,53,28,47,40,24,44,48,54,32,43,58,42.0,48.0,59.0,74.0,57.0,67.0,53.0,31.0,60.0,18.0,69.0,72.0,40.0,83.0,79.0,0.3095238095238095,0.7291666666666666,0.711864406779661,0.7162162162162162,0.4912280701754385,0.7014925373134329,0.7547169811320755,0.7741935483870968,0.7333333333333333,0.0,0.6956521739130435,0.75,0.8,0.5180722891566265,0.7341772151898734,5,11,5,18,16,43.0,67.0,47.0,25.0,42.0,63.0,0.1063829787234042,0.2619047619047619,0.1162790697674418,0.0,0.72,0.2539682539682539,19,-1.0,72.0,3.789473684210526,-1.0,67.5,3.5526315789473686,14.4,1.9,-0.9,-3.4,2.5,0.0282219122223414,0.555,0.0,0.34,0.2,0.2,L (-4),L (-4)
53.0,43.0,2023-02-01,30-157,PHO,ATL,0,10.0,1.0,1.0,1.000,0.0,0.0,,0,0.0,,0.0,0.0,0.0,2.0,0.0,0.0,1.0,0.0,2.0,2.1,-9,1.0,1.0,1.0,13,35,42,53,28,47,40,24,44,48,54,32,43,58,42.0,48.0,59.0,74.0,57.0,67.0,53.0,31.0,60.0,18.0,69.0,72.0,40.0,83.0,79.0,0.3095238095238095,0.7291666666666666,0.711864406779661,0.7162162162162162,0.4912280701754385,0.7014925373134329,0.7547169811320755,0.7741935483870968,0.7333333333333333,0.0,0.6956521739130435,0.75,0.8,0.5180722891566265,0.7341772151898734,5,11,5,18,16,43.0,67.0,47.0,25.0,42.0,63.0,0.1063829787234042,0.2619047619047619,0.1162790697674418,0.0,0.72,0.2539682539682539,19,2.0,41.0,2.1578947368421053,2.1,41.3,2.173684210526316,14.4,1.9,-0.9,-3.4,2.5,0.0282219122223414,0.555,0.0,0.34,0.2,0.2,W (+10),W (+10)
54.0,,2023-02-03,30-159,PHO,BOS,Did Not Play,0.0,0.0,0.0,Did Not Play,,,Did Not Play,Did Not Play,0.0,Did Not Play,0.0,0.0,,0.0,0.0,0.0,0.0,0.0,0.0,Did Not Play,Did Not Play,,,,13,35,42,53,28,47,40,24,44,48,54,32,43,58,42.0,48.0,59.0,74.0,57.0,67.0,53.0,31.0,60.0,18.0,69.0,72.0,40.0,83.0,79.0,0.3095238095238095,0.7291666666666666,0.711864406779661,0.7162162162162162,0.4912280701754385,0.7014925373134329,0.7547169811320755,0.7741935483870968,0.7333333333333333,0.0,0.6956521739130435,0.75,0.8,0.5180722891566265,0.7341772151898734,5,11,5,18,16,43.0,67.0,47.0,25.0,42.0,63.0,0.1063829787234042,0.2619047619047619,0.1162790697674418,0.0,0.72,0.2539682539682539,19,,68.0,3.5789473684210527,0.0,68.6,3.610526315789474,14.4,1.9,-0.9,-3.4,2.5,0.0282219122223414,0.555,0.0,0.34,0.2,0.2,W (+8),W (+8)
55.0,,2023-02-04,30-160,PHO,DET,Did Not Play,0.0,0.0,0.0,Did Not Play,,,Did Not Play,Did Not Play,0.0,Did Not Play,0.0,0.0,,0.0,0.0,0.0,0.0,0.0,0.0,Did Not Play,Did Not Play,,,,13,35,42,53,28,47,40,24,44,48,54,32,43,58,42.0,48.0,59.0,74.0,57.0,67.0,53.0,31.0,60.0,18.0,69.0,72.0,40.0,83.0,79.0,0.3095238095238095,0.7291666666666666,0.711864406779661,0.7162162162162162,0.4912280701754385,0.7014925373134329,0.7547169811320755,0.7741935483870968,0.7333333333333333,0.0,0.6956521739130435,0.75,0.8,0.5180722891566265,0.7341772151898734,5,11,5,18,16,43.0,67.0,47.0,25.0,42.0,63.0,0.1063829787234042,0.2619047619047619,0.1162790697674418,0.0,0.72,0.2539682539682539,19,,65.0,3.421052631578948,0.0,73.30000000000001,3.857894736842106,14.4,1.9,-0.9,-3.4,2.5,0.0282219122223414,0.555,0.0,0.34,0.2,0.2,L (-32),L (-32)
56.0,,2023-02-07,30-163,PHO,BRK,Did Not Play,0.0,0.0,0.0,Did Not Play,,,Did Not Play,Did Not Play,0.0,Did Not Play,0.0,0.0,,0.0,0.0,0.0,0.0,0.0,0.0,Did Not Play,Did Not Play,,,,13,35,42,53,28,47,40,24,44,48,54,32,43,58,42.0,48.0,59.0,74.0,57.0,67.0,53.0,31.0,60.0,18.0,69.0,72.0,40.0,83.0,79.0,0.3095238095238095,0.7291666666666666,0.711864406779661,0.7162162162162162,0.4912280701754385,0.7014925373134329,0.7547169811320755,0.7741935483870968,0.7333333333333333,0.0,0.6956521739130435,0.75,0.8,0.5180722891566265,0.7341772151898734,5,11,5,18,16,43.0,67.0,47.0,25.0,42.0,63.0,0.1063829787234042,0.2619047619047619,0.1162790697674418,0.0,0.72,0.2539682539682539,19,,56.0,2.9473684210526314,0.0,64.59999999999998,3.399999999999999,14.4,1.9,-0.9,-3.4,2.5,0.0282219122223414,0.555,0.0,0.34,0.2,0.2,W (+12),W (+12)
57.0,44.0,2023-02-09,30-165,PHO,ATL,0,14.833333333333334,1.0,1.0,1.000,0.0,0.0,,0,2.0,.000,0.0,4.0,4.0,0.0,1.0,2.0,1.0,0.0,2.0,3.5,-5,1.0,1.0,1.0,13,35,42,53,28,47,40,24,44,48,54,32,43,58,42.0,48.0,59.0,74.0,57.0,67.0,53.0,31.0,60.0,18.0,69.0,72.0,40.0,83.0,79.0,0.3095238095238095,0.7291666666666666,0.711864406779661,0.7162162162162162,0.4912280701754385,0.7014925373134329,0.7547169811320755,0.7741935483870968,0.7333333333333333,0.0,0.6956521739130435,0.75,0.8,0.5180722891566265,0.7341772151898734,5,11,5,18,16,43.0,67.0,47.0,25.0,42.0,63.0,0.1063829787234042,0.2619047619047619,0.1162790697674418,0.0,0.72,0.2539682539682539,19,5.0,60.0,3.1578947368421053,3.5,79.7,4.194736842105264,14.4,1.9,-0.9,-3.4,2.5,0.0282219122223414,0.555,0.0,0.34,0.2,0.2,W (+16),W (+16)
58.0,45.0,2023-02-10,30-166,PHO,IND,0,4.966666666666667,1.0,1.0,1.000,0.0,0.0,,0,0.0,,2.0,1.0,3.0,0.0,0.0,0.0,1.0,1.0,2.0,2.0,-10,1.0,1.0,1.0,13,35,42,53,28,47,40,24,44,48,54,32,43,58,42.0,48.0,59.0,74.0,57.0,67.0,53.0,31.0,60.0,18.0,69.0,72.0,40.0,83.0,79.0,0.3095238095238095,0.7291666666666666,0.711864406779661,0.7162162162162162,0.4912280701754385,0.7014925373134329,0.7547169811320755,0.7741935483870968,0.7333333333333333,0.0,0.6956521739130435,0.75,0.8,0.5180722891566265,0.7341772151898734,5,11,5,18,16,43.0,67.0,47.0,25.0,42.0,63.0,0.1063829787234042,0.2619047619047619,0.1162790697674418,0.0,0.72,0.2539682539682539,19,3.0,83.0,4.368421052631579,2.0,99.8,5.252631578947368,14.4,1.9,-0.9,-3.4,2.5,0.0282219122223414,0.555,0.0,0.34,0.2,0.2,W (+4),W (+4)
59.0,,2023-02-14,30-170,PHO,SAC,Did Not Play,0.0,0.0,0.0,Did Not Play,,,Did Not Play,Did Not Play,0.0,Did Not Play,0.0,0.0,,0.0,0.0,0.0,0.0,0.0,0.0,Did Not Play,Did Not Play,,,,13,35,42,53,28,47,40,24,44,48,54,32,43,58,42.0,48.0,59.0,74.0,57.0,67.0,53.0,31.0,60.0,18.0,69.0,72.0,40.0,83.0,79.0,0.3095238095238095,0.7291666666666666,0.711864406779661,0.7162162162162162,0.4912280701754385,0.7014925373134329,0.7547169811320755,0.7741935483870968,0.7333333333333333,0.0,0.6956521739130435,0.75,0.8,0.5180722891566265,0.7341772151898734,5,11,5,18,16,43.0,67.0,47.0,25.0,42.0,63.0,0.1063829787234042,0.2619047619047619,0.1162790697674418,0.0,0.72,0.2539682539682539,19,,93.0,4.894736842105263,0.0,102.4,5.389473684210526,14.4,1.9,-0.9,-3.4,2.5,0.0282219122223414,0.555,0.0,0.34,0.2,0.2,L (-9),L (-9)
60.0,46.0,2023-02-16,30-172,PHO,LAC,0,12.066666666666666,2.0,2.0,1.000,0.0,0.0,,0,0.0,,0.0,4.0,4.0,2.0,1.0,0.0,1.0,1.0,4.0,5.6,+3,2.0,2.0,1.0,13,35,42,53,28,47,40,24,44,48,54,32,43,58,42.0,48.0,59.0,74.0,57.0,67.0,53.0,31.0,60.0,18.0,69.0,72.0,40.0,83.0,79.0,0.3095238095238095,0.7291666666666666,0.711864406779661,0.7162162162162162,0.4912280701754385,0.7014925373134329,0.7547169811320755,0.7741935483870968,0.7333333333333333,0.0,0.6956521739130435,0.75,0.8,0.5180722891566265,0.7341772151898734,5,11,5,18,16,43.0,67.0,47.0,25.0,42.0,63.0,0.1063829787234042,0.2619047619047619,0.1162790697674418,0.0,0.72,0.2539682539682539,19,8.0,66.0,3.473684210526316,5.6,64.5,3.394736842105264,14.4,1.9,-0.9,-3.4,2.5,0.0282219122223414,0.555,0.0,0.34,0.2,0.2,W (+13),W (+13)
61.0,,2023-02-24,30-180,PHO,OKC,Did Not Play,0.0,0.0,0.0,Did Not Play,,,Did Not Play,Did Not Play,0.0,Did Not Play,0.0,0.0,,0.0,0.0,0.0,0.0,0.0,0.0,Did Not Play,Did Not Play,,,,13,35,42,53,28,47,40,24,44,48,54,32,43,58,42.0,48.0,59.0,74.0,57.0,67.0,53.0,31.0,60.0,18.0,69.0,72.0,40.0,83.0,79.0,0.3095238095238095,0.7291666666666666,0.711864406779661,0.7162162162162162,0.4912280701754385,0.7014925373134329,0.7547169811320755,0.7741935483870968,0.7333333333333333,0.0,0.6956521739130435,0.75,0.8,0.5180722891566265,0.7341772151898734,5,11,5,18,16,43.0,67.0,47.0,25.0,42.0,63.0,0.1063829787234042,0.2619047619047619,0.1162790697674418,0.0,0.72,0.2539682539682539,19,,94.0,4.947368421052632,0.0,105.29999999999998,5.542105263157894,14.4,1.9,-0.9,-3.4,2.5,0.0282219122223414,0.555,0.0,0.34,0.2,0.2,W (+11),W (+11)
62.0,,2023-02-26,30-182,PHO,MIL,Did Not Play,0.0,0.0,0.0,Did Not Play,,,Did Not Play,Did Not Play,0.0,Did Not Play,0.0,0.0,,0.0,0.0,0.0,0.0,0.0,0.0,Did Not Play,Did Not Play,,,,13,35,42,53,28,47,40,24,44,48,54,32,43,58,42.0,48.0,59.0,74.0,57.0,67.0,53.0,31.0,60.0,18.0,69.0,72.0,40.0,83.0,79.0,0.3095238095238095,0.7291666666666666,0.711864406779661,0.7162162162162162,0.4912280701754385,0.7014925373134329,0.7547169811320755,0.7741935483870968,0.7333333333333333,0.0,0.6956521739130435,0.75,0.8,0.5180722891566265,0.7341772151898734,5,11,5,18,16,43.0,67.0,47.0,25.0,42.0,63.0,0.1063829787234042,0.2619047619047619,0.1162790697674418,0.0,0.72,0.2539682539682539,19,,74.0,3.8947368421052633,0.0,83.79999999999998,4.410526315789473,14.4,1.9,-0.9,-3.4,2.5,0.0282219122223414,0.555,0.0,0.34,0.2,0.2,L (-9),L (-9)
63.0,,2023-03-01,30-185,PHO,CHO,Did Not Play,0.0,0.0,0.0,Did Not Play,,,Did Not Play,Did Not Play,0.0,Did Not Play,0.0,0.0,,0.0,0.0,0.0,0.0,0.0,0.0,Did Not Play,Did Not Play,,,,13,35,42,53,28,47,40,24,44,48,54,32,43,58,42.0,48.0,59.0,74.0,57.0,67.0,53.0,31.0,60.0,18.0,69.0,72.0,40.0,83.0,79.0,0.3095238095238095,0.7291666666666666,0.711864406779661,0.7162162162162162,0.4912280701754385,0.7014925373134329,0.7547169811320755,0.7741935483870968,0.7333333333333333,0.0,0.6956521739130435,0.75,0.8,0.5180722891566265,0.7341772151898734,5,11,5,18,16,43.0,67.0,47.0,25.0,42.0,63.0,0.1063829787234042,0.2619047619047619,0.1162790697674418,0.0,0.72,0.2539682539682539,19,,92.0,4.842105263157895,0.0,92.40000000000002,4.863157894736843,14.4,1.9,-0.9,-3.4,2.5,0.0282219122223414,0.555,0.0,0.34,0.2,0.2,,
64.0,,2023-03-03,30-187,PHO,CHI,Did Not Play,0.0,0.0,0.0,Did Not Play,,,Did Not Play,Did Not Play,0.0,Did Not Play,0.0,0.0,,0.0,0.0,0.0,0.0,0.0,0.0,Did Not Play,Did Not Play,,,,13,35,42,53,28,47,40,24,44,48,54,32,43,58,42.0,48.0,59.0,74.0,57.0,67.0,53.0,31.0,60.0,18.0,69.0,72.0,40.0,83.0,79.0,0.3095238095238095,0.7291666666666666,0.711864406779661,0.7162162162162162,0.4912280701754385,0.7014925373134329,0.7547169811320755,0.7741935483870968,0.7333333333333333,0.0,0.6956521739130435,0.75,0.8,0.5180722891566265,0.7341772151898734,5,11,5,18,16,43.0,67.0,47.0,25.0,42.0,63.0,0.1063829787234042,0.2619047619047619,0.1162790697674418,0.0,0.72,0.2539682539682539,19,,95.0,5.0,0.0,103.0,5.421052631578948,14.4,1.9,-0.9,-3.4,2.5,0.0282219122223414,0.555,0.0,0.34,0.2,0.2,W (+9),W (+9)
65.0,,2023-03-05,30-189,PHO,DAL,Did Not Play,0.0,0.0,0.0,Did Not Play,,,Did Not Play,Did Not Play,0.0,Did Not Play,0.0,0.0,,0.0,0.0,0.0,0.0,0.0,0.0,Did Not Play,Did Not Play,,,,13,35,42,53,28,47,40,24,44,48,54,32,43,58,42.0,48.0,59.0,74.0,57.0,67.0,53.0,31.0,60.0,18.0,69.0,72.0,40.0,83.0,79.0,0.3095238095238095,0.7291666666666666,0.711864406779661,0.7162162162162162,0.4912280701754385,0.7014925373134329,0.7547169811320755,0.7741935483870968,0.7333333333333333,0.0,0.6956521739130435,0.75,0.8,0.5180722891566265,0.7341772151898734,5,11,5,18,16,43.0,67.0,47.0,25.0,42.0,63.0,0.1063829787234042,0.2619047619047619,0.1162790697674418,0.0,0.72,0.2539682539682539,19,,83.0,4.368421052631579,0.0,82.60000000000001,4.347368421052632,14.4,1.9,-0.9,-3.4,2.5,0.0282219122223414,0.555,0.0,0.34,0.2,0.2,L (-3),L (-3)
66.0,47.0,2023-03-08,30-192,PHO,OKC,0,6.233333333333333,0.0,0.0,,0.0,0.0,,0,0.0,,0.0,0.0,0.0,0.0,0.0,0.0,0.0,0.0,0.0,0.0,-4,0.0,0.0,,13,35,42,53,28,47,40,24,44,48,54,32,43,58,42.0,48.0,59.0,74.0,57.0,67.0,53.0,31.0,60.0,18.0,69.0,72.0,40.0,83.0,79.0,0.3095238095238095,0.7291666666666666,0.711864406779661,0.7162162162162162,0.4912280701754385,0.7014925373134329,0.7547169811320755,0.7741935483870968,0.7333333333333333,0.0,0.6956521739130435,0.75,0.8,0.5180722891566265,0.7341772151898734,5,11,5,18,16,43.0,67.0,47.0,25.0,42.0,63.0,0.1063829787234042,0.2619047619047619,0.1162790697674418,0.0,0.72,0.2539682539682539,19,0.0,111.0,5.842105263157895,0.0,96.7,5.089473684210526,14.4,1.9,-0.9,-3.4,2.5,0.0282219122223414,0.555,0.0,0.34,0.2,0.2,W (+14),W (+14)
67.0,48.0,2023-03-11,30-195,PHO,SAC,0,5.483333333333333,1.0,1.0,1.000,0.0,0.0,,0,0.0,,0.0,2.0,2.0,0.0,0.0,0.0,0.0,0.0,2.0,2.3,-2,1.0,1.0,1.0,13,35,42,53,28,47,40,24,44,48,54,32,43,58,42.0,48.0,59.0,74.0,57.0,67.0,53.0,31.0,60.0,18.0,69.0,72.0,40.0,83.0,79.0,0.3095238095238095,0.7291666666666666,0.711864406779661,0.7162162162162162,0.4912280701754385,0.7014925373134329,0.7547169811320755,0.7741935483870968,0.7333333333333333,0.0,0.6956521739130435,0.75,0.8,0.5180722891566265,0.7341772151898734,5,11,5,18,16,43.0,67.0,47.0,25.0,42.0,63.0,0.1063829787234042,0.2619047619047619,0.1162790697674418,0.0,0.72,0.2539682539682539,19,3.0,71.0,3.736842105263158,2.3,75.3,3.9631578947368418,14.4,1.9,-0.9,-3.4,2.5,0.0282219122223414,0.555,0.0,0.34,0.2,0.2,W (+21),W (+21)
68.0,49.0,2023-03-13,30-197,PHO,GSW,0,9.683333333333334,2.0,5.0,.400,0.0,0.0,,0,0.0,,1.0,1.0,2.0,2.0,0.0,2.0,1.0,3.0,4.0,2.9,-8,5.0,2.0,0.4,13,35,42,53,28,47,40,24,44,48,54,32,43,58,42.0,48.0,59.0,74.0,57.0,67.0,53.0,31.0,60.0,18.0,69.0,72.0,40.0,83.0,79.0,0.3095238095238095,0.7291666666666666,0.711864406779661,0.7162162162162162,0.4912280701754385,0.7014925373134329,0.7547169811320755,0.7741935483870968,0.7333333333333333,0.0,0.6956521739130435,0.75,0.8,0.5180722891566265,0.7341772151898734,5,11,5,18,16,43.0,67.0,47.0,25.0,42.0,63.0,0.1063829787234042,0.2619047619047619,0.1162790697674418,0.0,0.72,0.2539682539682539,19,4.0,76.0,4.0,2.8999999999999995,81.89999999999999,4.310526315789473,14.4,1.9,-0.9,-3.4,2.5,0.0282219122223414,0.555,0.0,0.34,0.2,0.2,W (+4),W (+4)
69.0,50.0,2023-03-14,30-198,PHO,MIL,0,8.266666666666667,0.0,1.0,.000,0.0,0.0,,0,0.0,,2.0,1.0,3.0,0.0,0.0,0.0,0.0,2.0,0.0,0.2,-10,1.0,0.0,0.0,13,35,42,53,28,47,40,24,44,48,54,32,43,58,42.0,48.0,59.0,74.0,57.0,67.0,53.0,31.0,60.0,18.0,69.0,72.0,40.0,83.0,79.0,0.3095238095238095,0.7291666666666666,0.711864406779661,0.7162162162162162,0.4912280701754385,0.7014925373134329,0.7547169811320755,0.7741935483870968,0.7333333333333333,0.0,0.6956521739130435,0.75,0.8,0.5180722891566265,0.7341772151898734,5,11,5,18,16,43.0,67.0,47.0,25.0,42.0,63.0,0.1063829787234042,0.2619047619047619,0.1162790697674418,0.0,0.72,0.2539682539682539,19,2.0,77.0,4.052631578947368,0.1999999999999999,76.20000000000002,4.010526315789474,14.4,1.9,-0.9,-3.4,2.5,0.0282219122223414,0.555,0.0,0.34,0.2,0.2,W (+31),W (+31)
70.0,,2023-03-16,30-200,PHO,ORL,Did Not Play,0.0,0.0,0.0,Did Not Play,,,Did Not Play,Did Not Play,0.0,Did Not Play,0.0,0.0,,0.0,0.0,0.0,0.0,0.0,0.0,Did Not Play,Did Not Play,,,,13,35,42,53,28,47,40,24,44,48,54,32,43,58,42.0,48.0,59.0,74.0,57.0,67.0,53.0,31.0,60.0,18.0,69.0,72.0,40.0,83.0,79.0,0.3095238095238095,0.7291666666666666,0.711864406779661,0.7162162162162162,0.4912280701754385,0.7014925373134329,0.7547169811320755,0.7741935483870968,0.7333333333333333,0.0,0.6956521739130435,0.75,0.8,0.5180722891566265,0.7341772151898734,5,11,5,18,16,43.0,67.0,47.0,25.0,42.0,63.0,0.1063829787234042,0.2619047619047619,0.1162790697674418,0.0,0.72,0.2539682539682539,19,,84.0,4.421052631578948,0.0,85.10000000000001,4.4789473684210535,14.4,1.9,-0.9,-3.4,2.5,0.0282219122223414,0.555,0.0,0.34,0.2,0.2,L (-9),L (-9)
71.0,51.0,2023-03-19,30-203,PHO,OKC,1,20.066666666666663,3.0,6.0,.500,0.0,0.0,,1,3.0,.333,2.0,4.0,6.0,0.0,0.0,3.0,0.0,2.0,7.0,7.1,+2,6.0,3.0,0.5,13,35,42,53,28,47,40,24,44,48,54,32,43,58,42.0,48.0,59.0,74.0,57.0,67.0,53.0,31.0,60.0,18.0,69.0,72.0,40.0,83.0,79.0,0.3095238095238095,0.7291666666666666,0.711864406779661,0.7162162162162162,0.4912280701754385,0.7014925373134329,0.7547169811320755,0.7741935483870968,0.7333333333333333,0.0,0.6956521739130435,0.75,0.8,0.5180722891566265,0.7341772151898734,5,11,5,18,16,43.0,67.0,47.0,25.0,42.0,63.0,0.1063829787234042,0.2619047619047619,0.1162790697674418,0.0,0.72,0.2539682539682539,19,7.0,97.0,5.105263157894737,6.699999999999999,103.0,5.421052631578948,14.4,1.9,-0.9,-3.4,2.5,0.0282219122223414,0.555,0.0,0.34,0.2,0.2,L (-11),L (-11)
72.0,52.0,2023-03-22,30-206,PHO,LAL,1,25.85,3.0,4.0,.750,0.0,0.0,,0,2.0,.000,5.0,3.0,8.0,2.0,1.0,2.0,2.0,4.0,6.0,8.2,-13,4.0,3.0,0.75,13,35,42,53,28,47,40,24,44,48,54,32,43,58,42.0,48.0,59.0,74.0,57.0,67.0,53.0,31.0,60.0,18.0,69.0,72.0,40.0,83.0,79.0,0.3095238095238095,0.7291666666666666,0.711864406779661,0.7162162162162162,0.4912280701754385,0.7014925373134329,0.7547169811320755,0.7741935483870968,0.7333333333333333,0.0,0.6956521739130435,0.75,0.8,0.5180722891566265,0.7341772151898734,5,11,5,18,16,43.0,67.0,47.0,25.0,42.0,63.0,0.1063829787234042,0.2619047619047619,0.1162790697674418,0.0,0.72,0.2539682539682539,19,11.0,82.0,4.315789473684211,8.200000000000001,85.3,4.489473684210526,14.4,1.9,-0.9,-3.4,2.5,0.0282219122223414,0.555,0.0,0.34,0.2,0.2,L (-12),L (-12)
73.0,53.0,2023-03-24,30-208,PHO,SAC,1,16.816666666666666,3.0,4.0,.750,0.0,0.0,,0,3.0,.000,2.0,1.0,3.0,2.0,0.0,2.0,2.0,2.0,6.0,4.9,-6,4.0,3.0,0.75,13,35,42,53,28,47,40,24,44,48,54,32,43,58,42.0,48.0,59.0,74.0,57.0,67.0,53.0,31.0,60.0,18.0,69.0,72.0,40.0,83.0,79.0,0.3095238095238095,0.7291666666666666,0.711864406779661,0.7162162162162162,0.4912280701754385,0.7014925373134329,0.7547169811320755,0.7741935483870968,0.7333333333333333,0.0,0.6956521739130435,0.75,0.8,0.5180722891566265,0.7341772151898734,5,11,5,18,16,43.0,67.0,47.0,25.0,42.0,63.0,0.1063829787234042,0.2619047619047619,0.1162790697674418,0.0,0.72,0.2539682539682539,19,4.0,78.0,4.105263157894737,4.900000000000002,72.49999999999999,3.8157894736842097,14.4,1.9,-0.9,-3.4,2.5,0.0282219122223414,0.555,0.0,0.34,0.2,0.2,W (+3),W (+3)
74.0,54.0,2023-03-25,30-209,PHO,PHI,1,29.0,8.0,12.0,.667,0.0,0.0,,1,2.0,.500,8.0,5.0,13.0,2.0,0.0,5.0,0.0,5.0,17.0,21.4,+2,12.0,8.0,0.6666666666666666,13,35,42,53,28,47,40,24,44,48,54,32,43,58,42.0,48.0,59.0,74.0,57.0,67.0,53.0,31.0,60.0,18.0,69.0,72.0,40.0,83.0,79.0,0.3095238095238095,0.7291666666666666,0.711864406779661,0.7162162162162162,0.4912280701754385,0.7014925373134329,0.7547169811320755,0.7741935483870968,0.7333333333333333,0.0,0.6956521739130435,0.75,0.8,0.5180722891566265,0.7341772151898734,5,11,5,18,16,43.0,67.0,47.0,25.0,42.0,63.0,0.1063829787234042,0.2619047619047619,0.1162790697674418,0.0,0.72,0.2539682539682539,19,23.0,66.0,3.473684210526316,21.0,71.6,3.768421052631578,14.4,1.9,-0.9,-3.4,2.5,0.0282219122223414,0.555,0.0,0.34,0.2,0.2,L (-4),L (-4)
75.0,55.0,2023-03-27,30-211,PHO,UTA,0,17.8,5.0,7.0,.714,0.0,0.0,,1,1.0,1.000,3.0,2.0,5.0,2.0,1.0,1.0,0.0,4.0,11.0,12.3,+17,7.0,5.0,0.7142857142857143,13,35,42,53,28,47,40,24,44,48,54,32,43,58,42.0,48.0,59.0,74.0,57.0,67.0,53.0,31.0,60.0,18.0,69.0,72.0,40.0,83.0,79.0,0.3095238095238095,0.7291666666666666,0.711864406779661,0.7162162162162162,0.4912280701754385,0.7014925373134329,0.7547169811320755,0.7741935483870968,0.7333333333333333,0.0,0.6956521739130435,0.75,0.8,0.5180722891566265,0.7341772151898734,5,11,5,18,16,43.0,67.0,47.0,25.0,42.0,63.0,0.1063829787234042,0.2619047619047619,0.1162790697674418,0.0,0.72,0.2539682539682539,19,12.0,106.0,5.578947368421052,11.9,103.20000000000002,5.431578947368422,14.4,1.9,-0.9,-3.4,2.5,0.0282219122223414,0.555,0.0,0.34,0.2,0.2,L (-11),L (-11)
76.0,56.0,2023-03-29,30-213,PHO,MIN,0,19.316666666666663,3.0,6.0,.500,0.0,0.0,,0,1.0,.000,6.0,2.0,8.0,0.0,1.0,3.0,2.0,3.0,6.0,7.3,+8,6.0,3.0,0.5,13,35,42,53,28,47,40,24,44,48,54,32,43,58,42.0,48.0,59.0,74.0,57.0,67.0,53.0,31.0,60.0,18.0,69.0,72.0,40.0,83.0,79.0,0.3095238095238095,0.7291666666666666,0.711864406779661,0.7162162162162162,0.4912280701754385,0.7014925373134329,0.7547169811320755,0.7741935483870968,0.7333333333333333,0.0,0.6956521739130435,0.75,0.8,0.5180722891566265,0.7341772151898734,5,11,5,18,16,43.0,67.0,47.0,25.0,42.0,63.0,0.1063829787234042,0.2619047619047619,0.1162790697674418,0.0,0.72,0.2539682539682539,19,9.0,70.0,3.684210526315789,7.299999999999997,96.2,5.063157894736842,14.4,1.9,-0.9,-3.4,2.5,0.0282219122223414,0.555,0.0,0.34,0.2,0.2,L (-8),L (-8)
77.0,57.0,2023-03-31,30-215,PHO,DEN,0,19.7,3.0,8.0,.375,0.0,0.0,,3,4.0,.750,6.0,2.0,8.0,1.0,0.0,3.0,0.0,1.0,9.0,11.4,,8.0,3.0,0.375,13,35,42,53,28,47,40,24,44,48,54,32,43,58,42.0,48.0,59.0,74.0,57.0,67.0,53.0,31.0,60.0,18.0,69.0,72.0,40.0,83.0,79.0,0.3095238095238095,0.7291666666666666,0.711864406779661,0.7162162162162162,0.4912280701754385,0.7014925373134329,0.7547169811320755,0.7741935483870968,0.7333333333333333,0.0,0.6956521739130435,0.75,0.8,0.5180722891566265,0.7341772151898734,5,11,5,18,16,43.0,67.0,47.0,25.0,42.0,63.0,0.1063829787234042,0.2619047619047619,0.1162790697674418,0.0,0.72,0.2539682539682539,19,9.0,66.0,3.473684210526316,10.199999999999998,46.39999999999999,2.4421052631578943,14.4,1.9,-0.9,-3.4,2.5,0.0282219122223414,0.555,0.0,0.34,0.2,0.2,W (+20),W (+20)
78.0,58.0,2023-04-02,30-217,PHO,OKC,0,15.2,1.0,1.0,1.000,0.0,0.0,,1,1.0,1.000,0.0,6.0,6.0,0.0,0.0,1.0,0.0,2.0,3.0,4.4,+9,1.0,1.0,1.0,13,35,42,53,28,47,40,24,44,48,54,32,43,58,42.0,48.0,59.0,74.0,57.0,67.0,53.0,31.0,60.0,18.0,69.0,72.0,40.0,83.0,79.0,0.3095238095238095,0.7291666666666666,0.711864406779661,0.7162162162162162,0.4912280701754385,0.7014925373134329,0.7547169811320755,0.7741935483870968,0.7333333333333333,0.0,0.6956521739130435,0.75,0.8,0.5180722891566265,0.7341772151898734,5,11,5,18,16,43.0,67.0,47.0,25.0,42.0,63.0,0.1063829787234042,0.2619047619047619,0.1162790697674418,0.0,0.72,0.2539682539682539,19,8.0,71.0,3.736842105263158,3.999999999999999,90.2,4.747368421052632,14.4,1.9,-0.9,-3.4,2.5,0.0282219122223414,0.555,0.0,0.34,0.2,0.2,W (+14),W (+14)
79.0,59.0,2023-04-04,30-219,PHO,SAS,0,16.4,5.0,7.0,.714,0.0,0.0,,0,0.0,,0.0,1.0,1.0,1.0,0.0,4.0,0.0,0.0,10.0,10.9,+17,7.0,5.0,0.7142857142857143,13,35,42,53,28,47,40,24,44,48,54,32,43,58,42.0,48.0,59.0,74.0,57.0,67.0,53.0,31.0,60.0,18.0,69.0,72.0,40.0,83.0,79.0,0.3095238095238095,0.7291666666666666,0.711864406779661,0.7162162162162162,0.4912280701754385,0.7014925373134329,0.7547169811320755,0.7741935483870968,0.7333333333333333,0.0,0.6956521739130435,0.75,0.8,0.5180722891566265,0.7341772151898734,5,11,5,18,16,43.0,67.0,47.0,25.0,42.0,63.0,0.1063829787234042,0.2619047619047619,0.1162790697674418,0.0,0.72,0.2539682539682539,19,9.0,82.0,4.315789473684211,10.900000000000002,94.5,4.973684210526316,14.4,1.9,-0.9,-3.4,2.5,0.0282219122223414,0.555,0.0,0.34,0.2,0.2,W (+7),W (+7)
80.0,60.0,2023-04-06,30-221,PHO,DEN,0,11.05,1.0,3.0,.333,0.0,0.0,,2,2.0,1.000,2.0,1.0,3.0,0.0,0.0,0.0,1.0,1.0,4.0,2.6,0,3.0,1.0,0.3333333333333333,13,35,42,53,28,47,40,24,44,48,54,32,43,58,42.0,48.0,59.0,74.0,57.0,67.0,53.0,31.0,60.0,18.0,69.0,72.0,40.0,83.0,79.0,0.3095238095238095,0.7291666666666666,0.711864406779661,0.7162162162162162,0.4912280701754385,0.7014925373134329,0.7547169811320755,0.7741935483870968,0.7333333333333333,0.0,0.6956521739130435,0.75,0.8,0.5180722891566265,0.7341772151898734,5,11,5,18,16,43.0,67.0,47.0,25.0,42.0,63.0,0.1063829787234042,0.2619047619047619,0.1162790697674418,0.0,0.72,0.2539682539682539,19,1.0,64.0,3.3684210526315788,1.8000000000000012,71.0,3.736842105263158,14.4,1.9,-0.9,-3.4,2.5,0.0282219122223414,0.555,0.0,0.34,0.2,0.2,W (+7),W (+7)
81.0,61.0,2023-04-07,30-222,PHO,LAL,1,11.516666666666667,2.0,3.0,.667,0.0,0.0,,0,0.0,,1.0,4.0,5.0,1.0,0.0,3.0,0.0,1.0,4.0,7.0,+2,3.0,2.0,0.6666666666666666,13,35,42,53,28,47,40,24,44,48,54,32,43,58,42.0,48.0,59.0,74.0,57.0,67.0,53.0,31.0,60.0,18.0,69.0,72.0,40.0,83.0,79.0,0.3095238095238095,0.7291666666666666,0.711864406779661,0.7162162162162162,0.4912280701754385,0.7014925373134329,0.7547169811320755,0.7741935483870968,0.7333333333333333,0.0,0.6956521739130435,0.75,0.8,0.5180722891566265,0.7341772151898734,5,11,5,18,16,43.0,67.0,47.0,25.0,42.0,63.0,0.1063829787234042,0.2619047619047619,0.1162790697674418,0.0,0.72,0.2539682539682539,19,10.0,42.0,2.210526315789474,7.0,56.69999999999999,2.9842105263157888,14.4,1.9,-0.9,-3.4,2.5,0.0282219122223414,0.555,0.0,0.34,0.2,0.2,W (+10),W (+10)
82.0,,2023-04-09,30-224,PHO,LAC,,0.0,0.0,0.0,,,,,,0.0,,0.0,0.0,,0.0,0.0,0.0,0.0,0.0,0.0,,,,,,13,35,42,53,28,47,40,24,44,48,54,32,43,58,42.0,48.0,59.0,74.0,57.0,67.0,53.0,31.0,60.0,18.0,69.0,72.0,40.0,83.0,79.0,0.3095238095238095,0.7291666666666666,0.711864406779661,0.7162162162162162,0.4912280701754385,0.7014925373134329,0.7547169811320755,0.7741935483870968,0.7333333333333333,0.0,0.6956521739130435,0.75,0.8,0.5180722891566265,0.7341772151898734,5,11,5,18,16,43.0,67.0,47.0,25.0,42.0,63.0,0.1063829787234042,0.2619047619047619,0.1162790697674418,0.0,0.72,0.2539682539682539,19,,43.0,2.263157894736842,0.0,44.29999999999999,2.3315789473684205,14.4,1.9,-0.9,-3.4,2.5,0.0282219122223414,0.555,0.0,0.34,0.2,0.2,W (+21),W (+21)
