Unnamed: 0,Rk,G,Date,Age,Tm,Unnamed: 5,Opp,Unnamed: 7,GS,MP,FG,FGA,FG%,3P,3PA,3P%,FT,FTA,FT%,ORB,DRB,TRB,AST,STL,BLK,TOV,PF,PTS,GmSc,+/-,2PA,2P,2P%,Shared Games with Chance Comanche,Shared Games with Damian Lillard,Shared Games with Drew Eubanks,Shared Games with Gary Payton II,Shared Games with Greg Brown III,Shared Games with Jabari Walker,Shared Games with Jeenathan Williams,Shared Games with Jerami Grant,Shared Games with John Butler,Shared Games with Josh Hart,Shared Games with Justin Minaya,Shared Games with Justise Winslow,Shared Games with Jusuf Nurkić,Shared Games with Keon Johnson,Shared Games with Nassir Little,Shared Games with Shaedon Sharpe,Shared Games with Skylar Mays,Shared Games with Trendon Watford,Chance Comanche,Damian Lillard,Drew Eubanks,Gary Payton II,Greg Brown III,Jabari Walker,Jeenathan Williams,Jerami Grant,John Butler,Josh Hart,Justin Minaya,Justise Winslow,Jusuf Nurkić,Keon Johnson,Nassir Little,Olivier Sarr,Shaedon Sharpe,Shaquille Harrison,Skylar Mays,Trendon Watford,co_inf with Chance Comanche,co_inf with Damian Lillard,co_inf with Drew Eubanks,co_inf with Gary Payton II,co_inf with Greg Brown III,co_inf with Jabari Walker,co_inf with Jeenathan Williams,co_inf with Jerami Grant,co_inf with John Butler,co_inf with Josh Hart,co_inf with Justin Minaya,co_inf with Justise Winslow,co_inf with Jusuf Nurkić,co_inf with Keon Johnson,co_inf with Nassir Little,co_inf with Olivier Sarr,co_inf with Shaedon Sharpe,co_inf with Shaquille Harrison,co_inf with Skylar Mays,co_inf with Trendon Watford,Shared Games with Kevin Knox,Shared Games with Cam Reddish,Shared Games with Matisse Thybulle,Shared Games with Ryan Arcidiacono,Cam Reddish,Jayson Tatum,Kevin Knox,Matisse Thybulle,Ryan Arcidiacono,co_inf with Kevin Knox,co_inf with Cam Reddish,co_inf with Jayson Tatum,co_inf with Matisse Thybulle,co_inf with Ryan Arcidiacono,Total Shared Players,CO_EFF,EFF,avg_EFF,CO_HGS,HGS,avg_HGS
0,1,1,2022-10-19,23-133,POR,@,SAC,W (+7),1,35:51,9.0,22.0,.409,3.0,10.0,.300,1,2.0,.500,0.0,3.0,3.0,2.0,2.0,0.0,0.0,2.0,22.0,13.3,-1,12.0,6.0,0.5,1,51,60,15,15,39,5,55,9,49,4,27,48,30,40,61,6,46,1,58.0,78.0,22.0,16.0,56.0,5,63.0,19.0,76.0,4,29.0,52.0,40.0,54.0,9.0,80.0,5.0,6,62.0,1.0,0.8793103448275862,0.7692307692307693,0.6818181818181818,0.9375,0.6964285714285714,1.0,0.873015873015873,0.4736842105263157,0.6447368421052632,1.0,0.9310344827586208,0.9230769230769232,0.75,0.7407407407407407,0.0,0.7625,0.0,1.0,0.7419354838709677,6,8,10,3,40.0,74.0,63.0,71.0,20.0,0.0952380952380952,0.2,0.0,0.1408450704225352,0.15,22,5.0,95.0,4.318181818181818,12.9,96.2,4.372727272727273
1,2,2,2022-10-21,23-135,POR,,PHO,W (+2),1,42:00,5.0,17.0,.294,2.0,8.0,.250,4,4.0,1.000,2.0,1.0,3.0,3.0,1.0,0.0,4.0,2.0,16.0,6.1,+2,9.0,3.0,0.3333333333333333,1,51,60,15,15,39,5,55,9,49,4,27,48,30,40,61,6,46,1,58.0,78.0,22.0,16.0,56.0,5,63.0,19.0,76.0,4,29.0,52.0,40.0,54.0,9.0,80.0,5.0,6,62.0,1.0,0.8793103448275862,0.7692307692307693,0.6818181818181818,0.9375,0.6964285714285714,1.0,0.873015873015873,0.4736842105263157,0.6447368421052632,1.0,0.9310344827586208,0.9230769230769232,0.75,0.7407407407407407,0.0,0.7625,0.0,1.0,0.7419354838709677,6,8,10,3,40.0,74.0,63.0,71.0,20.0,0.0952380952380952,0.2,0.0,0.1408450704225352,0.15,22,-2.0,81.0,3.6818181818181817,4.499999999999998,81.89999999999998,3.7227272727272718
2,3,3,2022-10-23,23-137,POR,@,LAL,W (+2),1,35:47,5.0,17.0,.294,0.0,6.0,.000,2,2.0,1.000,0.0,1.0,1.0,2.0,1.0,0.0,5.0,5.0,12.0,-2.2,+2,11.0,5.0,0.4545454545454545,1,51,60,15,15,39,5,55,9,49,4,27,48,30,40,61,6,46,1,58.0,78.0,22.0,16.0,56.0,5,63.0,19.0,76.0,4,29.0,52.0,40.0,54.0,9.0,80.0,5.0,6,62.0,1.0,0.8793103448275862,0.7692307692307693,0.6818181818181818,0.9375,0.6964285714285714,1.0,0.873015873015873,0.4736842105263157,0.6447368421052632,1.0,0.9310344827586208,0.9230769230769232,0.75,0.7407407407407407,0.0,0.7625,0.0,1.0,0.7419354838709677,6,8,10,3,40.0,74.0,63.0,71.0,20.0,0.0952380952380952,0.2,0.0,0.1408450704225352,0.15,22,-8.0,109.0,4.954545454545454,-2.999999999999999,99.2,4.509090909090909
3,4,4,2022-10-24,23-138,POR,,DEN,W (+25),1,35:35,11.0,17.0,.647,7.0,12.0,.583,0,0.0,,0.0,3.0,3.0,5.0,1.0,1.0,1.0,0.0,29.0,26.6,+14,5.0,4.0,0.8,1,51,60,15,15,39,5,55,9,49,4,27,48,30,40,61,6,46,1,58.0,78.0,22.0,16.0,56.0,5,63.0,19.0,76.0,4,29.0,52.0,40.0,54.0,9.0,80.0,5.0,6,62.0,1.0,0.8793103448275862,0.7692307692307693,0.6818181818181818,0.9375,0.6964285714285714,1.0,0.873015873015873,0.4736842105263157,0.6447368421052632,1.0,0.9310344827586208,0.9230769230769232,0.75,0.7407407407407407,0.0,0.7625,0.0,1.0,0.7419354838709677,6,8,10,3,40.0,74.0,63.0,71.0,20.0,0.0952380952380952,0.2,0.0,0.1408450704225352,0.15,22,21.0,88.0,4.0,26.6,93.0,4.2272727272727275
4,5,5,2022-10-26,23-140,POR,,MIA,L (-21),1,29:39,5.0,12.0,.417,3.0,8.0,.375,1,1.0,1.000,0.0,2.0,2.0,0.0,0.0,0.0,3.0,4.0,14.0,3.6,-15,4.0,2.0,0.5,1,51,60,15,15,39,5,55,9,49,4,27,48,30,40,61,6,46,1,58.0,78.0,22.0,16.0,56.0,5,63.0,19.0,76.0,4,29.0,52.0,40.0,54.0,9.0,80.0,5.0,6,62.0,1.0,0.8793103448275862,0.7692307692307693,0.6818181818181818,0.9375,0.6964285714285714,1.0,0.873015873015873,0.4736842105263157,0.6447368421052632,1.0,0.9310344827586208,0.9230769230769232,0.75,0.7407407407407407,0.0,0.7625,0.0,1.0,0.7419354838709677,6,8,10,3,40.0,74.0,63.0,71.0,20.0,0.0952380952380952,0.2,0.0,0.1408450704225352,0.15,22,0.0,56.0,2.5454545454545454,3.200000000000003,63.900000000000006,2.9045454545454548
5,6,6,2022-10-28,23-142,POR,,HOU,W (+14),1,37:51,10.0,20.0,.500,7.0,15.0,.467,3,3.0,1.000,1.0,4.0,5.0,7.0,1.0,1.0,3.0,3.0,30.0,24.3,+18,5.0,3.0,0.6,1,51,60,15,15,39,5,55,9,49,4,27,48,30,40,61,6,46,1,58.0,78.0,22.0,16.0,56.0,5,63.0,19.0,76.0,4,29.0,52.0,40.0,54.0,9.0,80.0,5.0,6,62.0,1.0,0.8793103448275862,0.7692307692307693,0.6818181818181818,0.9375,0.6964285714285714,1.0,0.873015873015873,0.4736842105263157,0.6447368421052632,1.0,0.9310344827586208,0.9230769230769232,0.75,0.7407407407407407,0.0,0.7625,0.0,1.0,0.7419354838709677,6,8,10,3,40.0,74.0,63.0,71.0,20.0,0.0952380952380952,0.2,0.0,0.1408450704225352,0.15,22,18.0,100.0,4.545454545454546,23.10000000000001,104.0,4.7272727272727275
6,7,7,2022-11-02,23-147,POR,,MEM,L (-5),1,39:53,10.0,21.0,.476,4.0,11.0,.364,7,8.0,.875,0.0,3.0,3.0,8.0,0.0,0.0,4.0,3.0,31.0,21.2,+5,10.0,6.0,0.6,1,51,60,15,15,39,5,55,9,49,4,27,48,30,40,61,6,46,1,58.0,78.0,22.0,16.0,56.0,5,63.0,19.0,76.0,4,29.0,52.0,40.0,54.0,9.0,80.0,5.0,6,62.0,1.0,0.8793103448275862,0.7692307692307693,0.6818181818181818,0.9375,0.6964285714285714,1.0,0.873015873015873,0.4736842105263157,0.6447368421052632,1.0,0.9310344827586208,0.9230769230769232,0.75,0.7407407407407407,0.0,0.7625,0.0,1.0,0.7419354838709677,6,8,10,3,40.0,74.0,63.0,71.0,20.0,0.0952380952380952,0.2,0.0,0.1408450704225352,0.15,22,9.0,53.0,2.409090909090909,18.4,49.6,2.2545454545454544
7,8,,2022-11-04,23-149,POR,@,PHO,W (+2),Inactive,Inactive,0.0,0.0,Inactive,,,Inactive,Inactive,0.0,Inactive,0.0,0.0,,0.0,0.0,0.0,0.0,0.0,0.0,Inactive,Inactive,,,,1,51,60,15,15,39,5,55,9,49,4,27,48,30,40,61,6,46,1,58.0,78.0,22.0,16.0,56.0,5,63.0,19.0,76.0,4,29.0,52.0,40.0,54.0,9.0,80.0,5.0,6,62.0,1.0,0.8793103448275862,0.7692307692307693,0.6818181818181818,0.9375,0.6964285714285714,1.0,0.873015873015873,0.4736842105263157,0.6447368421052632,1.0,0.9310344827586208,0.9230769230769232,0.75,0.7407407407407407,0.0,0.7625,0.0,1.0,0.7419354838709677,6,8,10,3,40.0,74.0,63.0,71.0,20.0,0.0952380952380952,0.2,0.0,0.1408450704225352,0.15,22,,88.0,4.0,0.0,87.60000000000001,3.9818181818181824
8,9,,2022-11-05,23-150,POR,@,PHO,L (-20),Inactive,Inactive,0.0,0.0,Inactive,,,Inactive,Inactive,0.0,Inactive,0.0,0.0,,0.0,0.0,0.0,0.0,0.0,0.0,Inactive,Inactive,,,,1,51,60,15,15,39,5,55,9,49,4,27,48,30,40,61,6,46,1,58.0,78.0,22.0,16.0,56.0,5,63.0,19.0,76.0,4,29.0,52.0,40.0,54.0,9.0,80.0,5.0,6,62.0,1.0,0.8793103448275862,0.7692307692307693,0.6818181818181818,0.9375,0.6964285714285714,1.0,0.873015873015873,0.4736842105263157,0.6447368421052632,1.0,0.9310344827586208,0.9230769230769232,0.75,0.7407407407407407,0.0,0.7625,0.0,1.0,0.7419354838709677,6,8,10,3,40.0,74.0,63.0,71.0,20.0,0.0952380952380952,0.2,0.0,0.1408450704225352,0.15,22,,40.0,1.818181818181818,0.0,39.900000000000006,1.813636363636364
9,10,8,2022-11-07,23-152,POR,@,MIA,W (+3),1,31:34,9.0,20.0,.450,4.0,12.0,.333,3,3.0,1.000,0.0,0.0,0.0,4.0,1.0,0.0,3.0,1.0,25.0,15.0,-1,8.0,5.0,0.625,1,51,60,15,15,39,5,55,9,49,4,27,48,30,40,61,6,46,1,58.0,78.0,22.0,16.0,56.0,5,63.0,19.0,76.0,4,29.0,52.0,40.0,54.0,9.0,80.0,5.0,6,62.0,1.0,0.8793103448275862,0.7692307692307693,0.6818181818181818,0.9375,0.6964285714285714,1.0,0.873015873015873,0.4736842105263157,0.6447368421052632,1.0,0.9310344827586208,0.9230769230769232,0.75,0.7407407407407407,0.0,0.7625,0.0,1.0,0.7419354838709677,6,8,10,3,40.0,74.0,63.0,71.0,20.0,0.0952380952380952,0.2,0.0,0.1408450704225352,0.15,22,4.0,63.0,2.863636363636364,13.8,64.10000000000001,2.913636363636364
10,11,9,2022-11-09,23-154,POR,@,CHO,W (+10),1,33:09,7.0,18.0,.389,2.0,9.0,.222,3,6.0,.500,0.0,3.0,3.0,6.0,2.0,0.0,0.0,1.0,19.0,14.7,-7,9.0,5.0,0.5555555555555556,1,51,60,15,15,39,5,55,9,49,4,27,48,30,40,61,6,46,1,58.0,78.0,22.0,16.0,56.0,5,63.0,19.0,76.0,4,29.0,52.0,40.0,54.0,9.0,80.0,5.0,6,62.0,1.0,0.8793103448275862,0.7692307692307693,0.6818181818181818,0.9375,0.6964285714285714,1.0,0.873015873015873,0.4736842105263157,0.6447368421052632,1.0,0.9310344827586208,0.9230769230769232,0.75,0.7407407407407407,0.0,0.7625,0.0,1.0,0.7419354838709677,6,8,10,3,40.0,74.0,63.0,71.0,20.0,0.0952380952380952,0.2,0.0,0.1408450704225352,0.15,22,6.0,67.0,3.0454545454545454,13.499999999999996,59.3,2.6954545454545453
11,12,10,2022-11-10,23-155,POR,@,NOP,W (+11),1,36:52,5.0,18.0,.278,5.0,13.0,.385,8,8.0,1.000,1.0,2.0,3.0,6.0,0.0,0.0,1.0,0.0,23.0,16.9,+13,5.0,0.0,0.0,1,51,60,15,15,39,5,55,9,49,4,27,48,30,40,61,6,46,1,58.0,78.0,22.0,16.0,56.0,5,63.0,19.0,76.0,4,29.0,52.0,40.0,54.0,9.0,80.0,5.0,6,62.0,1.0,0.8793103448275862,0.7692307692307693,0.6818181818181818,0.9375,0.6964285714285714,1.0,0.873015873015873,0.4736842105263157,0.6447368421052632,1.0,0.9310344827586208,0.9230769230769232,0.75,0.7407407407407407,0.0,0.7625,0.0,1.0,0.7419354838709677,6,8,10,3,40.0,74.0,63.0,71.0,20.0,0.0952380952380952,0.2,0.0,0.1408450704225352,0.15,22,5.0,64.0,2.909090909090909,13.7,53.2,2.4181818181818184
12,13,11,2022-11-12,23-157,POR,@,DAL,L (-5),1,39:22,9.0,20.0,.450,5.0,11.0,.455,1,2.0,.500,0.0,7.0,7.0,2.0,0.0,0.0,2.0,3.0,24.0,13.5,+5,9.0,4.0,0.4444444444444444,1,51,60,15,15,39,5,55,9,49,4,27,48,30,40,61,6,46,1,58.0,78.0,22.0,16.0,56.0,5,63.0,19.0,76.0,4,29.0,52.0,40.0,54.0,9.0,80.0,5.0,6,62.0,1.0,0.8793103448275862,0.7692307692307693,0.6818181818181818,0.9375,0.6964285714285714,1.0,0.873015873015873,0.4736842105263157,0.6447368421052632,1.0,0.9310344827586208,0.9230769230769232,0.75,0.7407407407407407,0.0,0.7625,0.0,1.0,0.7419354838709677,6,8,10,3,40.0,74.0,63.0,71.0,20.0,0.0952380952380952,0.2,0.0,0.1408450704225352,0.15,22,9.0,81.0,3.6818181818181817,13.1,87.40000000000002,3.9727272727272736
13,14,12,2022-11-15,23-160,POR,,SAS,W (+7),1,33:48,7.0,16.0,.438,5.0,10.0,.500,4,4.0,1.000,1.0,2.0,3.0,2.0,0.0,0.0,1.0,2.0,23.0,15.5,-1,6.0,2.0,0.3333333333333333,1,51,60,15,15,39,5,55,9,49,4,27,48,30,40,61,6,46,1,58.0,78.0,22.0,16.0,56.0,5,63.0,19.0,76.0,4,29.0,52.0,40.0,54.0,9.0,80.0,5.0,6,62.0,1.0,0.8793103448275862,0.7692307692307693,0.6818181818181818,0.9375,0.6964285714285714,1.0,0.873015873015873,0.4736842105263157,0.6447368421052632,1.0,0.9310344827586208,0.9230769230769232,0.75,0.7407407407407407,0.0,0.7625,0.0,1.0,0.7419354838709677,6,8,10,3,40.0,74.0,63.0,71.0,20.0,0.0952380952380952,0.2,0.0,0.1408450704225352,0.15,22,7.0,74.0,3.363636363636364,13.9,81.5,3.7045454545454546
14,15,13,2022-11-17,23-162,POR,,BRK,L (-2),1,29:23,8.0,20.0,.400,4.0,9.0,.444,4,4.0,1.000,0.0,1.0,1.0,2.0,2.0,0.0,0.0,2.0,24.0,16.1,-19,11.0,4.0,0.3636363636363636,1,51,60,15,15,39,5,55,9,49,4,27,48,30,40,61,6,46,1,58.0,78.0,22.0,16.0,56.0,5,63.0,19.0,76.0,4,29.0,52.0,40.0,54.0,9.0,80.0,5.0,6,62.0,1.0,0.8793103448275862,0.7692307692307693,0.6818181818181818,0.9375,0.6964285714285714,1.0,0.873015873015873,0.4736842105263157,0.6447368421052632,1.0,0.9310344827586208,0.9230769230769232,0.75,0.7407407407407407,0.0,0.7625,0.0,1.0,0.7419354838709677,6,8,10,3,40.0,74.0,63.0,71.0,20.0,0.0952380952380952,0.2,0.0,0.1408450704225352,0.15,22,5.0,53.0,2.409090909090909,14.499999999999998,55.00000000000001,2.5000000000000004
15,16,14,2022-11-19,23-164,POR,,UTA,L (-5),1,35:50,7.0,19.0,.368,4.0,13.0,.308,5,6.0,.833,1.0,7.0,8.0,7.0,4.0,1.0,3.0,3.0,23.0,20.3,+7,6.0,3.0,0.5,1,51,60,15,15,39,5,55,9,49,4,27,48,30,40,61,6,46,1,58.0,78.0,22.0,16.0,56.0,5,63.0,19.0,76.0,4,29.0,52.0,40.0,54.0,9.0,80.0,5.0,6,62.0,1.0,0.8793103448275862,0.7692307692307693,0.6818181818181818,0.9375,0.6964285714285714,1.0,0.873015873015873,0.4736842105263157,0.6447368421052632,1.0,0.9310344827586208,0.9230769230769232,0.75,0.7407407407407407,0.0,0.7625,0.0,1.0,0.7419354838709677,6,8,10,3,40.0,74.0,63.0,71.0,20.0,0.0952380952380952,0.2,0.0,0.1408450704225352,0.15,22,15.0,62.0,2.8181818181818183,18.300000000000008,63.6,2.890909090909091
16,17,15,2022-11-21,23-166,POR,@,MIL,L (-8),1,37:02,12.0,23.0,.522,3.0,11.0,.273,2,2.0,1.000,0.0,4.0,4.0,5.0,1.0,0.0,1.0,2.0,29.0,21.6,-10,12.0,9.0,0.75,1,51,60,15,15,39,5,55,9,49,4,27,48,30,40,61,6,46,1,58.0,78.0,22.0,16.0,56.0,5,63.0,19.0,76.0,4,29.0,52.0,40.0,54.0,9.0,80.0,5.0,6,62.0,1.0,0.8793103448275862,0.7692307692307693,0.6818181818181818,0.9375,0.6964285714285714,1.0,0.873015873015873,0.4736842105263157,0.6447368421052632,1.0,0.9310344827586208,0.9230769230769232,0.75,0.7407407407407407,0.0,0.7625,0.0,1.0,0.7419354838709677,6,8,10,3,40.0,74.0,63.0,71.0,20.0,0.0952380952380952,0.2,0.0,0.1408450704225352,0.15,22,13.0,37.0,1.681818181818182,20.8,34.79999999999998,1.5818181818181811
17,18,16,2022-11-23,23-168,POR,@,CLE,L (-18),1,38:04,6.0,18.0,.333,4.0,9.0,.444,4,4.0,1.000,0.0,2.0,2.0,6.0,0.0,0.0,5.0,3.0,20.0,8.4,+1,9.0,2.0,0.2222222222222222,1,51,60,15,15,39,5,55,9,49,4,27,48,30,40,61,6,46,1,58.0,78.0,22.0,16.0,56.0,5,63.0,19.0,76.0,4,29.0,52.0,40.0,54.0,9.0,80.0,5.0,6,62.0,1.0,0.8793103448275862,0.7692307692307693,0.6818181818181818,0.9375,0.6964285714285714,1.0,0.873015873015873,0.4736842105263157,0.6447368421052632,1.0,0.9310344827586208,0.9230769230769232,0.75,0.7407407407407407,0.0,0.7625,0.0,1.0,0.7419354838709677,6,8,10,3,40.0,74.0,63.0,71.0,20.0,0.0952380952380952,0.2,0.0,0.1408450704225352,0.15,22,1.0,75.0,3.409090909090909,6.800000000000001,63.9,2.9045454545454543
18,19,17,2022-11-25,23-170,POR,@,NYK,W (+3),1,46:58,13.0,25.0,.520,4.0,13.0,.308,8,8.0,1.000,0.0,4.0,4.0,5.0,1.0,0.0,1.0,1.0,38.0,30.0,+16,12.0,9.0,0.75,1,51,60,15,15,39,5,55,9,49,4,27,48,30,40,61,6,46,1,58.0,78.0,22.0,16.0,56.0,5,63.0,19.0,76.0,4,29.0,52.0,40.0,54.0,9.0,80.0,5.0,6,62.0,1.0,0.8793103448275862,0.7692307692307693,0.6818181818181818,0.9375,0.6964285714285714,1.0,0.873015873015873,0.4736842105263157,0.6447368421052632,1.0,0.9310344827586208,0.9230769230769232,0.75,0.7407407407407407,0.0,0.7625,0.0,1.0,0.7419354838709677,6,8,10,3,40.0,74.0,63.0,71.0,20.0,0.0952380952380952,0.2,0.0,0.1408450704225352,0.15,22,14.0,57.0,2.590909090909091,26.800000000000008,64.89999999999999,2.9499999999999997
19,20,18,2022-11-27,23-172,POR,@,BRK,L (-14),1,39:34,4.0,14.0,.286,4.0,10.0,.400,3,4.0,.750,0.0,1.0,1.0,6.0,1.0,0.0,2.0,1.0,15.0,9.5,-16,4.0,0.0,0.0,1,51,60,15,15,39,5,55,9,49,4,27,48,30,40,61,6,46,1,58.0,78.0,22.0,16.0,56.0,5,63.0,19.0,76.0,4,29.0,52.0,40.0,54.0,9.0,80.0,5.0,6,62.0,1.0,0.8793103448275862,0.7692307692307693,0.6818181818181818,0.9375,0.6964285714285714,1.0,0.873015873015873,0.4736842105263157,0.6447368421052632,1.0,0.9310344827586208,0.9230769230769232,0.75,0.7407407407407407,0.0,0.7625,0.0,1.0,0.7419354838709677,6,8,10,3,40.0,74.0,63.0,71.0,20.0,0.0952380952380952,0.2,0.0,0.1408450704225352,0.15,22,3.0,63.0,2.863636363636364,8.300000000000002,76.09999999999998,3.459090909090908
20,Rk,G,Date,Age,Tm,,Opp,,GS,MP,0.0,0.0,FG%,,,3P%,FT,0.0,FT%,0.0,0.0,,0.0,0.0,0.0,0.0,0.0,0.0,GmSc,+/-,,,,1,51,60,15,15,39,5,55,9,49,4,27,48,30,40,61,6,46,1,58.0,78.0,22.0,16.0,56.0,5,63.0,19.0,76.0,4,29.0,52.0,40.0,54.0,9.0,80.0,5.0,6,62.0,1.0,0.8793103448275862,0.7692307692307693,0.6818181818181818,0.9375,0.6964285714285714,1.0,0.873015873015873,0.4736842105263157,0.6447368421052632,1.0,0.9310344827586208,0.9230769230769232,0.75,0.7407407407407407,0.0,0.7625,0.0,1.0,0.7419354838709677,6,8,10,3,40.0,74.0,63.0,71.0,20.0,0.0952380952380952,0.2,0.0,0.1408450704225352,0.15,22,,0.0,0.0,0.0,0.0,0.0
21,21,19,2022-11-29,23-174,POR,,LAC,L (-6),1,43:04,13.0,24.0,.542,9.0,16.0,.563,2,3.0,.667,0.0,2.0,2.0,4.0,1.0,1.0,1.0,4.0,37.0,27.5,-4,8.0,4.0,0.5,1,51,60,15,15,39,5,55,9,49,4,27,48,30,40,61,6,46,1,58.0,78.0,22.0,16.0,56.0,5,63.0,19.0,76.0,4,29.0,52.0,40.0,54.0,9.0,80.0,5.0,6,62.0,1.0,0.8793103448275862,0.7692307692307693,0.6818181818181818,0.9375,0.6964285714285714,1.0,0.873015873015873,0.4736842105263157,0.6447368421052632,1.0,0.9310344827586208,0.9230769230769232,0.75,0.7407407407407407,0.0,0.7625,0.0,1.0,0.7419354838709677,6,8,10,3,40.0,74.0,63.0,71.0,20.0,0.0952380952380952,0.2,0.0,0.1408450704225352,0.15,22,17.0,70.0,3.1818181818181817,26.700000000000006,58.6,2.6636363636363636
22,22,20,2022-11-30,23-175,POR,@,LAL,L (-19),1,38:50,9.0,22.0,.409,2.0,7.0,.286,2,2.0,1.000,1.0,3.0,4.0,8.0,1.0,0.0,0.0,2.0,22.0,17.6,-10,15.0,7.0,0.4666666666666667,1,51,60,15,15,39,5,55,9,49,4,27,48,30,40,61,6,46,1,58.0,78.0,22.0,16.0,56.0,5,63.0,19.0,76.0,4,29.0,52.0,40.0,54.0,9.0,80.0,5.0,6,62.0,1.0,0.8793103448275862,0.7692307692307693,0.6818181818181818,0.9375,0.6964285714285714,1.0,0.873015873015873,0.4736842105263157,0.6447368421052632,1.0,0.9310344827586208,0.9230769230769232,0.75,0.7407407407407407,0.0,0.7625,0.0,1.0,0.7419354838709677,6,8,10,3,40.0,74.0,63.0,71.0,20.0,0.0952380952380952,0.2,0.0,0.1408450704225352,0.15,22,11.0,81.0,3.6818181818181817,16.799999999999997,60.2,2.7363636363636363
23,23,21,2022-12-03,23-178,POR,@,UTA,W (+5),1,41:07,15.0,25.0,.600,7.0,12.0,.583,8,8.0,1.000,0.0,2.0,2.0,4.0,1.0,2.0,7.0,3.0,45.0,31.1,+5,13.0,8.0,0.6153846153846154,1,51,60,15,15,39,5,55,9,49,4,27,48,30,40,61,6,46,1,58.0,78.0,22.0,16.0,56.0,5,63.0,19.0,76.0,4,29.0,52.0,40.0,54.0,9.0,80.0,5.0,6,62.0,1.0,0.8793103448275862,0.7692307692307693,0.6818181818181818,0.9375,0.6964285714285714,1.0,0.873015873015873,0.4736842105263157,0.6447368421052632,1.0,0.9310344827586208,0.9230769230769232,0.75,0.7407407407407407,0.0,0.7625,0.0,1.0,0.7419354838709677,6,8,10,3,40.0,74.0,63.0,71.0,20.0,0.0952380952380952,0.2,0.0,0.1408450704225352,0.15,22,14.0,49.0,2.227272727272727,27.89999999999999,52.19999999999999,2.372727272727272
24,24,22,2022-12-04,23-179,POR,,IND,W (+16),1,35:43,8.0,14.0,.571,5.0,9.0,.556,1,1.0,1.000,0.0,3.0,3.0,6.0,1.0,0.0,1.0,2.0,22.0,19.7,-8,5.0,3.0,0.6,1,51,60,15,15,39,5,55,9,49,4,27,48,30,40,61,6,46,1,58.0,78.0,22.0,16.0,56.0,5,63.0,19.0,76.0,4,29.0,52.0,40.0,54.0,9.0,80.0,5.0,6,62.0,1.0,0.8793103448275862,0.7692307692307693,0.6818181818181818,0.9375,0.6964285714285714,1.0,0.873015873015873,0.4736842105263157,0.6447368421052632,1.0,0.9310344827586208,0.9230769230769232,0.75,0.7407407407407407,0.0,0.7625,0.0,1.0,0.7419354838709677,6,8,10,3,40.0,74.0,63.0,71.0,20.0,0.0952380952380952,0.2,0.0,0.1408450704225352,0.15,22,16.0,67.0,3.0454545454545454,19.3,64.30000000000001,2.9227272727272733
25,25,23,2022-12-08,23-183,POR,,DEN,L (-1),1,34:02,3.0,12.0,.250,0.0,6.0,.000,0,0.0,,0.0,3.0,3.0,5.0,0.0,0.0,4.0,4.0,6.0,-2.4,-1,6.0,3.0,0.5,1,51,60,15,15,39,5,55,9,49,4,27,48,30,40,61,6,46,1,58.0,78.0,22.0,16.0,56.0,5,63.0,19.0,76.0,4,29.0,52.0,40.0,54.0,9.0,80.0,5.0,6,62.0,1.0,0.8793103448275862,0.7692307692307693,0.6818181818181818,0.9375,0.6964285714285714,1.0,0.873015873015873,0.4736842105263157,0.6447368421052632,1.0,0.9310344827586208,0.9230769230769232,0.75,0.7407407407407407,0.0,0.7625,0.0,1.0,0.7419354838709677,6,8,10,3,40.0,74.0,63.0,71.0,20.0,0.0952380952380952,0.2,0.0,0.1408450704225352,0.15,22,-2.0,99.0,4.5,-2.399999999999999,100.0,4.545454545454546
26,26,24,2022-12-10,23-185,POR,,MIN,W (+6),1,34:48,13.0,22.0,.591,5.0,10.0,.500,0,0.0,,1.0,2.0,3.0,1.0,0.0,0.0,2.0,3.0,31.0,19.6,-10,12.0,8.0,0.6666666666666666,1,51,60,15,15,39,5,55,9,49,4,27,48,30,40,61,6,46,1,58.0,78.0,22.0,16.0,56.0,5,63.0,19.0,76.0,4,29.0,52.0,40.0,54.0,9.0,80.0,5.0,6,62.0,1.0,0.8793103448275862,0.7692307692307693,0.6818181818181818,0.9375,0.6964285714285714,1.0,0.873015873015873,0.4736842105263157,0.6447368421052632,1.0,0.9310344827586208,0.9230769230769232,0.75,0.7407407407407407,0.0,0.7625,0.0,1.0,0.7419354838709677,6,8,10,3,40.0,74.0,63.0,71.0,20.0,0.0952380952380952,0.2,0.0,0.1408450704225352,0.15,22,11.0,53.0,2.409090909090909,19.60000000000001,56.39999999999999,2.563636363636363
27,27,25,2022-12-12,23-187,POR,,MIN,W (+21),1,33:15,5.0,13.0,.385,2.0,8.0,.250,0,0.0,,0.0,4.0,4.0,6.0,0.0,0.0,2.0,3.0,12.0,7.1,+8,5.0,3.0,0.6,1,51,60,15,15,39,5,55,9,49,4,27,48,30,40,61,6,46,1,58.0,78.0,22.0,16.0,56.0,5,63.0,19.0,76.0,4,29.0,52.0,40.0,54.0,9.0,80.0,5.0,6,62.0,1.0,0.8793103448275862,0.7692307692307693,0.6818181818181818,0.9375,0.6964285714285714,1.0,0.873015873015873,0.4736842105263157,0.6447368421052632,1.0,0.9310344827586208,0.9230769230769232,0.75,0.7407407407407407,0.0,0.7625,0.0,1.0,0.7419354838709677,6,8,10,3,40.0,74.0,63.0,71.0,20.0,0.0952380952380952,0.2,0.0,0.1408450704225352,0.15,22,7.0,90.0,4.090909090909091,7.099999999999998,98.8,4.490909090909091
28,28,26,2022-12-14,23-189,POR,@,SAS,W (+16),1,33:00,9.0,15.0,.600,5.0,9.0,.556,0,0.0,,0.0,3.0,3.0,4.0,0.0,0.0,4.0,3.0,23.0,14.6,+17,6.0,4.0,0.6666666666666666,1,51,60,15,15,39,5,55,9,49,4,27,48,30,40,61,6,46,1,58.0,78.0,22.0,16.0,56.0,5,63.0,19.0,76.0,4,29.0,52.0,40.0,54.0,9.0,80.0,5.0,6,62.0,1.0,0.8793103448275862,0.7692307692307693,0.6818181818181818,0.9375,0.6964285714285714,1.0,0.873015873015873,0.4736842105263157,0.6447368421052632,1.0,0.9310344827586208,0.9230769230769232,0.75,0.7407407407407407,0.0,0.7625,0.0,1.0,0.7419354838709677,6,8,10,3,40.0,74.0,63.0,71.0,20.0,0.0952380952380952,0.2,0.0,0.1408450704225352,0.15,22,11.0,90.0,4.090909090909091,14.6,91.7,4.168181818181818
29,29,27,2022-12-16,23-191,POR,@,DAL,L (-20),1,23:37,3.0,10.0,.300,1.0,6.0,.167,0,0.0,,0.0,2.0,2.0,3.0,0.0,0.0,2.0,2.0,7.0,1.1,-21,4.0,2.0,0.5,1,51,60,15,15,39,5,55,9,49,4,27,48,30,40,61,6,46,1,58.0,78.0,22.0,16.0,56.0,5,63.0,19.0,76.0,4,29.0,52.0,40.0,54.0,9.0,80.0,5.0,6,62.0,1.0,0.8793103448275862,0.7692307692307693,0.6818181818181818,0.9375,0.6964285714285714,1.0,0.873015873015873,0.4736842105263157,0.6447368421052632,1.0,0.9310344827586208,0.9230769230769232,0.75,0.7407407407407407,0.0,0.7625,0.0,1.0,0.7419354838709677,6,8,10,3,40.0,74.0,63.0,71.0,20.0,0.0952380952380952,0.2,0.0,0.1408450704225352,0.15,22,0.0,69.0,3.136363636363636,1.0999999999999988,67.69999999999999,3.0772727272727267
30,30,28,2022-12-17,23-192,POR,@,HOU,W (+12),1,33:02,11.0,21.0,.524,5.0,14.0,.357,5,5.0,1.000,0.0,1.0,1.0,2.0,1.0,0.0,0.0,2.0,32.0,23.6,+12,7.0,6.0,0.8571428571428571,1,51,60,15,15,39,5,55,9,49,4,27,48,30,40,61,6,46,1,58.0,78.0,22.0,16.0,56.0,5,63.0,19.0,76.0,4,29.0,52.0,40.0,54.0,9.0,80.0,5.0,6,62.0,1.0,0.8793103448275862,0.7692307692307693,0.6818181818181818,0.9375,0.6964285714285714,1.0,0.873015873015873,0.4736842105263157,0.6447368421052632,1.0,0.9310344827586208,0.9230769230769232,0.75,0.7407407407407407,0.0,0.7625,0.0,1.0,0.7419354838709677,6,8,10,3,40.0,74.0,63.0,71.0,20.0,0.0952380952380952,0.2,0.0,0.1408450704225352,0.15,22,10.0,53.0,2.409090909090909,21.599999999999994,58.1,2.640909090909091
31,31,29,2022-12-19,23-194,POR,@,OKC,L (-2),1,34:31,7.0,16.0,.438,5.0,10.0,.500,0,0.0,,0.0,4.0,4.0,1.0,1.0,0.0,2.0,5.0,19.0,9.5,+11,6.0,2.0,0.3333333333333333,1,51,60,15,15,39,5,55,9,49,4,27,48,30,40,61,6,46,1,58.0,78.0,22.0,16.0,56.0,5,63.0,19.0,76.0,4,29.0,52.0,40.0,54.0,9.0,80.0,5.0,6,62.0,1.0,0.8793103448275862,0.7692307692307693,0.6818181818181818,0.9375,0.6964285714285714,1.0,0.873015873015873,0.4736842105263157,0.6447368421052632,1.0,0.9310344827586208,0.9230769230769232,0.75,0.7407407407407407,0.0,0.7625,0.0,1.0,0.7419354838709677,6,8,10,3,40.0,74.0,63.0,71.0,20.0,0.0952380952380952,0.2,0.0,0.1408450704225352,0.15,22,7.0,66.0,3.0,9.5,74.2,3.372727272727273
32,32,30,2022-12-21,23-196,POR,@,OKC,L (-3),1,29:36,4.0,11.0,.364,4.0,9.0,.444,0,0.0,,0.0,1.0,1.0,4.0,1.0,1.0,3.0,5.0,12.0,5.7,+2,2.0,0.0,0.0,1,51,60,15,15,39,5,55,9,49,4,27,48,30,40,61,6,46,1,58.0,78.0,22.0,16.0,56.0,5,63.0,19.0,76.0,4,29.0,52.0,40.0,54.0,9.0,80.0,5.0,6,62.0,1.0,0.8793103448275862,0.7692307692307693,0.6818181818181818,0.9375,0.6964285714285714,1.0,0.873015873015873,0.4736842105263157,0.6447368421052632,1.0,0.9310344827586208,0.9230769230769232,0.75,0.7407407407407407,0.0,0.7625,0.0,1.0,0.7419354838709677,6,8,10,3,40.0,74.0,63.0,71.0,20.0,0.0952380952380952,0.2,0.0,0.1408450704225352,0.15,22,5.0,76.0,3.4545454545454546,5.699999999999999,68.8,3.127272727272727
33,33,31,2022-12-23,23-198,POR,@,DEN,L (-13),1,38:52,6.0,22.0,.273,1.0,10.0,.100,1,2.0,.500,1.0,0.0,1.0,3.0,0.0,0.0,2.0,4.0,14.0,-0.2,-11,12.0,5.0,0.4166666666666667,1,51,60,15,15,39,5,55,9,49,4,27,48,30,40,61,6,46,1,58.0,78.0,22.0,16.0,56.0,5,63.0,19.0,76.0,4,29.0,52.0,40.0,54.0,9.0,80.0,5.0,6,62.0,1.0,0.8793103448275862,0.7692307692307693,0.6818181818181818,0.9375,0.6964285714285714,1.0,0.873015873015873,0.4736842105263157,0.6447368421052632,1.0,0.9310344827586208,0.9230769230769232,0.75,0.7407407407407407,0.0,0.7625,0.0,1.0,0.7419354838709677,6,8,10,3,40.0,74.0,63.0,71.0,20.0,0.0952380952380952,0.2,0.0,0.1408450704225352,0.15,22,-8.0,63.0,2.863636363636364,-0.6000000000000028,65.5,2.977272727272727
34,34,32,2022-12-26,23-201,POR,,CHO,W (+11),1,38:34,6.0,15.0,.400,3.0,8.0,.375,3,3.0,1.000,0.0,2.0,2.0,2.0,1.0,0.0,1.0,1.0,18.0,11.5,+4,7.0,3.0,0.4285714285714285,1,51,60,15,15,39,5,55,9,49,4,27,48,30,40,61,6,46,1,58.0,78.0,22.0,16.0,56.0,5,63.0,19.0,76.0,4,29.0,52.0,40.0,54.0,9.0,80.0,5.0,6,62.0,1.0,0.8793103448275862,0.7692307692307693,0.6818181818181818,0.9375,0.6964285714285714,1.0,0.873015873015873,0.4736842105263157,0.6447368421052632,1.0,0.9310344827586208,0.9230769230769232,0.75,0.7407407407407407,0.0,0.7625,0.0,1.0,0.7419354838709677,6,8,10,3,40.0,74.0,63.0,71.0,20.0,0.0952380952380952,0.2,0.0,0.1408450704225352,0.15,22,4.0,92.0,4.181818181818182,10.3,75.79999999999998,3.445454545454545
35,35,33,2022-12-30,23-205,POR,@,GSW,L (-6),1,35:04,8.0,21.0,.381,4.0,11.0,.364,2,2.0,1.000,1.0,6.0,7.0,2.0,0.0,1.0,3.0,1.0,22.0,11.7,-9,10.0,4.0,0.4,1,51,60,15,15,39,5,55,9,49,4,27,48,30,40,61,6,46,1,58.0,78.0,22.0,16.0,56.0,5,63.0,19.0,76.0,4,29.0,52.0,40.0,54.0,9.0,80.0,5.0,6,62.0,1.0,0.8793103448275862,0.7692307692307693,0.6818181818181818,0.9375,0.6964285714285714,1.0,0.873015873015873,0.4736842105263157,0.6447368421052632,1.0,0.9310344827586208,0.9230769230769232,0.75,0.7407407407407407,0.0,0.7625,0.0,1.0,0.7419354838709677,6,8,10,3,40.0,74.0,63.0,71.0,20.0,0.0952380952380952,0.2,0.0,0.1408450704225352,0.15,22,6.0,64.0,2.909090909090909,10.899999999999997,57.8,2.627272727272727
36,36,34,2023-01-02,23-208,POR,,DET,W (+29),1,33:18,11.0,18.0,.611,4.0,10.0,.400,4,5.0,.800,0.0,5.0,5.0,3.0,2.0,0.0,2.0,1.0,30.0,24.6,+17,8.0,7.0,0.875,1,51,60,15,15,39,5,55,9,49,4,27,48,30,40,61,6,46,1,58.0,78.0,22.0,16.0,56.0,5,63.0,19.0,76.0,4,29.0,52.0,40.0,54.0,9.0,80.0,5.0,6,62.0,1.0,0.8793103448275862,0.7692307692307693,0.6818181818181818,0.9375,0.6964285714285714,1.0,0.873015873015873,0.4736842105263157,0.6447368421052632,1.0,0.9310344827586208,0.9230769230769232,0.75,0.7407407407407407,0.0,0.7625,0.0,1.0,0.7419354838709677,6,8,10,3,40.0,74.0,63.0,71.0,20.0,0.0952380952380952,0.2,0.0,0.1408450704225352,0.15,22,15.0,66.0,3.0,23.0,73.89999999999999,3.359090909090909
37,37,35,2023-01-04,23-210,POR,@,MIN,L (-7),1,29:43,6.0,12.0,.500,1.0,5.0,.200,3,3.0,1.000,1.0,1.0,2.0,3.0,1.0,0.0,2.0,5.0,16.0,10.1,-15,7.0,5.0,0.7142857142857143,1,51,60,15,15,39,5,55,9,49,4,27,48,30,40,61,6,46,1,58.0,78.0,22.0,16.0,56.0,5,63.0,19.0,76.0,4,29.0,52.0,40.0,54.0,9.0,80.0,5.0,6,62.0,1.0,0.8793103448275862,0.7692307692307693,0.6818181818181818,0.9375,0.6964285714285714,1.0,0.873015873015873,0.4736842105263157,0.6447368421052632,1.0,0.9310344827586208,0.9230769230769232,0.75,0.7407407407407407,0.0,0.7625,0.0,1.0,0.7419354838709677,6,8,10,3,40.0,74.0,63.0,71.0,20.0,0.0952380952380952,0.2,0.0,0.1408450704225352,0.15,22,5.0,46.0,2.090909090909091,8.900000000000002,58.400000000000006,2.6545454545454548
38,38,36,2023-01-06,23-212,POR,@,IND,L (-9),1,40:59,7.0,20.0,.350,4.0,11.0,.364,2,2.0,1.000,1.0,2.0,3.0,4.0,1.0,0.0,4.0,0.0,20.0,9.9,-11,9.0,3.0,0.3333333333333333,1,51,60,15,15,39,5,55,9,49,4,27,48,30,40,61,6,46,1,58.0,78.0,22.0,16.0,56.0,5,63.0,19.0,76.0,4,29.0,52.0,40.0,54.0,9.0,80.0,5.0,6,62.0,1.0,0.8793103448275862,0.7692307692307693,0.6818181818181818,0.9375,0.6964285714285714,1.0,0.873015873015873,0.4736842105263157,0.6447368421052632,1.0,0.9310344827586208,0.9230769230769232,0.75,0.7407407407407407,0.0,0.7625,0.0,1.0,0.7419354838709677,6,8,10,3,40.0,74.0,63.0,71.0,20.0,0.0952380952380952,0.2,0.0,0.1408450704225352,0.15,22,2.0,43.0,1.9545454545454544,9.1,38.6,1.7545454545454546
39,39,37,2023-01-08,23-214,POR,@,TOR,L (-12),1,42:12,6.0,14.0,.429,3.0,9.0,.333,7,8.0,.875,0.0,0.0,0.0,2.0,0.0,0.0,4.0,5.0,22.0,9.6,-13,5.0,3.0,0.6,1,51,60,15,15,39,5,55,9,49,4,27,48,30,40,61,6,46,1,58.0,78.0,22.0,16.0,56.0,5,63.0,19.0,76.0,4,29.0,52.0,40.0,54.0,9.0,80.0,5.0,6,62.0,1.0,0.8793103448275862,0.7692307692307693,0.6818181818181818,0.9375,0.6964285714285714,1.0,0.873015873015873,0.4736842105263157,0.6447368421052632,1.0,0.9310344827586208,0.9230769230769232,0.75,0.7407407407407407,0.0,0.7625,0.0,1.0,0.7419354838709677,6,8,10,3,40.0,74.0,63.0,71.0,20.0,0.0952380952380952,0.2,0.0,0.1408450704225352,0.15,22,-2.0,57.0,2.590909090909091,6.799999999999997,45.29999999999999,2.0590909090909086
40,40,38,2023-01-10,23-216,POR,,ORL,L (-3),1,42:42,6.0,16.0,.375,2.0,9.0,.222,1,1.0,1.000,0.0,1.0,1.0,7.0,1.0,1.0,1.0,0.0,15.0,12.1,-1,7.0,4.0,0.5714285714285714,1,51,60,15,15,39,5,55,9,49,4,27,48,30,40,61,6,46,1,58.0,78.0,22.0,16.0,56.0,5,63.0,19.0,76.0,4,29.0,52.0,40.0,54.0,9.0,80.0,5.0,6,62.0,1.0,0.8793103448275862,0.7692307692307693,0.6818181818181818,0.9375,0.6964285714285714,1.0,0.873015873015873,0.4736842105263157,0.6447368421052632,1.0,0.9310344827586208,0.9230769230769232,0.75,0.7407407407407407,0.0,0.7625,0.0,1.0,0.7419354838709677,6,8,10,3,40.0,74.0,63.0,71.0,20.0,0.0952380952380952,0.2,0.0,0.1408450704225352,0.15,22,7.0,48.0,2.1818181818181817,11.699999999999998,57.2,2.6
41,Rk,G,Date,Age,Tm,,Opp,,GS,MP,0.0,0.0,FG%,,,3P%,FT,0.0,FT%,0.0,0.0,,0.0,0.0,0.0,0.0,0.0,0.0,GmSc,+/-,,,,1,51,60,15,15,39,5,55,9,49,4,27,48,30,40,61,6,46,1,58.0,78.0,22.0,16.0,56.0,5,63.0,19.0,76.0,4,29.0,52.0,40.0,54.0,9.0,80.0,5.0,6,62.0,1.0,0.8793103448275862,0.7692307692307693,0.6818181818181818,0.9375,0.6964285714285714,1.0,0.873015873015873,0.4736842105263157,0.6447368421052632,1.0,0.9310344827586208,0.9230769230769232,0.75,0.7407407407407407,0.0,0.7625,0.0,1.0,0.7419354838709677,6,8,10,3,40.0,74.0,63.0,71.0,20.0,0.0952380952380952,0.2,0.0,0.1408450704225352,0.15,22,,0.0,0.0,0.0,0.0,0.0
42,41,39,2023-01-12,23-218,POR,,CLE,L (-6),1,32:22,6.0,10.0,.600,3.0,6.0,.500,0,0.0,,0.0,2.0,2.0,5.0,0.0,0.0,1.0,5.0,15.0,11.5,-10,4.0,3.0,0.75,1,51,60,15,15,39,5,55,9,49,4,27,48,30,40,61,6,46,1,58.0,78.0,22.0,16.0,56.0,5,63.0,19.0,76.0,4,29.0,52.0,40.0,54.0,9.0,80.0,5.0,6,62.0,1.0,0.8793103448275862,0.7692307692307693,0.6818181818181818,0.9375,0.6964285714285714,1.0,0.873015873015873,0.4736842105263157,0.6447368421052632,1.0,0.9310344827586208,0.9230769230769232,0.75,0.7407407407407407,0.0,0.7625,0.0,1.0,0.7419354838709677,6,8,10,3,40.0,74.0,63.0,71.0,20.0,0.0952380952380952,0.2,0.0,0.1408450704225352,0.15,22,11.0,53.0,2.409090909090909,11.5,55.4,2.518181818181818
43,42,40,2023-01-14,23-220,POR,,DAL,W (+17),1,29:21,6.0,12.0,.500,3.0,8.0,.375,6,6.0,1.000,0.0,4.0,4.0,5.0,0.0,2.0,0.0,2.0,21.0,20.3,+18,4.0,3.0,0.75,1,51,60,15,15,39,5,55,9,49,4,27,48,30,40,61,6,46,1,58.0,78.0,22.0,16.0,56.0,5,63.0,19.0,76.0,4,29.0,52.0,40.0,54.0,9.0,80.0,5.0,6,62.0,1.0,0.8793103448275862,0.7692307692307693,0.6818181818181818,0.9375,0.6964285714285714,1.0,0.873015873015873,0.4736842105263157,0.6447368421052632,1.0,0.9310344827586208,0.9230769230769232,0.75,0.7407407407407407,0.0,0.7625,0.0,1.0,0.7419354838709677,6,8,10,3,40.0,74.0,63.0,71.0,20.0,0.0952380952380952,0.2,0.0,0.1408450704225352,0.15,22,14.0,89.0,4.045454545454546,17.899999999999995,79.9,3.6318181818181823
44,43,41,2023-01-15,23-221,POR,,DAL,W (+17),1,33:21,7.0,16.0,.438,2.0,8.0,.250,4,5.0,.800,0.0,4.0,4.0,4.0,0.0,0.0,1.0,2.0,20.0,13.4,+22,8.0,5.0,0.625,1,51,60,15,15,39,5,55,9,49,4,27,48,30,40,61,6,46,1,58.0,78.0,22.0,16.0,56.0,5,63.0,19.0,76.0,4,29.0,52.0,40.0,54.0,9.0,80.0,5.0,6,62.0,1.0,0.8793103448275862,0.7692307692307693,0.6818181818181818,0.9375,0.6964285714285714,1.0,0.873015873015873,0.4736842105263157,0.6447368421052632,1.0,0.9310344827586208,0.9230769230769232,0.75,0.7407407407407407,0.0,0.7625,0.0,1.0,0.7419354838709677,6,8,10,3,40.0,74.0,63.0,71.0,20.0,0.0952380952380952,0.2,0.0,0.1408450704225352,0.15,22,6.0,72.0,3.272727272727273,11.8,81.69999999999999,3.713636363636363
45,44,42,2023-01-17,23-223,POR,@,DEN,L (-9),1,36:53,5.0,15.0,.333,2.0,10.0,.200,2,2.0,1.000,0.0,2.0,2.0,2.0,0.0,0.0,4.0,3.0,14.0,2.3,-6,5.0,3.0,0.6,1,51,60,15,15,39,5,55,9,49,4,27,48,30,40,61,6,46,1,58.0,78.0,22.0,16.0,56.0,5,63.0,19.0,76.0,4,29.0,52.0,40.0,54.0,9.0,80.0,5.0,6,62.0,1.0,0.8793103448275862,0.7692307692307693,0.6818181818181818,0.9375,0.6964285714285714,1.0,0.873015873015873,0.4736842105263157,0.6447368421052632,1.0,0.9310344827586208,0.9230769230769232,0.75,0.7407407407407407,0.0,0.7625,0.0,1.0,0.7419354838709677,6,8,10,3,40.0,74.0,63.0,71.0,20.0,0.0952380952380952,0.2,0.0,0.1408450704225352,0.15,22,-3.0,65.0,2.9545454545454546,1.5,70.7,3.213636363636364
46,45,43,2023-01-19,23-225,POR,,PHI,L (-10),1,35:37,6.0,15.0,.400,2.0,7.0,.286,2,2.0,1.000,0.0,1.0,1.0,3.0,0.0,0.0,5.0,1.0,16.0,4.9,-11,8.0,4.0,0.5,1,51,60,15,15,39,5,55,9,49,4,27,48,30,40,61,6,46,1,58.0,78.0,22.0,16.0,56.0,5,63.0,19.0,76.0,4,29.0,52.0,40.0,54.0,9.0,80.0,5.0,6,62.0,1.0,0.8793103448275862,0.7692307692307693,0.6818181818181818,0.9375,0.6964285714285714,1.0,0.873015873015873,0.4736842105263157,0.6447368421052632,1.0,0.9310344827586208,0.9230769230769232,0.75,0.7407407407407407,0.0,0.7625,0.0,1.0,0.7419354838709677,6,8,10,3,40.0,74.0,63.0,71.0,20.0,0.0952380952380952,0.2,0.0,0.1408450704225352,0.15,22,-2.0,64.0,2.909090909090909,4.099999999999996,50.4,2.290909090909091
47,46,44,2023-01-22,23-228,POR,,LAL,L (-9),1,38:36,12.0,20.0,.600,7.0,13.0,.538,0,0.0,,0.0,0.0,0.0,2.0,0.0,0.0,3.0,4.0,31.0,18.6,-1,7.0,5.0,0.7142857142857143,1,51,60,15,15,39,5,55,9,49,4,27,48,30,40,61,6,46,1,58.0,78.0,22.0,16.0,56.0,5,63.0,19.0,76.0,4,29.0,52.0,40.0,54.0,9.0,80.0,5.0,6,62.0,1.0,0.8793103448275862,0.7692307692307693,0.6818181818181818,0.9375,0.6964285714285714,1.0,0.873015873015873,0.4736842105263157,0.6447368421052632,1.0,0.9310344827586208,0.9230769230769232,0.75,0.7407407407407407,0.0,0.7625,0.0,1.0,0.7419354838709677,6,8,10,3,40.0,74.0,63.0,71.0,20.0,0.0952380952380952,0.2,0.0,0.1408450704225352,0.15,22,10.0,64.0,2.909090909090909,18.599999999999994,51.6,2.3454545454545457
48,47,45,2023-01-23,23-229,POR,,SAS,W (+20),1,28:54,9.0,15.0,.600,4.0,7.0,.571,4,4.0,1.000,0.0,1.0,1.0,1.0,1.0,0.0,0.0,1.0,26.0,20.7,+8,8.0,5.0,0.625,1,51,60,15,15,39,5,55,9,49,4,27,48,30,40,61,6,46,1,58.0,78.0,22.0,16.0,56.0,5,63.0,19.0,76.0,4,29.0,52.0,40.0,54.0,9.0,80.0,5.0,6,62.0,1.0,0.8793103448275862,0.7692307692307693,0.6818181818181818,0.9375,0.6964285714285714,1.0,0.873015873015873,0.4736842105263157,0.6447368421052632,1.0,0.9310344827586208,0.9230769230769232,0.75,0.7407407407407407,0.0,0.7625,0.0,1.0,0.7419354838709677,6,8,10,3,40.0,74.0,63.0,71.0,20.0,0.0952380952380952,0.2,0.0,0.1408450704225352,0.15,22,10.0,91.0,4.136363636363637,19.1,116.2,5.281818181818182
49,48,46,2023-01-25,23-231,POR,,UTA,W (+10),1,38:53,5.0,15.0,.333,2.0,8.0,.250,4,5.0,.800,0.0,4.0,4.0,9.0,1.0,0.0,3.0,3.0,16.0,11.4,+8,7.0,3.0,0.4285714285714285,1,51,60,15,15,39,5,55,9,49,4,27,48,30,40,61,6,46,1,58.0,78.0,22.0,16.0,56.0,5,63.0,19.0,76.0,4,29.0,52.0,40.0,54.0,9.0,80.0,5.0,6,62.0,1.0,0.8793103448275862,0.7692307692307693,0.6818181818181818,0.9375,0.6964285714285714,1.0,0.873015873015873,0.4736842105263157,0.6447368421052632,1.0,0.9310344827586208,0.9230769230769232,0.75,0.7407407407407407,0.0,0.7625,0.0,1.0,0.7419354838709677,6,8,10,3,40.0,74.0,63.0,71.0,20.0,0.0952380952380952,0.2,0.0,0.1408450704225352,0.15,22,7.0,97.0,4.409090909090909,9.8,101.9,4.631818181818182
50,49,47,2023-01-28,23-234,POR,,TOR,L (-18),1,40:28,7.0,12.0,.583,0.0,2.0,.000,0,0.0,,1.0,4.0,5.0,4.0,0.0,0.0,3.0,4.0,14.0,8.5,-15,10.0,7.0,0.7,1,51,60,15,15,39,5,55,9,49,4,27,48,30,40,61,6,46,1,58.0,78.0,22.0,16.0,56.0,5,63.0,19.0,76.0,4,29.0,52.0,40.0,54.0,9.0,80.0,5.0,6,62.0,1.0,0.8793103448275862,0.7692307692307693,0.6818181818181818,0.9375,0.6964285714285714,1.0,0.873015873015873,0.4736842105263157,0.6447368421052632,1.0,0.9310344827586208,0.9230769230769232,0.75,0.7407407407407407,0.0,0.7625,0.0,1.0,0.7419354838709677,6,8,10,3,40.0,74.0,63.0,71.0,20.0,0.0952380952380952,0.2,0.0,0.1408450704225352,0.15,22,8.0,63.0,2.863636363636364,8.500000000000002,72.2,3.2818181818181817
51,50,48,2023-01-30,23-236,POR,,ATL,W (+4),1,32:57,8.0,12.0,.667,5.0,8.0,.625,0,0.0,,0.0,1.0,1.0,7.0,0.0,1.0,1.0,1.0,21.0,20.3,-2,4.0,3.0,0.75,1,51,60,15,15,39,5,55,9,49,4,27,48,30,40,61,6,46,1,58.0,78.0,22.0,16.0,56.0,5,63.0,19.0,76.0,4,29.0,52.0,40.0,54.0,9.0,80.0,5.0,6,62.0,1.0,0.8793103448275862,0.7692307692307693,0.6818181818181818,0.9375,0.6964285714285714,1.0,0.873015873015873,0.4736842105263157,0.6447368421052632,1.0,0.9310344827586208,0.9230769230769232,0.75,0.7407407407407407,0.0,0.7625,0.0,1.0,0.7419354838709677,6,8,10,3,40.0,74.0,63.0,71.0,20.0,0.0952380952380952,0.2,0.0,0.1408450704225352,0.15,22,17.0,58.0,2.636363636363636,20.3,63.6,2.890909090909091
52,51,49,2023-02-01,23-238,POR,@,MEM,W (+10),1,32:40,10.0,18.0,.556,3.0,7.0,.429,3,3.0,1.000,0.0,2.0,2.0,4.0,0.0,0.0,3.0,4.0,26.0,16.2,+11,11.0,7.0,0.6363636363636364,1,51,60,15,15,39,5,55,9,49,4,27,48,30,40,61,6,46,1,58.0,78.0,22.0,16.0,56.0,5,63.0,19.0,76.0,4,29.0,52.0,40.0,54.0,9.0,80.0,5.0,6,62.0,1.0,0.8793103448275862,0.7692307692307693,0.6818181818181818,0.9375,0.6964285714285714,1.0,0.873015873015873,0.4736842105263157,0.6447368421052632,1.0,0.9310344827586208,0.9230769230769232,0.75,0.7407407407407407,0.0,0.7625,0.0,1.0,0.7419354838709677,6,8,10,3,40.0,74.0,63.0,71.0,20.0,0.0952380952380952,0.2,0.0,0.1408450704225352,0.15,22,8.0,72.0,3.272727272727273,14.999999999999996,77.7,3.5318181818181817
53,52,50,2023-02-03,23-240,POR,@,WAS,W (+8),1,36:36,11.0,19.0,.579,9.0,12.0,.750,2,2.0,1.000,1.0,4.0,5.0,6.0,1.0,0.0,1.0,1.0,33.0,29.8,+11,7.0,2.0,0.2857142857142857,1,51,60,15,15,39,5,55,9,49,4,27,48,30,40,61,6,46,1,58.0,78.0,22.0,16.0,56.0,5,63.0,19.0,76.0,4,29.0,52.0,40.0,54.0,9.0,80.0,5.0,6,62.0,1.0,0.8793103448275862,0.7692307692307693,0.6818181818181818,0.9375,0.6964285714285714,1.0,0.873015873015873,0.4736842105263157,0.6447368421052632,1.0,0.9310344827586208,0.9230769230769232,0.75,0.7407407407407407,0.0,0.7625,0.0,1.0,0.7419354838709677,6,8,10,3,40.0,74.0,63.0,71.0,20.0,0.0952380952380952,0.2,0.0,0.1408450704225352,0.15,22,23.0,72.0,3.272727272727273,29.000000000000004,52.20000000000001,2.372727272727273
54,53,51,2023-02-04,23-241,POR,@,CHI,L (-8),1,37:39,10.0,18.0,.556,5.0,12.0,.417,2,2.0,1.000,0.0,0.0,0.0,5.0,0.0,0.0,1.0,1.0,27.0,20.5,-6,6.0,5.0,0.8333333333333334,1,51,60,15,15,39,5,55,9,49,4,27,48,30,40,61,6,46,1,58.0,78.0,22.0,16.0,56.0,5,63.0,19.0,76.0,4,29.0,52.0,40.0,54.0,9.0,80.0,5.0,6,62.0,1.0,0.8793103448275862,0.7692307692307693,0.6818181818181818,0.9375,0.6964285714285714,1.0,0.873015873015873,0.4736842105263157,0.6447368421052632,1.0,0.9310344827586208,0.9230769230769232,0.75,0.7407407407407407,0.0,0.7625,0.0,1.0,0.7419354838709677,6,8,10,3,40.0,74.0,63.0,71.0,20.0,0.0952380952380952,0.2,0.0,0.1408450704225352,0.15,22,11.0,42.0,1.9090909090909087,19.7,52.5,2.3863636363636362
55,54,52,2023-02-06,23-243,POR,,MIL,L (-19),1,34:43,8.0,16.0,.500,1.0,5.0,.200,4,4.0,1.000,0.0,0.0,0.0,5.0,1.0,0.0,2.0,3.0,21.0,14.3,-16,11.0,7.0,0.6363636363636364,1,51,60,15,15,39,5,55,9,49,4,27,48,30,40,61,6,46,1,58.0,78.0,22.0,16.0,56.0,5,63.0,19.0,76.0,4,29.0,52.0,40.0,54.0,9.0,80.0,5.0,6,62.0,1.0,0.8793103448275862,0.7692307692307693,0.6818181818181818,0.9375,0.6964285714285714,1.0,0.873015873015873,0.4736842105263157,0.6447368421052632,1.0,0.9310344827586208,0.9230769230769232,0.75,0.7407407407407407,0.0,0.7625,0.0,1.0,0.7419354838709677,6,8,10,3,40.0,74.0,63.0,71.0,20.0,0.0952380952380952,0.2,0.0,0.1408450704225352,0.15,22,5.0,36.0,1.6363636363636365,12.7,36.49999999999999,1.6590909090909087
56,55,53,2023-02-08,23-245,POR,,GSW,W (+3),1,35:50,4.0,12.0,.333,2.0,7.0,.286,1,1.0,1.000,0.0,2.0,2.0,6.0,3.0,1.0,4.0,2.0,11.0,7.9,-8,5.0,2.0,0.4,1,51,60,15,15,39,5,55,9,49,4,27,48,30,40,61,6,46,1,58.0,78.0,22.0,16.0,56.0,5,63.0,19.0,76.0,4,29.0,52.0,40.0,54.0,9.0,80.0,5.0,6,62.0,1.0,0.8793103448275862,0.7692307692307693,0.6818181818181818,0.9375,0.6964285714285714,1.0,0.873015873015873,0.4736842105263157,0.6447368421052632,1.0,0.9310344827586208,0.9230769230769232,0.75,0.7407407407407407,0.0,0.7625,0.0,1.0,0.7419354838709677,6,8,10,3,40.0,74.0,63.0,71.0,20.0,0.0952380952380952,0.2,0.0,0.1408450704225352,0.15,22,6.0,89.0,4.045454545454546,7.499999999999998,93.3,4.240909090909091
57,56,54,2023-02-10,23-247,POR,,OKC,L (-9),1,36:54,3.0,14.0,.214,1.0,8.0,.125,4,4.0,1.000,1.0,2.0,3.0,6.0,1.0,0.0,2.0,2.0,11.0,6.1,-14,6.0,2.0,0.3333333333333333,1,51,60,15,15,39,5,55,9,49,4,27,48,30,40,61,6,46,1,58.0,78.0,22.0,16.0,56.0,5,63.0,19.0,76.0,4,29.0,52.0,40.0,54.0,9.0,80.0,5.0,6,62.0,1.0,0.8793103448275862,0.7692307692307693,0.6818181818181818,0.9375,0.6964285714285714,1.0,0.873015873015873,0.4736842105263157,0.6447368421052632,1.0,0.9310344827586208,0.9230769230769232,0.75,0.7407407407407407,0.0,0.7625,0.0,1.0,0.7419354838709677,6,8,10,3,40.0,74.0,63.0,71.0,20.0,0.0952380952380952,0.2,0.0,0.1408450704225352,0.15,22,1.0,83.0,3.772727272727273,4.499999999999997,80.79999999999998,3.672727272727272
58,57,55,2023-02-13,23-250,POR,,LAL,W (+12),1,27:50,6.0,15.0,.400,2.0,5.0,.400,0,0.0,,0.0,3.0,3.0,6.0,0.0,0.0,0.0,0.0,14.0,11.0,+11,10.0,4.0,0.4,1,51,60,15,15,39,5,55,9,49,4,27,48,30,40,61,6,46,1,58.0,78.0,22.0,16.0,56.0,5,63.0,19.0,76.0,4,29.0,52.0,40.0,54.0,9.0,80.0,5.0,6,62.0,1.0,0.8793103448275862,0.7692307692307693,0.6818181818181818,0.9375,0.6964285714285714,1.0,0.873015873015873,0.4736842105263157,0.6447368421052632,1.0,0.9310344827586208,0.9230769230769232,0.75,0.7407407407407407,0.0,0.7625,0.0,1.0,0.7419354838709677,6,8,10,3,40.0,74.0,63.0,71.0,20.0,0.0952380952380952,0.2,0.0,0.1408450704225352,0.15,22,8.0,78.0,3.5454545454545454,10.999999999999996,88.1,4.004545454545454
59,58,56,2023-02-14,23-251,POR,,WAS,L (-25),1,26:30,6.0,15.0,.400,1.0,3.0,.333,4,4.0,1.000,0.0,2.0,2.0,3.0,1.0,0.0,1.0,1.0,17.0,11.2,-14,12.0,5.0,0.4166666666666667,1,51,60,15,15,39,5,55,9,49,4,27,48,30,40,61,6,46,1,58.0,78.0,22.0,16.0,56.0,5,63.0,19.0,76.0,4,29.0,52.0,40.0,54.0,9.0,80.0,5.0,6,62.0,1.0,0.8793103448275862,0.7692307692307693,0.6818181818181818,0.9375,0.6964285714285714,1.0,0.873015873015873,0.4736842105263157,0.6447368421052632,1.0,0.9310344827586208,0.9230769230769232,0.75,0.7407407407407407,0.0,0.7625,0.0,1.0,0.7419354838709677,6,8,10,3,40.0,74.0,63.0,71.0,20.0,0.0952380952380952,0.2,0.0,0.1408450704225352,0.15,22,3.0,50.0,2.272727272727273,9.6,58.69999999999999,2.6681818181818175
60,59,,2023-02-23,23-260,POR,@,SAC,L (-17),Inactive,Inactive,0.0,0.0,Inactive,,,Inactive,Inactive,0.0,Inactive,0.0,0.0,,0.0,0.0,0.0,0.0,0.0,0.0,Inactive,Inactive,,,,1,51,60,15,15,39,5,55,9,49,4,27,48,30,40,61,6,46,1,58.0,78.0,22.0,16.0,56.0,5,63.0,19.0,76.0,4,29.0,52.0,40.0,54.0,9.0,80.0,5.0,6,62.0,1.0,0.8793103448275862,0.7692307692307693,0.6818181818181818,0.9375,0.6964285714285714,1.0,0.873015873015873,0.4736842105263157,0.6447368421052632,1.0,0.9310344827586208,0.9230769230769232,0.75,0.7407407407407407,0.0,0.7625,0.0,1.0,0.7419354838709677,6,8,10,3,40.0,74.0,63.0,71.0,20.0,0.0952380952380952,0.2,0.0,0.1408450704225352,0.15,22,,92.0,4.181818181818182,0.0,89.2,4.054545454545455
61,60,,2023-02-26,23-263,POR,,HOU,W (+17),Inactive,Inactive,0.0,0.0,Inactive,,,Inactive,Inactive,0.0,Inactive,0.0,0.0,,0.0,0.0,0.0,0.0,0.0,0.0,Inactive,Inactive,,,,1,51,60,15,15,39,5,55,9,49,4,27,48,30,40,61,6,46,1,58.0,78.0,22.0,16.0,56.0,5,63.0,19.0,76.0,4,29.0,52.0,40.0,54.0,9.0,80.0,5.0,6,62.0,1.0,0.8793103448275862,0.7692307692307693,0.6818181818181818,0.9375,0.6964285714285714,1.0,0.873015873015873,0.4736842105263157,0.6447368421052632,1.0,0.9310344827586208,0.9230769230769232,0.75,0.7407407407407407,0.0,0.7625,0.0,1.0,0.7419354838709677,6,8,10,3,40.0,74.0,63.0,71.0,20.0,0.0952380952380952,0.2,0.0,0.1408450704225352,0.15,22,,104.0,4.727272727272728,0.0,116.6,5.3
62,Rk,G,Date,Age,Tm,,Opp,,GS,MP,0.0,0.0,FG%,,,3P%,FT,0.0,FT%,0.0,0.0,,0.0,0.0,0.0,0.0,0.0,0.0,GmSc,+/-,,,,1,51,60,15,15,39,5,55,9,49,4,27,48,30,40,61,6,46,1,58.0,78.0,22.0,16.0,56.0,5,63.0,19.0,76.0,4,29.0,52.0,40.0,54.0,9.0,80.0,5.0,6,62.0,1.0,0.8793103448275862,0.7692307692307693,0.6818181818181818,0.9375,0.6964285714285714,1.0,0.873015873015873,0.4736842105263157,0.6447368421052632,1.0,0.9310344827586208,0.9230769230769232,0.75,0.7407407407407407,0.0,0.7625,0.0,1.0,0.7419354838709677,6,8,10,3,40.0,74.0,63.0,71.0,20.0,0.0952380952380952,0.2,0.0,0.1408450704225352,0.15,22,,0.0,0.0,0.0,0.0,0.0
63,61,,2023-02-28,23-265,POR,@,GSW,L (-18),Inactive,Inactive,0.0,0.0,Inactive,,,Inactive,Inactive,0.0,Inactive,0.0,0.0,,0.0,0.0,0.0,0.0,0.0,0.0,Inactive,Inactive,,,,1,51,60,15,15,39,5,55,9,49,4,27,48,30,40,61,6,46,1,58.0,78.0,22.0,16.0,56.0,5,63.0,19.0,76.0,4,29.0,52.0,40.0,54.0,9.0,80.0,5.0,6,62.0,1.0,0.8793103448275862,0.7692307692307693,0.6818181818181818,0.9375,0.6964285714285714,1.0,0.873015873015873,0.4736842105263157,0.6447368421052632,1.0,0.9310344827586208,0.9230769230769232,0.75,0.7407407407407407,0.0,0.7625,0.0,1.0,0.7419354838709677,6,8,10,3,40.0,74.0,63.0,71.0,20.0,0.0952380952380952,0.2,0.0,0.1408450704225352,0.15,22,,80.0,3.636363636363636,0.0,77.10000000000001,3.504545454545455
64,62,57,2023-03-01,23-266,POR,,NOP,L (-11),1,20:04,2.0,9.0,.222,0.0,3.0,.000,0,0.0,,1.0,2.0,3.0,1.0,0.0,0.0,1.0,0.0,4.0,-0.5,-4,6.0,2.0,0.3333333333333333,1,51,60,15,15,39,5,55,9,49,4,27,48,30,40,61,6,46,1,58.0,78.0,22.0,16.0,56.0,5,63.0,19.0,76.0,4,29.0,52.0,40.0,54.0,9.0,80.0,5.0,6,62.0,1.0,0.8793103448275862,0.7692307692307693,0.6818181818181818,0.9375,0.6964285714285714,1.0,0.873015873015873,0.4736842105263157,0.6447368421052632,1.0,0.9310344827586208,0.9230769230769232,0.75,0.7407407407407407,0.0,0.7625,0.0,1.0,0.7419354838709677,6,8,10,3,40.0,74.0,63.0,71.0,20.0,0.0952380952380952,0.2,0.0,0.1408450704225352,0.15,22,-2.0,48.0,2.1818181818181817,-0.5,55.7,2.5318181818181817
65,63,,2023-03-03,23-268,POR,@,ATL,L (-18),Inactive,Inactive,0.0,0.0,Inactive,,,Inactive,Inactive,0.0,Inactive,0.0,0.0,,0.0,0.0,0.0,0.0,0.0,0.0,Inactive,Inactive,,,,1,51,60,15,15,39,5,55,9,49,4,27,48,30,40,61,6,46,1,58.0,78.0,22.0,16.0,56.0,5,63.0,19.0,76.0,4,29.0,52.0,40.0,54.0,9.0,80.0,5.0,6,62.0,1.0,0.8793103448275862,0.7692307692307693,0.6818181818181818,0.9375,0.6964285714285714,1.0,0.873015873015873,0.4736842105263157,0.6447368421052632,1.0,0.9310344827586208,0.9230769230769232,0.75,0.7407407407407407,0.0,0.7625,0.0,1.0,0.7419354838709677,6,8,10,3,40.0,74.0,63.0,71.0,20.0,0.0952380952380952,0.2,0.0,0.1408450704225352,0.15,22,,72.0,3.272727272727273,0.0,63.1,2.868181818181818
66,64,,2023-03-05,23-270,POR,@,ORL,W (+3),Inactive,Inactive,0.0,0.0,Inactive,,,Inactive,Inactive,0.0,Inactive,0.0,0.0,,0.0,0.0,0.0,0.0,0.0,0.0,Inactive,Inactive,,,,1,51,60,15,15,39,5,55,9,49,4,27,48,30,40,61,6,46,1,58.0,78.0,22.0,16.0,56.0,5,63.0,19.0,76.0,4,29.0,52.0,40.0,54.0,9.0,80.0,5.0,6,62.0,1.0,0.8793103448275862,0.7692307692307693,0.6818181818181818,0.9375,0.6964285714285714,1.0,0.873015873015873,0.4736842105263157,0.6447368421052632,1.0,0.9310344827586208,0.9230769230769232,0.75,0.7407407407407407,0.0,0.7625,0.0,1.0,0.7419354838709677,6,8,10,3,40.0,74.0,63.0,71.0,20.0,0.0952380952380952,0.2,0.0,0.1408450704225352,0.15,22,,82.0,3.727272727272727,0.0,90.8,4.127272727272727
67,65,,2023-03-06,23-271,POR,@,DET,W (+6),Inactive,Inactive,0.0,0.0,Inactive,,,Inactive,Inactive,0.0,Inactive,0.0,0.0,,0.0,0.0,0.0,0.0,0.0,0.0,Inactive,Inactive,,,,1,51,60,15,15,39,5,55,9,49,4,27,48,30,40,61,6,46,1,58.0,78.0,22.0,16.0,56.0,5,63.0,19.0,76.0,4,29.0,52.0,40.0,54.0,9.0,80.0,5.0,6,62.0,1.0,0.8793103448275862,0.7692307692307693,0.6818181818181818,0.9375,0.6964285714285714,1.0,0.873015873015873,0.4736842105263157,0.6447368421052632,1.0,0.9310344827586208,0.9230769230769232,0.75,0.7407407407407407,0.0,0.7625,0.0,1.0,0.7419354838709677,6,8,10,3,40.0,74.0,63.0,71.0,20.0,0.0952380952380952,0.2,0.0,0.1408450704225352,0.15,22,,88.0,4.0,0.0,90.3,4.1045454545454545
68,66,,2023-03-08,23-273,POR,@,BOS,L (-22),Inactive,Inactive,0.0,0.0,Inactive,,,Inactive,Inactive,0.0,Inactive,0.0,0.0,,0.0,0.0,0.0,0.0,0.0,0.0,Inactive,Inactive,,,,1,51,60,15,15,39,5,55,9,49,4,27,48,30,40,61,6,46,1,58.0,78.0,22.0,16.0,56.0,5,63.0,19.0,76.0,4,29.0,52.0,40.0,54.0,9.0,80.0,5.0,6,62.0,1.0,0.8793103448275862,0.7692307692307693,0.6818181818181818,0.9375,0.6964285714285714,1.0,0.873015873015873,0.4736842105263157,0.6447368421052632,1.0,0.9310344827586208,0.9230769230769232,0.75,0.7407407407407407,0.0,0.7625,0.0,1.0,0.7419354838709677,6,8,10,3,40.0,74.0,63.0,71.0,20.0,0.0952380952380952,0.2,0.0,0.1408450704225352,0.15,22,,53.0,2.409090909090909,0.0,63.8,2.9
69,67,58,2023-03-10,23-275,POR,@,PHI,L (-1),1,29:18,13.0,22.0,.591,8.0,12.0,.667,0,1.0,.000,0.0,1.0,1.0,2.0,0.0,0.0,0.0,1.0,34.0,24.7,-3,10.0,5.0,0.5,1,51,60,15,15,39,5,55,9,49,4,27,48,30,40,61,6,46,1,58.0,78.0,22.0,16.0,56.0,5,63.0,19.0,76.0,4,29.0,52.0,40.0,54.0,9.0,80.0,5.0,6,62.0,1.0,0.8793103448275862,0.7692307692307693,0.6818181818181818,0.9375,0.6964285714285714,1.0,0.873015873015873,0.4736842105263157,0.6447368421052632,1.0,0.9310344827586208,0.9230769230769232,0.75,0.7407407407407407,0.0,0.7625,0.0,1.0,0.7419354838709677,6,8,10,3,40.0,74.0,63.0,71.0,20.0,0.0952380952380952,0.2,0.0,0.1408450704225352,0.15,22,14.0,85.0,3.863636363636364,24.700000000000003,73.19999999999999,3.3272727272727267
70,68,59,2023-03-12,23-277,POR,@,NOP,L (-17),1,24:49,7.0,15.0,.467,2.0,7.0,.286,1,1.0,1.000,0.0,2.0,2.0,4.0,0.0,0.0,1.0,2.0,17.0,10.9,-17,8.0,5.0,0.625,1,51,60,15,15,39,5,55,9,49,4,27,48,30,40,61,6,46,1,58.0,78.0,22.0,16.0,56.0,5,63.0,19.0,76.0,4,29.0,52.0,40.0,54.0,9.0,80.0,5.0,6,62.0,1.0,0.8793103448275862,0.7692307692307693,0.6818181818181818,0.9375,0.6964285714285714,1.0,0.873015873015873,0.4736842105263157,0.6447368421052632,1.0,0.9310344827586208,0.9230769230769232,0.75,0.7407407407407407,0.0,0.7625,0.0,1.0,0.7419354838709677,6,8,10,3,40.0,74.0,63.0,71.0,20.0,0.0952380952380952,0.2,0.0,0.1408450704225352,0.15,22,6.0,67.0,3.0454545454545454,10.500000000000002,55.19999999999999,2.5090909090909084
71,69,60,2023-03-14,23-279,POR,,NYK,L (-16),1,34:25,7.0,20.0,.350,3.0,11.0,.273,5,6.0,.833,1.0,0.0,1.0,1.0,0.0,0.0,2.0,2.0,22.0,9.0,+4,9.0,4.0,0.4444444444444444,1,51,60,15,15,39,5,55,9,49,4,27,48,30,40,61,6,46,1,58.0,78.0,22.0,16.0,56.0,5,63.0,19.0,76.0,4,29.0,52.0,40.0,54.0,9.0,80.0,5.0,6,62.0,1.0,0.8793103448275862,0.7692307692307693,0.6818181818181818,0.9375,0.6964285714285714,1.0,0.873015873015873,0.4736842105263157,0.6447368421052632,1.0,0.9310344827586208,0.9230769230769232,0.75,0.7407407407407407,0.0,0.7625,0.0,1.0,0.7419354838709677,6,8,10,3,40.0,74.0,63.0,71.0,20.0,0.0952380952380952,0.2,0.0,0.1408450704225352,0.15,22,-4.0,72.0,3.272727272727273,6.999999999999998,73.4,3.3363636363636364
72,70,61,2023-03-17,23-282,POR,,BOS,L (-14),1,38:32,5.0,15.0,.333,2.0,7.0,.286,5,8.0,.625,0.0,1.0,1.0,4.0,1.0,0.0,1.0,4.0,17.0,8.8,-6,8.0,3.0,0.375,1,51,60,15,15,39,5,55,9,49,4,27,48,30,40,61,6,46,1,58.0,78.0,22.0,16.0,56.0,5,63.0,19.0,76.0,4,29.0,52.0,40.0,54.0,9.0,80.0,5.0,6,62.0,1.0,0.8793103448275862,0.7692307692307693,0.6818181818181818,0.9375,0.6964285714285714,1.0,0.873015873015873,0.4736842105263157,0.6447368421052632,1.0,0.9310344827586208,0.9230769230769232,0.75,0.7407407407407407,0.0,0.7625,0.0,1.0,0.7419354838709677,6,8,10,3,40.0,74.0,63.0,71.0,20.0,0.0952380952380952,0.2,0.0,0.1408450704225352,0.15,22,-1.0,55.0,2.5,6.8000000000000025,54.7,2.4863636363636363
73,71,62,2023-03-19,23-284,POR,,LAC,L (-15),1,33:14,6.0,15.0,.400,1.0,7.0,.143,3,3.0,1.000,1.0,2.0,3.0,6.0,1.0,1.0,2.0,0.0,16.0,13.1,-10,8.0,5.0,0.625,1,51,60,15,15,39,5,55,9,49,4,27,48,30,40,61,6,46,1,58.0,78.0,22.0,16.0,56.0,5,63.0,19.0,76.0,4,29.0,52.0,40.0,54.0,9.0,80.0,5.0,6,62.0,1.0,0.8793103448275862,0.7692307692307693,0.6818181818181818,0.9375,0.6964285714285714,1.0,0.873015873015873,0.4736842105263157,0.6447368421052632,1.0,0.9310344827586208,0.9230769230769232,0.75,0.7407407407407407,0.0,0.7625,0.0,1.0,0.7419354838709677,6,8,10,3,40.0,74.0,63.0,71.0,20.0,0.0952380952380952,0.2,0.0,0.1408450704225352,0.15,22,7.0,70.0,3.1818181818181817,11.9,74.10000000000002,3.368181818181819
74,72,,2023-03-22,23-287,POR,@,UTA,W (+12),Inactive,Inactive,0.0,0.0,Inactive,,,Inactive,Inactive,0.0,Inactive,0.0,0.0,,0.0,0.0,0.0,0.0,0.0,0.0,Inactive,Inactive,,,,1,51,60,15,15,39,5,55,9,49,4,27,48,30,40,61,6,46,1,58.0,78.0,22.0,16.0,56.0,5,63.0,19.0,76.0,4,29.0,52.0,40.0,54.0,9.0,80.0,5.0,6,62.0,1.0,0.8793103448275862,0.7692307692307693,0.6818181818181818,0.9375,0.6964285714285714,1.0,0.873015873015873,0.4736842105263157,0.6447368421052632,1.0,0.9310344827586208,0.9230769230769232,0.75,0.7407407407407407,0.0,0.7625,0.0,1.0,0.7419354838709677,6,8,10,3,40.0,74.0,63.0,71.0,20.0,0.0952380952380952,0.2,0.0,0.1408450704225352,0.15,22,,81.0,3.6818181818181817,0.0,87.10000000000001,3.9590909090909094
75,73,,2023-03-24,23-289,POR,,CHI,L (-28),Inactive,Inactive,0.0,0.0,Inactive,,,Inactive,Inactive,0.0,Inactive,0.0,0.0,,0.0,0.0,0.0,0.0,0.0,0.0,Inactive,Inactive,,,,1,51,60,15,15,39,5,55,9,49,4,27,48,30,40,61,6,46,1,58.0,78.0,22.0,16.0,56.0,5,63.0,19.0,76.0,4,29.0,52.0,40.0,54.0,9.0,80.0,5.0,6,62.0,1.0,0.8793103448275862,0.7692307692307693,0.6818181818181818,0.9375,0.6964285714285714,1.0,0.873015873015873,0.4736842105263157,0.6447368421052632,1.0,0.9310344827586208,0.9230769230769232,0.75,0.7407407407407407,0.0,0.7625,0.0,1.0,0.7419354838709677,6,8,10,3,40.0,74.0,63.0,71.0,20.0,0.0952380952380952,0.2,0.0,0.1408450704225352,0.15,22,,62.0,2.8181818181818183,0.0,69.99999999999999,3.181818181818181
76,74,,2023-03-26,23-291,POR,,OKC,L (-6),Inactive,Inactive,0.0,0.0,Inactive,,,Inactive,Inactive,0.0,Inactive,0.0,0.0,,0.0,0.0,0.0,0.0,0.0,0.0,Inactive,Inactive,,,,1,51,60,15,15,39,5,55,9,49,4,27,48,30,40,61,6,46,1,58.0,78.0,22.0,16.0,56.0,5,63.0,19.0,76.0,4,29.0,52.0,40.0,54.0,9.0,80.0,5.0,6,62.0,1.0,0.8793103448275862,0.7692307692307693,0.6818181818181818,0.9375,0.6964285714285714,1.0,0.873015873015873,0.4736842105263157,0.6447368421052632,1.0,0.9310344827586208,0.9230769230769232,0.75,0.7407407407407407,0.0,0.7625,0.0,1.0,0.7419354838709677,6,8,10,3,40.0,74.0,63.0,71.0,20.0,0.0952380952380952,0.2,0.0,0.1408450704225352,0.15,22,,60.0,2.727272727272727,0.0,68.30000000000001,3.104545454545455
77,75,,2023-03-27,23-292,POR,,NOP,L (-34),Inactive,Inactive,0.0,0.0,Inactive,,,Inactive,Inactive,0.0,Inactive,0.0,0.0,,0.0,0.0,0.0,0.0,0.0,0.0,Inactive,Inactive,,,,1,51,60,15,15,39,5,55,9,49,4,27,48,30,40,61,6,46,1,58.0,78.0,22.0,16.0,56.0,5,63.0,19.0,76.0,4,29.0,52.0,40.0,54.0,9.0,80.0,5.0,6,62.0,1.0,0.8793103448275862,0.7692307692307693,0.6818181818181818,0.9375,0.6964285714285714,1.0,0.873015873015873,0.4736842105263157,0.6447368421052632,1.0,0.9310344827586208,0.9230769230769232,0.75,0.7407407407407407,0.0,0.7625,0.0,1.0,0.7419354838709677,6,8,10,3,40.0,74.0,63.0,71.0,20.0,0.0952380952380952,0.2,0.0,0.1408450704225352,0.15,22,,37.0,1.681818181818182,0.0,48.89999999999999,2.222727272727272
78,76,,2023-03-29,23-294,POR,,SAC,L (-40),Inactive,Inactive,0.0,0.0,Inactive,,,Inactive,Inactive,0.0,Inactive,0.0,0.0,,0.0,0.0,0.0,0.0,0.0,0.0,Inactive,Inactive,,,,1,51,60,15,15,39,5,55,9,49,4,27,48,30,40,61,6,46,1,58.0,78.0,22.0,16.0,56.0,5,63.0,19.0,76.0,4,29.0,52.0,40.0,54.0,9.0,80.0,5.0,6,62.0,1.0,0.8793103448275862,0.7692307692307693,0.6818181818181818,0.9375,0.6964285714285714,1.0,0.873015873015873,0.4736842105263157,0.6447368421052632,1.0,0.9310344827586208,0.9230769230769232,0.75,0.7407407407407407,0.0,0.7625,0.0,1.0,0.7419354838709677,6,8,10,3,40.0,74.0,63.0,71.0,20.0,0.0952380952380952,0.2,0.0,0.1408450704225352,0.15,22,,46.0,2.090909090909091,0.0,43.10000000000001,1.9590909090909094
79,77,,2023-03-31,23-296,POR,,SAC,L (-24),Inactive,Inactive,0.0,0.0,Inactive,,,Inactive,Inactive,0.0,Inactive,0.0,0.0,,0.0,0.0,0.0,0.0,0.0,0.0,Inactive,Inactive,,,,1,51,60,15,15,39,5,55,9,49,4,27,48,30,40,61,6,46,1,58.0,78.0,22.0,16.0,56.0,5,63.0,19.0,76.0,4,29.0,52.0,40.0,54.0,9.0,80.0,5.0,6,62.0,1.0,0.8793103448275862,0.7692307692307693,0.6818181818181818,0.9375,0.6964285714285714,1.0,0.873015873015873,0.4736842105263157,0.6447368421052632,1.0,0.9310344827586208,0.9230769230769232,0.75,0.7407407407407407,0.0,0.7625,0.0,1.0,0.7419354838709677,6,8,10,3,40.0,74.0,63.0,71.0,20.0,0.0952380952380952,0.2,0.0,0.1408450704225352,0.15,22,,61.0,2.772727272727273,0.0,57.9,2.631818181818182
80,78,,2023-04-02,23-298,POR,@,MIN,W (+2),Inactive,Inactive,0.0,0.0,Inactive,,,Inactive,Inactive,0.0,Inactive,0.0,0.0,,0.0,0.0,0.0,0.0,0.0,0.0,Inactive,Inactive,,,,1,51,60,15,15,39,5,55,9,49,4,27,48,30,40,61,6,46,1,58.0,78.0,22.0,16.0,56.0,5,63.0,19.0,76.0,4,29.0,52.0,40.0,54.0,9.0,80.0,5.0,6,62.0,1.0,0.8793103448275862,0.7692307692307693,0.6818181818181818,0.9375,0.6964285714285714,1.0,0.873015873015873,0.4736842105263157,0.6447368421052632,1.0,0.9310344827586208,0.9230769230769232,0.75,0.7407407407407407,0.0,0.7625,0.0,1.0,0.7419354838709677,6,8,10,3,40.0,74.0,63.0,71.0,20.0,0.0952380952380952,0.2,0.0,0.1408450704225352,0.15,22,,69.0,3.136363636363636,0.0,54.8,2.4909090909090907
81,79,,2023-04-04,23-300,POR,@,MEM,L (-10),Inactive,Inactive,0.0,0.0,Inactive,,,Inactive,Inactive,0.0,Inactive,0.0,0.0,,0.0,0.0,0.0,0.0,0.0,0.0,Inactive,Inactive,,,,1,51,60,15,15,39,5,55,9,49,4,27,48,30,40,61,6,46,1,58.0,78.0,22.0,16.0,56.0,5,63.0,19.0,76.0,4,29.0,52.0,40.0,54.0,9.0,80.0,5.0,6,62.0,1.0,0.8793103448275862,0.7692307692307693,0.6818181818181818,0.9375,0.6964285714285714,1.0,0.873015873015873,0.4736842105263157,0.6447368421052632,1.0,0.9310344827586208,0.9230769230769232,0.75,0.7407407407407407,0.0,0.7625,0.0,1.0,0.7419354838709677,6,8,10,3,40.0,74.0,63.0,71.0,20.0,0.0952380952380952,0.2,0.0,0.1408450704225352,0.15,22,,53.0,2.409090909090909,0.0,57.3,2.6045454545454545
82,80,,2023-04-06,23-302,POR,@,SAS,L (-2),Inactive,Inactive,0.0,0.0,Inactive,,,Inactive,Inactive,0.0,Inactive,0.0,0.0,,0.0,0.0,0.0,0.0,0.0,0.0,Inactive,Inactive,,,,1,51,60,15,15,39,5,55,9,49,4,27,48,30,40,61,6,46,1,58.0,78.0,22.0,16.0,56.0,5,63.0,19.0,76.0,4,29.0,52.0,40.0,54.0,9.0,80.0,5.0,6,62.0,1.0,0.8793103448275862,0.7692307692307693,0.6818181818181818,0.9375,0.6964285714285714,1.0,0.873015873015873,0.4736842105263157,0.6447368421052632,1.0,0.9310344827586208,0.9230769230769232,0.75,0.7407407407407407,0.0,0.7625,0.0,1.0,0.7419354838709677,6,8,10,3,40.0,74.0,63.0,71.0,20.0,0.0952380952380952,0.2,0.0,0.1408450704225352,0.15,22,,39.0,1.7727272727272727,0.0,42.900000000000006,1.9500000000000002
83,Rk,G,Date,Age,Tm,,Opp,,GS,MP,0.0,0.0,FG%,,,3P%,FT,0.0,FT%,0.0,0.0,,0.0,0.0,0.0,0.0,0.0,0.0,GmSc,+/-,,,,1,51,60,15,15,39,5,55,9,49,4,27,48,30,40,61,6,46,1,58.0,78.0,22.0,16.0,56.0,5,63.0,19.0,76.0,4,29.0,52.0,40.0,54.0,9.0,80.0,5.0,6,62.0,1.0,0.8793103448275862,0.7692307692307693,0.6818181818181818,0.9375,0.6964285714285714,1.0,0.873015873015873,0.4736842105263157,0.6447368421052632,1.0,0.9310344827586208,0.9230769230769232,0.75,0.7407407407407407,0.0,0.7625,0.0,1.0,0.7419354838709677,6,8,10,3,40.0,74.0,63.0,71.0,20.0,0.0952380952380952,0.2,0.0,0.1408450704225352,0.15,22,,0.0,0.0,0.0,0.0,0.0
84,81,,2023-04-08,23-304,POR,@,LAC,L (-11),Inactive,Inactive,0.0,0.0,Inactive,,,Inactive,Inactive,0.0,Inactive,0.0,0.0,,0.0,0.0,0.0,0.0,0.0,0.0,Inactive,Inactive,,,,1,51,60,15,15,39,5,55,9,49,4,27,48,30,40,61,6,46,1,58.0,78.0,22.0,16.0,56.0,5,63.0,19.0,76.0,4,29.0,52.0,40.0,54.0,9.0,80.0,5.0,6,62.0,1.0,0.8793103448275862,0.7692307692307693,0.6818181818181818,0.9375,0.6964285714285714,1.0,0.873015873015873,0.4736842105263157,0.6447368421052632,1.0,0.9310344827586208,0.9230769230769232,0.75,0.7407407407407407,0.0,0.7625,0.0,1.0,0.7419354838709677,6,8,10,3,40.0,74.0,63.0,71.0,20.0,0.0952380952380952,0.2,0.0,0.1408450704225352,0.15,22,,33.0,1.5,0.0,53.89999999999999,2.4499999999999997
85,82,,2023-04-09,23-305,POR,,GSW,L (-56),Inactive,Inactive,0.0,0.0,Inactive,,,Inactive,Inactive,0.0,Inactive,0.0,0.0,,0.0,0.0,0.0,0.0,0.0,0.0,Inactive,Inactive,,,,1,51,60,15,15,39,5,55,9,49,4,27,48,30,40,61,6,46,1,58.0,78.0,22.0,16.0,56.0,5,63.0,19.0,76.0,4,29.0,52.0,40.0,54.0,9.0,80.0,5.0,6,62.0,1.0,0.8793103448275862,0.7692307692307693,0.6818181818181818,0.9375,0.6964285714285714,1.0,0.873015873015873,0.4736842105263157,0.6447368421052632,1.0,0.9310344827586208,0.9230769230769232,0.75,0.7407407407407407,0.0,0.7625,0.0,1.0,0.7419354838709677,6,8,10,3,40.0,74.0,63.0,71.0,20.0,0.0952380952380952,0.2,0.0,0.1408450704225352,0.15,22,,33.0,1.5,0.0,44.3,2.0136363636363637
