Rk,G,Date,Age,Tm,Opp,GS,MP,FG,FGA,FG%,3P,3PA,3P%,FT,FTA,FT%,ORB,DRB,TRB,AST,STL,BLK,TOV,PF,PTS,GmSc,+/-,2PA,2P,2P%,Shared Games with Anfernee Simons,Shared Games with Chance Comanche,Shared Games with Damian Lillard,Shared Games with Drew Eubanks,Shared Games with Gary Payton II,Shared Games with Greg Brown III,Shared Games with Jabari Walker,Shared Games with Jeenathan Williams,Shared Games with Jerami Grant,Shared Games with John Butler,Shared Games with Josh Hart,Shared Games with Justin Minaya,Shared Games with Justise Winslow,Shared Games with Jusuf Nurkić,Shared Games with Keon Johnson,Shared Games with Nassir Little,Shared Games with Skylar Mays,Shared Games with Trendon Watford,Anfernee Simons,Chance Comanche,Damian Lillard,Drew Eubanks,Gary Payton II,Greg Brown III,Jabari Walker,Jeenathan Williams,Jerami Grant,John Butler,Josh Hart,Justin Minaya,Justise Winslow,Jusuf Nurkić,Keon Johnson,Nassir Little,Olivier Sarr,Shaquille Harrison,Skylar Mays,Trendon Watford,co_inf with Anfernee Simons,co_inf with Chance Comanche,co_inf with Damian Lillard,co_inf with Drew Eubanks,co_inf with Gary Payton II,co_inf with Greg Brown III,co_inf with Jabari Walker,co_inf with Jeenathan Williams,co_inf with Jerami Grant,co_inf with John Butler,co_inf with Josh Hart,co_inf with Justin Minaya,co_inf with Justise Winslow,co_inf with Jusuf Nurkić,co_inf with Keon Johnson,co_inf with Nassir Little,co_inf with Olivier Sarr,co_inf with Shaquille Harrison,co_inf with Skylar Mays,co_inf with Trendon Watford,Shared Games with Kevin Knox,Shared Games with Cam Reddish,Shared Games with Matisse Thybulle,Shared Games with Ryan Arcidiacono,Cam Reddish,Jayson Tatum,Kevin Knox,Matisse Thybulle,Ryan Arcidiacono,co_inf with Kevin Knox,co_inf with Cam Reddish,co_inf with Jayson Tatum,co_inf with Matisse Thybulle,co_inf with Ryan Arcidiacono,Total Shared Players,CO_EFF,EFF,avg_EFF,CO_HGS,HGS,avg_HGS,PER,WS,BPM,OBPM,DBPM,Co_Points_Share,TS%,3PAr,FTr,VORP,OWS,New Column,Result
1.0,1.0,2022-10-19,19-142,POR,SAC,0.0,16.3,4.0,6.0,0.667,3.0,3.0,1.0,1.0,2.0,0.5,0.0,2.0,2.0,1.0,0.0,0.0,0.0,2.0,12.0,9.5,8.0,3.0,1.0,0.3333333333333333,61,1,58,76,15,16,54,5,62,18,50,4,28,52,40,53,6,60,62.0,1,58.0,78.0,22.0,16.0,56.0,5,63.0,19.0,76.0,4,29.0,52.0,40.0,54.0,9.0,5.0,6,62.0,0.9838709677419356,1.0,1.0,0.9743589743589745,0.6818181818181818,1.0,0.9642857142857144,1.0,0.984126984126984,0.9473684210526316,0.6578947368421053,1.0,0.9655172413793104,1.0,1.0,0.9814814814814816,0.0,0.0,1.0,0.967741935483871,19,20,22,9,40.0,74.0,63.0,71.0,20.0,0.3015873015873015,0.5,0.0,0.3098591549295774,0.45,22,7.0,93.0,4.227272727272728,9.099999999999998,100.0,4.545454545454546,11.5,1.2,-3.3,-1.3,-2.0,0.0848478331003333,0.568,0.437,0.162,-0.6,0.6,W (+7),W (+7)
2.0,2.0,2022-10-21,19-144,POR,PHO,0.0,11.95,0.0,2.0,0.0,0.0,1.0,0.0,0.0,0.0,,0.0,2.0,2.0,0.0,0.0,0.0,1.0,4.0,0.0,-3.4,7.0,1.0,0.0,0.0,61,1,58,76,15,16,54,5,62,18,50,4,28,52,40,53,6,60,62.0,1,58.0,78.0,22.0,16.0,56.0,5,63.0,19.0,76.0,4,29.0,52.0,40.0,54.0,9.0,5.0,6,62.0,0.9838709677419356,1.0,1.0,0.9743589743589745,0.6818181818181818,1.0,0.9642857142857144,1.0,0.984126984126984,0.9473684210526316,0.6578947368421053,1.0,0.9655172413793104,1.0,1.0,0.9814814814814816,0.0,0.0,1.0,0.967741935483871,19,20,22,9,40.0,74.0,63.0,71.0,20.0,0.3015873015873015,0.5,0.0,0.3098591549295774,0.45,22,-1.0,80.0,3.636363636363636,-3.4,89.79999999999998,4.081818181818181,11.5,1.2,-3.3,-1.3,-2.0,0.0848478331003333,0.568,0.437,0.162,-0.6,0.6,W (+2),W (+2)
3.0,3.0,2022-10-23,19-146,POR,LAL,0.0,16.266666666666666,2.0,6.0,0.333,0.0,1.0,0.0,0.0,0.0,,3.0,1.0,4.0,1.0,1.0,1.0,1.0,2.0,4.0,3.6,8.0,5.0,2.0,0.4,61,1,58,76,15,16,54,5,62,18,50,4,28,52,40,53,6,60,62.0,1,58.0,78.0,22.0,16.0,56.0,5,63.0,19.0,76.0,4,29.0,52.0,40.0,54.0,9.0,5.0,6,62.0,0.9838709677419356,1.0,1.0,0.9743589743589745,0.6818181818181818,1.0,0.9642857142857144,1.0,0.984126984126984,0.9473684210526316,0.6578947368421053,1.0,0.9655172413793104,1.0,1.0,0.9814814814814816,0.0,0.0,1.0,0.967741935483871,19,20,22,9,40.0,74.0,63.0,71.0,20.0,0.3015873015873015,0.5,0.0,0.3098591549295774,0.45,22,4.0,97.0,4.409090909090909,3.5999999999999988,92.6,4.209090909090909,11.5,1.2,-3.3,-1.3,-2.0,0.0848478331003333,0.568,0.437,0.162,-0.6,0.6,W (+2),W (+2)
4.0,4.0,2022-10-24,19-147,POR,DEN,0.0,16.116666666666667,4.0,6.0,0.667,1.0,2.0,0.5,2.0,2.0,1.0,1.0,0.0,1.0,0.0,0.0,0.0,1.0,2.0,11.0,7.3,7.0,4.0,3.0,0.75,61,1,58,76,15,16,54,5,62,18,50,4,28,52,40,53,6,60,62.0,1,58.0,78.0,22.0,16.0,56.0,5,63.0,19.0,76.0,4,29.0,52.0,40.0,54.0,9.0,5.0,6,62.0,0.9838709677419356,1.0,1.0,0.9743589743589745,0.6818181818181818,1.0,0.9642857142857144,1.0,0.984126984126984,0.9473684210526316,0.6578947368421053,1.0,0.9655172413793104,1.0,1.0,0.9814814814814816,0.0,0.0,1.0,0.967741935483871,19,20,22,9,40.0,74.0,63.0,71.0,20.0,0.3015873015873015,0.5,0.0,0.3098591549295774,0.45,22,3.0,106.0,4.818181818181818,6.499999999999999,113.09999999999998,5.14090909090909,11.5,1.2,-3.3,-1.3,-2.0,0.0848478331003333,0.568,0.437,0.162,-0.6,0.6,W (+25),W (+25)
5.0,5.0,2022-10-26,19-149,POR,MIA,0.0,21.4,5.0,12.0,0.417,2.0,5.0,0.4,3.0,5.0,0.6,3.0,5.0,8.0,0.0,1.0,0.0,2.0,2.0,15.0,9.6,-9.0,7.0,3.0,0.4285714285714285,61,1,58,76,15,16,54,5,62,18,50,4,28,52,40,53,6,60,62.0,1,58.0,78.0,22.0,16.0,56.0,5,63.0,19.0,76.0,4,29.0,52.0,40.0,54.0,9.0,5.0,6,62.0,0.9838709677419356,1.0,1.0,0.9743589743589745,0.6818181818181818,1.0,0.9642857142857144,1.0,0.984126984126984,0.9473684210526316,0.6578947368421053,1.0,0.9655172413793104,1.0,1.0,0.9814814814814816,0.0,0.0,1.0,0.967741935483871,19,20,22,9,40.0,74.0,63.0,71.0,20.0,0.3015873015873015,0.5,0.0,0.3098591549295774,0.45,22,5.0,51.0,2.3181818181818183,8.400000000000002,58.7,2.6681818181818184,11.5,1.2,-3.3,-1.3,-2.0,0.0848478331003333,0.568,0.437,0.162,-0.6,0.6,L (-21),L (-21)
6.0,6.0,2022-10-28,19-151,POR,HOU,1.0,29.433333333333334,7.0,12.0,0.583,0.0,2.0,0.0,0.0,0.0,,1.0,0.0,1.0,2.0,0.0,0.0,0.0,4.0,14.0,8.9,-1.0,10.0,7.0,0.7,61,1,58,76,15,16,54,5,62,18,50,4,28,52,40,53,6,60,62.0,1,58.0,78.0,22.0,16.0,56.0,5,63.0,19.0,76.0,4,29.0,52.0,40.0,54.0,9.0,5.0,6,62.0,0.9838709677419356,1.0,1.0,0.9743589743589745,0.6818181818181818,1.0,0.9642857142857144,1.0,0.984126984126984,0.9473684210526316,0.6578947368421053,1.0,0.9655172413793104,1.0,1.0,0.9814814814814816,0.0,0.0,1.0,0.967741935483871,19,20,22,9,40.0,74.0,63.0,71.0,20.0,0.3015873015873015,0.5,0.0,0.3098591549295774,0.45,22,5.0,113.0,5.136363636363637,8.9,118.20000000000002,5.372727272727274,11.5,1.2,-3.3,-1.3,-2.0,0.0848478331003333,0.568,0.437,0.162,-0.6,0.6,W (+14),W (+14)
7.0,7.0,2022-11-02,19-156,POR,MEM,1.0,24.133333333333333,1.0,6.0,0.167,0.0,1.0,0.0,0.0,0.0,,0.0,2.0,2.0,0.0,2.0,1.0,0.0,1.0,2.0,1.1,-6.0,5.0,1.0,0.2,61,1,58,76,15,16,54,5,62,18,50,4,28,52,40,53,6,60,62.0,1,58.0,78.0,22.0,16.0,56.0,5,63.0,19.0,76.0,4,29.0,52.0,40.0,54.0,9.0,5.0,6,62.0,0.9838709677419356,1.0,1.0,0.9743589743589745,0.6818181818181818,1.0,0.9642857142857144,1.0,0.984126984126984,0.9473684210526316,0.6578947368421053,1.0,0.9655172413793104,1.0,1.0,0.9814814814814816,0.0,0.0,1.0,0.967741935483871,19,20,22,9,40.0,74.0,63.0,71.0,20.0,0.3015873015873015,0.5,0.0,0.3098591549295774,0.45,22,1.0,61.0,2.772727272727273,1.100000000000001,66.89999999999999,3.0409090909090906,11.5,1.2,-3.3,-1.3,-2.0,0.0848478331003333,0.568,0.437,0.162,-0.6,0.6,L (-5),L (-5)
8.0,8.0,2022-11-04,19-158,POR,PHO,1.0,27.566666666666663,4.0,8.0,0.5,2.0,3.0,0.667,0.0,0.0,,0.0,1.0,1.0,1.0,0.0,0.0,0.0,3.0,10.0,5.8,-10.0,5.0,2.0,0.4,61,1,58,76,15,16,54,5,62,18,50,4,28,52,40,53,6,60,62.0,1,58.0,78.0,22.0,16.0,56.0,5,63.0,19.0,76.0,4,29.0,52.0,40.0,54.0,9.0,5.0,6,62.0,0.9838709677419356,1.0,1.0,0.9743589743589745,0.6818181818181818,1.0,0.9642857142857144,1.0,0.984126984126984,0.9473684210526316,0.6578947368421053,1.0,0.9655172413793104,1.0,1.0,0.9814814814814816,0.0,0.0,1.0,0.967741935483871,19,20,22,9,40.0,74.0,63.0,71.0,20.0,0.3015873015873015,0.5,0.0,0.3098591549295774,0.45,22,4.0,84.0,3.8181818181818175,5.8,81.80000000000001,3.718181818181818,11.5,1.2,-3.3,-1.3,-2.0,0.0848478331003333,0.568,0.437,0.162,-0.6,0.6,W (+2),W (+2)
9.0,9.0,2022-11-05,19-159,POR,PHO,1.0,26.916666666666668,6.0,12.0,0.5,1.0,2.0,0.5,0.0,0.0,,0.0,4.0,4.0,0.0,0.0,1.0,2.0,2.0,13.0,6.1,-4.0,10.0,5.0,0.5,61,1,58,76,15,16,54,5,62,18,50,4,28,52,40,53,6,60,62.0,1,58.0,78.0,22.0,16.0,56.0,5,63.0,19.0,76.0,4,29.0,52.0,40.0,54.0,9.0,5.0,6,62.0,0.9838709677419356,1.0,1.0,0.9743589743589745,0.6818181818181818,1.0,0.9642857142857144,1.0,0.984126984126984,0.9473684210526316,0.6578947368421053,1.0,0.9655172413793104,1.0,1.0,0.9814814814814816,0.0,0.0,1.0,0.967741935483871,19,20,22,9,40.0,74.0,63.0,71.0,20.0,0.3015873015873015,0.5,0.0,0.3098591549295774,0.45,22,4.0,36.0,1.6363636363636365,6.100000000000001,33.8,1.5363636363636362,11.5,1.2,-3.3,-1.3,-2.0,0.0848478331003333,0.568,0.437,0.162,-0.6,0.6,L (-20),L (-20)
10.0,10.0,2022-11-07,19-161,POR,MIA,0.0,11.983333333333333,2.0,2.0,1.0,1.0,1.0,1.0,0.0,0.0,,1.0,0.0,1.0,0.0,0.0,0.0,1.0,0.0,5.0,4.1,-4.0,1.0,1.0,1.0,61,1,58,76,15,16,54,5,62,18,50,4,28,52,40,53,6,60,62.0,1,58.0,78.0,22.0,16.0,56.0,5,63.0,19.0,76.0,4,29.0,52.0,40.0,54.0,9.0,5.0,6,62.0,0.9838709677419356,1.0,1.0,0.9743589743589745,0.6818181818181818,1.0,0.9642857142857144,1.0,0.984126984126984,0.9473684210526316,0.6578947368421053,1.0,0.9655172413793104,1.0,1.0,0.9814814814814816,0.0,0.0,1.0,0.967741935483871,19,20,22,9,40.0,74.0,63.0,71.0,20.0,0.3015873015873015,0.5,0.0,0.3098591549295774,0.45,22,3.0,64.0,2.909090909090909,4.1,73.80000000000001,3.354545454545455,11.5,1.2,-3.3,-1.3,-2.0,0.0848478331003333,0.568,0.437,0.162,-0.6,0.6,W (+3),W (+3)
11.0,11.0,2022-11-09,19-163,POR,CHO,0.0,28.55,7.0,10.0,0.7,1.0,4.0,0.25,2.0,2.0,1.0,1.0,3.0,4.0,0.0,0.0,0.0,0.0,1.0,17.0,14.0,30.0,6.0,6.0,1.0,61,1,58,76,15,16,54,5,62,18,50,4,28,52,40,53,6,60,62.0,1,58.0,78.0,22.0,16.0,56.0,5,63.0,19.0,76.0,4,29.0,52.0,40.0,54.0,9.0,5.0,6,62.0,0.9838709677419356,1.0,1.0,0.9743589743589745,0.6818181818181818,1.0,0.9642857142857144,1.0,0.984126984126984,0.9473684210526316,0.6578947368421053,1.0,0.9655172413793104,1.0,1.0,0.9814814814814816,0.0,0.0,1.0,0.967741935483871,19,20,22,9,40.0,74.0,63.0,71.0,20.0,0.3015873015873015,0.5,0.0,0.3098591549295774,0.45,22,9.0,64.0,2.909090909090909,13.199999999999998,59.6,2.709090909090909,11.5,1.2,-3.3,-1.3,-2.0,0.0848478331003333,0.568,0.437,0.162,-0.6,0.6,W (+10),W (+10)
12.0,,2022-11-10,19-164,POR,NOP,,0.0,0.0,0.0,,,,,,0.0,,0.0,0.0,,0.0,0.0,0.0,0.0,0.0,0.0,,,,,,61,1,58,76,15,16,54,5,62,18,50,4,28,52,40,53,6,60,62.0,1,58.0,78.0,22.0,16.0,56.0,5,63.0,19.0,76.0,4,29.0,52.0,40.0,54.0,9.0,5.0,6,62.0,0.9838709677419356,1.0,1.0,0.9743589743589745,0.6818181818181818,1.0,0.9642857142857144,1.0,0.984126984126984,0.9473684210526316,0.6578947368421053,1.0,0.9655172413793104,1.0,1.0,0.9814814814814816,0.0,0.0,1.0,0.967741935483871,19,20,22,9,40.0,74.0,63.0,71.0,20.0,0.3015873015873015,0.5,0.0,0.3098591549295774,0.45,22,,69.0,3.136363636363636,0.0,66.89999999999999,3.0409090909090906,11.5,1.2,-3.3,-1.3,-2.0,0.0848478331003333,0.568,0.437,0.162,-0.6,0.6,W (+11),W (+11)
13.0,12.0,2022-11-12,19-166,POR,DAL,0.0,19.266666666666666,2.0,3.0,0.667,1.0,2.0,0.5,0.0,0.0,,0.0,1.0,1.0,0.0,0.0,0.0,1.0,2.0,5.0,2.2,-13.0,1.0,1.0,1.0,61,1,58,76,15,16,54,5,62,18,50,4,28,52,40,53,6,60,62.0,1,58.0,78.0,22.0,16.0,56.0,5,63.0,19.0,76.0,4,29.0,52.0,40.0,54.0,9.0,5.0,6,62.0,0.9838709677419356,1.0,1.0,0.9743589743589745,0.6818181818181818,1.0,0.9642857142857144,1.0,0.984126984126984,0.9473684210526316,0.6578947368421053,1.0,0.9655172413793104,1.0,1.0,0.9814814814814816,0.0,0.0,1.0,0.967741935483871,19,20,22,9,40.0,74.0,63.0,71.0,20.0,0.3015873015873015,0.5,0.0,0.3098591549295774,0.45,22,2.0,88.0,4.0,2.2,98.3,4.468181818181818,11.5,1.2,-3.3,-1.3,-2.0,0.0848478331003333,0.568,0.437,0.162,-0.6,0.6,L (-5),L (-5)
14.0,13.0,2022-11-15,19-169,POR,SAS,0.0,22.683333333333334,5.0,7.0,0.714,2.0,3.0,0.667,1.0,2.0,0.5,0.0,2.0,2.0,0.0,0.0,1.0,0.0,2.0,13.0,10.2,0.0,4.0,3.0,0.75,61,1,58,76,15,16,54,5,62,18,50,4,28,52,40,53,6,60,62.0,1,58.0,78.0,22.0,16.0,56.0,5,63.0,19.0,76.0,4,29.0,52.0,40.0,54.0,9.0,5.0,6,62.0,0.9838709677419356,1.0,1.0,0.9743589743589745,0.6818181818181818,1.0,0.9642857142857144,1.0,0.984126984126984,0.9473684210526316,0.6578947368421053,1.0,0.9655172413793104,1.0,1.0,0.9814814814814816,0.0,0.0,1.0,0.967741935483871,19,20,22,9,40.0,74.0,63.0,71.0,20.0,0.3015873015873015,0.5,0.0,0.3098591549295774,0.45,22,7.0,74.0,3.363636363636364,9.8,85.6,3.89090909090909,11.5,1.2,-3.3,-1.3,-2.0,0.0848478331003333,0.568,0.437,0.162,-0.6,0.6,W (+7),W (+7)
15.0,14.0,2022-11-17,19-171,POR,BRK,0.0,21.466666666666665,7.0,9.0,0.778,4.0,5.0,0.8,2.0,2.0,1.0,1.0,1.0,2.0,0.0,0.0,0.0,2.0,1.0,20.0,15.1,0.0,4.0,3.0,0.75,61,1,58,76,15,16,54,5,62,18,50,4,28,52,40,53,6,60,62.0,1,58.0,78.0,22.0,16.0,56.0,5,63.0,19.0,76.0,4,29.0,52.0,40.0,54.0,9.0,5.0,6,62.0,0.9838709677419356,1.0,1.0,0.9743589743589745,0.6818181818181818,1.0,0.9642857142857144,1.0,0.984126984126984,0.9473684210526316,0.6578947368421053,1.0,0.9655172413793104,1.0,1.0,0.9814814814814816,0.0,0.0,1.0,0.967741935483871,19,20,22,9,40.0,74.0,63.0,71.0,20.0,0.3015873015873015,0.5,0.0,0.3098591549295774,0.45,22,9.0,49.0,2.227272727272727,14.3,55.2,2.5090909090909093,11.5,1.2,-3.3,-1.3,-2.0,0.0848478331003333,0.568,0.437,0.162,-0.6,0.6,L (-2),L (-2)
16.0,15.0,2022-11-19,19-173,POR,UTA,0.0,21.53333333333333,2.0,8.0,0.25,0.0,3.0,0.0,0.0,0.0,,0.0,3.0,3.0,1.0,0.0,0.0,0.0,0.0,4.0,0.8,-3.0,5.0,2.0,0.4,61,1,58,76,15,16,54,5,62,18,50,4,28,52,40,53,6,60,62.0,1,58.0,78.0,22.0,16.0,56.0,5,63.0,19.0,76.0,4,29.0,52.0,40.0,54.0,9.0,5.0,6,62.0,0.9838709677419356,1.0,1.0,0.9743589743589745,0.6818181818181818,1.0,0.9642857142857144,1.0,0.984126984126984,0.9473684210526316,0.6578947368421053,1.0,0.9655172413793104,1.0,1.0,0.9814814814814816,0.0,0.0,1.0,0.967741935483871,19,20,22,9,40.0,74.0,63.0,71.0,20.0,0.3015873015873015,0.5,0.0,0.3098591549295774,0.45,22,0.0,77.0,3.5,0.7999999999999998,81.10000000000001,3.686363636363637,11.5,1.2,-3.3,-1.3,-2.0,0.0848478331003333,0.568,0.437,0.162,-0.6,0.6,L (-5),L (-5)
17.0,16.0,2022-11-21,19-175,POR,MIL,1.0,26.866666666666667,1.0,9.0,0.111,0.0,4.0,0.0,0.0,0.0,,1.0,3.0,4.0,2.0,0.0,0.0,3.0,1.0,2.0,-4.3,-6.0,5.0,1.0,0.2,61,1,58,76,15,16,54,5,62,18,50,4,28,52,40,53,6,60,62.0,1,58.0,78.0,22.0,16.0,56.0,5,63.0,19.0,76.0,4,29.0,52.0,40.0,54.0,9.0,5.0,6,62.0,0.9838709677419356,1.0,1.0,0.9743589743589745,0.6818181818181818,1.0,0.9642857142857144,1.0,0.984126984126984,0.9473684210526316,0.6578947368421053,1.0,0.9655172413793104,1.0,1.0,0.9814814814814816,0.0,0.0,1.0,0.967741935483871,19,20,22,9,40.0,74.0,63.0,71.0,20.0,0.3015873015873015,0.5,0.0,0.3098591549295774,0.45,22,-4.0,54.0,2.4545454545454546,-4.300000000000001,59.89999999999999,2.722727272727272,11.5,1.2,-3.3,-1.3,-2.0,0.0848478331003333,0.568,0.437,0.162,-0.6,0.6,L (-8),L (-8)
18.0,17.0,2022-11-23,19-177,POR,CLE,0.0,15.05,0.0,2.0,0.0,0.0,2.0,0.0,0.0,0.0,,0.0,0.0,0.0,0.0,0.0,0.0,0.0,1.0,0.0,-1.8,-15.0,0.0,0.0,,61,1,58,76,15,16,54,5,62,18,50,4,28,52,40,53,6,60,62.0,1,58.0,78.0,22.0,16.0,56.0,5,63.0,19.0,76.0,4,29.0,52.0,40.0,54.0,9.0,5.0,6,62.0,0.9838709677419356,1.0,1.0,0.9743589743589745,0.6818181818181818,1.0,0.9642857142857144,1.0,0.984126984126984,0.9473684210526316,0.6578947368421053,1.0,0.9655172413793104,1.0,1.0,0.9814814814814816,0.0,0.0,1.0,0.967741935483871,19,20,22,9,40.0,74.0,63.0,71.0,20.0,0.3015873015873015,0.5,0.0,0.3098591549295774,0.45,22,-2.0,78.0,3.5454545454545454,-1.7999999999999998,72.49999999999999,3.295454545454545,11.5,1.2,-3.3,-1.3,-2.0,0.0848478331003333,0.568,0.437,0.162,-0.6,0.6,L (-18),L (-18)
19.0,18.0,2022-11-25,19-179,POR,NYK,0.0,12.65,2.0,3.0,0.667,1.0,2.0,0.5,0.0,2.0,0.0,0.0,1.0,1.0,0.0,0.0,0.0,0.0,1.0,5.0,2.8,-12.0,1.0,1.0,1.0,61,1,58,76,15,16,54,5,62,18,50,4,28,52,40,53,6,60,62.0,1,58.0,78.0,22.0,16.0,56.0,5,63.0,19.0,76.0,4,29.0,52.0,40.0,54.0,9.0,5.0,6,62.0,0.9838709677419356,1.0,1.0,0.9743589743589745,0.6818181818181818,1.0,0.9642857142857144,1.0,0.984126984126984,0.9473684210526316,0.6578947368421053,1.0,0.9655172413793104,1.0,1.0,0.9814814814814816,0.0,0.0,1.0,0.967741935483871,19,20,22,9,40.0,74.0,63.0,71.0,20.0,0.3015873015873015,0.5,0.0,0.3098591549295774,0.45,22,1.0,70.0,3.1818181818181817,2.8000000000000003,88.9,4.040909090909091,11.5,1.2,-3.3,-1.3,-2.0,0.0848478331003333,0.568,0.437,0.162,-0.6,0.6,W (+3),W (+3)
20.0,19.0,2022-11-27,19-181,POR,BRK,0.0,14.916666666666666,0.0,3.0,0.0,0.0,2.0,0.0,0.0,0.0,,0.0,2.0,2.0,1.0,0.0,1.0,0.0,0.0,0.0,-0.1,-5.0,1.0,0.0,0.0,61,1,58,76,15,16,54,5,62,18,50,4,28,52,40,53,6,60,62.0,1,58.0,78.0,22.0,16.0,56.0,5,63.0,19.0,76.0,4,29.0,52.0,40.0,54.0,9.0,5.0,6,62.0,0.9838709677419356,1.0,1.0,0.9743589743589745,0.6818181818181818,1.0,0.9642857142857144,1.0,0.984126984126984,0.9473684210526316,0.6578947368421053,1.0,0.9655172413793104,1.0,1.0,0.9814814814814816,0.0,0.0,1.0,0.967741935483871,19,20,22,9,40.0,74.0,63.0,71.0,20.0,0.3015873015873015,0.5,0.0,0.3098591549295774,0.45,22,1.0,65.0,2.9545454545454546,-0.0999999999999998,84.5,3.840909090909091,11.5,1.2,-3.3,-1.3,-2.0,0.0848478331003333,0.568,0.437,0.162,-0.6,0.6,L (-14),L (-14)
21.0,20.0,2022-11-29,19-183,POR,LAC,0.0,14.133333333333333,2.0,7.0,0.286,0.0,0.0,,1.0,2.0,0.5,1.0,0.0,1.0,1.0,1.0,0.0,1.0,0.0,5.0,1.9,-11.0,7.0,2.0,0.2857142857142857,61,1,58,76,15,16,54,5,62,18,50,4,28,52,40,53,6,60,62.0,1,58.0,78.0,22.0,16.0,56.0,5,63.0,19.0,76.0,4,29.0,52.0,40.0,54.0,9.0,5.0,6,62.0,0.9838709677419356,1.0,1.0,0.9743589743589745,0.6818181818181818,1.0,0.9642857142857144,1.0,0.984126984126984,0.9473684210526316,0.6578947368421053,1.0,0.9655172413793104,1.0,1.0,0.9814814814814816,0.0,0.0,1.0,0.967741935483871,19,20,22,9,40.0,74.0,63.0,71.0,20.0,0.3015873015873015,0.5,0.0,0.3098591549295774,0.45,22,-2.0,89.0,4.045454545454546,1.5,83.8,3.809090909090909,11.5,1.2,-3.3,-1.3,-2.0,0.0848478331003333,0.568,0.437,0.162,-0.6,0.6,,
22.0,21.0,2022-11-30,19-184,POR,LAL,0.0,27.916666666666668,7.0,12.0,0.583,1.0,4.0,0.25,1.0,1.0,1.0,2.0,1.0,3.0,0.0,0.0,0.0,1.0,2.0,16.0,10.3,-14.0,8.0,6.0,0.75,61,1,58,76,15,16,54,5,62,18,50,4,28,52,40,53,6,60,62.0,1,58.0,78.0,22.0,16.0,56.0,5,63.0,19.0,76.0,4,29.0,52.0,40.0,54.0,9.0,5.0,6,62.0,0.9838709677419356,1.0,1.0,0.9743589743589745,0.6818181818181818,1.0,0.9642857142857144,1.0,0.984126984126984,0.9473684210526316,0.6578947368421053,1.0,0.9655172413793104,1.0,1.0,0.9814814814814816,0.0,0.0,1.0,0.967741935483871,19,20,22,9,40.0,74.0,63.0,71.0,20.0,0.3015873015873015,0.5,0.0,0.3098591549295774,0.45,22,5.0,87.0,3.954545454545455,9.9,67.10000000000001,3.0500000000000003,11.5,1.2,-3.3,-1.3,-2.0,0.0848478331003333,0.568,0.437,0.162,-0.6,0.6,L (-6),L (-6)
23.0,22.0,2022-12-03,19-187,POR,UTA,0.0,17.383333333333333,3.0,11.0,0.273,0.0,1.0,0.0,0.0,0.0,,1.0,3.0,4.0,0.0,1.0,0.0,0.0,3.0,6.0,0.9,9.0,10.0,3.0,0.3,61,1,58,76,15,16,54,5,62,18,50,4,28,52,40,53,6,60,62.0,1,58.0,78.0,22.0,16.0,56.0,5,63.0,19.0,76.0,4,29.0,52.0,40.0,54.0,9.0,5.0,6,62.0,0.9838709677419356,1.0,1.0,0.9743589743589745,0.6818181818181818,1.0,0.9642857142857144,1.0,0.984126984126984,0.9473684210526316,0.6578947368421053,1.0,0.9655172413793104,1.0,1.0,0.9814814814814816,0.0,0.0,1.0,0.967741935483871,19,20,22,9,40.0,74.0,63.0,71.0,20.0,0.3015873015873015,0.5,0.0,0.3098591549295774,0.45,22,0.0,63.0,2.863636363636364,0.9000000000000012,79.2,3.6,11.5,1.2,-3.3,-1.3,-2.0,0.0848478331003333,0.568,0.437,0.162,-0.6,0.6,L (-19),L (-19)
24.0,23.0,2022-12-04,19-188,POR,IND,0.0,17.733333333333334,2.0,4.0,0.5,1.0,3.0,0.333,1.0,3.0,0.333,0.0,3.0,3.0,1.0,1.0,0.0,1.0,2.0,6.0,4.0,-11.0,1.0,1.0,1.0,61,1,58,76,15,16,54,5,62,18,50,4,28,52,40,53,6,60,62.0,1,58.0,78.0,22.0,16.0,56.0,5,63.0,19.0,76.0,4,29.0,52.0,40.0,54.0,9.0,5.0,6,62.0,0.9838709677419356,1.0,1.0,0.9743589743589745,0.6818181818181818,1.0,0.9642857142857144,1.0,0.984126984126984,0.9473684210526316,0.6578947368421053,1.0,0.9655172413793104,1.0,1.0,0.9814814814814816,0.0,0.0,1.0,0.967741935483871,19,20,22,9,40.0,74.0,63.0,71.0,20.0,0.3015873015873015,0.5,0.0,0.3098591549295774,0.45,22,3.0,80.0,3.636363636363636,3.5999999999999988,80.0,3.636363636363636,11.5,1.2,-3.3,-1.3,-2.0,0.0848478331003333,0.568,0.437,0.162,-0.6,0.6,W (+5),W (+5)
25.0,24.0,2022-12-08,19-192,POR,DEN,0.0,14.216666666666669,3.0,8.0,0.375,1.0,4.0,0.25,0.0,0.0,,1.0,2.0,3.0,0.0,1.0,0.0,0.0,0.0,7.0,4.9,-16.0,4.0,2.0,0.5,61,1,58,76,15,16,54,5,62,18,50,4,28,52,40,53,6,60,62.0,1,58.0,78.0,22.0,16.0,56.0,5,63.0,19.0,76.0,4,29.0,52.0,40.0,54.0,9.0,5.0,6,62.0,0.9838709677419356,1.0,1.0,0.9743589743589745,0.6818181818181818,1.0,0.9642857142857144,1.0,0.984126984126984,0.9473684210526316,0.6578947368421053,1.0,0.9655172413793104,1.0,1.0,0.9814814814814816,0.0,0.0,1.0,0.967741935483871,19,20,22,9,40.0,74.0,63.0,71.0,20.0,0.3015873015873015,0.5,0.0,0.3098591549295774,0.45,22,3.0,94.0,4.2727272727272725,4.899999999999999,92.70000000000002,4.213636363636365,11.5,1.2,-3.3,-1.3,-2.0,0.0848478331003333,0.568,0.437,0.162,-0.6,0.6,W (+16),W (+16)
26.0,25.0,2022-12-10,19-194,POR,MIN,0.0,20.183333333333334,2.0,6.0,0.333,0.0,3.0,0.0,1.0,2.0,0.5,2.0,2.0,4.0,1.0,0.0,0.0,1.0,0.0,5.0,2.9,18.0,3.0,2.0,0.6666666666666666,61,1,58,76,15,16,54,5,62,18,50,4,28,52,40,53,6,60,62.0,1,58.0,78.0,22.0,16.0,56.0,5,63.0,19.0,76.0,4,29.0,52.0,40.0,54.0,9.0,5.0,6,62.0,0.9838709677419356,1.0,1.0,0.9743589743589745,0.6818181818181818,1.0,0.9642857142857144,1.0,0.984126984126984,0.9473684210526316,0.6578947368421053,1.0,0.9655172413793104,1.0,1.0,0.9814814814814816,0.0,0.0,1.0,0.967741935483871,19,20,22,9,40.0,74.0,63.0,71.0,20.0,0.3015873015873015,0.5,0.0,0.3098591549295774,0.45,22,1.0,63.0,2.863636363636364,2.499999999999999,73.50000000000001,3.340909090909092,11.5,1.2,-3.3,-1.3,-2.0,0.0848478331003333,0.568,0.437,0.162,-0.6,0.6,L (-1),L (-1)
27.0,26.0,2022-12-12,19-196,POR,MIN,0.0,20.03333333333333,7.0,12.0,0.583,0.0,4.0,0.0,0.0,0.0,,2.0,5.0,7.0,1.0,1.0,0.0,0.0,0.0,14.0,13.0,2.0,8.0,7.0,0.875,61,1,58,76,15,16,54,5,62,18,50,4,28,52,40,53,6,60,62.0,1,58.0,78.0,22.0,16.0,56.0,5,63.0,19.0,76.0,4,29.0,52.0,40.0,54.0,9.0,5.0,6,62.0,0.9838709677419356,1.0,1.0,0.9743589743589745,0.6818181818181818,1.0,0.9642857142857144,1.0,0.984126984126984,0.9473684210526316,0.6578947368421053,1.0,0.9655172413793104,1.0,1.0,0.9814814814814816,0.0,0.0,1.0,0.967741935483871,19,20,22,9,40.0,74.0,63.0,71.0,20.0,0.3015873015873015,0.5,0.0,0.3098591549295774,0.45,22,11.0,86.0,3.909090909090909,13.0,92.9,4.222727272727273,11.5,1.2,-3.3,-1.3,-2.0,0.0848478331003333,0.568,0.437,0.162,-0.6,0.6,W (+6),W (+6)
28.0,27.0,2022-12-14,19-198,POR,SAS,0.0,23.416666666666668,5.0,7.0,0.714,2.0,4.0,0.5,0.0,0.0,,0.0,1.0,1.0,0.0,1.0,0.0,1.0,3.0,12.0,8.2,8.0,3.0,3.0,1.0,61,1,58,76,15,16,54,5,62,18,50,4,28,52,40,53,6,60,62.0,1,58.0,78.0,22.0,16.0,56.0,5,63.0,19.0,76.0,4,29.0,52.0,40.0,54.0,9.0,5.0,6,62.0,0.9838709677419356,1.0,1.0,0.9743589743589745,0.6818181818181818,1.0,0.9642857142857144,1.0,0.984126984126984,0.9473684210526316,0.6578947368421053,1.0,0.9655172413793104,1.0,1.0,0.9814814814814816,0.0,0.0,1.0,0.967741935483871,19,20,22,9,40.0,74.0,63.0,71.0,20.0,0.3015873015873015,0.5,0.0,0.3098591549295774,0.45,22,6.0,95.0,4.318181818181818,8.200000000000003,98.1,4.459090909090909,11.5,1.2,-3.3,-1.3,-2.0,0.0848478331003333,0.568,0.437,0.162,-0.6,0.6,W (+21),W (+21)
29.0,28.0,2022-12-16,19-200,POR,DAL,0.0,29.35,4.0,12.0,0.333,2.0,5.0,0.4,0.0,0.0,,1.0,0.0,1.0,1.0,0.0,0.0,0.0,2.0,10.0,3.8,-10.0,7.0,2.0,0.2857142857142857,61,1,58,76,15,16,54,5,62,18,50,4,28,52,40,53,6,60,62.0,1,58.0,78.0,22.0,16.0,56.0,5,63.0,19.0,76.0,4,29.0,52.0,40.0,54.0,9.0,5.0,6,62.0,0.9838709677419356,1.0,1.0,0.9743589743589745,0.6818181818181818,1.0,0.9642857142857144,1.0,0.984126984126984,0.9473684210526316,0.6578947368421053,1.0,0.9655172413793104,1.0,1.0,0.9814814814814816,0.0,0.0,1.0,0.967741935483871,19,20,22,9,40.0,74.0,63.0,71.0,20.0,0.3015873015873015,0.5,0.0,0.3098591549295774,0.45,22,0.0,69.0,3.136363636363636,3.8,65.00000000000001,2.954545454545455,11.5,1.2,-3.3,-1.3,-2.0,0.0848478331003333,0.568,0.437,0.162,-0.6,0.6,W (+16),W (+16)
30.0,29.0,2022-12-17,19-201,POR,HOU,0.0,20.516666666666666,2.0,7.0,0.286,0.0,2.0,0.0,0.0,0.0,,2.0,1.0,3.0,1.0,1.0,1.0,1.0,1.0,4.0,2.6,-12.0,5.0,2.0,0.4,61,1,58,76,15,16,54,5,62,18,50,4,28,52,40,53,6,60,62.0,1,58.0,78.0,22.0,16.0,56.0,5,63.0,19.0,76.0,4,29.0,52.0,40.0,54.0,9.0,5.0,6,62.0,0.9838709677419356,1.0,1.0,0.9743589743589745,0.6818181818181818,1.0,0.9642857142857144,1.0,0.984126984126984,0.9473684210526316,0.6578947368421053,1.0,0.9655172413793104,1.0,1.0,0.9814814814814816,0.0,0.0,1.0,0.967741935483871,19,20,22,9,40.0,74.0,63.0,71.0,20.0,0.3015873015873015,0.5,0.0,0.3098591549295774,0.45,22,2.0,61.0,2.772727272727273,2.599999999999999,77.1,3.5045454545454544,11.5,1.2,-3.3,-1.3,-2.0,0.0848478331003333,0.568,0.437,0.162,-0.6,0.6,L (-20),L (-20)
31.0,30.0,2022-12-19,19-203,POR,OKC,0.0,10.45,2.0,4.0,0.5,0.0,1.0,0.0,2.0,2.0,1.0,1.0,2.0,3.0,0.0,0.0,0.0,0.0,0.0,6.0,5.3,-7.0,3.0,2.0,0.6666666666666666,61,1,58,76,15,16,54,5,62,18,50,4,28,52,40,53,6,60,62.0,1,58.0,78.0,22.0,16.0,56.0,5,63.0,19.0,76.0,4,29.0,52.0,40.0,54.0,9.0,5.0,6,62.0,0.9838709677419356,1.0,1.0,0.9743589743589745,0.6818181818181818,1.0,0.9642857142857144,1.0,0.984126984126984,0.9473684210526316,0.6578947368421053,1.0,0.9655172413793104,1.0,1.0,0.9814814814814816,0.0,0.0,1.0,0.967741935483871,19,20,22,9,40.0,74.0,63.0,71.0,20.0,0.3015873015873015,0.5,0.0,0.3098591549295774,0.45,22,3.0,70.0,3.1818181818181817,4.5,79.20000000000002,3.600000000000001,11.5,1.2,-3.3,-1.3,-2.0,0.0848478331003333,0.568,0.437,0.162,-0.6,0.6,W (+12),W (+12)
32.0,31.0,2022-12-21,19-205,POR,OKC,0.0,19.33333333333333,3.0,5.0,0.6,2.0,3.0,0.667,0.0,0.0,,0.0,1.0,1.0,0.0,0.0,0.0,0.0,0.0,8.0,6.0,1.0,2.0,1.0,0.5,61,1,58,76,15,16,54,5,62,18,50,4,28,52,40,53,6,60,62.0,1,58.0,78.0,22.0,16.0,56.0,5,63.0,19.0,76.0,4,29.0,52.0,40.0,54.0,9.0,5.0,6,62.0,0.9838709677419356,1.0,1.0,0.9743589743589745,0.6818181818181818,1.0,0.9642857142857144,1.0,0.984126984126984,0.9473684210526316,0.6578947368421053,1.0,0.9655172413793104,1.0,1.0,0.9814814814814816,0.0,0.0,1.0,0.967741935483871,19,20,22,9,40.0,74.0,63.0,71.0,20.0,0.3015873015873015,0.5,0.0,0.3098591549295774,0.45,22,4.0,77.0,3.5,6.0,68.5,3.113636363636364,11.5,1.2,-3.3,-1.3,-2.0,0.0848478331003333,0.568,0.437,0.162,-0.6,0.6,L (-2),L (-2)
33.0,32.0,2022-12-23,19-207,POR,DEN,0.0,13.65,1.0,3.0,0.333,0.0,1.0,0.0,0.0,0.0,,1.0,0.0,1.0,0.0,0.0,0.0,0.0,2.0,2.0,0.2,-14.0,2.0,1.0,0.5,61,1,58,76,15,16,54,5,62,18,50,4,28,52,40,53,6,60,62.0,1,58.0,78.0,22.0,16.0,56.0,5,63.0,19.0,76.0,4,29.0,52.0,40.0,54.0,9.0,5.0,6,62.0,0.9838709677419356,1.0,1.0,0.9743589743589745,0.6818181818181818,1.0,0.9642857142857144,1.0,0.984126984126984,0.9473684210526316,0.6578947368421053,1.0,0.9655172413793104,1.0,1.0,0.9814814814814816,0.0,0.0,1.0,0.967741935483871,19,20,22,9,40.0,74.0,63.0,71.0,20.0,0.3015873015873015,0.5,0.0,0.3098591549295774,0.45,22,0.0,55.0,2.5,0.1999999999999999,64.69999999999999,2.9409090909090905,11.5,1.2,-3.3,-1.3,-2.0,0.0848478331003333,0.568,0.437,0.162,-0.6,0.6,L (-3),L (-3)
34.0,33.0,2022-12-26,19-210,POR,CHO,0.0,6.916666666666667,0.0,0.0,,0.0,0.0,,0.0,0.0,,0.0,1.0,1.0,0.0,0.0,0.0,0.0,0.0,0.0,0.3,-8.0,0.0,0.0,,61,1,58,76,15,16,54,5,62,18,50,4,28,52,40,53,6,60,62.0,1,58.0,78.0,22.0,16.0,56.0,5,63.0,19.0,76.0,4,29.0,52.0,40.0,54.0,9.0,5.0,6,62.0,0.9838709677419356,1.0,1.0,0.9743589743589745,0.6818181818181818,1.0,0.9642857142857144,1.0,0.984126984126984,0.9473684210526316,0.6578947368421053,1.0,0.9655172413793104,1.0,1.0,0.9814814814814816,0.0,0.0,1.0,0.967741935483871,19,20,22,9,40.0,74.0,63.0,71.0,20.0,0.3015873015873015,0.5,0.0,0.3098591549295774,0.45,22,1.0,95.0,4.318181818181818,0.3,85.8,3.9,11.5,1.2,-3.3,-1.3,-2.0,0.0848478331003333,0.568,0.437,0.162,-0.6,0.6,L (-13),L (-13)
35.0,34.0,2022-12-30,19-214,POR,GSW,0.0,19.4,3.0,4.0,0.75,1.0,2.0,0.5,0.0,0.0,,2.0,1.0,3.0,0.0,0.0,0.0,0.0,1.0,7.0,6.7,7.0,2.0,2.0,1.0,61,1,58,76,15,16,54,5,62,18,50,4,28,52,40,53,6,60,62.0,1,58.0,78.0,22.0,16.0,56.0,5,63.0,19.0,76.0,4,29.0,52.0,40.0,54.0,9.0,5.0,6,62.0,0.9838709677419356,1.0,1.0,0.9743589743589745,0.6818181818181818,1.0,0.9642857142857144,1.0,0.984126984126984,0.9473684210526316,0.6578947368421053,1.0,0.9655172413793104,1.0,1.0,0.9814814814814816,0.0,0.0,1.0,0.967741935483871,19,20,22,9,40.0,74.0,63.0,71.0,20.0,0.3015873015873015,0.5,0.0,0.3098591549295774,0.45,22,6.0,64.0,2.909090909090909,6.7,62.0,2.8181818181818183,11.5,1.2,-3.3,-1.3,-2.0,0.0848478331003333,0.568,0.437,0.162,-0.6,0.6,W (+11),W (+11)
36.0,35.0,2023-01-02,19-217,POR,DET,0.0,20.48333333333333,4.0,8.0,0.5,1.0,2.0,0.5,1.0,2.0,0.5,0.0,3.0,3.0,0.0,1.0,0.0,1.0,6.0,10.0,4.1,4.0,6.0,3.0,0.5,61,1,58,76,15,16,54,5,62,18,50,4,28,52,40,53,6,60,62.0,1,58.0,78.0,22.0,16.0,56.0,5,63.0,19.0,76.0,4,29.0,52.0,40.0,54.0,9.0,5.0,6,62.0,0.9838709677419356,1.0,1.0,0.9743589743589745,0.6818181818181818,1.0,0.9642857142857144,1.0,0.984126984126984,0.9473684210526316,0.6578947368421053,1.0,0.9655172413793104,1.0,1.0,0.9814814814814816,0.0,0.0,1.0,0.967741935483871,19,20,22,9,40.0,74.0,63.0,71.0,20.0,0.3015873015873015,0.5,0.0,0.3098591549295774,0.45,22,3.0,78.0,3.5454545454545454,3.7,93.2,4.236363636363636,11.5,1.2,-3.3,-1.3,-2.0,0.0848478331003333,0.568,0.437,0.162,-0.6,0.6,L (-6),L (-6)
37.0,36.0,2023-01-04,19-219,POR,MIN,0.0,27.9,5.0,7.0,0.714,1.0,2.0,0.5,2.0,3.0,0.667,2.0,2.0,4.0,1.0,1.0,0.0,2.0,4.0,13.0,9.8,1.0,5.0,4.0,0.8,61,1,58,76,15,16,54,5,62,18,50,4,28,52,40,53,6,60,62.0,1,58.0,78.0,22.0,16.0,56.0,5,63.0,19.0,76.0,4,29.0,52.0,40.0,54.0,9.0,5.0,6,62.0,0.9838709677419356,1.0,1.0,0.9743589743589745,0.6818181818181818,1.0,0.9642857142857144,1.0,0.984126984126984,0.9473684210526316,0.6578947368421053,1.0,0.9655172413793104,1.0,1.0,0.9814814814814816,0.0,0.0,1.0,0.967741935483871,19,20,22,9,40.0,74.0,63.0,71.0,20.0,0.3015873015873015,0.5,0.0,0.3098591549295774,0.45,22,7.0,44.0,2.0,9.000000000000002,58.3,2.65,11.5,1.2,-3.3,-1.3,-2.0,0.0848478331003333,0.568,0.437,0.162,-0.6,0.6,W (+29),W (+29)
38.0,37.0,2023-01-06,19-221,POR,IND,0.0,19.3,1.0,4.0,0.25,1.0,3.0,0.333,1.0,2.0,0.5,0.0,4.0,4.0,2.0,1.0,0.0,3.0,1.0,4.0,1.4,-4.0,1.0,0.0,0.0,61,1,58,76,15,16,54,5,62,18,50,4,28,52,40,53,6,60,62.0,1,58.0,78.0,22.0,16.0,56.0,5,63.0,19.0,76.0,4,29.0,52.0,40.0,54.0,9.0,5.0,6,62.0,0.9838709677419356,1.0,1.0,0.9743589743589745,0.6818181818181818,1.0,0.9642857142857144,1.0,0.984126984126984,0.9473684210526316,0.6578947368421053,1.0,0.9655172413793104,1.0,1.0,0.9814814814814816,0.0,0.0,1.0,0.967741935483871,19,20,22,9,40.0,74.0,63.0,71.0,20.0,0.3015873015873015,0.5,0.0,0.3098591549295774,0.45,22,2.0,43.0,1.9545454545454544,1.0,46.7,2.122727272727273,11.5,1.2,-3.3,-1.3,-2.0,0.0848478331003333,0.568,0.437,0.162,-0.6,0.6,L (-7),L (-7)
39.0,38.0,2023-01-08,19-223,POR,TOR,0.0,13.766666666666667,1.0,3.0,0.333,1.0,1.0,1.0,0.0,0.0,,0.0,0.0,0.0,1.0,0.0,0.0,2.0,4.0,3.0,-1.6,-17.0,2.0,0.0,0.0,61,1,58,76,15,16,54,5,62,18,50,4,28,52,40,53,6,60,62.0,1,58.0,78.0,22.0,16.0,56.0,5,63.0,19.0,76.0,4,29.0,52.0,40.0,54.0,9.0,5.0,6,62.0,0.9838709677419356,1.0,1.0,0.9743589743589745,0.6818181818181818,1.0,0.9642857142857144,1.0,0.984126984126984,0.9473684210526316,0.6578947368421053,1.0,0.9655172413793104,1.0,1.0,0.9814814814814816,0.0,0.0,1.0,0.967741935483871,19,20,22,9,40.0,74.0,63.0,71.0,20.0,0.3015873015873015,0.5,0.0,0.3098591549295774,0.45,22,-1.0,56.0,2.5454545454545454,-1.6,53.69999999999999,2.4409090909090905,11.5,1.2,-3.3,-1.3,-2.0,0.0848478331003333,0.568,0.437,0.162,-0.6,0.6,L (-9),L (-9)
40.0,39.0,2023-01-10,19-225,POR,ORL,0.0,14.716666666666669,3.0,5.0,0.6,1.0,2.0,0.5,1.0,2.0,0.5,0.0,1.0,1.0,0.0,0.0,0.0,0.0,0.0,8.0,5.6,8.0,3.0,2.0,0.6666666666666666,61,1,58,76,15,16,54,5,62,18,50,4,28,52,40,53,6,60,62.0,1,58.0,78.0,22.0,16.0,56.0,5,63.0,19.0,76.0,4,29.0,52.0,40.0,54.0,9.0,5.0,6,62.0,0.9838709677419356,1.0,1.0,0.9743589743589745,0.6818181818181818,1.0,0.9642857142857144,1.0,0.984126984126984,0.9473684210526316,0.6578947368421053,1.0,0.9655172413793104,1.0,1.0,0.9814814814814816,0.0,0.0,1.0,0.967741935483871,19,20,22,9,40.0,74.0,63.0,71.0,20.0,0.3015873015873015,0.5,0.0,0.3098591549295774,0.45,22,2.0,53.0,2.409090909090909,5.2,63.7,2.895454545454545,11.5,1.2,-3.3,-1.3,-2.0,0.0848478331003333,0.568,0.437,0.162,-0.6,0.6,L (-12),L (-12)
41.0,40.0,2023-01-12,19-227,POR,CLE,0.0,20.83333333333333,1.0,4.0,0.25,0.0,1.0,0.0,0.0,0.0,,0.0,1.0,1.0,0.0,1.0,0.0,2.0,2.0,2.0,-1.9,6.0,3.0,1.0,0.3333333333333333,61,1,58,76,15,16,54,5,62,18,50,4,28,52,40,53,6,60,62.0,1,58.0,78.0,22.0,16.0,56.0,5,63.0,19.0,76.0,4,29.0,52.0,40.0,54.0,9.0,5.0,6,62.0,0.9838709677419356,1.0,1.0,0.9743589743589745,0.6818181818181818,1.0,0.9642857142857144,1.0,0.984126984126984,0.9473684210526316,0.6578947368421053,1.0,0.9655172413793104,1.0,1.0,0.9814814814814816,0.0,0.0,1.0,0.967741935483871,19,20,22,9,40.0,74.0,63.0,71.0,20.0,0.3015873015873015,0.5,0.0,0.3098591549295774,0.45,22,-2.0,66.0,3.0,-1.9,68.8,3.127272727272727,11.5,1.2,-3.3,-1.3,-2.0,0.0848478331003333,0.568,0.437,0.162,-0.6,0.6,L (-3),L (-3)
42.0,41.0,2023-01-14,19-229,POR,DAL,0.0,31.416666666666668,5.0,12.0,0.417,2.0,8.0,0.25,0.0,0.0,,2.0,2.0,4.0,1.0,0.0,0.0,0.0,2.0,12.0,7.5,11.0,4.0,3.0,0.75,61,1,58,76,15,16,54,5,62,18,50,4,28,52,40,53,6,60,62.0,1,58.0,78.0,22.0,16.0,56.0,5,63.0,19.0,76.0,4,29.0,52.0,40.0,54.0,9.0,5.0,6,62.0,0.9838709677419356,1.0,1.0,0.9743589743589745,0.6818181818181818,1.0,0.9642857142857144,1.0,0.984126984126984,0.9473684210526316,0.6578947368421053,1.0,0.9655172413793104,1.0,1.0,0.9814814814814816,0.0,0.0,1.0,0.967741935483871,19,20,22,9,40.0,74.0,63.0,71.0,20.0,0.3015873015873015,0.5,0.0,0.3098591549295774,0.45,22,5.0,98.0,4.454545454545454,7.500000000000001,90.3,4.104545454545455,11.5,1.2,-3.3,-1.3,-2.0,0.0848478331003333,0.568,0.437,0.162,-0.6,0.6,,
43.0,42.0,2023-01-15,19-230,POR,DAL,0.0,20.266666666666666,2.0,4.0,0.5,0.0,2.0,0.0,0.0,0.0,,1.0,3.0,4.0,3.0,0.0,1.0,1.0,2.0,4.0,4.6,-9.0,2.0,2.0,1.0,61,1,58,76,15,16,54,5,62,18,50,4,28,52,40,53,6,60,62.0,1,58.0,78.0,22.0,16.0,56.0,5,63.0,19.0,76.0,4,29.0,52.0,40.0,54.0,9.0,5.0,6,62.0,0.9838709677419356,1.0,1.0,0.9743589743589745,0.6818181818181818,1.0,0.9642857142857144,1.0,0.984126984126984,0.9473684210526316,0.6578947368421053,1.0,0.9655172413793104,1.0,1.0,0.9814814814814816,0.0,0.0,1.0,0.967741935483871,19,20,22,9,40.0,74.0,63.0,71.0,20.0,0.3015873015873015,0.5,0.0,0.3098591549295774,0.45,22,7.0,71.0,3.227272727272727,4.6,88.9,4.040909090909091,11.5,1.2,-3.3,-1.3,-2.0,0.0848478331003333,0.568,0.437,0.162,-0.6,0.6,L (-6),L (-6)
44.0,43.0,2023-01-17,19-232,POR,DEN,0.0,17.583333333333332,5.0,7.0,0.714,2.0,4.0,0.5,1.0,1.0,1.0,1.0,1.0,2.0,0.0,0.0,0.0,1.0,3.0,13.0,8.9,0.0,3.0,3.0,1.0,61,1,58,76,15,16,54,5,62,18,50,4,28,52,40,53,6,60,62.0,1,58.0,78.0,22.0,16.0,56.0,5,63.0,19.0,76.0,4,29.0,52.0,40.0,54.0,9.0,5.0,6,62.0,0.9838709677419356,1.0,1.0,0.9743589743589745,0.6818181818181818,1.0,0.9642857142857144,1.0,0.984126984126984,0.9473684210526316,0.6578947368421053,1.0,0.9655172413793104,1.0,1.0,0.9814814814814816,0.0,0.0,1.0,0.967741935483871,19,20,22,9,40.0,74.0,63.0,71.0,20.0,0.3015873015873015,0.5,0.0,0.3098591549295774,0.45,22,6.0,56.0,2.5454545454545454,8.5,63.7,2.895454545454545,11.5,1.2,-3.3,-1.3,-2.0,0.0848478331003333,0.568,0.437,0.162,-0.6,0.6,W (+17),W (+17)
45.0,44.0,2023-01-19,19-234,POR,PHI,0.0,20.5,1.0,6.0,0.167,0.0,3.0,0.0,0.0,0.0,,1.0,0.0,1.0,1.0,0.0,0.0,0.0,0.0,2.0,-0.4,-5.0,3.0,1.0,0.3333333333333333,61,1,58,76,15,16,54,5,62,18,50,4,28,52,40,53,6,60,62.0,1,58.0,78.0,22.0,16.0,56.0,5,63.0,19.0,76.0,4,29.0,52.0,40.0,54.0,9.0,5.0,6,62.0,0.9838709677419356,1.0,1.0,0.9743589743589745,0.6818181818181818,1.0,0.9642857142857144,1.0,0.984126984126984,0.9473684210526316,0.6578947368421053,1.0,0.9655172413793104,1.0,1.0,0.9814814814814816,0.0,0.0,1.0,0.967741935483871,19,20,22,9,40.0,74.0,63.0,71.0,20.0,0.3015873015873015,0.5,0.0,0.3098591549295774,0.45,22,-2.0,64.0,2.909090909090909,-0.3999999999999994,54.9,2.4954545454545456,11.5,1.2,-3.3,-1.3,-2.0,0.0848478331003333,0.568,0.437,0.162,-0.6,0.6,W (+17),W (+17)
46.0,45.0,2023-01-22,19-237,POR,LAL,0.0,17.416666666666668,1.0,6.0,0.167,0.0,4.0,0.0,2.0,2.0,1.0,1.0,1.0,2.0,0.0,0.0,0.0,0.0,1.0,4.0,0.8,-4.0,2.0,1.0,0.5,61,1,58,76,15,16,54,5,62,18,50,4,28,52,40,53,6,60,62.0,1,58.0,78.0,22.0,16.0,56.0,5,63.0,19.0,76.0,4,29.0,52.0,40.0,54.0,9.0,5.0,6,62.0,0.9838709677419356,1.0,1.0,0.9743589743589745,0.6818181818181818,1.0,0.9642857142857144,1.0,0.984126984126984,0.9473684210526316,0.6578947368421053,1.0,0.9655172413793104,1.0,1.0,0.9814814814814816,0.0,0.0,1.0,0.967741935483871,19,20,22,9,40.0,74.0,63.0,71.0,20.0,0.3015873015873015,0.5,0.0,0.3098591549295774,0.45,22,-2.0,76.0,3.4545454545454546,9.992007221626409e-16,70.19999999999997,3.1909090909090896,11.5,1.2,-3.3,-1.3,-2.0,0.0848478331003333,0.568,0.437,0.162,-0.6,0.6,L (-9),L (-9)
47.0,46.0,2023-01-23,19-238,POR,SAS,0.0,27.066666666666663,8.0,12.0,0.667,3.0,4.0,0.75,0.0,0.0,,0.0,3.0,3.0,0.0,1.0,0.0,1.0,2.0,19.0,13.9,26.0,8.0,5.0,0.625,61,1,58,76,15,16,54,5,62,18,50,4,28,52,40,53,6,60,62.0,1,58.0,78.0,22.0,16.0,56.0,5,63.0,19.0,76.0,4,29.0,52.0,40.0,54.0,9.0,5.0,6,62.0,0.9838709677419356,1.0,1.0,0.9743589743589745,0.6818181818181818,1.0,0.9642857142857144,1.0,0.984126984126984,0.9473684210526316,0.6578947368421053,1.0,0.9655172413793104,1.0,1.0,0.9814814814814816,0.0,0.0,1.0,0.967741935483871,19,20,22,9,40.0,74.0,63.0,71.0,20.0,0.3015873015873015,0.5,0.0,0.3098591549295774,0.45,22,10.0,91.0,4.136363636363637,13.9,121.4,5.5181818181818185,11.5,1.2,-3.3,-1.3,-2.0,0.0848478331003333,0.568,0.437,0.162,-0.6,0.6,L (-10),L (-10)
48.0,47.0,2023-01-25,19-240,POR,UTA,0.0,17.566666666666666,2.0,3.0,0.667,1.0,1.0,1.0,0.0,0.0,,0.0,2.0,2.0,0.0,0.0,1.0,0.0,3.0,5.0,3.8,1.0,2.0,1.0,0.5,61,1,58,76,15,16,54,5,62,18,50,4,28,52,40,53,6,60,62.0,1,58.0,78.0,22.0,16.0,56.0,5,63.0,19.0,76.0,4,29.0,52.0,40.0,54.0,9.0,5.0,6,62.0,0.9838709677419356,1.0,1.0,0.9743589743589745,0.6818181818181818,1.0,0.9642857142857144,1.0,0.984126984126984,0.9473684210526316,0.6578947368421053,1.0,0.9655172413793104,1.0,1.0,0.9814814814814816,0.0,0.0,1.0,0.967741935483871,19,20,22,9,40.0,74.0,63.0,71.0,20.0,0.3015873015873015,0.5,0.0,0.3098591549295774,0.45,22,5.0,99.0,4.5,3.8,107.9,4.904545454545455,11.5,1.2,-3.3,-1.3,-2.0,0.0848478331003333,0.568,0.437,0.162,-0.6,0.6,L (-9),L (-9)
49.0,48.0,2023-01-28,19-243,POR,TOR,0.0,19.03333333333333,2.0,4.0,0.5,0.0,2.0,0.0,2.0,3.0,0.667,0.0,1.0,1.0,0.0,1.0,1.0,0.0,0.0,6.0,5.6,5.0,2.0,2.0,1.0,61,1,58,76,15,16,54,5,62,18,50,4,28,52,40,53,6,60,62.0,1,58.0,78.0,22.0,16.0,56.0,5,63.0,19.0,76.0,4,29.0,52.0,40.0,54.0,9.0,5.0,6,62.0,0.9838709677419356,1.0,1.0,0.9743589743589745,0.6818181818181818,1.0,0.9642857142857144,1.0,0.984126984126984,0.9473684210526316,0.6578947368421053,1.0,0.9655172413793104,1.0,1.0,0.9814814814814816,0.0,0.0,1.0,0.967741935483871,19,20,22,9,40.0,74.0,63.0,71.0,20.0,0.3015873015873015,0.5,0.0,0.3098591549295774,0.45,22,2.0,69.0,3.136363636363636,4.799999999999999,75.9,3.45,11.5,1.2,-3.3,-1.3,-2.0,0.0848478331003333,0.568,0.437,0.162,-0.6,0.6,W (+20),W (+20)
50.0,49.0,2023-01-30,19-245,POR,ATL,0.0,24.45,4.0,9.0,0.444,1.0,4.0,0.25,1.0,2.0,0.5,0.0,4.0,4.0,1.0,0.0,1.0,2.0,4.0,10.0,3.9,5.0,5.0,3.0,0.6,61,1,58,76,15,16,54,5,62,18,50,4,28,52,40,53,6,60,62.0,1,58.0,78.0,22.0,16.0,56.0,5,63.0,19.0,76.0,4,29.0,52.0,40.0,54.0,9.0,5.0,6,62.0,0.9838709677419356,1.0,1.0,0.9743589743589745,0.6818181818181818,1.0,0.9642857142857144,1.0,0.984126984126984,0.9473684210526316,0.6578947368421053,1.0,0.9655172413793104,1.0,1.0,0.9814814814814816,0.0,0.0,1.0,0.967741935483871,19,20,22,9,40.0,74.0,63.0,71.0,20.0,0.3015873015873015,0.5,0.0,0.3098591549295774,0.45,22,3.0,72.0,3.272727272727273,3.4999999999999982,80.4,3.654545454545455,11.5,1.2,-3.3,-1.3,-2.0,0.0848478331003333,0.568,0.437,0.162,-0.6,0.6,W (+10),W (+10)
51.0,50.0,2023-02-01,19-247,POR,MEM,0.0,19.4,3.0,6.0,0.5,3.0,5.0,0.6,0.0,0.0,,0.0,2.0,2.0,0.0,0.0,0.0,0.0,3.0,9.0,5.4,11.0,1.0,0.0,0.0,61,1,58,76,15,16,54,5,62,18,50,4,28,52,40,53,6,60,62.0,1,58.0,78.0,22.0,16.0,56.0,5,63.0,19.0,76.0,4,29.0,52.0,40.0,54.0,9.0,5.0,6,62.0,0.9838709677419356,1.0,1.0,0.9743589743589745,0.6818181818181818,1.0,0.9642857142857144,1.0,0.984126984126984,0.9473684210526316,0.6578947368421053,1.0,0.9655172413793104,1.0,1.0,0.9814814814814816,0.0,0.0,1.0,0.967741935483871,19,20,22,9,40.0,74.0,63.0,71.0,20.0,0.3015873015873015,0.5,0.0,0.3098591549295774,0.45,22,5.0,75.0,3.409090909090909,5.4,87.3,3.968181818181818,11.5,1.2,-3.3,-1.3,-2.0,0.0848478331003333,0.568,0.437,0.162,-0.6,0.6,L (-18),L (-18)
52.0,51.0,2023-02-03,19-249,POR,WAS,0.0,20.08333333333333,2.0,4.0,0.5,1.0,3.0,0.333,0.0,0.0,,1.0,2.0,3.0,1.0,0.0,0.0,0.0,1.0,5.0,4.6,0.0,1.0,1.0,1.0,61,1,58,76,15,16,54,5,62,18,50,4,28,52,40,53,6,60,62.0,1,58.0,78.0,22.0,16.0,56.0,5,63.0,19.0,76.0,4,29.0,52.0,40.0,54.0,9.0,5.0,6,62.0,0.9838709677419356,1.0,1.0,0.9743589743589745,0.6818181818181818,1.0,0.9642857142857144,1.0,0.984126984126984,0.9473684210526316,0.6578947368421053,1.0,0.9655172413793104,1.0,1.0,0.9814814814814816,0.0,0.0,1.0,0.967741935483871,19,20,22,9,40.0,74.0,63.0,71.0,20.0,0.3015873015873015,0.5,0.0,0.3098591549295774,0.45,22,5.0,90.0,4.090909090909091,4.6,76.60000000000002,3.481818181818183,11.5,1.2,-3.3,-1.3,-2.0,0.0848478331003333,0.568,0.437,0.162,-0.6,0.6,W (+4),W (+4)
53.0,52.0,2023-02-04,19-250,POR,CHI,0.0,17.166666666666668,3.0,6.0,0.5,1.0,3.0,0.333,0.0,0.0,,1.0,0.0,1.0,0.0,0.0,1.0,0.0,2.0,7.0,4.6,-12.0,3.0,2.0,0.6666666666666666,61,1,58,76,15,16,54,5,62,18,50,4,28,52,40,53,6,60,62.0,1,58.0,78.0,22.0,16.0,56.0,5,63.0,19.0,76.0,4,29.0,52.0,40.0,54.0,9.0,5.0,6,62.0,0.9838709677419356,1.0,1.0,0.9743589743589745,0.6818181818181818,1.0,0.9642857142857144,1.0,0.984126984126984,0.9473684210526316,0.6578947368421053,1.0,0.9655172413793104,1.0,1.0,0.9814814814814816,0.0,0.0,1.0,0.967741935483871,19,20,22,9,40.0,74.0,63.0,71.0,20.0,0.3015873015873015,0.5,0.0,0.3098591549295774,0.45,22,3.0,50.0,2.272727272727273,4.599999999999999,67.6,3.0727272727272723,11.5,1.2,-3.3,-1.3,-2.0,0.0848478331003333,0.568,0.437,0.162,-0.6,0.6,W (+10),W (+10)
54.0,53.0,2023-02-06,19-252,POR,MIL,0.0,24.066666666666663,0.0,6.0,0.0,0.0,5.0,0.0,0.0,0.0,,1.0,2.0,3.0,3.0,0.0,0.0,1.0,1.0,0.0,-2.2,-15.0,1.0,0.0,0.0,61,1,58,76,15,16,54,5,62,18,50,4,28,52,40,53,6,60,62.0,1,58.0,78.0,22.0,16.0,56.0,5,63.0,19.0,76.0,4,29.0,52.0,40.0,54.0,9.0,5.0,6,62.0,0.9838709677419356,1.0,1.0,0.9743589743589745,0.6818181818181818,1.0,0.9642857142857144,1.0,0.984126984126984,0.9473684210526316,0.6578947368421053,1.0,0.9655172413793104,1.0,1.0,0.9814814814814816,0.0,0.0,1.0,0.967741935483871,19,20,22,9,40.0,74.0,63.0,71.0,20.0,0.3015873015873015,0.5,0.0,0.3098591549295774,0.45,22,-1.0,42.0,1.9090909090909087,-2.2,51.4,2.3363636363636364,11.5,1.2,-3.3,-1.3,-2.0,0.0848478331003333,0.568,0.437,0.162,-0.6,0.6,W (+8),W (+8)
55.0,54.0,2023-02-08,19-254,POR,GSW,0.0,21.516666666666666,5.0,7.0,0.714,1.0,2.0,0.5,2.0,2.0,1.0,3.0,4.0,7.0,0.0,0.0,1.0,1.0,0.0,13.0,13.1,11.0,5.0,4.0,0.8,61,1,58,76,15,16,54,5,62,18,50,4,28,52,40,53,6,60,62.0,1,58.0,78.0,22.0,16.0,56.0,5,63.0,19.0,76.0,4,29.0,52.0,40.0,54.0,9.0,5.0,6,62.0,0.9838709677419356,1.0,1.0,0.9743589743589745,0.6818181818181818,1.0,0.9642857142857144,1.0,0.984126984126984,0.9473684210526316,0.6578947368421053,1.0,0.9655172413793104,1.0,1.0,0.9814814814814816,0.0,0.0,1.0,0.967741935483871,19,20,22,9,40.0,74.0,63.0,71.0,20.0,0.3015873015873015,0.5,0.0,0.3098591549295774,0.45,22,11.0,84.0,3.8181818181818175,12.3,88.5,4.0227272727272725,11.5,1.2,-3.3,-1.3,-2.0,0.0848478331003333,0.568,0.437,0.162,-0.6,0.6,L (-8),L (-8)
56.0,55.0,2023-02-10,19-256,POR,OKC,0.0,28.58333333333333,5.0,8.0,0.625,3.0,4.0,0.75,0.0,0.0,,1.0,2.0,3.0,3.0,1.0,2.0,0.0,0.0,13.0,15.2,-6.0,4.0,2.0,0.5,61,1,58,76,15,16,54,5,62,18,50,4,28,52,40,53,6,60,62.0,1,58.0,78.0,22.0,16.0,56.0,5,63.0,19.0,76.0,4,29.0,52.0,40.0,54.0,9.0,5.0,6,62.0,0.9838709677419356,1.0,1.0,0.9743589743589745,0.6818181818181818,1.0,0.9642857142857144,1.0,0.984126984126984,0.9473684210526316,0.6578947368421053,1.0,0.9655172413793104,1.0,1.0,0.9814814814814816,0.0,0.0,1.0,0.967741935483871,19,20,22,9,40.0,74.0,63.0,71.0,20.0,0.3015873015873015,0.5,0.0,0.3098591549295774,0.45,22,14.0,70.0,3.1818181818181817,15.199999999999998,70.09999999999998,3.186363636363636,11.5,1.2,-3.3,-1.3,-2.0,0.0848478331003333,0.568,0.437,0.162,-0.6,0.6,L (-19),L (-19)
57.0,56.0,2023-02-13,19-259,POR,LAL,0.0,25.566666666666663,6.0,10.0,0.6,3.0,5.0,0.6,0.0,0.0,,0.0,5.0,5.0,4.0,3.0,0.0,0.0,2.0,15.0,16.9,19.0,5.0,3.0,0.6,61,1,58,76,15,16,54,5,62,18,50,4,28,52,40,53,6,60,62.0,1,58.0,78.0,22.0,16.0,56.0,5,63.0,19.0,76.0,4,29.0,52.0,40.0,54.0,9.0,5.0,6,62.0,0.9838709677419356,1.0,1.0,0.9743589743589745,0.6818181818181818,1.0,0.9642857142857144,1.0,0.984126984126984,0.9473684210526316,0.6578947368421053,1.0,0.9655172413793104,1.0,1.0,0.9814814814814816,0.0,0.0,1.0,0.967741935483871,19,20,22,9,40.0,74.0,63.0,71.0,20.0,0.3015873015873015,0.5,0.0,0.3098591549295774,0.45,22,17.0,69.0,3.136363636363636,16.9,82.19999999999999,3.736363636363636,11.5,1.2,-3.3,-1.3,-2.0,0.0848478331003333,0.568,0.437,0.162,-0.6,0.6,W (+3),W (+3)
58.0,57.0,2023-02-14,19-260,POR,WAS,0.0,28.23333333333333,5.0,9.0,0.556,2.0,5.0,0.4,2.0,2.0,1.0,1.0,0.0,1.0,1.0,0.0,0.0,0.0,1.0,14.0,10.7,-10.0,4.0,3.0,0.75,61,1,58,76,15,16,54,5,62,18,50,4,28,52,40,53,6,60,62.0,1,58.0,78.0,22.0,16.0,56.0,5,63.0,19.0,76.0,4,29.0,52.0,40.0,54.0,9.0,5.0,6,62.0,0.9838709677419356,1.0,1.0,0.9743589743589745,0.6818181818181818,1.0,0.9642857142857144,1.0,0.984126984126984,0.9473684210526316,0.6578947368421053,1.0,0.9655172413793104,1.0,1.0,0.9814814814814816,0.0,0.0,1.0,0.967741935483871,19,20,22,9,40.0,74.0,63.0,71.0,20.0,0.3015873015873015,0.5,0.0,0.3098591549295774,0.45,22,5.0,48.0,2.1818181818181817,9.899999999999997,58.39999999999999,2.6545454545454543,11.5,1.2,-3.3,-1.3,-2.0,0.0848478331003333,0.568,0.437,0.162,-0.6,0.6,L (-9),L (-9)
59.0,58.0,2023-02-23,19-269,POR,SAC,0.0,22.366666666666667,4.0,14.0,0.286,1.0,5.0,0.2,0.0,0.0,,1.0,2.0,3.0,1.0,1.0,0.0,2.0,4.0,9.0,0.2,-21.0,9.0,3.0,0.3333333333333333,61,1,58,76,15,16,54,5,62,18,50,4,28,52,40,53,6,60,62.0,1,58.0,78.0,22.0,16.0,56.0,5,63.0,19.0,76.0,4,29.0,52.0,40.0,54.0,9.0,5.0,6,62.0,0.9838709677419356,1.0,1.0,0.9743589743589745,0.6818181818181818,1.0,0.9642857142857144,1.0,0.984126984126984,0.9473684210526316,0.6578947368421053,1.0,0.9655172413793104,1.0,1.0,0.9814814814814816,0.0,0.0,1.0,0.967741935483871,19,20,22,9,40.0,74.0,63.0,71.0,20.0,0.3015873015873015,0.5,0.0,0.3098591549295774,0.45,22,-2.0,94.0,4.2727272727272725,0.1999999999999988,89.00000000000001,4.045454545454546,11.5,1.2,-3.3,-1.3,-2.0,0.0848478331003333,0.568,0.437,0.162,-0.6,0.6,W (+12),W (+12)
60.0,59.0,2023-02-26,19-272,POR,HOU,0.0,13.383333333333333,2.0,5.0,0.4,0.0,2.0,0.0,0.0,0.0,,0.0,0.0,0.0,0.0,0.0,1.0,3.0,0.0,4.0,-1.0,-14.0,3.0,2.0,0.6666666666666666,61,1,58,76,15,16,54,5,62,18,50,4,28,52,40,53,6,60,62.0,1,58.0,78.0,22.0,16.0,56.0,5,63.0,19.0,76.0,4,29.0,52.0,40.0,54.0,9.0,5.0,6,62.0,0.9838709677419356,1.0,1.0,0.9743589743589745,0.6818181818181818,1.0,0.9642857142857144,1.0,0.984126984126984,0.9473684210526316,0.6578947368421053,1.0,0.9655172413793104,1.0,1.0,0.9814814814814816,0.0,0.0,1.0,0.967741935483871,19,20,22,9,40.0,74.0,63.0,71.0,20.0,0.3015873015873015,0.5,0.0,0.3098591549295774,0.45,22,-3.0,107.0,4.863636363636363,-1.0,117.6,5.345454545454545,11.5,1.2,-3.3,-1.3,-2.0,0.0848478331003333,0.568,0.437,0.162,-0.6,0.6,L (-25),L (-25)
61.0,60.0,2023-02-28,19-274,POR,GSW,0.0,30.65,6.0,11.0,0.545,1.0,4.0,0.25,0.0,0.0,,1.0,3.0,4.0,1.0,1.0,1.0,0.0,1.0,13.0,11.3,-9.0,7.0,5.0,0.7142857142857143,61,1,58,76,15,16,54,5,62,18,50,4,28,52,40,53,6,60,62.0,1,58.0,78.0,22.0,16.0,56.0,5,63.0,19.0,76.0,4,29.0,52.0,40.0,54.0,9.0,5.0,6,62.0,0.9838709677419356,1.0,1.0,0.9743589743589745,0.6818181818181818,1.0,0.9642857142857144,1.0,0.984126984126984,0.9473684210526316,0.6578947368421053,1.0,0.9655172413793104,1.0,1.0,0.9814814814814816,0.0,0.0,1.0,0.967741935483871,19,20,22,9,40.0,74.0,63.0,71.0,20.0,0.3015873015873015,0.5,0.0,0.3098591549295774,0.45,22,9.0,71.0,3.227272727272727,11.3,65.8,2.9909090909090907,11.5,1.2,-3.3,-1.3,-2.0,0.0848478331003333,0.568,0.437,0.162,-0.6,0.6,L (-17),L (-17)
62.0,61.0,2023-03-01,19-275,POR,NOP,0.0,14.466666666666669,1.0,6.0,0.167,0.0,2.0,0.0,0.0,0.0,,1.0,2.0,3.0,0.0,0.0,1.0,2.0,0.0,2.0,-1.8,-3.0,4.0,1.0,0.25,61,1,58,76,15,16,54,5,62,18,50,4,28,52,40,53,6,60,62.0,1,58.0,78.0,22.0,16.0,56.0,5,63.0,19.0,76.0,4,29.0,52.0,40.0,54.0,9.0,5.0,6,62.0,0.9838709677419356,1.0,1.0,0.9743589743589745,0.6818181818181818,1.0,0.9642857142857144,1.0,0.984126984126984,0.9473684210526316,0.6578947368421053,1.0,0.9655172413793104,1.0,1.0,0.9814814814814816,0.0,0.0,1.0,0.967741935483871,19,20,22,9,40.0,74.0,63.0,71.0,20.0,0.3015873015873015,0.5,0.0,0.3098591549295774,0.45,22,-2.0,48.0,2.1818181818181817,-1.7999999999999998,57.0,2.590909090909091,11.5,1.2,-3.3,-1.3,-2.0,0.0848478331003333,0.568,0.437,0.162,-0.6,0.6,W (+17),W (+17)
63.0,62.0,2023-03-03,19-277,POR,ATL,0.0,28.116666666666667,3.0,8.0,0.375,1.0,5.0,0.2,2.0,2.0,1.0,2.0,2.0,4.0,4.0,1.0,0.0,0.0,2.0,9.0,9.6,-13.0,3.0,2.0,0.6666666666666666,61,1,58,76,15,16,54,5,62,18,50,4,28,52,40,53,6,60,62.0,1,58.0,78.0,22.0,16.0,56.0,5,63.0,19.0,76.0,4,29.0,52.0,40.0,54.0,9.0,5.0,6,62.0,0.9838709677419356,1.0,1.0,0.9743589743589745,0.6818181818181818,1.0,0.9642857142857144,1.0,0.984126984126984,0.9473684210526316,0.6578947368421053,1.0,0.9655172413793104,1.0,1.0,0.9814814814814816,0.0,0.0,1.0,0.967741935483871,19,20,22,9,40.0,74.0,63.0,71.0,20.0,0.3015873015873015,0.5,0.0,0.3098591549295774,0.45,22,8.0,64.0,2.909090909090909,8.799999999999999,54.3,2.4681818181818183,11.5,1.2,-3.3,-1.3,-2.0,0.0848478331003333,0.568,0.437,0.162,-0.6,0.6,,
64.0,63.0,2023-03-05,19-279,POR,ORL,0.0,20.433333333333334,3.0,6.0,0.5,2.0,5.0,0.4,0.0,0.0,,0.0,2.0,2.0,2.0,0.0,1.0,3.0,3.0,8.0,3.5,-6.0,1.0,1.0,1.0,61,1,58,76,15,16,54,5,62,18,50,4,28,52,40,53,6,60,62.0,1,58.0,78.0,22.0,16.0,56.0,5,63.0,19.0,76.0,4,29.0,52.0,40.0,54.0,9.0,5.0,6,62.0,0.9838709677419356,1.0,1.0,0.9743589743589745,0.6818181818181818,1.0,0.9642857142857144,1.0,0.984126984126984,0.9473684210526316,0.6578947368421053,1.0,0.9655172413793104,1.0,1.0,0.9814814814814816,0.0,0.0,1.0,0.967741935483871,19,20,22,9,40.0,74.0,63.0,71.0,20.0,0.3015873015873015,0.5,0.0,0.3098591549295774,0.45,22,4.0,78.0,3.5454545454545454,3.499999999999999,87.30000000000001,3.968181818181818,11.5,1.2,-3.3,-1.3,-2.0,0.0848478331003333,0.568,0.437,0.162,-0.6,0.6,L (-18),L (-18)
65.0,64.0,2023-03-06,19-280,POR,DET,0.0,20.683333333333334,2.0,2.0,1.0,0.0,0.0,,2.0,2.0,1.0,0.0,3.0,3.0,0.0,0.0,0.0,1.0,1.0,6.0,4.9,-1.0,2.0,2.0,1.0,61,1,58,76,15,16,54,5,62,18,50,4,28,52,40,53,6,60,62.0,1,58.0,78.0,22.0,16.0,56.0,5,63.0,19.0,76.0,4,29.0,52.0,40.0,54.0,9.0,5.0,6,62.0,0.9838709677419356,1.0,1.0,0.9743589743589745,0.6818181818181818,1.0,0.9642857142857144,1.0,0.984126984126984,0.9473684210526316,0.6578947368421053,1.0,0.9655172413793104,1.0,1.0,0.9814814814814816,0.0,0.0,1.0,0.967741935483871,19,20,22,9,40.0,74.0,63.0,71.0,20.0,0.3015873015873015,0.5,0.0,0.3098591549295774,0.45,22,4.0,84.0,3.8181818181818175,4.099999999999999,86.19999999999999,3.9181818181818175,11.5,1.2,-3.3,-1.3,-2.0,0.0848478331003333,0.568,0.437,0.162,-0.6,0.6,L (-11),L (-11)
66.0,65.0,2023-03-08,19-282,POR,BOS,0.0,25.433333333333334,4.0,8.0,0.5,3.0,6.0,0.5,1.0,3.0,0.333,0.0,1.0,1.0,1.0,1.0,0.0,1.0,2.0,12.0,7.4,-8.0,2.0,1.0,0.5,61,1,58,76,15,16,54,5,62,18,50,4,28,52,40,53,6,60,62.0,1,58.0,78.0,22.0,16.0,56.0,5,63.0,19.0,76.0,4,29.0,52.0,40.0,54.0,9.0,5.0,6,62.0,0.9838709677419356,1.0,1.0,0.9743589743589745,0.6818181818181818,1.0,0.9642857142857144,1.0,0.984126984126984,0.9473684210526316,0.6578947368421053,1.0,0.9655172413793104,1.0,1.0,0.9814814814814816,0.0,0.0,1.0,0.967741935483871,19,20,22,9,40.0,74.0,63.0,71.0,20.0,0.3015873015873015,0.5,0.0,0.3098591549295774,0.45,22,3.0,50.0,2.272727272727273,7.0,56.8,2.5818181818181816,11.5,1.2,-3.3,-1.3,-2.0,0.0848478331003333,0.568,0.437,0.162,-0.6,0.6,L (-18),L (-18)
67.0,66.0,2023-03-10,19-284,POR,PHI,0.0,17.233333333333334,0.0,0.0,,0.0,0.0,,1.0,2.0,0.5,1.0,1.0,2.0,1.0,1.0,0.0,0.0,2.0,1.0,2.5,-19.0,0.0,0.0,,61,1,58,76,15,16,54,5,62,18,50,4,28,52,40,53,6,60,62.0,1,58.0,78.0,22.0,16.0,56.0,5,63.0,19.0,76.0,4,29.0,52.0,40.0,54.0,9.0,5.0,6,62.0,0.9838709677419356,1.0,1.0,0.9743589743589745,0.6818181818181818,1.0,0.9642857142857144,1.0,0.984126984126984,0.9473684210526316,0.6578947368421053,1.0,0.9655172413793104,1.0,1.0,0.9814814814814816,0.0,0.0,1.0,0.967741935483871,19,20,22,9,40.0,74.0,63.0,71.0,20.0,0.3015873015873015,0.5,0.0,0.3098591549295774,0.45,22,3.0,96.0,4.363636363636363,2.1000000000000005,95.8,4.354545454545455,11.5,1.2,-3.3,-1.3,-2.0,0.0848478331003333,0.568,0.437,0.162,-0.6,0.6,W (+3),W (+3)
68.0,67.0,2023-03-12,19-286,POR,NOP,0.0,21.65,5.0,7.0,0.714,2.0,3.0,0.667,2.0,3.0,0.667,1.0,3.0,4.0,3.0,0.0,0.0,4.0,2.0,14.0,9.6,-1.0,4.0,3.0,0.75,61,1,58,76,15,16,54,5,62,18,50,4,28,52,40,53,6,60,62.0,1,58.0,78.0,22.0,16.0,56.0,5,63.0,19.0,76.0,4,29.0,52.0,40.0,54.0,9.0,5.0,6,62.0,0.9838709677419356,1.0,1.0,0.9743589743589745,0.6818181818181818,1.0,0.9642857142857144,1.0,0.984126984126984,0.9473684210526316,0.6578947368421053,1.0,0.9655172413793104,1.0,1.0,0.9814814814814816,0.0,0.0,1.0,0.967741935483871,19,20,22,9,40.0,74.0,63.0,71.0,20.0,0.3015873015873015,0.5,0.0,0.3098591549295774,0.45,22,7.0,66.0,3.0,8.799999999999997,56.89999999999999,2.586363636363636,11.5,1.2,-3.3,-1.3,-2.0,0.0848478331003333,0.568,0.437,0.162,-0.6,0.6,W (+6),W (+6)
69.0,68.0,2023-03-14,19-288,POR,NYK,0.0,7.466666666666667,2.0,5.0,0.4,2.0,4.0,0.5,0.0,0.0,,0.0,1.0,1.0,0.0,0.0,1.0,0.0,1.0,6.0,3.9,-12.0,1.0,0.0,0.0,61,1,58,76,15,16,54,5,62,18,50,4,28,52,40,53,6,60,62.0,1,58.0,78.0,22.0,16.0,56.0,5,63.0,19.0,76.0,4,29.0,52.0,40.0,54.0,9.0,5.0,6,62.0,0.9838709677419356,1.0,1.0,0.9743589743589745,0.6818181818181818,1.0,0.9642857142857144,1.0,0.984126984126984,0.9473684210526316,0.6578947368421053,1.0,0.9655172413793104,1.0,1.0,0.9814814814814816,0.0,0.0,1.0,0.967741935483871,19,20,22,9,40.0,74.0,63.0,71.0,20.0,0.3015873015873015,0.5,0.0,0.3098591549295774,0.45,22,3.0,65.0,2.9545454545454546,3.9,76.5,3.477272727272727,11.5,1.2,-3.3,-1.3,-2.0,0.0848478331003333,0.568,0.437,0.162,-0.6,0.6,L (-22),L (-22)
70.0,69.0,2023-03-17,19-291,POR,BOS,0.0,16.783333333333335,3.0,5.0,0.6,0.0,1.0,0.0,1.0,1.0,1.0,0.0,2.0,2.0,2.0,0.0,0.0,0.0,5.0,7.0,4.7,-4.0,4.0,3.0,0.75,61,1,58,76,15,16,54,5,62,18,50,4,28,52,40,53,6,60,62.0,1,58.0,78.0,22.0,16.0,56.0,5,63.0,19.0,76.0,4,29.0,52.0,40.0,54.0,9.0,5.0,6,62.0,0.9838709677419356,1.0,1.0,0.9743589743589745,0.6818181818181818,1.0,0.9642857142857144,1.0,0.984126984126984,0.9473684210526316,0.6578947368421053,1.0,0.9655172413793104,1.0,1.0,0.9814814814814816,0.0,0.0,1.0,0.967741935483871,19,20,22,9,40.0,74.0,63.0,71.0,20.0,0.3015873015873015,0.5,0.0,0.3098591549295774,0.45,22,5.0,49.0,2.227272727272727,4.299999999999999,57.2,2.6,11.5,1.2,-3.3,-1.3,-2.0,0.0848478331003333,0.568,0.437,0.162,-0.6,0.6,L (-1),L (-1)
71.0,70.0,2023-03-19,19-293,POR,LAC,0.0,24.08333333333333,4.0,6.0,0.667,2.0,4.0,0.5,0.0,0.0,,1.0,0.0,1.0,1.0,3.0,1.0,0.0,1.0,10.0,12.1,0.0,2.0,2.0,1.0,61,1,58,76,15,16,54,5,62,18,50,4,28,52,40,53,6,60,62.0,1,58.0,78.0,22.0,16.0,56.0,5,63.0,19.0,76.0,4,29.0,52.0,40.0,54.0,9.0,5.0,6,62.0,0.9838709677419356,1.0,1.0,0.9743589743589745,0.6818181818181818,1.0,0.9642857142857144,1.0,0.984126984126984,0.9473684210526316,0.6578947368421053,1.0,0.9655172413793104,1.0,1.0,0.9814814814814816,0.0,0.0,1.0,0.967741935483871,19,20,22,9,40.0,74.0,63.0,71.0,20.0,0.3015873015873015,0.5,0.0,0.3098591549295774,0.45,22,10.0,67.0,3.0454545454545454,12.1,73.9,3.3590909090909093,11.5,1.2,-3.3,-1.3,-2.0,0.0848478331003333,0.568,0.437,0.162,-0.6,0.6,L (-17),L (-17)
72.0,71.0,2023-03-22,19-296,POR,UTA,1.0,39.766666666666666,9.0,19.0,0.474,4.0,7.0,0.571,2.0,3.0,0.667,2.0,7.0,9.0,3.0,4.0,0.0,1.0,5.0,24.0,20.5,28.0,12.0,5.0,0.4166666666666667,61,1,58,76,15,16,54,5,62,18,50,4,28,52,40,53,6,60,62.0,1,58.0,78.0,22.0,16.0,56.0,5,63.0,19.0,76.0,4,29.0,52.0,40.0,54.0,9.0,5.0,6,62.0,0.9838709677419356,1.0,1.0,0.9743589743589745,0.6818181818181818,1.0,0.9642857142857144,1.0,0.984126984126984,0.9473684210526316,0.6578947368421053,1.0,0.9655172413793104,1.0,1.0,0.9814814814814816,0.0,0.0,1.0,0.967741935483871,19,20,22,9,40.0,74.0,63.0,71.0,20.0,0.3015873015873015,0.5,0.0,0.3098591549295774,0.45,22,17.0,64.0,2.909090909090909,19.700000000000006,67.4,3.063636363636364,11.5,1.2,-3.3,-1.3,-2.0,0.0848478331003333,0.568,0.437,0.162,-0.6,0.6,L (-16),L (-16)
73.0,72.0,2023-03-24,19-298,POR,CHI,1.0,38.25,9.0,20.0,0.45,4.0,11.0,0.364,2.0,2.0,1.0,2.0,2.0,4.0,2.0,0.0,1.0,3.0,1.0,24.0,14.3,-19.0,9.0,5.0,0.5555555555555556,61,1,58,76,15,16,54,5,62,18,50,4,28,52,40,53,6,60,62.0,1,58.0,78.0,22.0,16.0,56.0,5,63.0,19.0,76.0,4,29.0,52.0,40.0,54.0,9.0,5.0,6,62.0,0.9838709677419356,1.0,1.0,0.9743589743589745,0.6818181818181818,1.0,0.9642857142857144,1.0,0.984126984126984,0.9473684210526316,0.6578947368421053,1.0,0.9655172413793104,1.0,1.0,0.9814814814814816,0.0,0.0,1.0,0.967741935483871,19,20,22,9,40.0,74.0,63.0,71.0,20.0,0.3015873015873015,0.5,0.0,0.3098591549295774,0.45,22,6.0,56.0,2.5454545454545454,13.5,56.49999999999999,2.568181818181818,11.5,1.2,-3.3,-1.3,-2.0,0.0848478331003333,0.568,0.437,0.162,-0.6,0.6,L (-14),L (-14)
74.0,73.0,2023-03-26,19-300,POR,OKC,1.0,35.28333333333333,9.0,13.0,0.692,3.0,5.0,0.6,8.0,11.0,0.727,0.0,5.0,5.0,3.0,0.0,0.0,5.0,3.0,29.0,19.7,11.0,8.0,6.0,0.75,61,1,58,76,15,16,54,5,62,18,50,4,28,52,40,53,6,60,62.0,1,58.0,78.0,22.0,16.0,56.0,5,63.0,19.0,76.0,4,29.0,52.0,40.0,54.0,9.0,5.0,6,62.0,0.9838709677419356,1.0,1.0,0.9743589743589745,0.6818181818181818,1.0,0.9642857142857144,1.0,0.984126984126984,0.9473684210526316,0.6578947368421053,1.0,0.9655172413793104,1.0,1.0,0.9814814814814816,0.0,0.0,1.0,0.967741935483871,19,20,22,9,40.0,74.0,63.0,71.0,20.0,0.3015873015873015,0.5,0.0,0.3098591549295774,0.45,22,8.0,52.0,2.363636363636364,16.500000000000004,51.8,2.3545454545454545,11.5,1.2,-3.3,-1.3,-2.0,0.0848478331003333,0.568,0.437,0.162,-0.6,0.6,L (-15),L (-15)
75.0,74.0,2023-03-27,19-301,POR,NOP,1.0,34.9,5.0,13.0,0.385,1.0,4.0,0.25,1.0,1.0,1.0,1.0,7.0,8.0,1.0,1.0,0.0,2.0,4.0,12.0,5.8,-36.0,9.0,4.0,0.4444444444444444,61,1,58,76,15,16,54,5,62,18,50,4,28,52,40,53,6,60,62.0,1,58.0,78.0,22.0,16.0,56.0,5,63.0,19.0,76.0,4,29.0,52.0,40.0,54.0,9.0,5.0,6,62.0,0.9838709677419356,1.0,1.0,0.9743589743589745,0.6818181818181818,1.0,0.9642857142857144,1.0,0.984126984126984,0.9473684210526316,0.6578947368421053,1.0,0.9655172413793104,1.0,1.0,0.9814814814814816,0.0,0.0,1.0,0.967741935483871,19,20,22,9,40.0,74.0,63.0,71.0,20.0,0.3015873015873015,0.5,0.0,0.3098591549295774,0.45,22,6.0,31.0,1.4090909090909092,5.4,43.5,1.9772727272727275,11.5,1.2,-3.3,-1.3,-2.0,0.0848478331003333,0.568,0.437,0.162,-0.6,0.6,W (+12),W (+12)
76.0,75.0,2023-03-29,19-303,POR,SAC,1.0,44.73333333333333,10.0,27.0,0.37,6.0,13.0,0.462,4.0,4.0,1.0,0.0,7.0,7.0,7.0,0.0,1.0,3.0,2.0,30.0,19.0,-28.0,14.0,4.0,0.2857142857142857,61,1,58,76,15,16,54,5,62,18,50,4,28,52,40,53,6,60,62.0,1,58.0,78.0,22.0,16.0,56.0,5,63.0,19.0,76.0,4,29.0,52.0,40.0,54.0,9.0,5.0,6,62.0,0.9838709677419356,1.0,1.0,0.9743589743589745,0.6818181818181818,1.0,0.9642857142857144,1.0,0.984126984126984,0.9473684210526316,0.6578947368421053,1.0,0.9655172413793104,1.0,1.0,0.9814814814814816,0.0,0.0,1.0,0.967741935483871,19,20,22,9,40.0,74.0,63.0,71.0,20.0,0.3015873015873015,0.5,0.0,0.3098591549295774,0.45,22,11.0,35.0,1.5909090909090908,17.400000000000002,25.7,1.1681818181818182,11.5,1.2,-3.3,-1.3,-2.0,0.0848478331003333,0.568,0.437,0.162,-0.6,0.6,L (-28),L (-28)
77.0,76.0,2023-03-31,19-305,POR,SAC,1.0,36.88333333333333,10.0,20.0,0.5,4.0,10.0,0.4,3.0,4.0,0.75,0.0,3.0,3.0,5.0,1.0,2.0,6.0,1.0,27.0,17.0,,10.0,6.0,0.6,61,1,58,76,15,16,54,5,62,18,50,4,28,52,40,53,6,60,62.0,1,58.0,78.0,22.0,16.0,56.0,5,63.0,19.0,76.0,4,29.0,52.0,40.0,54.0,9.0,5.0,6,62.0,0.9838709677419356,1.0,1.0,0.9743589743589745,0.6818181818181818,1.0,0.9642857142857144,1.0,0.984126984126984,0.9473684210526316,0.6578947368421053,1.0,0.9655172413793104,1.0,1.0,0.9814814814814816,0.0,0.0,1.0,0.967741935483871,19,20,22,9,40.0,74.0,63.0,71.0,20.0,0.3015873015873015,0.5,0.0,0.3098591549295774,0.45,22,8.0,53.0,2.409090909090909,15.799999999999995,42.1,1.913636363636364,11.5,1.2,-3.3,-1.3,-2.0,0.0848478331003333,0.568,0.437,0.162,-0.6,0.6,L (-6),L (-6)
78.0,77.0,2023-04-02,19-307,POR,MIN,1.0,34.6,9.0,19.0,0.474,2.0,7.0,0.286,7.0,9.0,0.778,1.0,5.0,6.0,6.0,0.0,0.0,1.0,3.0,27.0,20.7,-3.0,12.0,7.0,0.5833333333333334,61,1,58,76,15,16,54,5,62,18,50,4,28,52,40,53,6,60,62.0,1,58.0,78.0,22.0,16.0,56.0,5,63.0,19.0,76.0,4,29.0,52.0,40.0,54.0,9.0,5.0,6,62.0,0.9838709677419356,1.0,1.0,0.9743589743589745,0.6818181818181818,1.0,0.9642857142857144,1.0,0.984126984126984,0.9473684210526316,0.6578947368421053,1.0,0.9655172413793104,1.0,1.0,0.9814814814814816,0.0,0.0,1.0,0.967741935483871,19,20,22,9,40.0,74.0,63.0,71.0,20.0,0.3015873015873015,0.5,0.0,0.3098591549295774,0.45,22,10.0,59.0,2.6818181818181817,17.900000000000002,36.89999999999999,1.6772727272727268,11.5,1.2,-3.3,-1.3,-2.0,0.0848478331003333,0.568,0.437,0.162,-0.6,0.6,L (-34),L (-34)
79.0,78.0,2023-04-04,19-309,POR,MEM,1.0,29.433333333333334,8.0,18.0,0.444,2.0,8.0,0.25,2.0,4.0,0.5,1.0,7.0,8.0,6.0,0.0,0.0,1.0,2.0,20.0,15.0,-12.0,10.0,6.0,0.6,61,1,58,76,15,16,54,5,62,18,50,4,28,52,40,53,6,60,62.0,1,58.0,78.0,22.0,16.0,56.0,5,63.0,19.0,76.0,4,29.0,52.0,40.0,54.0,9.0,5.0,6,62.0,0.9838709677419356,1.0,1.0,0.9743589743589745,0.6818181818181818,1.0,0.9642857142857144,1.0,0.984126984126984,0.9473684210526316,0.6578947368421053,1.0,0.9655172413793104,1.0,1.0,0.9814814814814816,0.0,0.0,1.0,0.967741935483871,19,20,22,9,40.0,74.0,63.0,71.0,20.0,0.3015873015873015,0.5,0.0,0.3098591549295774,0.45,22,11.0,42.0,1.9090909090909087,14.2,43.1,1.9590909090909088,11.5,1.2,-3.3,-1.3,-2.0,0.0848478331003333,0.568,0.437,0.162,-0.6,0.6,L (-40),L (-40)
80.0,,2023-04-06,19-311,POR,SAS,,0.0,0.0,0.0,,,,,,0.0,,0.0,0.0,,0.0,0.0,0.0,0.0,0.0,0.0,,,,,,61,1,58,76,15,16,54,5,62,18,50,4,28,52,40,53,6,60,62.0,1,58.0,78.0,22.0,16.0,56.0,5,63.0,19.0,76.0,4,29.0,52.0,40.0,54.0,9.0,5.0,6,62.0,0.9838709677419356,1.0,1.0,0.9743589743589745,0.6818181818181818,1.0,0.9642857142857144,1.0,0.984126984126984,0.9473684210526316,0.6578947368421053,1.0,0.9655172413793104,1.0,1.0,0.9814814814814816,0.0,0.0,1.0,0.967741935483871,19,20,22,9,40.0,74.0,63.0,71.0,20.0,0.3015873015873015,0.5,0.0,0.3098591549295774,0.45,22,,39.0,1.7727272727272727,0.0,42.900000000000006,1.95,11.5,1.2,-3.3,-1.3,-2.0,0.0848478331003333,0.568,0.437,0.162,-0.6,0.6,L (-24),L (-24)
81.0,79.0,2023-04-08,19-313,POR,LAC,1.0,37.1,10.0,20.0,0.5,3.0,9.0,0.333,3.0,4.0,0.75,3.0,1.0,4.0,4.0,2.0,0.0,3.0,0.0,26.0,19.8,-12.0,11.0,7.0,0.6363636363636364,61,1,58,76,15,16,54,5,62,18,50,4,28,52,40,53,6,60,62.0,1,58.0,78.0,22.0,16.0,56.0,5,63.0,19.0,76.0,4,29.0,52.0,40.0,54.0,9.0,5.0,6,62.0,0.9838709677419356,1.0,1.0,0.9743589743589745,0.6818181818181818,1.0,0.9642857142857144,1.0,0.984126984126984,0.9473684210526316,0.6578947368421053,1.0,0.9655172413793104,1.0,1.0,0.9814814814814816,0.0,0.0,1.0,0.967741935483871,19,20,22,9,40.0,74.0,63.0,71.0,20.0,0.3015873015873015,0.5,0.0,0.3098591549295774,0.45,22,9.0,24.0,1.0909090909090908,18.599999999999994,35.3,1.6045454545454545,11.5,1.2,-3.3,-1.3,-2.0,0.0848478331003333,0.568,0.437,0.162,-0.6,0.6,W (+2),W (+2)
82.0,80.0,2023-04-09,19-314,POR,GSW,1.0,28.266666666666666,7.0,18.0,0.389,2.0,8.0,0.25,2.0,2.0,1.0,1.0,6.0,7.0,4.0,1.0,0.0,5.0,0.0,18.0,9.5,-35.0,10.0,5.0,0.5,61,1,58,76,15,16,54,5,62,18,50,4,28,52,40,53,6,60,62.0,1,58.0,78.0,22.0,16.0,56.0,5,63.0,19.0,76.0,4,29.0,52.0,40.0,54.0,9.0,5.0,6,62.0,0.9838709677419356,1.0,1.0,0.9743589743589745,0.6818181818181818,1.0,0.9642857142857144,1.0,0.984126984126984,0.9473684210526316,0.6578947368421053,1.0,0.9655172413793104,1.0,1.0,0.9814814814814816,0.0,0.0,1.0,0.967741935483871,19,20,22,9,40.0,74.0,63.0,71.0,20.0,0.3015873015873015,0.5,0.0,0.3098591549295774,0.45,22,5.0,28.0,1.2727272727272727,8.700000000000001,35.599999999999994,1.618181818181818,11.5,1.2,-3.3,-1.3,-2.0,0.0848478331003333,0.568,0.437,0.162,-0.6,0.6,L (-10),L (-10)
