Unnamed: 0,Rk,G,Date,Age,Tm,Unnamed: 5,Opp,Unnamed: 7,GS,MP,FG,FGA,FG%,3P,3PA,3P%,FT,FTA,FT%,ORB,DRB,TRB,AST,STL,BLK,TOV,PF,PTS,GmSc,+/-,2PA,2P,2P%,Shared Games with Bryce McGowens,Shared Games with Cody Martin,Shared Games with Dennis Smith Jr.,Shared Games with Gordon Hayward,Shared Games with Jalen McDaniels,Shared Games with James Bouknight,Shared Games with JT Thor,Shared Games with Kai Jones,Shared Games with Kelly Oubre Jr.,Shared Games with Kobi Simmons,Shared Games with LaMelo Ball,Shared Games with Mason Plumlee,Shared Games with Nick Richards,Shared Games with P.J. Washington,Shared Games with Terry Rozier,Shared Games with Théo Maledon,Bryce McGowens,Cody Martin,Dennis Smith Jr.,Gordon Hayward,Jalen McDaniels,James Bouknight,JT Thor,Kai Jones,Kelly Oubre Jr.,Kobi Simmons,LaMelo Ball,Mason Plumlee,Nick Richards,P.J. Washington,Terry Rozier,Théo Maledon,Xavier Sneed,co_inf with Bryce McGowens,co_inf with Cody Martin,co_inf with Dennis Smith Jr.,co_inf with Gordon Hayward,co_inf with Jalen McDaniels,co_inf with James Bouknight,co_inf with JT Thor,co_inf with Kai Jones,co_inf with Kelly Oubre Jr.,co_inf with Kobi Simmons,co_inf with LaMelo Ball,co_inf with Mason Plumlee,co_inf with Nick Richards,co_inf with P.J. Washington,co_inf with Terry Rozier,co_inf with Théo Maledon,co_inf with Xavier Sneed,Shared Games with Reggie Jackson,Shared Games with Svi Mykhailiuk,De'Andre Hunter,Svi Mykhailiuk,co_inf with De'Andre Hunter,co_inf with Svi Mykhailiuk,Total Shared Players,CO_EFF,EFF,avg_EFF,CO_HGS,HGS,avg_HGS
0,1,1,2022-10-19,20-307,CHO,@,SAS,W (+27),0,4:20,0.0,0.0,,0.0,0.0,,2,2.0,1.000,0.0,1.0,1.0,0.0,0.0,0.0,2.0,3.0,2.0,-0.9,-7,0.0,0.0,,27,6,35,31,25,12,42,19,13,3,26,25,26,36,34,14,46.0,7.0,54.0,50.0,80.0,34.0,69.0,46.0,48.0,5,36.0,79.0,65.0,73.0,63.0,44.0,4.0,0.5869565217391305,0.8571428571428571,0.6481481481481481,0.62,0.3125,0.3529411764705882,0.6086956521739131,0.4130434782608695,0.2708333333333333,0.6,0.7222222222222222,0.3164556962025316,0.4,0.4931506849315068,0.5396825396825397,0.3181818181818182,0.0,19,11,67.0,32.0,0.0,0.34375,18,-1.0,82.0,4.555555555555555,-1.7000000000000004,103.0,5.722222222222222
1,2,,2022-10-21,20-309,CHO,,NOP,L (-12),Did Not Play,Did Not Play,0.0,0.0,Did Not Play,,,Did Not Play,Did Not Play,0.0,Did Not Play,0.0,0.0,,0.0,0.0,0.0,0.0,0.0,0.0,Did Not Play,Did Not Play,,,,27,6,35,31,25,12,42,19,13,3,26,25,26,36,34,14,46.0,7.0,54.0,50.0,80.0,34.0,69.0,46.0,48.0,5,36.0,79.0,65.0,73.0,63.0,44.0,4.0,0.5869565217391305,0.8571428571428571,0.6481481481481481,0.62,0.3125,0.3529411764705882,0.6086956521739131,0.4130434782608695,0.2708333333333333,0.6,0.7222222222222222,0.3164556962025316,0.4,0.4931506849315068,0.5396825396825397,0.3181818181818182,0.0,19,11,67.0,32.0,0.0,0.34375,18,,52.0,2.888888888888889,0.0,70.7,3.927777777777778
2,3,2,2022-10-23,20-311,CHO,@,ATL,W (+17),0,1:26,1.0,2.0,.500,0.0,0.0,,0,0.0,,2.0,1.0,3.0,0.0,0.0,0.0,0.0,0.0,2.0,2.7,-1,2.0,1.0,0.5,27,6,35,31,25,12,42,19,13,3,26,25,26,36,34,14,46.0,7.0,54.0,50.0,80.0,34.0,69.0,46.0,48.0,5,36.0,79.0,65.0,73.0,63.0,44.0,4.0,0.5869565217391305,0.8571428571428571,0.6481481481481481,0.62,0.3125,0.3529411764705882,0.6086956521739131,0.4130434782608695,0.2708333333333333,0.6,0.7222222222222222,0.3164556962025316,0.4,0.4931506849315068,0.5396825396825397,0.3181818181818182,0.0,19,11,67.0,32.0,0.0,0.34375,18,3.0,81.0,4.5,2.7,99.4,5.522222222222222
3,4,,2022-10-26,20-314,CHO,@,NYK,L (-3),Did Not Play,Did Not Play,0.0,0.0,Did Not Play,,,Did Not Play,Did Not Play,0.0,Did Not Play,0.0,0.0,,0.0,0.0,0.0,0.0,0.0,0.0,Did Not Play,Did Not Play,,,,27,6,35,31,25,12,42,19,13,3,26,25,26,36,34,14,46.0,7.0,54.0,50.0,80.0,34.0,69.0,46.0,48.0,5,36.0,79.0,65.0,73.0,63.0,44.0,4.0,0.5869565217391305,0.8571428571428571,0.6481481481481481,0.62,0.3125,0.3529411764705882,0.6086956521739131,0.4130434782608695,0.2708333333333333,0.6,0.7222222222222222,0.3164556962025316,0.4,0.4931506849315068,0.5396825396825397,0.3181818181818182,0.0,19,11,67.0,32.0,0.0,0.34375,18,,59.0,3.2777777777777777,0.0,83.19999999999999,4.622222222222222
4,5,3,2022-10-28,20-316,CHO,@,ORL,L (-20),0,7:06,3.0,5.0,.600,0.0,0.0,,1,1.0,1.000,2.0,2.0,4.0,0.0,0.0,0.0,0.0,0.0,7.0,6.7,+12,5.0,3.0,0.6,27,6,35,31,25,12,42,19,13,3,26,25,26,36,34,14,46.0,7.0,54.0,50.0,80.0,34.0,69.0,46.0,48.0,5,36.0,79.0,65.0,73.0,63.0,44.0,4.0,0.5869565217391305,0.8571428571428571,0.6481481481481481,0.62,0.3125,0.3529411764705882,0.6086956521739131,0.4130434782608695,0.2708333333333333,0.6,0.7222222222222222,0.3164556962025316,0.4,0.4931506849315068,0.5396825396825397,0.3181818181818182,0.0,19,11,67.0,32.0,0.0,0.34375,18,5.0,38.0,2.111111111111111,6.299999999999999,51.3,2.8499999999999996
5,6,,2022-10-29,20-317,CHO,,GSW,W (+7),Did Not Play,Did Not Play,0.0,0.0,Did Not Play,,,Did Not Play,Did Not Play,0.0,Did Not Play,0.0,0.0,,0.0,0.0,0.0,0.0,0.0,0.0,Did Not Play,Did Not Play,,,,27,6,35,31,25,12,42,19,13,3,26,25,26,36,34,14,46.0,7.0,54.0,50.0,80.0,34.0,69.0,46.0,48.0,5,36.0,79.0,65.0,73.0,63.0,44.0,4.0,0.5869565217391305,0.8571428571428571,0.6481481481481481,0.62,0.3125,0.3529411764705882,0.6086956521739131,0.4130434782608695,0.2708333333333333,0.6,0.7222222222222222,0.3164556962025316,0.4,0.4931506849315068,0.5396825396825397,0.3181818181818182,0.0,19,11,67.0,32.0,0.0,0.34375,18,,49.0,2.7222222222222223,0.0,74.3,4.127777777777777
6,7,,2022-10-31,20-319,CHO,,SAC,L (-7),Did Not Play,Did Not Play,0.0,0.0,Did Not Play,,,Did Not Play,Did Not Play,0.0,Did Not Play,0.0,0.0,,0.0,0.0,0.0,0.0,0.0,0.0,Did Not Play,Did Not Play,,,,27,6,35,31,25,12,42,19,13,3,26,25,26,36,34,14,46.0,7.0,54.0,50.0,80.0,34.0,69.0,46.0,48.0,5,36.0,79.0,65.0,73.0,63.0,44.0,4.0,0.5869565217391305,0.8571428571428571,0.6481481481481481,0.62,0.3125,0.3529411764705882,0.6086956521739131,0.4130434782608695,0.2708333333333333,0.6,0.7222222222222222,0.3164556962025316,0.4,0.4931506849315068,0.5396825396825397,0.3181818181818182,0.0,19,11,67.0,32.0,0.0,0.34375,18,,59.0,3.2777777777777777,0.0,65.8,3.6555555555555554
7,8,,2022-11-02,20-321,CHO,@,CHI,L (-18),Inactive,Inactive,0.0,0.0,Inactive,,,Inactive,Inactive,0.0,Inactive,0.0,0.0,,0.0,0.0,0.0,0.0,0.0,0.0,Inactive,Inactive,,,,27,6,35,31,25,12,42,19,13,3,26,25,26,36,34,14,46.0,7.0,54.0,50.0,80.0,34.0,69.0,46.0,48.0,5,36.0,79.0,65.0,73.0,63.0,44.0,4.0,0.5869565217391305,0.8571428571428571,0.6481481481481481,0.62,0.3125,0.3529411764705882,0.6086956521739131,0.4130434782608695,0.2708333333333333,0.6,0.7222222222222222,0.3164556962025316,0.4,0.4931506849315068,0.5396825396825397,0.3181818181818182,0.0,19,11,67.0,32.0,0.0,0.34375,18,,41.0,2.2777777777777777,0.0,57.10000000000001,3.1722222222222225
8,9,,2022-11-04,20-323,CHO,@,MEM,L (-31),Inactive,Inactive,0.0,0.0,Inactive,,,Inactive,Inactive,0.0,Inactive,0.0,0.0,,0.0,0.0,0.0,0.0,0.0,0.0,Inactive,Inactive,,,,27,6,35,31,25,12,42,19,13,3,26,25,26,36,34,14,46.0,7.0,54.0,50.0,80.0,34.0,69.0,46.0,48.0,5,36.0,79.0,65.0,73.0,63.0,44.0,4.0,0.5869565217391305,0.8571428571428571,0.6481481481481481,0.62,0.3125,0.3529411764705882,0.6086956521739131,0.4130434782608695,0.2708333333333333,0.6,0.7222222222222222,0.3164556962025316,0.4,0.4931506849315068,0.5396825396825397,0.3181818181818182,0.0,19,11,67.0,32.0,0.0,0.34375,18,,42.0,2.333333333333333,0.0,62.6,3.477777777777778
9,10,,2022-11-05,20-324,CHO,,BRK,L (-4),Inactive,Inactive,0.0,0.0,Inactive,,,Inactive,Inactive,0.0,Inactive,0.0,0.0,,0.0,0.0,0.0,0.0,0.0,0.0,Inactive,Inactive,,,,27,6,35,31,25,12,42,19,13,3,26,25,26,36,34,14,46.0,7.0,54.0,50.0,80.0,34.0,69.0,46.0,48.0,5,36.0,79.0,65.0,73.0,63.0,44.0,4.0,0.5869565217391305,0.8571428571428571,0.6481481481481481,0.62,0.3125,0.3529411764705882,0.6086956521739131,0.4130434782608695,0.2708333333333333,0.6,0.7222222222222222,0.3164556962025316,0.4,0.4931506849315068,0.5396825396825397,0.3181818181818182,0.0,19,11,67.0,32.0,0.0,0.34375,18,,30.0,1.6666666666666667,0.0,44.000000000000014,2.444444444444445
10,11,,2022-11-07,20-326,CHO,,WAS,L (-8),Did Not Play,Did Not Play,0.0,0.0,Did Not Play,,,Did Not Play,Did Not Play,0.0,Did Not Play,0.0,0.0,,0.0,0.0,0.0,0.0,0.0,0.0,Did Not Play,Did Not Play,,,,27,6,35,31,25,12,42,19,13,3,26,25,26,36,34,14,46.0,7.0,54.0,50.0,80.0,34.0,69.0,46.0,48.0,5,36.0,79.0,65.0,73.0,63.0,44.0,4.0,0.5869565217391305,0.8571428571428571,0.6481481481481481,0.62,0.3125,0.3529411764705882,0.6086956521739131,0.4130434782608695,0.2708333333333333,0.6,0.7222222222222222,0.3164556962025316,0.4,0.4931506849315068,0.5396825396825397,0.3181818181818182,0.0,19,11,67.0,32.0,0.0,0.34375,18,,48.0,2.6666666666666665,0.0,73.10000000000001,4.061111111111112
11,12,,2022-11-09,20-328,CHO,,POR,L (-10),Did Not Play,Did Not Play,0.0,0.0,Did Not Play,,,Did Not Play,Did Not Play,0.0,Did Not Play,0.0,0.0,,0.0,0.0,0.0,0.0,0.0,0.0,Did Not Play,Did Not Play,,,,27,6,35,31,25,12,42,19,13,3,26,25,26,36,34,14,46.0,7.0,54.0,50.0,80.0,34.0,69.0,46.0,48.0,5,36.0,79.0,65.0,73.0,63.0,44.0,4.0,0.5869565217391305,0.8571428571428571,0.6481481481481481,0.62,0.3125,0.3529411764705882,0.6086956521739131,0.4130434782608695,0.2708333333333333,0.6,0.7222222222222222,0.3164556962025316,0.4,0.4931506849315068,0.5396825396825397,0.3181818181818182,0.0,19,11,67.0,32.0,0.0,0.34375,18,,24.0,1.3333333333333333,0.0,45.6,2.533333333333333
12,13,,2022-11-10,20-329,CHO,@,MIA,L (-5),Not With Team,Not With Team,0.0,0.0,Not With Team,,,Not With Team,Not With Team,0.0,Not With Team,0.0,0.0,,0.0,0.0,0.0,0.0,0.0,0.0,Not With Team,Not With Team,,,,27,6,35,31,25,12,42,19,13,3,26,25,26,36,34,14,46.0,7.0,54.0,50.0,80.0,34.0,69.0,46.0,48.0,5,36.0,79.0,65.0,73.0,63.0,44.0,4.0,0.5869565217391305,0.8571428571428571,0.6481481481481481,0.62,0.3125,0.3529411764705882,0.6086956521739131,0.4130434782608695,0.2708333333333333,0.6,0.7222222222222222,0.3164556962025316,0.4,0.4931506849315068,0.5396825396825397,0.3181818181818182,0.0,19,11,67.0,32.0,0.0,0.34375,18,,33.0,1.8333333333333333,0.0,47.7,2.6500000000000004
13,14,,2022-11-12,20-331,CHO,@,MIA,L (-17),Inactive,Inactive,0.0,0.0,Inactive,,,Inactive,Inactive,0.0,Inactive,0.0,0.0,,0.0,0.0,0.0,0.0,0.0,0.0,Inactive,Inactive,,,,27,6,35,31,25,12,42,19,13,3,26,25,26,36,34,14,46.0,7.0,54.0,50.0,80.0,34.0,69.0,46.0,48.0,5,36.0,79.0,65.0,73.0,63.0,44.0,4.0,0.5869565217391305,0.8571428571428571,0.6481481481481481,0.62,0.3125,0.3529411764705882,0.6086956521739131,0.4130434782608695,0.2708333333333333,0.6,0.7222222222222222,0.3164556962025316,0.4,0.4931506849315068,0.5396825396825397,0.3181818181818182,0.0,19,11,67.0,32.0,0.0,0.34375,18,,52.0,2.888888888888889,0.0,76.89999999999999,4.272222222222222
14,15,,2022-11-14,20-333,CHO,@,ORL,W (+7),Inactive,Inactive,0.0,0.0,Inactive,,,Inactive,Inactive,0.0,Inactive,0.0,0.0,,0.0,0.0,0.0,0.0,0.0,0.0,Inactive,Inactive,,,,27,6,35,31,25,12,42,19,13,3,26,25,26,36,34,14,46.0,7.0,54.0,50.0,80.0,34.0,69.0,46.0,48.0,5,36.0,79.0,65.0,73.0,63.0,44.0,4.0,0.5869565217391305,0.8571428571428571,0.6481481481481481,0.62,0.3125,0.3529411764705882,0.6086956521739131,0.4130434782608695,0.2708333333333333,0.6,0.7222222222222222,0.3164556962025316,0.4,0.4931506849315068,0.5396825396825397,0.3181818181818182,0.0,19,11,67.0,32.0,0.0,0.34375,18,,42.0,2.333333333333333,0.0,65.59999999999998,3.6444444444444435
15,16,,2022-11-16,20-335,CHO,,IND,L (-12),Inactive,Inactive,0.0,0.0,Inactive,,,Inactive,Inactive,0.0,Inactive,0.0,0.0,,0.0,0.0,0.0,0.0,0.0,0.0,Inactive,Inactive,,,,27,6,35,31,25,12,42,19,13,3,26,25,26,36,34,14,46.0,7.0,54.0,50.0,80.0,34.0,69.0,46.0,48.0,5,36.0,79.0,65.0,73.0,63.0,44.0,4.0,0.5869565217391305,0.8571428571428571,0.6481481481481481,0.62,0.3125,0.3529411764705882,0.6086956521739131,0.4130434782608695,0.2708333333333333,0.6,0.7222222222222222,0.3164556962025316,0.4,0.4931506849315068,0.5396825396825397,0.3181818181818182,0.0,19,11,67.0,32.0,0.0,0.34375,18,,47.0,2.611111111111111,0.0,75.3,4.183333333333334
16,17,,2022-11-18,20-337,CHO,@,CLE,L (-10),Inactive,Inactive,0.0,0.0,Inactive,,,Inactive,Inactive,0.0,Inactive,0.0,0.0,,0.0,0.0,0.0,0.0,0.0,0.0,Inactive,Inactive,,,,27,6,35,31,25,12,42,19,13,3,26,25,26,36,34,14,46.0,7.0,54.0,50.0,80.0,34.0,69.0,46.0,48.0,5,36.0,79.0,65.0,73.0,63.0,44.0,4.0,0.5869565217391305,0.8571428571428571,0.6481481481481481,0.62,0.3125,0.3529411764705882,0.6086956521739131,0.4130434782608695,0.2708333333333333,0.6,0.7222222222222222,0.3164556962025316,0.4,0.4931506849315068,0.5396825396825397,0.3181818181818182,0.0,19,11,67.0,32.0,0.0,0.34375,18,,63.0,3.5,0.0,81.5,4.527777777777778
17,18,,2022-11-20,20-339,CHO,@,WAS,L (-4),Did Not Play,Did Not Play,0.0,0.0,Did Not Play,,,Did Not Play,Did Not Play,0.0,Did Not Play,0.0,0.0,,0.0,0.0,0.0,0.0,0.0,0.0,Did Not Play,Did Not Play,,,,27,6,35,31,25,12,42,19,13,3,26,25,26,36,34,14,46.0,7.0,54.0,50.0,80.0,34.0,69.0,46.0,48.0,5,36.0,79.0,65.0,73.0,63.0,44.0,4.0,0.5869565217391305,0.8571428571428571,0.6481481481481481,0.62,0.3125,0.3529411764705882,0.6086956521739131,0.4130434782608695,0.2708333333333333,0.6,0.7222222222222222,0.3164556962025316,0.4,0.4931506849315068,0.5396825396825397,0.3181818181818182,0.0,19,11,67.0,32.0,0.0,0.34375,18,,50.0,2.7777777777777777,0.0,64.1,3.561111111111111
18,19,,2022-11-23,20-342,CHO,,PHI,W (+6),Did Not Play,Did Not Play,0.0,0.0,Did Not Play,,,Did Not Play,Did Not Play,0.0,Did Not Play,0.0,0.0,,0.0,0.0,0.0,0.0,0.0,0.0,Did Not Play,Did Not Play,,,,27,6,35,31,25,12,42,19,13,3,26,25,26,36,34,14,46.0,7.0,54.0,50.0,80.0,34.0,69.0,46.0,48.0,5,36.0,79.0,65.0,73.0,63.0,44.0,4.0,0.5869565217391305,0.8571428571428571,0.6481481481481481,0.62,0.3125,0.3529411764705882,0.6086956521739131,0.4130434782608695,0.2708333333333333,0.6,0.7222222222222222,0.3164556962025316,0.4,0.4931506849315068,0.5396825396825397,0.3181818181818182,0.0,19,11,67.0,32.0,0.0,0.34375,18,,33.0,1.8333333333333333,0.0,52.39999999999999,2.9111111111111105
19,20,,2022-11-25,20-344,CHO,,MIN,W (+2),Did Not Play,Did Not Play,0.0,0.0,Did Not Play,,,Did Not Play,Did Not Play,0.0,Did Not Play,0.0,0.0,,0.0,0.0,0.0,0.0,0.0,0.0,Did Not Play,Did Not Play,,,,27,6,35,31,25,12,42,19,13,3,26,25,26,36,34,14,46.0,7.0,54.0,50.0,80.0,34.0,69.0,46.0,48.0,5,36.0,79.0,65.0,73.0,63.0,44.0,4.0,0.5869565217391305,0.8571428571428571,0.6481481481481481,0.62,0.3125,0.3529411764705882,0.6086956521739131,0.4130434782608695,0.2708333333333333,0.6,0.7222222222222222,0.3164556962025316,0.4,0.4931506849315068,0.5396825396825397,0.3181818181818182,0.0,19,11,67.0,32.0,0.0,0.34375,18,,52.0,2.888888888888889,0.0,76.4,4.2444444444444445
20,Rk,G,Date,Age,Tm,,Opp,,GS,MP,0.0,0.0,FG%,,,3P%,FT,0.0,FT%,0.0,0.0,,0.0,0.0,0.0,0.0,0.0,0.0,GmSc,+/-,,,,27,6,35,31,25,12,42,19,13,3,26,25,26,36,34,14,46.0,7.0,54.0,50.0,80.0,34.0,69.0,46.0,48.0,5,36.0,79.0,65.0,73.0,63.0,44.0,4.0,0.5869565217391305,0.8571428571428571,0.6481481481481481,0.62,0.3125,0.3529411764705882,0.6086956521739131,0.4130434782608695,0.2708333333333333,0.6,0.7222222222222222,0.3164556962025316,0.4,0.4931506849315068,0.5396825396825397,0.3181818181818182,0.0,19,11,67.0,32.0,0.0,0.34375,18,,0.0,0.0,0.0,0.0,0.0
21,21,,2022-11-28,20-347,CHO,@,BOS,L (-35),Inactive,Inactive,0.0,0.0,Inactive,,,Inactive,Inactive,0.0,Inactive,0.0,0.0,,0.0,0.0,0.0,0.0,0.0,0.0,Inactive,Inactive,,,,27,6,35,31,25,12,42,19,13,3,26,25,26,36,34,14,46.0,7.0,54.0,50.0,80.0,34.0,69.0,46.0,48.0,5,36.0,79.0,65.0,73.0,63.0,44.0,4.0,0.5869565217391305,0.8571428571428571,0.6481481481481481,0.62,0.3125,0.3529411764705882,0.6086956521739131,0.4130434782608695,0.2708333333333333,0.6,0.7222222222222222,0.3164556962025316,0.4,0.4931506849315068,0.5396825396825397,0.3181818181818182,0.0,19,11,67.0,32.0,0.0,0.34375,18,,51.0,2.833333333333333,0.0,66.19999999999999,3.677777777777777
22,22,,2022-12-02,20-351,CHO,,WAS,W (+1),Inactive,Inactive,0.0,0.0,Inactive,,,Inactive,Inactive,0.0,Inactive,0.0,0.0,,0.0,0.0,0.0,0.0,0.0,0.0,Inactive,Inactive,,,,27,6,35,31,25,12,42,19,13,3,26,25,26,36,34,14,46.0,7.0,54.0,50.0,80.0,34.0,69.0,46.0,48.0,5,36.0,79.0,65.0,73.0,63.0,44.0,4.0,0.5869565217391305,0.8571428571428571,0.6481481481481481,0.62,0.3125,0.3529411764705882,0.6086956521739131,0.4130434782608695,0.2708333333333333,0.6,0.7222222222222222,0.3164556962025316,0.4,0.4931506849315068,0.5396825396825397,0.3181818181818182,0.0,19,11,67.0,32.0,0.0,0.34375,18,,53.0,2.9444444444444446,0.0,72.2,4.011111111111111
23,23,,2022-12-03,20-352,CHO,,MIL,L (-9),Inactive,Inactive,0.0,0.0,Inactive,,,Inactive,Inactive,0.0,Inactive,0.0,0.0,,0.0,0.0,0.0,0.0,0.0,0.0,Inactive,Inactive,,,,27,6,35,31,25,12,42,19,13,3,26,25,26,36,34,14,46.0,7.0,54.0,50.0,80.0,34.0,69.0,46.0,48.0,5,36.0,79.0,65.0,73.0,63.0,44.0,4.0,0.5869565217391305,0.8571428571428571,0.6481481481481481,0.62,0.3125,0.3529411764705882,0.6086956521739131,0.4130434782608695,0.2708333333333333,0.6,0.7222222222222222,0.3164556962025316,0.4,0.4931506849315068,0.5396825396825397,0.3181818181818182,0.0,19,11,67.0,32.0,0.0,0.34375,18,,16.0,0.8888888888888888,0.0,30.300000000000004,1.6833333333333336
24,24,,2022-12-05,20-354,CHO,,LAC,L (-2),Inactive,Inactive,0.0,0.0,Inactive,,,Inactive,Inactive,0.0,Inactive,0.0,0.0,,0.0,0.0,0.0,0.0,0.0,0.0,Inactive,Inactive,,,,27,6,35,31,25,12,42,19,13,3,26,25,26,36,34,14,46.0,7.0,54.0,50.0,80.0,34.0,69.0,46.0,48.0,5,36.0,79.0,65.0,73.0,63.0,44.0,4.0,0.5869565217391305,0.8571428571428571,0.6481481481481481,0.62,0.3125,0.3529411764705882,0.6086956521739131,0.4130434782608695,0.2708333333333333,0.6,0.7222222222222222,0.3164556962025316,0.4,0.4931506849315068,0.5396825396825397,0.3181818181818182,0.0,19,11,67.0,32.0,0.0,0.34375,18,,54.0,3.0,0.0,73.39999999999999,4.0777777777777775
25,25,,2022-12-07,20-356,CHO,@,BRK,L (-6),Inactive,Inactive,0.0,0.0,Inactive,,,Inactive,Inactive,0.0,Inactive,0.0,0.0,,0.0,0.0,0.0,0.0,0.0,0.0,Inactive,Inactive,,,,27,6,35,31,25,12,42,19,13,3,26,25,26,36,34,14,46.0,7.0,54.0,50.0,80.0,34.0,69.0,46.0,48.0,5,36.0,79.0,65.0,73.0,63.0,44.0,4.0,0.5869565217391305,0.8571428571428571,0.6481481481481481,0.62,0.3125,0.3529411764705882,0.6086956521739131,0.4130434782608695,0.2708333333333333,0.6,0.7222222222222222,0.3164556962025316,0.4,0.4931506849315068,0.5396825396825397,0.3181818181818182,0.0,19,11,67.0,32.0,0.0,0.34375,18,,43.0,2.388888888888889,0.0,61.400000000000006,3.4111111111111114
26,26,,2022-12-09,20-358,CHO,,NYK,L (-19),Inactive,Inactive,0.0,0.0,Inactive,,,Inactive,Inactive,0.0,Inactive,0.0,0.0,,0.0,0.0,0.0,0.0,0.0,0.0,Inactive,Inactive,,,,27,6,35,31,25,12,42,19,13,3,26,25,26,36,34,14,46.0,7.0,54.0,50.0,80.0,34.0,69.0,46.0,48.0,5,36.0,79.0,65.0,73.0,63.0,44.0,4.0,0.5869565217391305,0.8571428571428571,0.6481481481481481,0.62,0.3125,0.3529411764705882,0.6086956521739131,0.4130434782608695,0.2708333333333333,0.6,0.7222222222222222,0.3164556962025316,0.4,0.4931506849315068,0.5396825396825397,0.3181818181818182,0.0,19,11,67.0,32.0,0.0,0.34375,18,,36.0,2.0,0.0,50.7,2.816666666666667
27,27,,2022-12-11,20-360,CHO,@,PHI,L (-18),Inactive,Inactive,0.0,0.0,Inactive,,,Inactive,Inactive,0.0,Inactive,0.0,0.0,,0.0,0.0,0.0,0.0,0.0,0.0,Inactive,Inactive,,,,27,6,35,31,25,12,42,19,13,3,26,25,26,36,34,14,46.0,7.0,54.0,50.0,80.0,34.0,69.0,46.0,48.0,5,36.0,79.0,65.0,73.0,63.0,44.0,4.0,0.5869565217391305,0.8571428571428571,0.6481481481481481,0.62,0.3125,0.3529411764705882,0.6086956521739131,0.4130434782608695,0.2708333333333333,0.6,0.7222222222222222,0.3164556962025316,0.4,0.4931506849315068,0.5396825396825397,0.3181818181818182,0.0,19,11,67.0,32.0,0.0,0.34375,18,,39.0,2.1666666666666665,0.0,64.39999999999999,3.5777777777777775
28,28,,2022-12-14,20-363,CHO,,DET,L (-7),Inactive,Inactive,0.0,0.0,Inactive,,,Inactive,Inactive,0.0,Inactive,0.0,0.0,,0.0,0.0,0.0,0.0,0.0,0.0,Inactive,Inactive,,,,27,6,35,31,25,12,42,19,13,3,26,25,26,36,34,14,46.0,7.0,54.0,50.0,80.0,34.0,69.0,46.0,48.0,5,36.0,79.0,65.0,73.0,63.0,44.0,4.0,0.5869565217391305,0.8571428571428571,0.6481481481481481,0.62,0.3125,0.3529411764705882,0.6086956521739131,0.4130434782608695,0.2708333333333333,0.6,0.7222222222222222,0.3164556962025316,0.4,0.4931506849315068,0.5396825396825397,0.3181818181818182,0.0,19,11,67.0,32.0,0.0,0.34375,18,,34.0,1.8888888888888888,0.0,64.20000000000002,3.5666666666666678
29,29,,2022-12-16,21-000,CHO,,ATL,L (-19),Inactive,Inactive,0.0,0.0,Inactive,,,Inactive,Inactive,0.0,Inactive,0.0,0.0,,0.0,0.0,0.0,0.0,0.0,0.0,Inactive,Inactive,,,,27,6,35,31,25,12,42,19,13,3,26,25,26,36,34,14,46.0,7.0,54.0,50.0,80.0,34.0,69.0,46.0,48.0,5,36.0,79.0,65.0,73.0,63.0,44.0,4.0,0.5869565217391305,0.8571428571428571,0.6481481481481481,0.62,0.3125,0.3529411764705882,0.6086956521739131,0.4130434782608695,0.2708333333333333,0.6,0.7222222222222222,0.3164556962025316,0.4,0.4931506849315068,0.5396825396825397,0.3181818181818182,0.0,19,11,67.0,32.0,0.0,0.34375,18,,53.0,2.9444444444444446,0.0,74.1,4.116666666666666
30,30,,2022-12-18,21-002,CHO,@,DEN,L (-4),Inactive,Inactive,0.0,0.0,Inactive,,,Inactive,Inactive,0.0,Inactive,0.0,0.0,,0.0,0.0,0.0,0.0,0.0,0.0,Inactive,Inactive,,,,27,6,35,31,25,12,42,19,13,3,26,25,26,36,34,14,46.0,7.0,54.0,50.0,80.0,34.0,69.0,46.0,48.0,5,36.0,79.0,65.0,73.0,63.0,44.0,4.0,0.5869565217391305,0.8571428571428571,0.6481481481481481,0.62,0.3125,0.3529411764705882,0.6086956521739131,0.4130434782608695,0.2708333333333333,0.6,0.7222222222222222,0.3164556962025316,0.4,0.4931506849315068,0.5396825396825397,0.3181818181818182,0.0,19,11,67.0,32.0,0.0,0.34375,18,,50.0,2.7777777777777777,0.0,65.49999999999999,3.638888888888888
31,31,,2022-12-19,21-003,CHO,@,SAC,W (+6),Inactive,Inactive,0.0,0.0,Inactive,,,Inactive,Inactive,0.0,Inactive,0.0,0.0,,0.0,0.0,0.0,0.0,0.0,0.0,Inactive,Inactive,,,,27,6,35,31,25,12,42,19,13,3,26,25,26,36,34,14,46.0,7.0,54.0,50.0,80.0,34.0,69.0,46.0,48.0,5,36.0,79.0,65.0,73.0,63.0,44.0,4.0,0.5869565217391305,0.8571428571428571,0.6481481481481481,0.62,0.3125,0.3529411764705882,0.6086956521739131,0.4130434782608695,0.2708333333333333,0.6,0.7222222222222222,0.3164556962025316,0.4,0.4931506849315068,0.5396825396825397,0.3181818181818182,0.0,19,11,67.0,32.0,0.0,0.34375,18,,81.0,4.5,0.0,91.6,5.088888888888889
32,32,,2022-12-21,21-005,CHO,@,LAC,L (-21),Inactive,Inactive,0.0,0.0,Inactive,,,Inactive,Inactive,0.0,Inactive,0.0,0.0,,0.0,0.0,0.0,0.0,0.0,0.0,Inactive,Inactive,,,,27,6,35,31,25,12,42,19,13,3,26,25,26,36,34,14,46.0,7.0,54.0,50.0,80.0,34.0,69.0,46.0,48.0,5,36.0,79.0,65.0,73.0,63.0,44.0,4.0,0.5869565217391305,0.8571428571428571,0.6481481481481481,0.62,0.3125,0.3529411764705882,0.6086956521739131,0.4130434782608695,0.2708333333333333,0.6,0.7222222222222222,0.3164556962025316,0.4,0.4931506849315068,0.5396825396825397,0.3181818181818182,0.0,19,11,67.0,32.0,0.0,0.34375,18,,50.0,2.7777777777777777,0.0,60.7,3.3722222222222222
33,33,,2022-12-23,21-007,CHO,@,LAL,W (+4),Did Not Play,Did Not Play,0.0,0.0,Did Not Play,,,Did Not Play,Did Not Play,0.0,Did Not Play,0.0,0.0,,0.0,0.0,0.0,0.0,0.0,0.0,Did Not Play,Did Not Play,,,,27,6,35,31,25,12,42,19,13,3,26,25,26,36,34,14,46.0,7.0,54.0,50.0,80.0,34.0,69.0,46.0,48.0,5,36.0,79.0,65.0,73.0,63.0,44.0,4.0,0.5869565217391305,0.8571428571428571,0.6481481481481481,0.62,0.3125,0.3529411764705882,0.6086956521739131,0.4130434782608695,0.2708333333333333,0.6,0.7222222222222222,0.3164556962025316,0.4,0.4931506849315068,0.5396825396825397,0.3181818181818182,0.0,19,11,67.0,32.0,0.0,0.34375,18,,77.0,4.277777777777778,0.0,93.5,5.194444444444445
34,34,4,2022-12-26,21-010,CHO,@,POR,L (-11),0,15:46,3.0,4.0,.750,0.0,0.0,,3,4.0,.750,1.0,5.0,6.0,1.0,2.0,0.0,0.0,5.0,9.0,9.9,+7,4.0,3.0,0.75,27,6,35,31,25,12,42,19,13,3,26,25,26,36,34,14,46.0,7.0,54.0,50.0,80.0,34.0,69.0,46.0,48.0,5,36.0,79.0,65.0,73.0,63.0,44.0,4.0,0.5869565217391305,0.8571428571428571,0.6481481481481481,0.62,0.3125,0.3529411764705882,0.6086956521739131,0.4130434782608695,0.2708333333333333,0.6,0.7222222222222222,0.3164556962025316,0.4,0.4931506849315068,0.5396825396825397,0.3181818181818182,0.0,19,11,67.0,32.0,0.0,0.34375,18,10.0,29.0,1.6111111111111112,8.699999999999998,47.400000000000006,2.6333333333333337
35,35,5,2022-12-27,21-011,CHO,@,GSW,L (-5),0,18:26,3.0,5.0,.600,0.0,0.0,,0,0.0,,0.0,2.0,2.0,1.0,1.0,2.0,1.0,1.0,6.0,6.0,+1,5.0,3.0,0.6,27,6,35,31,25,12,42,19,13,3,26,25,26,36,34,14,46.0,7.0,54.0,50.0,80.0,34.0,69.0,46.0,48.0,5,36.0,79.0,65.0,73.0,63.0,44.0,4.0,0.5869565217391305,0.8571428571428571,0.6481481481481481,0.62,0.3125,0.3529411764705882,0.6086956521739131,0.4130434782608695,0.2708333333333333,0.6,0.7222222222222222,0.3164556962025316,0.4,0.4931506849315068,0.5396825396825397,0.3181818181818182,0.0,19,11,67.0,32.0,0.0,0.34375,18,6.0,20.0,1.1111111111111112,6.0,40.5,2.25
36,36,6,2022-12-29,21-013,CHO,,OKC,W (+8),0,21:17,7.0,7.0,1.000,0.0,0.0,,3,5.0,.600,4.0,9.0,13.0,2.0,2.0,2.0,1.0,2.0,17.0,22.6,-1,7.0,7.0,1.0,27,6,35,31,25,12,42,19,13,3,26,25,26,36,34,14,46.0,7.0,54.0,50.0,80.0,34.0,69.0,46.0,48.0,5,36.0,79.0,65.0,73.0,63.0,44.0,4.0,0.5869565217391305,0.8571428571428571,0.6481481481481481,0.62,0.3125,0.3529411764705882,0.6086956521739131,0.4130434782608695,0.2708333333333333,0.6,0.7222222222222222,0.3164556962025316,0.4,0.4931506849315068,0.5396825396825397,0.3181818181818182,0.0,19,11,67.0,32.0,0.0,0.34375,18,23.0,51.0,2.833333333333333,21.4,59.8,3.322222222222222
37,37,7,2022-12-31,21-015,CHO,,BRK,L (-17),0,14:37,3.0,7.0,.429,0.0,0.0,,2,2.0,1.000,3.0,4.0,7.0,0.0,0.0,0.0,4.0,1.0,8.0,3.2,-8,7.0,3.0,0.4285714285714285,27,6,35,31,25,12,42,19,13,3,26,25,26,36,34,14,46.0,7.0,54.0,50.0,80.0,34.0,69.0,46.0,48.0,5,36.0,79.0,65.0,73.0,63.0,44.0,4.0,0.5869565217391305,0.8571428571428571,0.6481481481481481,0.62,0.3125,0.3529411764705882,0.6086956521739131,0.4130434782608695,0.2708333333333333,0.6,0.7222222222222222,0.3164556962025316,0.4,0.4931506849315068,0.5396825396825397,0.3181818181818182,0.0,19,11,67.0,32.0,0.0,0.34375,18,2.0,39.0,2.1666666666666665,2.3999999999999986,54.8,3.0444444444444443
38,38,8,2023-01-02,21-017,CHO,,LAL,L (-6),0,15:25,1.0,2.0,.500,0.0,0.0,,3,4.0,.750,0.0,9.0,9.0,0.0,0.0,1.0,1.0,1.0,5.0,5.6,-7,2.0,1.0,0.5,27,6,35,31,25,12,42,19,13,3,26,25,26,36,34,14,46.0,7.0,54.0,50.0,80.0,34.0,69.0,46.0,48.0,5,36.0,79.0,65.0,73.0,63.0,44.0,4.0,0.5869565217391305,0.8571428571428571,0.6481481481481481,0.62,0.3125,0.3529411764705882,0.6086956521739131,0.4130434782608695,0.2708333333333333,0.6,0.7222222222222222,0.3164556962025316,0.4,0.4931506849315068,0.5396825396825397,0.3181818181818182,0.0,19,11,67.0,32.0,0.0,0.34375,18,8.0,39.0,2.1666666666666665,4.399999999999999,60.8,3.3777777777777778
39,39,9,2023-01-04,21-019,CHO,,MEM,L (-24),0,20:13,1.0,5.0,.200,0.0,0.0,,0,0.0,,1.0,7.0,8.0,0.0,1.0,1.0,2.0,3.0,2.0,0.2,-23,5.0,1.0,0.2,27,6,35,31,25,12,42,19,13,3,26,25,26,36,34,14,46.0,7.0,54.0,50.0,80.0,34.0,69.0,46.0,48.0,5,36.0,79.0,65.0,73.0,63.0,44.0,4.0,0.5869565217391305,0.8571428571428571,0.6481481481481481,0.62,0.3125,0.3529411764705882,0.6086956521739131,0.4130434782608695,0.2708333333333333,0.6,0.7222222222222222,0.3164556962025316,0.4,0.4931506849315068,0.5396825396825397,0.3181818181818182,0.0,19,11,67.0,32.0,0.0,0.34375,18,5.0,41.0,2.2777777777777777,0.1999999999999993,63.3,3.5166666666666666
40,40,10,2023-01-06,21-021,CHO,@,MIL,W (+29),0,14:10,2.0,4.0,.500,0.0,0.0,,0,2.0,.000,2.0,4.0,6.0,1.0,1.0,0.0,0.0,3.0,4.0,4.3,-4,4.0,2.0,0.5,27,6,35,31,25,12,42,19,13,3,26,25,26,36,34,14,46.0,7.0,54.0,50.0,80.0,34.0,69.0,46.0,48.0,5,36.0,79.0,65.0,73.0,63.0,44.0,4.0,0.5869565217391305,0.8571428571428571,0.6481481481481481,0.62,0.3125,0.3529411764705882,0.6086956521739131,0.4130434782608695,0.2708333333333333,0.6,0.7222222222222222,0.3164556962025316,0.4,0.4931506849315068,0.5396825396825397,0.3181818181818182,0.0,19,11,67.0,32.0,0.0,0.34375,18,6.0,76.0,4.222222222222222,4.299999999999998,104.8,5.822222222222222
41,Rk,G,Date,Age,Tm,,Opp,,GS,MP,0.0,0.0,FG%,,,3P%,FT,0.0,FT%,0.0,0.0,,0.0,0.0,0.0,0.0,0.0,0.0,GmSc,+/-,,,,27,6,35,31,25,12,42,19,13,3,26,25,26,36,34,14,46.0,7.0,54.0,50.0,80.0,34.0,69.0,46.0,48.0,5,36.0,79.0,65.0,73.0,63.0,44.0,4.0,0.5869565217391305,0.8571428571428571,0.6481481481481481,0.62,0.3125,0.3529411764705882,0.6086956521739131,0.4130434782608695,0.2708333333333333,0.6,0.7222222222222222,0.3164556962025316,0.4,0.4931506849315068,0.5396825396825397,0.3181818181818182,0.0,19,11,67.0,32.0,0.0,0.34375,18,,0.0,0.0,0.0,0.0,0.0
42,41,11,2023-01-08,21-023,CHO,@,IND,L (-5),0,16:23,2.0,6.0,.333,0.0,0.0,,3,4.0,.750,2.0,6.0,8.0,0.0,1.0,1.0,0.0,2.0,7.0,7.3,+5,6.0,2.0,0.3333333333333333,27,6,35,31,25,12,42,19,13,3,26,25,26,36,34,14,46.0,7.0,54.0,50.0,80.0,34.0,69.0,46.0,48.0,5,36.0,79.0,65.0,73.0,63.0,44.0,4.0,0.5869565217391305,0.8571428571428571,0.6481481481481481,0.62,0.3125,0.3529411764705882,0.6086956521739131,0.4130434782608695,0.2708333333333333,0.6,0.7222222222222222,0.3164556962025316,0.4,0.4931506849315068,0.5396825396825397,0.3181818181818182,0.0,19,11,67.0,32.0,0.0,0.34375,18,7.0,38.0,2.111111111111111,6.1000000000000005,49.49999999999999,2.7499999999999996
43,42,12,2023-01-10,21-025,CHO,@,TOR,L (-12),0,14:31,1.0,2.0,.500,0.0,0.0,,2,2.0,1.000,1.0,3.0,4.0,0.0,0.0,1.0,1.0,1.0,4.0,3.9,-12,2.0,1.0,0.5,27,6,35,31,25,12,42,19,13,3,26,25,26,36,34,14,46.0,7.0,54.0,50.0,80.0,34.0,69.0,46.0,48.0,5,36.0,79.0,65.0,73.0,63.0,44.0,4.0,0.5869565217391305,0.8571428571428571,0.6481481481481481,0.62,0.3125,0.3529411764705882,0.6086956521739131,0.4130434782608695,0.2708333333333333,0.6,0.7222222222222222,0.3164556962025316,0.4,0.4931506849315068,0.5396825396825397,0.3181818181818182,0.0,19,11,67.0,32.0,0.0,0.34375,18,4.0,68.0,3.7777777777777777,3.1000000000000005,85.7,4.761111111111111
44,43,,2023-01-12,21-027,CHO,@,TOR,L (-10),Did Not Play,Did Not Play,0.0,0.0,Did Not Play,,,Did Not Play,Did Not Play,0.0,Did Not Play,0.0,0.0,,0.0,0.0,0.0,0.0,0.0,0.0,Did Not Play,Did Not Play,,,,27,6,35,31,25,12,42,19,13,3,26,25,26,36,34,14,46.0,7.0,54.0,50.0,80.0,34.0,69.0,46.0,48.0,5,36.0,79.0,65.0,73.0,63.0,44.0,4.0,0.5869565217391305,0.8571428571428571,0.6481481481481481,0.62,0.3125,0.3529411764705882,0.6086956521739131,0.4130434782608695,0.2708333333333333,0.6,0.7222222222222222,0.3164556962025316,0.4,0.4931506849315068,0.5396825396825397,0.3181818181818182,0.0,19,11,67.0,32.0,0.0,0.34375,18,,52.0,2.888888888888889,0.0,61.400000000000006,3.4111111111111114
45,44,13,2023-01-14,21-029,CHO,,BOS,L (-16),0,1:44,1.0,2.0,.500,0.0,0.0,,0,0.0,,1.0,1.0,2.0,0.0,0.0,0.0,0.0,0.0,2.0,2.0,0,2.0,1.0,0.5,27,6,35,31,25,12,42,19,13,3,26,25,26,36,34,14,46.0,7.0,54.0,50.0,80.0,34.0,69.0,46.0,48.0,5,36.0,79.0,65.0,73.0,63.0,44.0,4.0,0.5869565217391305,0.8571428571428571,0.6481481481481481,0.62,0.3125,0.3529411764705882,0.6086956521739131,0.4130434782608695,0.2708333333333333,0.6,0.7222222222222222,0.3164556962025316,0.4,0.4931506849315068,0.5396825396825397,0.3181818181818182,0.0,19,11,67.0,32.0,0.0,0.34375,18,2.0,53.0,2.9444444444444446,2.0,70.7,3.927777777777778
46,45,14,2023-01-16,21-031,CHO,,BOS,L (-12),0,16:55,3.0,4.0,.750,0.0,0.0,,3,4.0,.750,1.0,5.0,6.0,0.0,0.0,0.0,0.0,1.0,9.0,8.8,0,4.0,3.0,0.75,27,6,35,31,25,12,42,19,13,3,26,25,26,36,34,14,46.0,7.0,54.0,50.0,80.0,34.0,69.0,46.0,48.0,5,36.0,79.0,65.0,73.0,63.0,44.0,4.0,0.5869565217391305,0.8571428571428571,0.6481481481481481,0.62,0.3125,0.3529411764705882,0.6086956521739131,0.4130434782608695,0.2708333333333333,0.6,0.7222222222222222,0.3164556962025316,0.4,0.4931506849315068,0.5396825396825397,0.3181818181818182,0.0,19,11,67.0,32.0,0.0,0.34375,18,7.0,29.0,1.6111111111111112,7.599999999999998,44.79999999999998,2.488888888888888
47,46,15,2023-01-18,21-033,CHO,@,HOU,W (+5),0,18:42,8.0,10.0,.800,0.0,0.0,,1,1.0,1.000,1.0,5.0,6.0,0.0,0.0,5.0,0.0,3.0,17.0,17.7,+11,10.0,8.0,0.8,27,6,35,31,25,12,42,19,13,3,26,25,26,36,34,14,46.0,7.0,54.0,50.0,80.0,34.0,69.0,46.0,48.0,5,36.0,79.0,65.0,73.0,63.0,44.0,4.0,0.5869565217391305,0.8571428571428571,0.6481481481481481,0.62,0.3125,0.3529411764705882,0.6086956521739131,0.4130434782608695,0.2708333333333333,0.6,0.7222222222222222,0.3164556962025316,0.4,0.4931506849315068,0.5396825396825397,0.3181818181818182,0.0,19,11,67.0,32.0,0.0,0.34375,18,17.0,46.0,2.555555555555556,17.3,69.60000000000001,3.866666666666667
48,47,16,2023-01-21,21-036,CHO,@,ATL,W (+4),0,18:33,3.0,5.0,.600,0.0,0.0,,2,3.0,.667,0.0,5.0,5.0,0.0,3.0,0.0,0.0,1.0,8.0,9.4,-6,5.0,3.0,0.6,27,6,35,31,25,12,42,19,13,3,26,25,26,36,34,14,46.0,7.0,54.0,50.0,80.0,34.0,69.0,46.0,48.0,5,36.0,79.0,65.0,73.0,63.0,44.0,4.0,0.5869565217391305,0.8571428571428571,0.6481481481481481,0.62,0.3125,0.3529411764705882,0.6086956521739131,0.4130434782608695,0.2708333333333333,0.6,0.7222222222222222,0.3164556962025316,0.4,0.4931506849315068,0.5396825396825397,0.3181818181818182,0.0,19,11,67.0,32.0,0.0,0.34375,18,8.0,54.0,3.0,8.6,73.60000000000001,4.0888888888888895
49,48,17,2023-01-23,21-038,CHO,@,UTA,L (-18),0,17:31,5.0,7.0,.714,0.0,0.0,,1,2.0,.500,3.0,0.0,3.0,0.0,2.0,3.0,1.0,3.0,11.0,11.7,-19,7.0,5.0,0.7142857142857143,27,6,35,31,25,12,42,19,13,3,26,25,26,36,34,14,46.0,7.0,54.0,50.0,80.0,34.0,69.0,46.0,48.0,5,36.0,79.0,65.0,73.0,63.0,44.0,4.0,0.5869565217391305,0.8571428571428571,0.6481481481481481,0.62,0.3125,0.3529411764705882,0.6086956521739131,0.4130434782608695,0.2708333333333333,0.6,0.7222222222222222,0.3164556962025316,0.4,0.4931506849315068,0.5396825396825397,0.3181818181818182,0.0,19,11,67.0,32.0,0.0,0.34375,18,9.0,17.0,0.9444444444444444,11.300000000000004,31.5,1.75
50,49,18,2023-01-24,21-039,CHO,@,PHO,L (-31),0,5:49,2.0,4.0,.500,0.0,0.0,,2,2.0,1.000,1.0,1.0,2.0,0.0,0.0,0.0,1.0,2.0,6.0,3.2,-7,4.0,2.0,0.5,27,6,35,31,25,12,42,19,13,3,26,25,26,36,34,14,46.0,7.0,54.0,50.0,80.0,34.0,69.0,46.0,48.0,5,36.0,79.0,65.0,73.0,63.0,44.0,4.0,0.5869565217391305,0.8571428571428571,0.6481481481481481,0.62,0.3125,0.3529411764705882,0.6086956521739131,0.4130434782608695,0.2708333333333333,0.6,0.7222222222222222,0.3164556962025316,0.4,0.4931506849315068,0.5396825396825397,0.3181818181818182,0.0,19,11,67.0,32.0,0.0,0.34375,18,1.0,23.0,1.2777777777777777,2.4000000000000004,34.8,1.9333333333333331
51,50,19,2023-01-26,21-041,CHO,,CHI,W (+15),0,17:56,5.0,5.0,1.000,0.0,0.0,,0,0.0,,3.0,3.0,6.0,0.0,1.0,0.0,0.0,1.0,10.0,12.1,-4,5.0,5.0,1.0,27,6,35,31,25,12,42,19,13,3,26,25,26,36,34,14,46.0,7.0,54.0,50.0,80.0,34.0,69.0,46.0,48.0,5,36.0,79.0,65.0,73.0,63.0,44.0,4.0,0.5869565217391305,0.8571428571428571,0.6481481481481481,0.62,0.3125,0.3529411764705882,0.6086956521739131,0.4130434782608695,0.2708333333333333,0.6,0.7222222222222222,0.3164556962025316,0.4,0.4931506849315068,0.5396825396825397,0.3181818181818182,0.0,19,11,67.0,32.0,0.0,0.34375,18,12.0,39.0,2.1666666666666665,12.1,51.8,2.8777777777777778
52,51,20,2023-01-29,21-044,CHO,,MIA,W (+5),0,19:52,2.0,2.0,1.000,0.0,0.0,,3,3.0,1.000,0.0,3.0,3.0,1.0,2.0,1.0,1.0,2.0,7.0,8.9,+9,2.0,2.0,1.0,27,6,35,31,25,12,42,19,13,3,26,25,26,36,34,14,46.0,7.0,54.0,50.0,80.0,34.0,69.0,46.0,48.0,5,36.0,79.0,65.0,73.0,63.0,44.0,4.0,0.5869565217391305,0.8571428571428571,0.6481481481481481,0.62,0.3125,0.3529411764705882,0.6086956521739131,0.4130434782608695,0.2708333333333333,0.6,0.7222222222222222,0.3164556962025316,0.4,0.4931506849315068,0.5396825396825397,0.3181818181818182,0.0,19,11,67.0,32.0,0.0,0.34375,18,8.0,60.0,3.333333333333333,7.699999999999996,80.30000000000001,4.461111111111112
53,52,21,2023-01-31,21-046,CHO,@,MIL,L (-9),0,16:35,1.0,5.0,.200,0.0,0.0,,3,4.0,.750,4.0,3.0,7.0,0.0,0.0,1.0,0.0,4.0,5.0,4.3,-11,5.0,1.0,0.2,27,6,35,31,25,12,42,19,13,3,26,25,26,36,34,14,46.0,7.0,54.0,50.0,80.0,34.0,69.0,46.0,48.0,5,36.0,79.0,65.0,73.0,63.0,44.0,4.0,0.5869565217391305,0.8571428571428571,0.6481481481481481,0.62,0.3125,0.3529411764705882,0.6086956521739131,0.4130434782608695,0.2708333333333333,0.6,0.7222222222222222,0.3164556962025316,0.4,0.4931506849315068,0.5396825396825397,0.3181818181818182,0.0,19,11,67.0,32.0,0.0,0.34375,18,4.0,52.0,2.888888888888889,3.099999999999999,65.8,3.6555555555555554
54,53,22,2023-02-02,21-048,CHO,@,CHI,L (-16),0,16:53,6.0,7.0,.857,0.0,0.0,,1,2.0,.500,4.0,3.0,7.0,0.0,1.0,3.0,2.0,4.0,13.0,13.3,+6,7.0,6.0,0.8571428571428571,27,6,35,31,25,12,42,19,13,3,26,25,26,36,34,14,46.0,7.0,54.0,50.0,80.0,34.0,69.0,46.0,48.0,5,36.0,79.0,65.0,73.0,63.0,44.0,4.0,0.5869565217391305,0.8571428571428571,0.6481481481481481,0.62,0.3125,0.3529411764705882,0.6086956521739131,0.4130434782608695,0.2708333333333333,0.6,0.7222222222222222,0.3164556962025316,0.4,0.4931506849315068,0.5396825396825397,0.3181818181818182,0.0,19,11,67.0,32.0,0.0,0.34375,18,13.0,33.0,1.8333333333333333,12.899999999999997,58.10000000000001,3.2277777777777783
55,54,23,2023-02-03,21-049,CHO,@,DET,L (-6),0,1:21,0.0,0.0,,0.0,0.0,,0,0.0,,0.0,0.0,0.0,0.0,0.0,0.0,0.0,0.0,0.0,0.0,+2,0.0,0.0,,27,6,35,31,25,12,42,19,13,3,26,25,26,36,34,14,46.0,7.0,54.0,50.0,80.0,34.0,69.0,46.0,48.0,5,36.0,79.0,65.0,73.0,63.0,44.0,4.0,0.5869565217391305,0.8571428571428571,0.6481481481481481,0.62,0.3125,0.3529411764705882,0.6086956521739131,0.4130434782608695,0.2708333333333333,0.6,0.7222222222222222,0.3164556962025316,0.4,0.4931506849315068,0.5396825396825397,0.3181818181818182,0.0,19,11,67.0,32.0,0.0,0.34375,18,0.0,48.0,2.6666666666666665,0.0,68.10000000000001,3.7833333333333337
56,55,24,2023-02-05,21-051,CHO,,ORL,L (-6),0,16:49,3.0,3.0,1.000,0.0,0.0,,0,0.0,,0.0,4.0,4.0,0.0,1.0,2.0,2.0,4.0,6.0,5.1,-4,3.0,3.0,1.0,27,6,35,31,25,12,42,19,13,3,26,25,26,36,34,14,46.0,7.0,54.0,50.0,80.0,34.0,69.0,46.0,48.0,5,36.0,79.0,65.0,73.0,63.0,44.0,4.0,0.5869565217391305,0.8571428571428571,0.6481481481481481,0.62,0.3125,0.3529411764705882,0.6086956521739131,0.4130434782608695,0.2708333333333333,0.6,0.7222222222222222,0.3164556962025316,0.4,0.4931506849315068,0.5396825396825397,0.3181818181818182,0.0,19,11,67.0,32.0,0.0,0.34375,18,8.0,40.0,2.2222222222222223,5.100000000000001,58.89999999999999,3.2722222222222217
57,56,25,2023-02-08,21-054,CHO,@,WAS,L (-14),0,16:47,4.0,5.0,.800,0.0,0.0,,1,2.0,.500,4.0,4.0,8.0,0.0,0.0,2.0,1.0,0.0,9.0,11.1,+1,5.0,4.0,0.8,27,6,35,31,25,12,42,19,13,3,26,25,26,36,34,14,46.0,7.0,54.0,50.0,80.0,34.0,69.0,46.0,48.0,5,36.0,79.0,65.0,73.0,63.0,44.0,4.0,0.5869565217391305,0.8571428571428571,0.6481481481481481,0.62,0.3125,0.3529411764705882,0.6086956521739131,0.4130434782608695,0.2708333333333333,0.6,0.7222222222222222,0.3164556962025316,0.4,0.4931506849315068,0.5396825396825397,0.3181818181818182,0.0,19,11,67.0,32.0,0.0,0.34375,18,11.0,43.0,2.388888888888889,10.699999999999998,59.7,3.316666666666667
58,57,26,2023-02-10,21-056,CHO,@,BOS,L (-11),1,30:47,4.0,7.0,.571,0.0,0.0,,3,4.0,.750,5.0,7.0,12.0,2.0,0.0,1.0,0.0,4.0,11.0,13.4,-3,7.0,4.0,0.5714285714285714,27,6,35,31,25,12,42,19,13,3,26,25,26,36,34,14,46.0,7.0,54.0,50.0,80.0,34.0,69.0,46.0,48.0,5,36.0,79.0,65.0,73.0,63.0,44.0,4.0,0.5869565217391305,0.8571428571428571,0.6481481481481481,0.62,0.3125,0.3529411764705882,0.6086956521739131,0.4130434782608695,0.2708333333333333,0.6,0.7222222222222222,0.3164556962025316,0.4,0.4931506849315068,0.5396825396825397,0.3181818181818182,0.0,19,11,67.0,32.0,0.0,0.34375,18,15.0,67.0,3.7222222222222223,12.200000000000005,94.3,5.238888888888889
59,58,27,2023-02-11,21-057,CHO,,DEN,L (-14),1,21:27,3.0,5.0,.600,0.0,0.0,,0,2.0,.000,0.0,5.0,5.0,0.0,1.0,2.0,0.0,4.0,6.0,5.2,-2,5.0,3.0,0.6,27,6,35,31,25,12,42,19,13,3,26,25,26,36,34,14,46.0,7.0,54.0,50.0,80.0,34.0,69.0,46.0,48.0,5,36.0,79.0,65.0,73.0,63.0,44.0,4.0,0.5869565217391305,0.8571428571428571,0.6481481481481481,0.62,0.3125,0.3529411764705882,0.6086956521739131,0.4130434782608695,0.2708333333333333,0.6,0.7222222222222222,0.3164556962025316,0.4,0.4931506849315068,0.5396825396825397,0.3181818181818182,0.0,19,11,67.0,32.0,0.0,0.34375,18,7.0,57.0,3.1666666666666665,5.199999999999999,81.79999999999998,4.544444444444443
60,59,28,2023-02-13,21-059,CHO,,ATL,W (+6),1,29:42,5.0,7.0,.714,0.0,0.0,,5,6.0,.833,1.0,4.0,5.0,0.0,2.0,2.0,1.0,3.0,15.0,14.8,+4,7.0,5.0,0.7142857142857143,27,6,35,31,25,12,42,19,13,3,26,25,26,36,34,14,46.0,7.0,54.0,50.0,80.0,34.0,69.0,46.0,48.0,5,36.0,79.0,65.0,73.0,63.0,44.0,4.0,0.5869565217391305,0.8571428571428571,0.6481481481481481,0.62,0.3125,0.3529411764705882,0.6086956521739131,0.4130434782608695,0.2708333333333333,0.6,0.7222222222222222,0.3164556962025316,0.4,0.4931506849315068,0.5396825396825397,0.3181818181818182,0.0,19,11,67.0,32.0,0.0,0.34375,18,10.0,104.0,5.777777777777778,12.799999999999995,121.40000000000002,6.744444444444445
61,60,29,2023-02-15,21-061,CHO,,SAS,W (+10),1,29:32,5.0,11.0,.455,0.0,0.0,,2,2.0,1.000,3.0,7.0,10.0,0.0,0.0,4.0,1.0,3.0,12.0,11.1,+7,11.0,5.0,0.4545454545454545,27,6,35,31,25,12,42,19,13,3,26,25,26,36,34,14,46.0,7.0,54.0,50.0,80.0,34.0,69.0,46.0,48.0,5,36.0,79.0,65.0,73.0,63.0,44.0,4.0,0.5869565217391305,0.8571428571428571,0.6481481481481481,0.62,0.3125,0.3529411764705882,0.6086956521739131,0.4130434782608695,0.2708333333333333,0.6,0.7222222222222222,0.3164556962025316,0.4,0.4931506849315068,0.5396825396825397,0.3181818181818182,0.0,19,11,67.0,32.0,0.0,0.34375,18,12.0,75.0,4.166666666666667,10.300000000000004,88.4,4.911111111111111
62,Rk,G,Date,Age,Tm,,Opp,,GS,MP,0.0,0.0,FG%,,,3P%,FT,0.0,FT%,0.0,0.0,,0.0,0.0,0.0,0.0,0.0,0.0,GmSc,+/-,,,,27,6,35,31,25,12,42,19,13,3,26,25,26,36,34,14,46.0,7.0,54.0,50.0,80.0,34.0,69.0,46.0,48.0,5,36.0,79.0,65.0,73.0,63.0,44.0,4.0,0.5869565217391305,0.8571428571428571,0.6481481481481481,0.62,0.3125,0.3529411764705882,0.6086956521739131,0.4130434782608695,0.2708333333333333,0.6,0.7222222222222222,0.3164556962025316,0.4,0.4931506849315068,0.5396825396825397,0.3181818181818182,0.0,19,11,67.0,32.0,0.0,0.34375,18,,0.0,0.0,0.0,0.0,0.0
63,61,30,2023-02-24,21-070,CHO,@,MIN,W (+8),1,16:40,4.0,5.0,.800,0.0,0.0,,0,0.0,,2.0,4.0,6.0,1.0,0.0,1.0,0.0,2.0,8.0,9.3,+3,5.0,4.0,0.8,27,6,35,31,25,12,42,19,13,3,26,25,26,36,34,14,46.0,7.0,54.0,50.0,80.0,34.0,69.0,46.0,48.0,5,36.0,79.0,65.0,73.0,63.0,44.0,4.0,0.5869565217391305,0.8571428571428571,0.6481481481481481,0.62,0.3125,0.3529411764705882,0.6086956521739131,0.4130434782608695,0.2708333333333333,0.6,0.7222222222222222,0.3164556962025316,0.4,0.4931506849315068,0.5396825396825397,0.3181818181818182,0.0,19,11,67.0,32.0,0.0,0.34375,18,11.0,77.0,4.277777777777778,9.299999999999995,92.7,5.15
64,62,31,2023-02-25,21-071,CHO,,MIA,W (+5),1,28:58,9.0,12.0,.750,0.0,0.0,,0,0.0,,7.0,13.0,20.0,0.0,1.0,1.0,1.0,4.0,18.0,21.1,-7,12.0,9.0,0.75,27,6,35,31,25,12,42,19,13,3,26,25,26,36,34,14,46.0,7.0,54.0,50.0,80.0,34.0,69.0,46.0,48.0,5,36.0,79.0,65.0,73.0,63.0,44.0,4.0,0.5869565217391305,0.8571428571428571,0.6481481481481481,0.62,0.3125,0.3529411764705882,0.6086956521739131,0.4130434782608695,0.2708333333333333,0.6,0.7222222222222222,0.3164556962025316,0.4,0.4931506849315068,0.5396825396825397,0.3181818181818182,0.0,19,11,67.0,32.0,0.0,0.34375,18,27.0,39.0,2.1666666666666665,21.1,59.9,3.3277777777777775
65,63,32,2023-02-27,21-073,CHO,,DET,W (+11),1,29:43,7.0,10.0,.700,0.0,0.0,,1,2.0,.500,4.0,7.0,11.0,3.0,0.0,1.0,2.0,4.0,15.0,14.5,+13,10.0,7.0,0.7,27,6,35,31,25,12,42,19,13,3,26,25,26,36,34,14,46.0,7.0,54.0,50.0,80.0,34.0,69.0,46.0,48.0,5,36.0,79.0,65.0,73.0,63.0,44.0,4.0,0.5869565217391305,0.8571428571428571,0.6481481481481481,0.62,0.3125,0.3529411764705882,0.6086956521739131,0.4130434782608695,0.2708333333333333,0.6,0.7222222222222222,0.3164556962025316,0.4,0.4931506849315068,0.5396825396825397,0.3181818181818182,0.0,19,11,67.0,32.0,0.0,0.34375,18,16.0,65.0,3.611111111111111,14.1,79.80000000000001,4.433333333333334
66,64,33,2023-03-01,21-075,CHO,,PHO,L (-14),1,28:06,4.0,10.0,.400,0.0,0.0,,3,4.0,.750,5.0,5.0,10.0,2.0,1.0,1.0,1.0,4.0,11.0,10.7,-2,10.0,4.0,0.4,27,6,35,31,25,12,42,19,13,3,26,25,26,36,34,14,46.0,7.0,54.0,50.0,80.0,34.0,69.0,46.0,48.0,5,36.0,79.0,65.0,73.0,63.0,44.0,4.0,0.5869565217391305,0.8571428571428571,0.6481481481481481,0.62,0.3125,0.3529411764705882,0.6086956521739131,0.4130434782608695,0.2708333333333333,0.6,0.7222222222222222,0.3164556962025316,0.4,0.4931506849315068,0.5396825396825397,0.3181818181818182,0.0,19,11,67.0,32.0,0.0,0.34375,18,10.0,38.0,2.111111111111111,9.5,55.50000000000001,3.083333333333334
67,65,34,2023-03-03,21-077,CHO,,ORL,L (-11),1,27:44,5.0,7.0,.714,0.0,0.0,,3,3.0,1.000,3.0,4.0,7.0,0.0,0.0,1.0,3.0,2.0,13.0,10.3,-14,7.0,5.0,0.7142857142857143,27,6,35,31,25,12,42,19,13,3,26,25,26,36,34,14,46.0,7.0,54.0,50.0,80.0,34.0,69.0,46.0,48.0,5,36.0,79.0,65.0,73.0,63.0,44.0,4.0,0.5869565217391305,0.8571428571428571,0.6481481481481481,0.62,0.3125,0.3529411764705882,0.6086956521739131,0.4130434782608695,0.2708333333333333,0.6,0.7222222222222222,0.3164556962025316,0.4,0.4931506849315068,0.5396825396825397,0.3181818181818182,0.0,19,11,67.0,32.0,0.0,0.34375,18,8.0,53.0,2.9444444444444446,9.1,70.90000000000002,3.93888888888889
68,66,35,2023-03-05,21-079,CHO,@,BRK,L (-16),1,24:20,5.0,8.0,.625,0.0,0.0,,0,0.0,,2.0,12.0,14.0,0.0,1.0,0.0,1.0,2.0,10.0,10.6,+7,8.0,5.0,0.625,27,6,35,31,25,12,42,19,13,3,26,25,26,36,34,14,46.0,7.0,54.0,50.0,80.0,34.0,69.0,46.0,48.0,5,36.0,79.0,65.0,73.0,63.0,44.0,4.0,0.5869565217391305,0.8571428571428571,0.6481481481481481,0.62,0.3125,0.3529411764705882,0.6086956521739131,0.4130434782608695,0.2708333333333333,0.6,0.7222222222222222,0.3164556962025316,0.4,0.4931506849315068,0.5396825396825397,0.3181818181818182,0.0,19,11,67.0,32.0,0.0,0.34375,18,16.0,28.0,1.5555555555555556,10.6,42.5,2.361111111111111
69,67,36,2023-03-07,21-081,CHO,@,NYK,W (+7),1,27:53,3.0,4.0,.750,0.0,0.0,,1,4.0,.250,1.0,2.0,3.0,0.0,1.0,1.0,1.0,2.0,7.0,5.4,+8,4.0,3.0,0.75,27,6,35,31,25,12,42,19,13,3,26,25,26,36,34,14,46.0,7.0,54.0,50.0,80.0,34.0,69.0,46.0,48.0,5,36.0,79.0,65.0,73.0,63.0,44.0,4.0,0.5869565217391305,0.8571428571428571,0.6481481481481481,0.62,0.3125,0.3529411764705882,0.6086956521739131,0.4130434782608695,0.2708333333333333,0.6,0.7222222222222222,0.3164556962025316,0.4,0.4931506849315068,0.5396825396825397,0.3181818181818182,0.0,19,11,67.0,32.0,0.0,0.34375,18,3.0,75.0,4.166666666666667,4.999999999999999,88.30000000000001,4.905555555555556
70,68,37,2023-03-09,21-083,CHO,@,DET,W (+10),1,11:13,1.0,1.0,1.000,0.0,0.0,,0,2.0,.000,1.0,3.0,4.0,1.0,0.0,0.0,0.0,0.0,2.0,3.2,-1,1.0,1.0,1.0,27,6,35,31,25,12,42,19,13,3,26,25,26,36,34,14,46.0,7.0,54.0,50.0,80.0,34.0,69.0,46.0,48.0,5,36.0,79.0,65.0,73.0,63.0,44.0,4.0,0.5869565217391305,0.8571428571428571,0.6481481481481481,0.62,0.3125,0.3529411764705882,0.6086956521739131,0.4130434782608695,0.2708333333333333,0.6,0.7222222222222222,0.3164556962025316,0.4,0.4931506849315068,0.5396825396825397,0.3181818181818182,0.0,19,11,67.0,32.0,0.0,0.34375,18,4.0,76.0,4.222222222222222,3.2,98.9,5.4944444444444445
71,69,,2023-03-11,21-085,CHO,,UTA,L (-8),Did Not Dress,Did Not Dress,0.0,0.0,Did Not Dress,,,Did Not Dress,Did Not Dress,0.0,Did Not Dress,0.0,0.0,,0.0,0.0,0.0,0.0,0.0,0.0,Did Not Dress,Did Not Dress,,,,27,6,35,31,25,12,42,19,13,3,26,25,26,36,34,14,46.0,7.0,54.0,50.0,80.0,34.0,69.0,46.0,48.0,5,36.0,79.0,65.0,73.0,63.0,44.0,4.0,0.5869565217391305,0.8571428571428571,0.6481481481481481,0.62,0.3125,0.3529411764705882,0.6086956521739131,0.4130434782608695,0.2708333333333333,0.6,0.7222222222222222,0.3164556962025316,0.4,0.4931506849315068,0.5396825396825397,0.3181818181818182,0.0,19,11,67.0,32.0,0.0,0.34375,18,,77.0,4.277777777777778,0.0,94.09999999999998,5.227777777777777
72,70,,2023-03-12,21-086,CHO,,CLE,L (-6),Did Not Dress,Did Not Dress,0.0,0.0,Did Not Dress,,,Did Not Dress,Did Not Dress,0.0,Did Not Dress,0.0,0.0,,0.0,0.0,0.0,0.0,0.0,0.0,Did Not Dress,Did Not Dress,,,,27,6,35,31,25,12,42,19,13,3,26,25,26,36,34,14,46.0,7.0,54.0,50.0,80.0,34.0,69.0,46.0,48.0,5,36.0,79.0,65.0,73.0,63.0,44.0,4.0,0.5869565217391305,0.8571428571428571,0.6481481481481481,0.62,0.3125,0.3529411764705882,0.6086956521739131,0.4130434782608695,0.2708333333333333,0.6,0.7222222222222222,0.3164556962025316,0.4,0.4931506849315068,0.5396825396825397,0.3181818181818182,0.0,19,11,67.0,32.0,0.0,0.34375,18,,70.0,3.888888888888889,0.0,81.0,4.5
73,71,,2023-03-14,21-088,CHO,,CLE,L (-16),Did Not Dress,Did Not Dress,0.0,0.0,Did Not Dress,,,Did Not Dress,Did Not Dress,0.0,Did Not Dress,0.0,0.0,,0.0,0.0,0.0,0.0,0.0,0.0,Did Not Dress,Did Not Dress,,,,27,6,35,31,25,12,42,19,13,3,26,25,26,36,34,14,46.0,7.0,54.0,50.0,80.0,34.0,69.0,46.0,48.0,5,36.0,79.0,65.0,73.0,63.0,44.0,4.0,0.5869565217391305,0.8571428571428571,0.6481481481481481,0.62,0.3125,0.3529411764705882,0.6086956521739131,0.4130434782608695,0.2708333333333333,0.6,0.7222222222222222,0.3164556962025316,0.4,0.4931506849315068,0.5396825396825397,0.3181818181818182,0.0,19,11,67.0,32.0,0.0,0.34375,18,,76.0,4.222222222222222,0.0,84.89999999999999,4.716666666666666
74,72,,2023-03-17,21-091,CHO,,PHI,L (-39),Did Not Dress,Did Not Dress,0.0,0.0,Did Not Dress,,,Did Not Dress,Did Not Dress,0.0,Did Not Dress,0.0,0.0,,0.0,0.0,0.0,0.0,0.0,0.0,Did Not Dress,Did Not Dress,,,,27,6,35,31,25,12,42,19,13,3,26,25,26,36,34,14,46.0,7.0,54.0,50.0,80.0,34.0,69.0,46.0,48.0,5,36.0,79.0,65.0,73.0,63.0,44.0,4.0,0.5869565217391305,0.8571428571428571,0.6481481481481481,0.62,0.3125,0.3529411764705882,0.6086956521739131,0.4130434782608695,0.2708333333333333,0.6,0.7222222222222222,0.3164556962025316,0.4,0.4931506849315068,0.5396825396825397,0.3181818181818182,0.0,19,11,67.0,32.0,0.0,0.34375,18,,36.0,2.0,0.0,53.6,2.977777777777778
75,73,,2023-03-20,21-094,CHO,,IND,W (+6),Did Not Dress,Did Not Dress,0.0,0.0,Did Not Dress,,,Did Not Dress,Did Not Dress,0.0,Did Not Dress,0.0,0.0,,0.0,0.0,0.0,0.0,0.0,0.0,Did Not Dress,Did Not Dress,,,,27,6,35,31,25,12,42,19,13,3,26,25,26,36,34,14,46.0,7.0,54.0,50.0,80.0,34.0,69.0,46.0,48.0,5,36.0,79.0,65.0,73.0,63.0,44.0,4.0,0.5869565217391305,0.8571428571428571,0.6481481481481481,0.62,0.3125,0.3529411764705882,0.6086956521739131,0.4130434782608695,0.2708333333333333,0.6,0.7222222222222222,0.3164556962025316,0.4,0.4931506849315068,0.5396825396825397,0.3181818181818182,0.0,19,11,67.0,32.0,0.0,0.34375,18,,70.0,3.888888888888889,0.0,94.4,5.2444444444444445
76,74,,2023-03-23,21-097,CHO,@,NOP,L (-19),Did Not Dress,Did Not Dress,0.0,0.0,Did Not Dress,,,Did Not Dress,Did Not Dress,0.0,Did Not Dress,0.0,0.0,,0.0,0.0,0.0,0.0,0.0,0.0,Did Not Dress,Did Not Dress,,,,27,6,35,31,25,12,42,19,13,3,26,25,26,36,34,14,46.0,7.0,54.0,50.0,80.0,34.0,69.0,46.0,48.0,5,36.0,79.0,65.0,73.0,63.0,44.0,4.0,0.5869565217391305,0.8571428571428571,0.6481481481481481,0.62,0.3125,0.3529411764705882,0.6086956521739131,0.4130434782608695,0.2708333333333333,0.6,0.7222222222222222,0.3164556962025316,0.4,0.4931506849315068,0.5396825396825397,0.3181818181818182,0.0,19,11,67.0,32.0,0.0,0.34375,18,,54.0,3.0,0.0,63.49999999999999,3.5277777777777772
77,75,38,2023-03-24,21-098,CHO,@,DAL,W (+8),0,21:11,6.0,9.0,.667,0.0,0.0,,1,3.0,.333,1.0,7.0,8.0,2.0,0.0,1.0,1.0,0.0,13.0,12.2,-2,9.0,6.0,0.6666666666666666,27,6,35,31,25,12,42,19,13,3,26,25,26,36,34,14,46.0,7.0,54.0,50.0,80.0,34.0,69.0,46.0,48.0,5,36.0,79.0,65.0,73.0,63.0,44.0,4.0,0.5869565217391305,0.8571428571428571,0.6481481481481481,0.62,0.3125,0.3529411764705882,0.6086956521739131,0.4130434782608695,0.2708333333333333,0.6,0.7222222222222222,0.3164556962025316,0.4,0.4931506849315068,0.5396825396825397,0.3181818181818182,0.0,19,11,67.0,32.0,0.0,0.34375,18,11.0,73.0,4.055555555555555,11.8,91.3,5.072222222222222
78,76,39,2023-03-26,21-100,CHO,,DAL,W (+6),1,32:23,5.0,9.0,.556,0.0,0.0,,5,7.0,.714,6.0,10.0,16.0,1.0,0.0,0.0,2.0,2.0,15.0,15.0,+10,9.0,5.0,0.5555555555555556,27,6,35,31,25,12,42,19,13,3,26,25,26,36,34,14,46.0,7.0,54.0,50.0,80.0,34.0,69.0,46.0,48.0,5,36.0,79.0,65.0,73.0,63.0,44.0,4.0,0.5869565217391305,0.8571428571428571,0.6481481481481481,0.62,0.3125,0.3529411764705882,0.6086956521739131,0.4130434782608695,0.2708333333333333,0.6,0.7222222222222222,0.3164556962025316,0.4,0.4931506849315068,0.5396825396825397,0.3181818181818182,0.0,19,11,67.0,32.0,0.0,0.34375,18,14.0,63.0,3.5,12.999999999999996,69.5,3.861111111111111
79,77,,2023-03-28,21-102,CHO,@,OKC,W (+3),Did Not Play,Did Not Play,0.0,0.0,Did Not Play,,,Did Not Play,Did Not Play,0.0,Did Not Play,0.0,0.0,,0.0,0.0,0.0,0.0,0.0,0.0,Did Not Play,Did Not Play,,,,27,6,35,31,25,12,42,19,13,3,26,25,26,36,34,14,46.0,7.0,54.0,50.0,80.0,34.0,69.0,46.0,48.0,5,36.0,79.0,65.0,73.0,63.0,44.0,4.0,0.5869565217391305,0.8571428571428571,0.6481481481481481,0.62,0.3125,0.3529411764705882,0.6086956521739131,0.4130434782608695,0.2708333333333333,0.6,0.7222222222222222,0.3164556962025316,0.4,0.4931506849315068,0.5396825396825397,0.3181818181818182,0.0,19,11,67.0,32.0,0.0,0.34375,18,,94.0,5.222222222222222,0.0,108.7,6.038888888888889
80,78,40,2023-03-31,21-105,CHO,,CHI,L (-30),1,35:27,3.0,6.0,.500,0.0,0.0,,0,0.0,,1.0,7.0,8.0,0.0,1.0,1.0,3.0,3.0,6.0,3.3,-22,6.0,3.0,0.5,27,6,35,31,25,12,42,19,13,3,26,25,26,36,34,14,46.0,7.0,54.0,50.0,80.0,34.0,69.0,46.0,48.0,5,36.0,79.0,65.0,73.0,63.0,44.0,4.0,0.5869565217391305,0.8571428571428571,0.6481481481481481,0.62,0.3125,0.3529411764705882,0.6086956521739131,0.4130434782608695,0.2708333333333333,0.6,0.7222222222222222,0.3164556962025316,0.4,0.4931506849315068,0.5396825396825397,0.3181818181818182,0.0,19,11,67.0,32.0,0.0,0.34375,18,7.0,46.0,2.555555555555556,3.3,51.1,2.838888888888889
81,79,41,2023-04-02,21-107,CHO,,TOR,L (-20),1,26:51,7.0,15.0,.467,0.0,0.0,,1,1.0,1.000,7.0,5.0,12.0,0.0,0.0,0.0,1.0,2.0,15.0,11.9,-15,15.0,7.0,0.4666666666666667,27,6,35,31,25,12,42,19,13,3,26,25,26,36,34,14,46.0,7.0,54.0,50.0,80.0,34.0,69.0,46.0,48.0,5,36.0,79.0,65.0,73.0,63.0,44.0,4.0,0.5869565217391305,0.8571428571428571,0.6481481481481481,0.62,0.3125,0.3529411764705882,0.6086956521739131,0.4130434782608695,0.2708333333333333,0.6,0.7222222222222222,0.3164556962025316,0.4,0.4931506849315068,0.5396825396825397,0.3181818181818182,0.0,19,11,67.0,32.0,0.0,0.34375,18,10.0,44.0,2.4444444444444446,11.499999999999998,57.20000000000001,3.1777777777777785
82,80,,2023-04-04,21-109,CHO,,TOR,L (-20),Did Not Dress,Did Not Dress,0.0,0.0,Did Not Dress,,,Did Not Dress,Did Not Dress,0.0,Did Not Dress,0.0,0.0,,0.0,0.0,0.0,0.0,0.0,0.0,Did Not Dress,Did Not Dress,,,,27,6,35,31,25,12,42,19,13,3,26,25,26,36,34,14,46.0,7.0,54.0,50.0,80.0,34.0,69.0,46.0,48.0,5,36.0,79.0,65.0,73.0,63.0,44.0,4.0,0.5869565217391305,0.8571428571428571,0.6481481481481481,0.62,0.3125,0.3529411764705882,0.6086956521739131,0.4130434782608695,0.2708333333333333,0.6,0.7222222222222222,0.3164556962025316,0.4,0.4931506849315068,0.5396825396825397,0.3181818181818182,0.0,19,11,67.0,32.0,0.0,0.34375,18,,62.0,3.4444444444444446,0.0,64.69999999999999,3.5944444444444437
83,Rk,G,Date,Age,Tm,,Opp,,GS,MP,0.0,0.0,FG%,,,3P%,FT,0.0,FT%,0.0,0.0,,0.0,0.0,0.0,0.0,0.0,0.0,GmSc,+/-,,,,27,6,35,31,25,12,42,19,13,3,26,25,26,36,34,14,46.0,7.0,54.0,50.0,80.0,34.0,69.0,46.0,48.0,5,36.0,79.0,65.0,73.0,63.0,44.0,4.0,0.5869565217391305,0.8571428571428571,0.6481481481481481,0.62,0.3125,0.3529411764705882,0.6086956521739131,0.4130434782608695,0.2708333333333333,0.6,0.7222222222222222,0.3164556962025316,0.4,0.4931506849315068,0.5396825396825397,0.3181818181818182,0.0,19,11,67.0,32.0,0.0,0.34375,18,,0.0,0.0,0.0,0.0,0.0
84,81,42,2023-04-07,21-112,CHO,,HOU,L (-3),1,26:29,5.0,7.0,.714,0.0,0.0,,2,2.0,1.000,3.0,10.0,13.0,0.0,1.0,1.0,0.0,3.0,12.0,14.7,-6,7.0,5.0,0.7142857142857143,27,6,35,31,25,12,42,19,13,3,26,25,26,36,34,14,46.0,7.0,54.0,50.0,80.0,34.0,69.0,46.0,48.0,5,36.0,79.0,65.0,73.0,63.0,44.0,4.0,0.5869565217391305,0.8571428571428571,0.6481481481481481,0.62,0.3125,0.3529411764705882,0.6086956521739131,0.4130434782608695,0.2708333333333333,0.6,0.7222222222222222,0.3164556962025316,0.4,0.4931506849315068,0.5396825396825397,0.3181818181818182,0.0,19,11,67.0,32.0,0.0,0.34375,18,18.0,46.0,2.555555555555556,13.900000000000002,68.19999999999999,3.7888888888888883
85,82,43,2023-04-09,21-114,CHO,@,CLE,W (+11),1,30:26,9.0,10.0,.900,0.0,0.0,,4,6.0,.667,1.0,9.0,10.0,0.0,1.0,2.0,2.0,3.0,22.0,20.4,+3,10.0,9.0,0.9,27,6,35,31,25,12,42,19,13,3,26,25,26,36,34,14,46.0,7.0,54.0,50.0,80.0,34.0,69.0,46.0,48.0,5,36.0,79.0,65.0,73.0,63.0,44.0,4.0,0.5869565217391305,0.8571428571428571,0.6481481481481481,0.62,0.3125,0.3529411764705882,0.6086956521739131,0.4130434782608695,0.2708333333333333,0.6,0.7222222222222222,0.3164556962025316,0.4,0.4931506849315068,0.5396825396825397,0.3181818181818182,0.0,19,11,67.0,32.0,0.0,0.34375,18,17.0,45.0,2.5,18.8,61.29999999999999,3.405555555555555
