Unnamed: 0,Rk,G,Date,Age,Tm,Unnamed: 5,Opp,Unnamed: 7,GS,MP,FG,FGA,FG%,3P,3PA,3P%,FT,FTA,FT%,ORB,DRB,TRB,AST,STL,BLK,TOV,PF,PTS,GmSc,+/-,2PA,2P,2P%,Shared Games with Aaron Nesmith,Shared Games with Andrew Nembhard,Shared Games with Bennedict Mathurin,Shared Games with Buddy Hield,Shared Games with Chris Duarte,Shared Games with Goga Bitadze,Shared Games with Isaiah Jackson,Shared Games with Jalen Smith,Shared Games with Kendall Brown,Shared Games with Myles Turner,Shared Games with Oshae Brissett,Shared Games with T.J. McConnell,Shared Games with Terry Taylor,Shared Games with Trevelin Queen,Shared Games with Tyrese Haliburton,Aaron Nesmith,Andrew Nembhard,Bennedict Mathurin,Buddy Hield,Chris Duarte,Daniel Theis,Gabe York,Goga Bitadze,Isaiah Jackson,Jalen Smith,Kendall Brown,Myles Turner,Oshae Brissett,T.J. McConnell,Terry Taylor,Trevelin Queen,Tyrese Haliburton,co_inf with Aaron Nesmith,co_inf with Andrew Nembhard,co_inf with Bennedict Mathurin,co_inf with Buddy Hield,co_inf with Chris Duarte,co_inf with Daniel Theis,co_inf with Gabe York,co_inf with Goga Bitadze,co_inf with Isaiah Jackson,co_inf with Jalen Smith,co_inf with Kendall Brown,co_inf with Myles Turner,co_inf with Oshae Brissett,co_inf with T.J. McConnell,co_inf with Terry Taylor,co_inf with Trevelin Queen,co_inf with Tyrese Haliburton,Shared Games with George Hill,Shared Games with Jordan Nwora,George Hill,John Collins,Jordan Nwora,Serge Ibaka,co_inf with George Hill,co_inf with John Collins,co_inf with Jordan Nwora,co_inf with Serge Ibaka,Total Shared Players,CO_EFF,EFF,avg_EFF,CO_HGS,HGS,avg_HGS
0,1,,2022-10-19,35-241,IND,,WAS,L (-7),Did Not Play,Did Not Play,0.0,0.0,Did Not Play,,,Did Not Play,Did Not Play,0.0,Did Not Play,0.0,0.0,,0.0,0.0,0.0,0.0,0.0,0.0,Did Not Play,Did Not Play,,,,15,17,17,17,10,8,18,17,1,10,15,14,8,3,10,73.0,75.0,78.0,80.0,46.0,7.0,3.0,38.0,63.0,68.0,6.0,62.0,65.0,75.0,31.0,7.0,56.0,0.2054794520547945,0.2266666666666666,0.2179487179487179,0.2125,0.217391304347826,0.0,0.0,0.2105263157894736,0.2857142857142857,0.25,0.1666666666666666,0.1612903225806451,0.2307692307692307,0.1866666666666666,0.2580645161290322,0.4285714285714285,0.1785714285714285,3,5,46.0,71.0,62.0,16.0,0.0652173913043478,0.0,0.0806451612903225,0.0,17,,63.0,3.7058823529411766,0.0,64.4,3.7882352941176474
1,2,1,2022-10-21,35-243,IND,,SAS,L (-3),0,11:55,1.0,3.0,.333,0.0,1.0,.000,0,0.0,,0.0,2.0,2.0,1.0,0.0,2.0,0.0,1.0,2.0,2.6,+1,2.0,1.0,0.5,15,17,17,17,10,8,18,17,1,10,15,14,8,3,10,73.0,75.0,78.0,80.0,46.0,7.0,3.0,38.0,63.0,68.0,6.0,62.0,65.0,75.0,31.0,7.0,56.0,0.2054794520547945,0.2266666666666666,0.2179487179487179,0.2125,0.217391304347826,0.0,0.0,0.2105263157894736,0.2857142857142857,0.25,0.1666666666666666,0.1612903225806451,0.2307692307692307,0.1866666666666666,0.2580645161290322,0.4285714285714285,0.1785714285714285,3,5,46.0,71.0,62.0,16.0,0.0652173913043478,0.0,0.0806451612903225,0.0,17,4.0,108.0,6.352941176470588,2.6,97.1,5.711764705882352
2,3,,2022-10-22,35-244,IND,,DET,W (+9),Did Not Play,Did Not Play,0.0,0.0,Did Not Play,,,Did Not Play,Did Not Play,0.0,Did Not Play,0.0,0.0,,0.0,0.0,0.0,0.0,0.0,0.0,Did Not Play,Did Not Play,,,,15,17,17,17,10,8,18,17,1,10,15,14,8,3,10,73.0,75.0,78.0,80.0,46.0,7.0,3.0,38.0,63.0,68.0,6.0,62.0,65.0,75.0,31.0,7.0,56.0,0.2054794520547945,0.2266666666666666,0.2179487179487179,0.2125,0.217391304347826,0.0,0.0,0.2105263157894736,0.2857142857142857,0.25,0.1666666666666666,0.1612903225806451,0.2307692307692307,0.1866666666666666,0.2580645161290322,0.4285714285714285,0.1785714285714285,3,5,46.0,71.0,62.0,16.0,0.0652173913043478,0.0,0.0806451612903225,0.0,17,,100.0,5.882352941176471,0.0,96.4,5.670588235294118
3,4,,2022-10-24,35-246,IND,@,PHI,L (-14),Did Not Play,Did Not Play,0.0,0.0,Did Not Play,,,Did Not Play,Did Not Play,0.0,Did Not Play,0.0,0.0,,0.0,0.0,0.0,0.0,0.0,0.0,Did Not Play,Did Not Play,,,,15,17,17,17,10,8,18,17,1,10,15,14,8,3,10,73.0,75.0,78.0,80.0,46.0,7.0,3.0,38.0,63.0,68.0,6.0,62.0,65.0,75.0,31.0,7.0,56.0,0.2054794520547945,0.2266666666666666,0.2179487179487179,0.2125,0.217391304347826,0.0,0.0,0.2105263157894736,0.2857142857142857,0.25,0.1666666666666666,0.1612903225806451,0.2307692307692307,0.1866666666666666,0.2580645161290322,0.4285714285714285,0.1785714285714285,3,5,46.0,71.0,62.0,16.0,0.0652173913043478,0.0,0.0806451612903225,0.0,17,,83.0,4.882352941176471,0.0,71.49999999999999,4.205882352941176
4,5,,2022-10-26,35-248,IND,@,CHI,L (-15),Did Not Play,Did Not Play,0.0,0.0,Did Not Play,,,Did Not Play,Did Not Play,0.0,Did Not Play,0.0,0.0,,0.0,0.0,0.0,0.0,0.0,0.0,Did Not Play,Did Not Play,,,,15,17,17,17,10,8,18,17,1,10,15,14,8,3,10,73.0,75.0,78.0,80.0,46.0,7.0,3.0,38.0,63.0,68.0,6.0,62.0,65.0,75.0,31.0,7.0,56.0,0.2054794520547945,0.2266666666666666,0.2179487179487179,0.2125,0.217391304347826,0.0,0.0,0.2105263157894736,0.2857142857142857,0.25,0.1666666666666666,0.1612903225806451,0.2307692307692307,0.1866666666666666,0.2580645161290322,0.4285714285714285,0.1785714285714285,3,5,46.0,71.0,62.0,16.0,0.0652173913043478,0.0,0.0806451612903225,0.0,17,,90.0,5.294117647058823,0.0,85.99999999999999,5.058823529411764
5,6,,2022-10-28,35-250,IND,@,WAS,W (+10),Did Not Play,Did Not Play,0.0,0.0,Did Not Play,,,Did Not Play,Did Not Play,0.0,Did Not Play,0.0,0.0,,0.0,0.0,0.0,0.0,0.0,0.0,Did Not Play,Did Not Play,,,,15,17,17,17,10,8,18,17,1,10,15,14,8,3,10,73.0,75.0,78.0,80.0,46.0,7.0,3.0,38.0,63.0,68.0,6.0,62.0,65.0,75.0,31.0,7.0,56.0,0.2054794520547945,0.2266666666666666,0.2179487179487179,0.2125,0.217391304347826,0.0,0.0,0.2105263157894736,0.2857142857142857,0.25,0.1666666666666666,0.1612903225806451,0.2307692307692307,0.1866666666666666,0.2580645161290322,0.4285714285714285,0.1785714285714285,3,5,46.0,71.0,62.0,16.0,0.0652173913043478,0.0,0.0806451612903225,0.0,17,,80.0,4.705882352941177,0.0,95.3,5.605882352941176
6,7,2,2022-10-29,35-251,IND,@,BRK,W (+9),0,14:19,2.0,5.0,.400,1.0,2.0,.500,0,0.0,,0.0,2.0,2.0,2.0,0.0,0.0,0.0,3.0,5.0,3.1,+1,3.0,1.0,0.3333333333333333,15,17,17,17,10,8,18,17,1,10,15,14,8,3,10,73.0,75.0,78.0,80.0,46.0,7.0,3.0,38.0,63.0,68.0,6.0,62.0,65.0,75.0,31.0,7.0,56.0,0.2054794520547945,0.2266666666666666,0.2179487179487179,0.2125,0.217391304347826,0.0,0.0,0.2105263157894736,0.2857142857142857,0.25,0.1666666666666666,0.1612903225806451,0.2307692307692307,0.1866666666666666,0.2580645161290322,0.4285714285714285,0.1785714285714285,3,5,46.0,71.0,62.0,16.0,0.0652173913043478,0.0,0.0806451612903225,0.0,17,4.0,105.0,6.176470588235294,3.0999999999999988,100.79999999999998,5.929411764705882
7,8,3,2022-10-31,35-253,IND,@,BRK,L (-7),0,18:14,2.0,4.0,.500,0.0,2.0,.000,0,0.0,,0.0,3.0,3.0,1.0,1.0,0.0,0.0,6.0,4.0,2.2,+14,2.0,2.0,1.0,15,17,17,17,10,8,18,17,1,10,15,14,8,3,10,73.0,75.0,78.0,80.0,46.0,7.0,3.0,38.0,63.0,68.0,6.0,62.0,65.0,75.0,31.0,7.0,56.0,0.2054794520547945,0.2266666666666666,0.2179487179487179,0.2125,0.217391304347826,0.0,0.0,0.2105263157894736,0.2857142857142857,0.25,0.1666666666666666,0.1612903225806451,0.2307692307692307,0.1866666666666666,0.2580645161290322,0.4285714285714285,0.1785714285714285,3,5,46.0,71.0,62.0,16.0,0.0652173913043478,0.0,0.0806451612903225,0.0,17,5.0,55.0,3.235294117647059,2.2,61.7,3.6294117647058823
8,9,,2022-11-04,35-257,IND,,MIA,W (+2),Did Not Play,Did Not Play,0.0,0.0,Did Not Play,,,Did Not Play,Did Not Play,0.0,Did Not Play,0.0,0.0,,0.0,0.0,0.0,0.0,0.0,0.0,Did Not Play,Did Not Play,,,,15,17,17,17,10,8,18,17,1,10,15,14,8,3,10,73.0,75.0,78.0,80.0,46.0,7.0,3.0,38.0,63.0,68.0,6.0,62.0,65.0,75.0,31.0,7.0,56.0,0.2054794520547945,0.2266666666666666,0.2179487179487179,0.2125,0.217391304347826,0.0,0.0,0.2105263157894736,0.2857142857142857,0.25,0.1666666666666666,0.1612903225806451,0.2307692307692307,0.1866666666666666,0.2580645161290322,0.4285714285714285,0.1785714285714285,3,5,46.0,71.0,62.0,16.0,0.0652173913043478,0.0,0.0806451612903225,0.0,17,,80.0,4.705882352941177,0.0,74.69999999999999,4.394117647058823
9,10,,2022-11-07,35-260,IND,,NOP,W (+7),Did Not Play,Did Not Play,0.0,0.0,Did Not Play,,,Did Not Play,Did Not Play,0.0,Did Not Play,0.0,0.0,,0.0,0.0,0.0,0.0,0.0,0.0,Did Not Play,Did Not Play,,,,15,17,17,17,10,8,18,17,1,10,15,14,8,3,10,73.0,75.0,78.0,80.0,46.0,7.0,3.0,38.0,63.0,68.0,6.0,62.0,65.0,75.0,31.0,7.0,56.0,0.2054794520547945,0.2266666666666666,0.2179487179487179,0.2125,0.217391304347826,0.0,0.0,0.2105263157894736,0.2857142857142857,0.25,0.1666666666666666,0.1612903225806451,0.2307692307692307,0.1866666666666666,0.2580645161290322,0.4285714285714285,0.1785714285714285,3,5,46.0,71.0,62.0,16.0,0.0652173913043478,0.0,0.0806451612903225,0.0,17,,106.0,6.235294117647059,0.0,106.2,6.247058823529412
10,11,,2022-11-09,35-262,IND,,DEN,L (-3),Did Not Play,Did Not Play,0.0,0.0,Did Not Play,,,Did Not Play,Did Not Play,0.0,Did Not Play,0.0,0.0,,0.0,0.0,0.0,0.0,0.0,0.0,Did Not Play,Did Not Play,,,,15,17,17,17,10,8,18,17,1,10,15,14,8,3,10,73.0,75.0,78.0,80.0,46.0,7.0,3.0,38.0,63.0,68.0,6.0,62.0,65.0,75.0,31.0,7.0,56.0,0.2054794520547945,0.2266666666666666,0.2179487179487179,0.2125,0.217391304347826,0.0,0.0,0.2105263157894736,0.2857142857142857,0.25,0.1666666666666666,0.1612903225806451,0.2307692307692307,0.1866666666666666,0.2580645161290322,0.4285714285714285,0.1785714285714285,3,5,46.0,71.0,62.0,16.0,0.0652173913043478,0.0,0.0806451612903225,0.0,17,,101.0,5.941176470588236,0.0,99.6,5.858823529411764
11,12,,2022-11-12,35-265,IND,,TOR,W (+14),Did Not Dress,Did Not Dress,0.0,0.0,Did Not Dress,,,Did Not Dress,Did Not Dress,0.0,Did Not Dress,0.0,0.0,,0.0,0.0,0.0,0.0,0.0,0.0,Did Not Dress,Did Not Dress,,,,15,17,17,17,10,8,18,17,1,10,15,14,8,3,10,73.0,75.0,78.0,80.0,46.0,7.0,3.0,38.0,63.0,68.0,6.0,62.0,65.0,75.0,31.0,7.0,56.0,0.2054794520547945,0.2266666666666666,0.2179487179487179,0.2125,0.217391304347826,0.0,0.0,0.2105263157894736,0.2857142857142857,0.25,0.1666666666666666,0.1612903225806451,0.2307692307692307,0.1866666666666666,0.2580645161290322,0.4285714285714285,0.1785714285714285,3,5,46.0,71.0,62.0,16.0,0.0652173913043478,0.0,0.0806451612903225,0.0,17,,96.0,5.647058823529412,0.0,96.1,5.652941176470588
12,13,,2022-11-16,35-269,IND,@,CHO,W (+12),Did Not Play,Did Not Play,0.0,0.0,Did Not Play,,,Did Not Play,Did Not Play,0.0,Did Not Play,0.0,0.0,,0.0,0.0,0.0,0.0,0.0,0.0,Did Not Play,Did Not Play,,,,15,17,17,17,10,8,18,17,1,10,15,14,8,3,10,73.0,75.0,78.0,80.0,46.0,7.0,3.0,38.0,63.0,68.0,6.0,62.0,65.0,75.0,31.0,7.0,56.0,0.2054794520547945,0.2266666666666666,0.2179487179487179,0.2125,0.217391304347826,0.0,0.0,0.2105263157894736,0.2857142857142857,0.25,0.1666666666666666,0.1612903225806451,0.2307692307692307,0.1866666666666666,0.2580645161290322,0.4285714285714285,0.1785714285714285,3,5,46.0,71.0,62.0,16.0,0.0652173913043478,0.0,0.0806451612903225,0.0,17,,103.0,6.0588235294117645,0.0,111.8,6.576470588235294
13,14,4,2022-11-18,35-271,IND,@,HOU,W (+8),0,1:53,0.0,0.0,,0.0,0.0,,0,0.0,,0.0,0.0,0.0,0.0,0.0,0.0,1.0,1.0,0.0,-1.4,-2,0.0,0.0,,15,17,17,17,10,8,18,17,1,10,15,14,8,3,10,73.0,75.0,78.0,80.0,46.0,7.0,3.0,38.0,63.0,68.0,6.0,62.0,65.0,75.0,31.0,7.0,56.0,0.2054794520547945,0.2266666666666666,0.2179487179487179,0.2125,0.217391304347826,0.0,0.0,0.2105263157894736,0.2857142857142857,0.25,0.1666666666666666,0.1612903225806451,0.2307692307692307,0.1866666666666666,0.2580645161290322,0.4285714285714285,0.1785714285714285,3,5,46.0,71.0,62.0,16.0,0.0652173913043478,0.0,0.0806451612903225,0.0,17,-1.0,92.0,5.411764705882353,-1.4,89.6,5.270588235294118
14,15,,2022-11-19,35-272,IND,,ORL,W (+1),Did Not Play,Did Not Play,0.0,0.0,Did Not Play,,,Did Not Play,Did Not Play,0.0,Did Not Play,0.0,0.0,,0.0,0.0,0.0,0.0,0.0,0.0,Did Not Play,Did Not Play,,,,15,17,17,17,10,8,18,17,1,10,15,14,8,3,10,73.0,75.0,78.0,80.0,46.0,7.0,3.0,38.0,63.0,68.0,6.0,62.0,65.0,75.0,31.0,7.0,56.0,0.2054794520547945,0.2266666666666666,0.2179487179487179,0.2125,0.217391304347826,0.0,0.0,0.2105263157894736,0.2857142857142857,0.25,0.1666666666666666,0.1612903225806451,0.2307692307692307,0.1866666666666666,0.2580645161290322,0.4285714285714285,0.1785714285714285,3,5,46.0,71.0,62.0,16.0,0.0652173913043478,0.0,0.0806451612903225,0.0,17,,82.0,4.823529411764706,0.0,93.6,5.5058823529411764
15,16,,2022-11-21,35-274,IND,,ORL,W (+21),Did Not Play,Did Not Play,0.0,0.0,Did Not Play,,,Did Not Play,Did Not Play,0.0,Did Not Play,0.0,0.0,,0.0,0.0,0.0,0.0,0.0,0.0,Did Not Play,Did Not Play,,,,15,17,17,17,10,8,18,17,1,10,15,14,8,3,10,73.0,75.0,78.0,80.0,46.0,7.0,3.0,38.0,63.0,68.0,6.0,62.0,65.0,75.0,31.0,7.0,56.0,0.2054794520547945,0.2266666666666666,0.2179487179487179,0.2125,0.217391304347826,0.0,0.0,0.2105263157894736,0.2857142857142857,0.25,0.1666666666666666,0.1612903225806451,0.2307692307692307,0.1866666666666666,0.2580645161290322,0.4285714285714285,0.1785714285714285,3,5,46.0,71.0,62.0,16.0,0.0652173913043478,0.0,0.0806451612903225,0.0,17,,105.0,6.176470588235294,0.0,103.20000000000002,6.070588235294118
16,17,,2022-11-23,35-276,IND,,MIN,L (-14),Did Not Play,Did Not Play,0.0,0.0,Did Not Play,,,Did Not Play,Did Not Play,0.0,Did Not Play,0.0,0.0,,0.0,0.0,0.0,0.0,0.0,0.0,Did Not Play,Did Not Play,,,,15,17,17,17,10,8,18,17,1,10,15,14,8,3,10,73.0,75.0,78.0,80.0,46.0,7.0,3.0,38.0,63.0,68.0,6.0,62.0,65.0,75.0,31.0,7.0,56.0,0.2054794520547945,0.2266666666666666,0.2179487179487179,0.2125,0.217391304347826,0.0,0.0,0.2105263157894736,0.2857142857142857,0.25,0.1666666666666666,0.1612903225806451,0.2307692307692307,0.1866666666666666,0.2580645161290322,0.4285714285714285,0.1785714285714285,3,5,46.0,71.0,62.0,16.0,0.0652173913043478,0.0,0.0806451612903225,0.0,17,,51.0,3.0,0.0,70.7,4.158823529411765
17,18,5,2022-11-25,35-278,IND,,BRK,W (+11),0,9:49,1.0,2.0,.500,0.0,1.0,.000,0,0.0,,0.0,1.0,1.0,1.0,0.0,0.0,0.0,2.0,2.0,1.2,+12,1.0,1.0,1.0,15,17,17,17,10,8,18,17,1,10,15,14,8,3,10,73.0,75.0,78.0,80.0,46.0,7.0,3.0,38.0,63.0,68.0,6.0,62.0,65.0,75.0,31.0,7.0,56.0,0.2054794520547945,0.2266666666666666,0.2179487179487179,0.2125,0.217391304347826,0.0,0.0,0.2105263157894736,0.2857142857142857,0.25,0.1666666666666666,0.1612903225806451,0.2307692307692307,0.1866666666666666,0.2580645161290322,0.4285714285714285,0.1785714285714285,3,5,46.0,71.0,62.0,16.0,0.0652173913043478,0.0,0.0806451612903225,0.0,17,2.0,80.0,4.705882352941177,1.1999999999999995,108.7,6.394117647058824
18,19,,2022-11-27,35-280,IND,@,LAC,L (-14),Did Not Play,Did Not Play,0.0,0.0,Did Not Play,,,Did Not Play,Did Not Play,0.0,Did Not Play,0.0,0.0,,0.0,0.0,0.0,0.0,0.0,0.0,Did Not Play,Did Not Play,,,,15,17,17,17,10,8,18,17,1,10,15,14,8,3,10,73.0,75.0,78.0,80.0,46.0,7.0,3.0,38.0,63.0,68.0,6.0,62.0,65.0,75.0,31.0,7.0,56.0,0.2054794520547945,0.2266666666666666,0.2179487179487179,0.2125,0.217391304347826,0.0,0.0,0.2105263157894736,0.2857142857142857,0.25,0.1666666666666666,0.1612903225806451,0.2307692307692307,0.1866666666666666,0.2580645161290322,0.4285714285714285,0.1785714285714285,3,5,46.0,71.0,62.0,16.0,0.0652173913043478,0.0,0.0806451612903225,0.0,17,,66.0,3.882352941176471,0.0,70.1,4.123529411764705
19,20,6,2022-11-28,35-281,IND,@,LAL,W (+1),0,2:01,0.0,1.0,.000,0.0,1.0,.000,0,0.0,,0.0,0.0,0.0,0.0,0.0,0.0,0.0,1.0,0.0,-1.1,-8,0.0,0.0,,15,17,17,17,10,8,18,17,1,10,15,14,8,3,10,73.0,75.0,78.0,80.0,46.0,7.0,3.0,38.0,63.0,68.0,6.0,62.0,65.0,75.0,31.0,7.0,56.0,0.2054794520547945,0.2266666666666666,0.2179487179487179,0.2125,0.217391304347826,0.0,0.0,0.2105263157894736,0.2857142857142857,0.25,0.1666666666666666,0.1612903225806451,0.2307692307692307,0.1866666666666666,0.2580645161290322,0.4285714285714285,0.1785714285714285,3,5,46.0,71.0,62.0,16.0,0.0652173913043478,0.0,0.0806451612903225,0.0,17,-1.0,107.0,6.294117647058823,-1.1,93.9,5.523529411764706
20,Rk,G,Date,Age,Tm,,Opp,,GS,MP,0.0,0.0,FG%,,,3P%,FT,0.0,FT%,0.0,0.0,,0.0,0.0,0.0,0.0,0.0,0.0,GmSc,+/-,,,,15,17,17,17,10,8,18,17,1,10,15,14,8,3,10,73.0,75.0,78.0,80.0,46.0,7.0,3.0,38.0,63.0,68.0,6.0,62.0,65.0,75.0,31.0,7.0,56.0,0.2054794520547945,0.2266666666666666,0.2179487179487179,0.2125,0.217391304347826,0.0,0.0,0.2105263157894736,0.2857142857142857,0.25,0.1666666666666666,0.1612903225806451,0.2307692307692307,0.1866666666666666,0.2580645161290322,0.4285714285714285,0.1785714285714285,3,5,46.0,71.0,62.0,16.0,0.0652173913043478,0.0,0.0806451612903225,0.0,17,,0.0,0.0,0.0,0.0,0.0
21,21,,2022-11-30,35-283,IND,@,SAC,L (-23),Did Not Play,Did Not Play,0.0,0.0,Did Not Play,,,Did Not Play,Did Not Play,0.0,Did Not Play,0.0,0.0,,0.0,0.0,0.0,0.0,0.0,0.0,Did Not Play,Did Not Play,,,,15,17,17,17,10,8,18,17,1,10,15,14,8,3,10,73.0,75.0,78.0,80.0,46.0,7.0,3.0,38.0,63.0,68.0,6.0,62.0,65.0,75.0,31.0,7.0,56.0,0.2054794520547945,0.2266666666666666,0.2179487179487179,0.2125,0.217391304347826,0.0,0.0,0.2105263157894736,0.2857142857142857,0.25,0.1666666666666666,0.1612903225806451,0.2307692307692307,0.1866666666666666,0.2580645161290322,0.4285714285714285,0.1785714285714285,3,5,46.0,71.0,62.0,16.0,0.0652173913043478,0.0,0.0806451612903225,0.0,17,,71.0,4.176470588235294,0.0,71.8,4.223529411764706
22,22,,2022-12-02,35-285,IND,@,UTA,L (-20),Did Not Play,Did Not Play,0.0,0.0,Did Not Play,,,Did Not Play,Did Not Play,0.0,Did Not Play,0.0,0.0,,0.0,0.0,0.0,0.0,0.0,0.0,Did Not Play,Did Not Play,,,,15,17,17,17,10,8,18,17,1,10,15,14,8,3,10,73.0,75.0,78.0,80.0,46.0,7.0,3.0,38.0,63.0,68.0,6.0,62.0,65.0,75.0,31.0,7.0,56.0,0.2054794520547945,0.2266666666666666,0.2179487179487179,0.2125,0.217391304347826,0.0,0.0,0.2105263157894736,0.2857142857142857,0.25,0.1666666666666666,0.1612903225806451,0.2307692307692307,0.1866666666666666,0.2580645161290322,0.4285714285714285,0.1785714285714285,3,5,46.0,71.0,62.0,16.0,0.0652173913043478,0.0,0.0806451612903225,0.0,17,,73.0,4.294117647058823,0.0,91.59999999999997,5.388235294117645
23,23,7,2022-12-04,35-287,IND,@,POR,L (-16),0,3:57,0.0,1.0,.000,0.0,0.0,,0,0.0,,0.0,0.0,0.0,0.0,0.0,0.0,1.0,2.0,0.0,-2.5,-12,1.0,0.0,0.0,15,17,17,17,10,8,18,17,1,10,15,14,8,3,10,73.0,75.0,78.0,80.0,46.0,7.0,3.0,38.0,63.0,68.0,6.0,62.0,65.0,75.0,31.0,7.0,56.0,0.2054794520547945,0.2266666666666666,0.2179487179487179,0.2125,0.217391304347826,0.0,0.0,0.2105263157894736,0.2857142857142857,0.25,0.1666666666666666,0.1612903225806451,0.2307692307692307,0.1866666666666666,0.2580645161290322,0.4285714285714285,0.1785714285714285,3,5,46.0,71.0,62.0,16.0,0.0652173913043478,0.0,0.0806451612903225,0.0,17,-2.0,72.0,4.235294117647059,-2.5,80.50000000000001,4.73529411764706
24,24,,2022-12-05,35-288,IND,@,GSW,W (+8),Inactive,Inactive,0.0,0.0,Inactive,,,Inactive,Inactive,0.0,Inactive,0.0,0.0,,0.0,0.0,0.0,0.0,0.0,0.0,Inactive,Inactive,,,,15,17,17,17,10,8,18,17,1,10,15,14,8,3,10,73.0,75.0,78.0,80.0,46.0,7.0,3.0,38.0,63.0,68.0,6.0,62.0,65.0,75.0,31.0,7.0,56.0,0.2054794520547945,0.2266666666666666,0.2179487179487179,0.2125,0.217391304347826,0.0,0.0,0.2105263157894736,0.2857142857142857,0.25,0.1666666666666666,0.1612903225806451,0.2307692307692307,0.1866666666666666,0.2580645161290322,0.4285714285714285,0.1785714285714285,3,5,46.0,71.0,62.0,16.0,0.0652173913043478,0.0,0.0806451612903225,0.0,17,,81.0,4.764705882352941,0.0,87.79999999999998,5.164705882352941
25,25,,2022-12-07,35-290,IND,@,MIN,L (-6),Did Not Play,Did Not Play,0.0,0.0,Did Not Play,,,Did Not Play,Did Not Play,0.0,Did Not Play,0.0,0.0,,0.0,0.0,0.0,0.0,0.0,0.0,Did Not Play,Did Not Play,,,,15,17,17,17,10,8,18,17,1,10,15,14,8,3,10,73.0,75.0,78.0,80.0,46.0,7.0,3.0,38.0,63.0,68.0,6.0,62.0,65.0,75.0,31.0,7.0,56.0,0.2054794520547945,0.2266666666666666,0.2179487179487179,0.2125,0.217391304347826,0.0,0.0,0.2105263157894736,0.2857142857142857,0.25,0.1666666666666666,0.1612903225806451,0.2307692307692307,0.1866666666666666,0.2580645161290322,0.4285714285714285,0.1785714285714285,3,5,46.0,71.0,62.0,16.0,0.0652173913043478,0.0,0.0806451612903225,0.0,17,,66.0,3.882352941176471,0.0,84.30000000000001,4.958823529411766
26,26,,2022-12-09,35-292,IND,,WAS,W (+10),Did Not Play,Did Not Play,0.0,0.0,Did Not Play,,,Did Not Play,Did Not Play,0.0,Did Not Play,0.0,0.0,,0.0,0.0,0.0,0.0,0.0,0.0,Did Not Play,Did Not Play,,,,15,17,17,17,10,8,18,17,1,10,15,14,8,3,10,73.0,75.0,78.0,80.0,46.0,7.0,3.0,38.0,63.0,68.0,6.0,62.0,65.0,75.0,31.0,7.0,56.0,0.2054794520547945,0.2266666666666666,0.2179487179487179,0.2125,0.217391304347826,0.0,0.0,0.2105263157894736,0.2857142857142857,0.25,0.1666666666666666,0.1612903225806451,0.2307692307692307,0.1866666666666666,0.2580645161290322,0.4285714285714285,0.1785714285714285,3,5,46.0,71.0,62.0,16.0,0.0652173913043478,0.0,0.0806451612903225,0.0,17,,71.0,4.176470588235294,0.0,86.7,5.1000000000000005
27,27,,2022-12-10,35-293,IND,,BRK,L (-3),Did Not Play,Did Not Play,0.0,0.0,Did Not Play,,,Did Not Play,Did Not Play,0.0,Did Not Play,0.0,0.0,,0.0,0.0,0.0,0.0,0.0,0.0,Did Not Play,Did Not Play,,,,15,17,17,17,10,8,18,17,1,10,15,14,8,3,10,73.0,75.0,78.0,80.0,46.0,7.0,3.0,38.0,63.0,68.0,6.0,62.0,65.0,75.0,31.0,7.0,56.0,0.2054794520547945,0.2266666666666666,0.2179487179487179,0.2125,0.217391304347826,0.0,0.0,0.2105263157894736,0.2857142857142857,0.25,0.1666666666666666,0.1612903225806451,0.2307692307692307,0.1866666666666666,0.2580645161290322,0.4285714285714285,0.1785714285714285,3,5,46.0,71.0,62.0,16.0,0.0652173913043478,0.0,0.0806451612903225,0.0,17,,88.0,5.176470588235294,0.0,104.59999999999998,6.152941176470587
28,28,,2022-12-12,35-295,IND,,MIA,L (-5),Did Not Play,Did Not Play,0.0,0.0,Did Not Play,,,Did Not Play,Did Not Play,0.0,Did Not Play,0.0,0.0,,0.0,0.0,0.0,0.0,0.0,0.0,Did Not Play,Did Not Play,,,,15,17,17,17,10,8,18,17,1,10,15,14,8,3,10,73.0,75.0,78.0,80.0,46.0,7.0,3.0,38.0,63.0,68.0,6.0,62.0,65.0,75.0,31.0,7.0,56.0,0.2054794520547945,0.2266666666666666,0.2179487179487179,0.2125,0.217391304347826,0.0,0.0,0.2105263157894736,0.2857142857142857,0.25,0.1666666666666666,0.1612903225806451,0.2307692307692307,0.1866666666666666,0.2580645161290322,0.4285714285714285,0.1785714285714285,3,5,46.0,71.0,62.0,16.0,0.0652173913043478,0.0,0.0806451612903225,0.0,17,,56.0,3.294117647058824,0.0,61.19999999999999,3.599999999999999
29,29,,2022-12-14,35-297,IND,,GSW,W (+6),Did Not Play,Did Not Play,0.0,0.0,Did Not Play,,,Did Not Play,Did Not Play,0.0,Did Not Play,0.0,0.0,,0.0,0.0,0.0,0.0,0.0,0.0,Did Not Play,Did Not Play,,,,15,17,17,17,10,8,18,17,1,10,15,14,8,3,10,73.0,75.0,78.0,80.0,46.0,7.0,3.0,38.0,63.0,68.0,6.0,62.0,65.0,75.0,31.0,7.0,56.0,0.2054794520547945,0.2266666666666666,0.2179487179487179,0.2125,0.217391304347826,0.0,0.0,0.2105263157894736,0.2857142857142857,0.25,0.1666666666666666,0.1612903225806451,0.2307692307692307,0.1866666666666666,0.2580645161290322,0.4285714285714285,0.1785714285714285,3,5,46.0,71.0,62.0,16.0,0.0652173913043478,0.0,0.0806451612903225,0.0,17,,89.0,5.235294117647059,0.0,101.69999999999996,5.982352941176468
30,30,,2022-12-16,35-299,IND,@,CLE,L (-6),Did Not Play,Did Not Play,0.0,0.0,Did Not Play,,,Did Not Play,Did Not Play,0.0,Did Not Play,0.0,0.0,,0.0,0.0,0.0,0.0,0.0,0.0,Did Not Play,Did Not Play,,,,15,17,17,17,10,8,18,17,1,10,15,14,8,3,10,73.0,75.0,78.0,80.0,46.0,7.0,3.0,38.0,63.0,68.0,6.0,62.0,65.0,75.0,31.0,7.0,56.0,0.2054794520547945,0.2266666666666666,0.2179487179487179,0.2125,0.217391304347826,0.0,0.0,0.2105263157894736,0.2857142857142857,0.25,0.1666666666666666,0.1612903225806451,0.2307692307692307,0.1866666666666666,0.2580645161290322,0.4285714285714285,0.1785714285714285,3,5,46.0,71.0,62.0,16.0,0.0652173913043478,0.0,0.0806451612903225,0.0,17,,80.0,4.705882352941177,0.0,90.9,5.347058823529412
31,31,,2022-12-18,35-301,IND,,NYK,L (-3),Did Not Play,Did Not Play,0.0,0.0,Did Not Play,,,Did Not Play,Did Not Play,0.0,Did Not Play,0.0,0.0,,0.0,0.0,0.0,0.0,0.0,0.0,Did Not Play,Did Not Play,,,,15,17,17,17,10,8,18,17,1,10,15,14,8,3,10,73.0,75.0,78.0,80.0,46.0,7.0,3.0,38.0,63.0,68.0,6.0,62.0,65.0,75.0,31.0,7.0,56.0,0.2054794520547945,0.2266666666666666,0.2179487179487179,0.2125,0.217391304347826,0.0,0.0,0.2105263157894736,0.2857142857142857,0.25,0.1666666666666666,0.1612903225806451,0.2307692307692307,0.1866666666666666,0.2580645161290322,0.4285714285714285,0.1785714285714285,3,5,46.0,71.0,62.0,16.0,0.0652173913043478,0.0,0.0806451612903225,0.0,17,,64.0,3.764705882352941,0.0,63.3,3.7235294117647055
32,32,,2022-12-21,35-304,IND,@,BOS,W (+5),Did Not Play,Did Not Play,0.0,0.0,Did Not Play,,,Did Not Play,Did Not Play,0.0,Did Not Play,0.0,0.0,,0.0,0.0,0.0,0.0,0.0,0.0,Did Not Play,Did Not Play,,,,15,17,17,17,10,8,18,17,1,10,15,14,8,3,10,73.0,75.0,78.0,80.0,46.0,7.0,3.0,38.0,63.0,68.0,6.0,62.0,65.0,75.0,31.0,7.0,56.0,0.2054794520547945,0.2266666666666666,0.2179487179487179,0.2125,0.217391304347826,0.0,0.0,0.2105263157894736,0.2857142857142857,0.25,0.1666666666666666,0.1612903225806451,0.2307692307692307,0.1866666666666666,0.2580645161290322,0.4285714285714285,0.1785714285714285,3,5,46.0,71.0,62.0,16.0,0.0652173913043478,0.0,0.0806451612903225,0.0,17,,90.0,5.294117647058823,0.0,92.59999999999998,5.44705882352941
33,33,,2022-12-23,35-306,IND,@,MIA,W (+3),Did Not Play,Did Not Play,0.0,0.0,Did Not Play,,,Did Not Play,Did Not Play,0.0,Did Not Play,0.0,0.0,,0.0,0.0,0.0,0.0,0.0,0.0,Did Not Play,Did Not Play,,,,15,17,17,17,10,8,18,17,1,10,15,14,8,3,10,73.0,75.0,78.0,80.0,46.0,7.0,3.0,38.0,63.0,68.0,6.0,62.0,65.0,75.0,31.0,7.0,56.0,0.2054794520547945,0.2266666666666666,0.2179487179487179,0.2125,0.217391304347826,0.0,0.0,0.2105263157894736,0.2857142857142857,0.25,0.1666666666666666,0.1612903225806451,0.2307692307692307,0.1866666666666666,0.2580645161290322,0.4285714285714285,0.1785714285714285,3,5,46.0,71.0,62.0,16.0,0.0652173913043478,0.0,0.0806451612903225,0.0,17,,94.0,5.529411764705882,0.0,82.0,4.823529411764706
34,34,8,2022-12-26,35-309,IND,@,NOP,L (-20),0,6:36,1.0,3.0,.333,0.0,0.0,,0,0.0,,0.0,0.0,0.0,0.0,0.0,1.0,0.0,1.0,2.0,0.6,+4,3.0,1.0,0.3333333333333333,15,17,17,17,10,8,18,17,1,10,15,14,8,3,10,73.0,75.0,78.0,80.0,46.0,7.0,3.0,38.0,63.0,68.0,6.0,62.0,65.0,75.0,31.0,7.0,56.0,0.2054794520547945,0.2266666666666666,0.2179487179487179,0.2125,0.217391304347826,0.0,0.0,0.2105263157894736,0.2857142857142857,0.25,0.1666666666666666,0.1612903225806451,0.2307692307692307,0.1866666666666666,0.2580645161290322,0.4285714285714285,0.1785714285714285,3,5,46.0,71.0,62.0,16.0,0.0652173913043478,0.0,0.0806451612903225,0.0,17,0.0,61.0,3.588235294117647,0.6,58.1,3.4176470588235297
35,35,9,2022-12-27,35-310,IND,,ATL,W (+15),0,2:38,0.0,0.0,,0.0,0.0,,0,0.0,,0.0,0.0,0.0,0.0,0.0,0.0,0.0,0.0,0.0,0.0,-4,0.0,0.0,,15,17,17,17,10,8,18,17,1,10,15,14,8,3,10,73.0,75.0,78.0,80.0,46.0,7.0,3.0,38.0,63.0,68.0,6.0,62.0,65.0,75.0,31.0,7.0,56.0,0.2054794520547945,0.2266666666666666,0.2179487179487179,0.2125,0.217391304347826,0.0,0.0,0.2105263157894736,0.2857142857142857,0.25,0.1666666666666666,0.1612903225806451,0.2307692307692307,0.1866666666666666,0.2580645161290322,0.4285714285714285,0.1785714285714285,3,5,46.0,71.0,62.0,16.0,0.0652173913043478,0.0,0.0806451612903225,0.0,17,0.0,92.0,5.411764705882353,0.0,98.4,5.788235294117648
36,36,,2022-12-29,35-312,IND,,CLE,W (+9),Did Not Play,Did Not Play,0.0,0.0,Did Not Play,,,Did Not Play,Did Not Play,0.0,Did Not Play,0.0,0.0,,0.0,0.0,0.0,0.0,0.0,0.0,Did Not Play,Did Not Play,,,,15,17,17,17,10,8,18,17,1,10,15,14,8,3,10,73.0,75.0,78.0,80.0,46.0,7.0,3.0,38.0,63.0,68.0,6.0,62.0,65.0,75.0,31.0,7.0,56.0,0.2054794520547945,0.2266666666666666,0.2179487179487179,0.2125,0.217391304347826,0.0,0.0,0.2105263157894736,0.2857142857142857,0.25,0.1666666666666666,0.1612903225806451,0.2307692307692307,0.1866666666666666,0.2580645161290322,0.4285714285714285,0.1785714285714285,3,5,46.0,71.0,62.0,16.0,0.0652173913043478,0.0,0.0806451612903225,0.0,17,,100.0,5.882352941176471,0.0,116.4,6.847058823529412
37,37,,2022-12-31,35-314,IND,,LAC,W (+1),Did Not Play,Did Not Play,0.0,0.0,Did Not Play,,,Did Not Play,Did Not Play,0.0,Did Not Play,0.0,0.0,,0.0,0.0,0.0,0.0,0.0,0.0,Did Not Play,Did Not Play,,,,15,17,17,17,10,8,18,17,1,10,15,14,8,3,10,73.0,75.0,78.0,80.0,46.0,7.0,3.0,38.0,63.0,68.0,6.0,62.0,65.0,75.0,31.0,7.0,56.0,0.2054794520547945,0.2266666666666666,0.2179487179487179,0.2125,0.217391304347826,0.0,0.0,0.2105263157894736,0.2857142857142857,0.25,0.1666666666666666,0.1612903225806451,0.2307692307692307,0.1866666666666666,0.2580645161290322,0.4285714285714285,0.1785714285714285,3,5,46.0,71.0,62.0,16.0,0.0652173913043478,0.0,0.0806451612903225,0.0,17,,96.0,5.647058823529412,0.0,103.6,6.094117647058823
38,38,,2023-01-02,35-316,IND,,TOR,W (+8),Did Not Play,Did Not Play,0.0,0.0,Did Not Play,,,Did Not Play,Did Not Play,0.0,Did Not Play,0.0,0.0,,0.0,0.0,0.0,0.0,0.0,0.0,Did Not Play,Did Not Play,,,,15,17,17,17,10,8,18,17,1,10,15,14,8,3,10,73.0,75.0,78.0,80.0,46.0,7.0,3.0,38.0,63.0,68.0,6.0,62.0,65.0,75.0,31.0,7.0,56.0,0.2054794520547945,0.2266666666666666,0.2179487179487179,0.2125,0.217391304347826,0.0,0.0,0.2105263157894736,0.2857142857142857,0.25,0.1666666666666666,0.1612903225806451,0.2307692307692307,0.1866666666666666,0.2580645161290322,0.4285714285714285,0.1785714285714285,3,5,46.0,71.0,62.0,16.0,0.0652173913043478,0.0,0.0806451612903225,0.0,17,,94.0,5.529411764705882,0.0,90.3,5.311764705882353
39,39,,2023-01-04,35-318,IND,@,PHI,L (-3),Did Not Play,Did Not Play,0.0,0.0,Did Not Play,,,Did Not Play,Did Not Play,0.0,Did Not Play,0.0,0.0,,0.0,0.0,0.0,0.0,0.0,0.0,Did Not Play,Did Not Play,,,,15,17,17,17,10,8,18,17,1,10,15,14,8,3,10,73.0,75.0,78.0,80.0,46.0,7.0,3.0,38.0,63.0,68.0,6.0,62.0,65.0,75.0,31.0,7.0,56.0,0.2054794520547945,0.2266666666666666,0.2179487179487179,0.2125,0.217391304347826,0.0,0.0,0.2105263157894736,0.2857142857142857,0.25,0.1666666666666666,0.1612903225806451,0.2307692307692307,0.1866666666666666,0.2580645161290322,0.4285714285714285,0.1785714285714285,3,5,46.0,71.0,62.0,16.0,0.0652173913043478,0.0,0.0806451612903225,0.0,17,,105.0,6.176470588235294,0.0,109.59999999999998,6.44705882352941
40,40,,2023-01-06,35-320,IND,,POR,W (+9),Did Not Play,Did Not Play,0.0,0.0,Did Not Play,,,Did Not Play,Did Not Play,0.0,Did Not Play,0.0,0.0,,0.0,0.0,0.0,0.0,0.0,0.0,Did Not Play,Did Not Play,,,,15,17,17,17,10,8,18,17,1,10,15,14,8,3,10,73.0,75.0,78.0,80.0,46.0,7.0,3.0,38.0,63.0,68.0,6.0,62.0,65.0,75.0,31.0,7.0,56.0,0.2054794520547945,0.2266666666666666,0.2179487179487179,0.2125,0.217391304347826,0.0,0.0,0.2105263157894736,0.2857142857142857,0.25,0.1666666666666666,0.1612903225806451,0.2307692307692307,0.1866666666666666,0.2580645161290322,0.4285714285714285,0.1785714285714285,3,5,46.0,71.0,62.0,16.0,0.0652173913043478,0.0,0.0806451612903225,0.0,17,,77.0,4.529411764705882,0.0,76.39999999999999,4.494117647058823
41,Rk,G,Date,Age,Tm,,Opp,,GS,MP,0.0,0.0,FG%,,,3P%,FT,0.0,FT%,0.0,0.0,,0.0,0.0,0.0,0.0,0.0,0.0,GmSc,+/-,,,,15,17,17,17,10,8,18,17,1,10,15,14,8,3,10,73.0,75.0,78.0,80.0,46.0,7.0,3.0,38.0,63.0,68.0,6.0,62.0,65.0,75.0,31.0,7.0,56.0,0.2054794520547945,0.2266666666666666,0.2179487179487179,0.2125,0.217391304347826,0.0,0.0,0.2105263157894736,0.2857142857142857,0.25,0.1666666666666666,0.1612903225806451,0.2307692307692307,0.1866666666666666,0.2580645161290322,0.4285714285714285,0.1785714285714285,3,5,46.0,71.0,62.0,16.0,0.0652173913043478,0.0,0.0806451612903225,0.0,17,,0.0,0.0,0.0,0.0,0.0
42,41,,2023-01-08,35-322,IND,,CHO,W (+5),Did Not Play,Did Not Play,0.0,0.0,Did Not Play,,,Did Not Play,Did Not Play,0.0,Did Not Play,0.0,0.0,,0.0,0.0,0.0,0.0,0.0,0.0,Did Not Play,Did Not Play,,,,15,17,17,17,10,8,18,17,1,10,15,14,8,3,10,73.0,75.0,78.0,80.0,46.0,7.0,3.0,38.0,63.0,68.0,6.0,62.0,65.0,75.0,31.0,7.0,56.0,0.2054794520547945,0.2266666666666666,0.2179487179487179,0.2125,0.217391304347826,0.0,0.0,0.2105263157894736,0.2857142857142857,0.25,0.1666666666666666,0.1612903225806451,0.2307692307692307,0.1866666666666666,0.2580645161290322,0.4285714285714285,0.1785714285714285,3,5,46.0,71.0,62.0,16.0,0.0652173913043478,0.0,0.0806451612903225,0.0,17,,81.0,4.764705882352941,0.0,85.60000000000002,5.0352941176470605
43,42,10,2023-01-11,35-325,IND,@,NYK,L (-6),1,12:58,0.0,1.0,.000,0.0,0.0,,0,0.0,,0.0,3.0,3.0,2.0,2.0,1.0,1.0,2.0,0.0,2.5,-13,1.0,0.0,0.0,15,17,17,17,10,8,18,17,1,10,15,14,8,3,10,73.0,75.0,78.0,80.0,46.0,7.0,3.0,38.0,63.0,68.0,6.0,62.0,65.0,75.0,31.0,7.0,56.0,0.2054794520547945,0.2266666666666666,0.2179487179487179,0.2125,0.217391304347826,0.0,0.0,0.2105263157894736,0.2857142857142857,0.25,0.1666666666666666,0.1612903225806451,0.2307692307692307,0.1866666666666666,0.2580645161290322,0.4285714285714285,0.1785714285714285,3,5,46.0,71.0,62.0,16.0,0.0652173913043478,0.0,0.0806451612903225,0.0,17,6.0,69.0,4.0588235294117645,2.5,85.6,5.035294117647059
44,43,,2023-01-13,35-327,IND,,ATL,L (-2),Did Not Play,Did Not Play,0.0,0.0,Did Not Play,,,Did Not Play,Did Not Play,0.0,Did Not Play,0.0,0.0,,0.0,0.0,0.0,0.0,0.0,0.0,Did Not Play,Did Not Play,,,,15,17,17,17,10,8,18,17,1,10,15,14,8,3,10,73.0,75.0,78.0,80.0,46.0,7.0,3.0,38.0,63.0,68.0,6.0,62.0,65.0,75.0,31.0,7.0,56.0,0.2054794520547945,0.2266666666666666,0.2179487179487179,0.2125,0.217391304347826,0.0,0.0,0.2105263157894736,0.2857142857142857,0.25,0.1666666666666666,0.1612903225806451,0.2307692307692307,0.1866666666666666,0.2580645161290322,0.4285714285714285,0.1785714285714285,3,5,46.0,71.0,62.0,16.0,0.0652173913043478,0.0,0.0806451612903225,0.0,17,,65.0,3.823529411764706,0.0,77.89999999999999,4.58235294117647
45,44,11,2023-01-14,35-328,IND,,MEM,L (-18),0,8:06,2.0,5.0,.400,1.0,2.0,.500,0,0.0,,1.0,1.0,2.0,0.0,0.0,1.0,2.0,3.0,5.0,0.8,+11,3.0,1.0,0.3333333333333333,15,17,17,17,10,8,18,17,1,10,15,14,8,3,10,73.0,75.0,78.0,80.0,46.0,7.0,3.0,38.0,63.0,68.0,6.0,62.0,65.0,75.0,31.0,7.0,56.0,0.2054794520547945,0.2266666666666666,0.2179487179487179,0.2125,0.217391304347826,0.0,0.0,0.2105263157894736,0.2857142857142857,0.25,0.1666666666666666,0.1612903225806451,0.2307692307692307,0.1866666666666666,0.2580645161290322,0.4285714285714285,0.1785714285714285,3,5,46.0,71.0,62.0,16.0,0.0652173913043478,0.0,0.0806451612903225,0.0,17,1.0,69.0,4.0588235294117645,0.7999999999999998,81.1,4.770588235294118
46,45,,2023-01-16,35-330,IND,@,MIL,L (-13),Did Not Play,Did Not Play,0.0,0.0,Did Not Play,,,Did Not Play,Did Not Play,0.0,Did Not Play,0.0,0.0,,0.0,0.0,0.0,0.0,0.0,0.0,Did Not Play,Did Not Play,,,,15,17,17,17,10,8,18,17,1,10,15,14,8,3,10,73.0,75.0,78.0,80.0,46.0,7.0,3.0,38.0,63.0,68.0,6.0,62.0,65.0,75.0,31.0,7.0,56.0,0.2054794520547945,0.2266666666666666,0.2179487179487179,0.2125,0.217391304347826,0.0,0.0,0.2105263157894736,0.2857142857142857,0.25,0.1666666666666666,0.1612903225806451,0.2307692307692307,0.1866666666666666,0.2580645161290322,0.4285714285714285,0.1785714285714285,3,5,46.0,71.0,62.0,16.0,0.0652173913043478,0.0,0.0806451612903225,0.0,17,,100.0,5.882352941176471,0.0,97.7,5.747058823529412
47,46,,2023-01-18,35-332,IND,@,OKC,L (-20),Did Not Play,Did Not Play,0.0,0.0,Did Not Play,,,Did Not Play,Did Not Play,0.0,Did Not Play,0.0,0.0,,0.0,0.0,0.0,0.0,0.0,0.0,Did Not Play,Did Not Play,,,,15,17,17,17,10,8,18,17,1,10,15,14,8,3,10,73.0,75.0,78.0,80.0,46.0,7.0,3.0,38.0,63.0,68.0,6.0,62.0,65.0,75.0,31.0,7.0,56.0,0.2054794520547945,0.2266666666666666,0.2179487179487179,0.2125,0.217391304347826,0.0,0.0,0.2105263157894736,0.2857142857142857,0.25,0.1666666666666666,0.1612903225806451,0.2307692307692307,0.1866666666666666,0.2580645161290322,0.4285714285714285,0.1785714285714285,3,5,46.0,71.0,62.0,16.0,0.0652173913043478,0.0,0.0806451612903225,0.0,17,,84.0,4.941176470588236,0.0,77.6,4.564705882352941
48,47,12,2023-01-20,35-334,IND,@,DEN,L (-23),0,5:21,1.0,2.0,.500,1.0,1.0,1.000,3,4.0,.750,1.0,2.0,3.0,0.0,1.0,0.0,0.0,2.0,6.0,6.1,+1,1.0,0.0,0.0,15,17,17,17,10,8,18,17,1,10,15,14,8,3,10,73.0,75.0,78.0,80.0,46.0,7.0,3.0,38.0,63.0,68.0,6.0,62.0,65.0,75.0,31.0,7.0,56.0,0.2054794520547945,0.2266666666666666,0.2179487179487179,0.2125,0.217391304347826,0.0,0.0,0.2105263157894736,0.2857142857142857,0.25,0.1666666666666666,0.1612903225806451,0.2307692307692307,0.1866666666666666,0.2580645161290322,0.4285714285714285,0.1785714285714285,3,5,46.0,71.0,62.0,16.0,0.0652173913043478,0.0,0.0806451612903225,0.0,17,4.0,42.0,2.4705882352941178,4.9,61.2,3.6
49,48,,2023-01-21,35-335,IND,@,PHO,L (-5),Did Not Play,Did Not Play,0.0,0.0,Did Not Play,,,Did Not Play,Did Not Play,0.0,Did Not Play,0.0,0.0,,0.0,0.0,0.0,0.0,0.0,0.0,Did Not Play,Did Not Play,,,,15,17,17,17,10,8,18,17,1,10,15,14,8,3,10,73.0,75.0,78.0,80.0,46.0,7.0,3.0,38.0,63.0,68.0,6.0,62.0,65.0,75.0,31.0,7.0,56.0,0.2054794520547945,0.2266666666666666,0.2179487179487179,0.2125,0.217391304347826,0.0,0.0,0.2105263157894736,0.2857142857142857,0.25,0.1666666666666666,0.1612903225806451,0.2307692307692307,0.1866666666666666,0.2580645161290322,0.4285714285714285,0.1785714285714285,3,5,46.0,71.0,62.0,16.0,0.0652173913043478,0.0,0.0806451612903225,0.0,17,,65.0,3.823529411764706,0.0,69.49999999999999,4.088235294117646
50,49,,2023-01-24,35-338,IND,,CHI,W (+6),Did Not Play,Did Not Play,0.0,0.0,Did Not Play,,,Did Not Play,Did Not Play,0.0,Did Not Play,0.0,0.0,,0.0,0.0,0.0,0.0,0.0,0.0,Did Not Play,Did Not Play,,,,15,17,17,17,10,8,18,17,1,10,15,14,8,3,10,73.0,75.0,78.0,80.0,46.0,7.0,3.0,38.0,63.0,68.0,6.0,62.0,65.0,75.0,31.0,7.0,56.0,0.2054794520547945,0.2266666666666666,0.2179487179487179,0.2125,0.217391304347826,0.0,0.0,0.2105263157894736,0.2857142857142857,0.25,0.1666666666666666,0.1612903225806451,0.2307692307692307,0.1866666666666666,0.2580645161290322,0.4285714285714285,0.1785714285714285,3,5,46.0,71.0,62.0,16.0,0.0652173913043478,0.0,0.0806451612903225,0.0,17,,82.0,4.823529411764706,0.0,83.3,4.8999999999999995
51,50,,2023-01-25,35-339,IND,@,ORL,L (-6),Did Not Play,Did Not Play,0.0,0.0,Did Not Play,,,Did Not Play,Did Not Play,0.0,Did Not Play,0.0,0.0,,0.0,0.0,0.0,0.0,0.0,0.0,Did Not Play,Did Not Play,,,,15,17,17,17,10,8,18,17,1,10,15,14,8,3,10,73.0,75.0,78.0,80.0,46.0,7.0,3.0,38.0,63.0,68.0,6.0,62.0,65.0,75.0,31.0,7.0,56.0,0.2054794520547945,0.2266666666666666,0.2179487179487179,0.2125,0.217391304347826,0.0,0.0,0.2105263157894736,0.2857142857142857,0.25,0.1666666666666666,0.1612903225806451,0.2307692307692307,0.1866666666666666,0.2580645161290322,0.4285714285714285,0.1785714285714285,3,5,46.0,71.0,62.0,16.0,0.0652173913043478,0.0,0.0806451612903225,0.0,17,,82.0,4.823529411764706,0.0,95.0,5.588235294117647
52,51,,2023-01-27,35-341,IND,,MIL,L (-10),Did Not Play,Did Not Play,0.0,0.0,Did Not Play,,,Did Not Play,Did Not Play,0.0,Did Not Play,0.0,0.0,,0.0,0.0,0.0,0.0,0.0,0.0,Did Not Play,Did Not Play,,,,15,17,17,17,10,8,18,17,1,10,15,14,8,3,10,73.0,75.0,78.0,80.0,46.0,7.0,3.0,38.0,63.0,68.0,6.0,62.0,65.0,75.0,31.0,7.0,56.0,0.2054794520547945,0.2266666666666666,0.2179487179487179,0.2125,0.217391304347826,0.0,0.0,0.2105263157894736,0.2857142857142857,0.25,0.1666666666666666,0.1612903225806451,0.2307692307692307,0.1866666666666666,0.2580645161290322,0.4285714285714285,0.1785714285714285,3,5,46.0,71.0,62.0,16.0,0.0652173913043478,0.0,0.0806451612903225,0.0,17,,80.0,4.705882352941177,0.0,95.7,5.629411764705883
53,52,,2023-01-29,35-343,IND,@,MEM,L (-12),Did Not Play,Did Not Play,0.0,0.0,Did Not Play,,,Did Not Play,Did Not Play,0.0,Did Not Play,0.0,0.0,,0.0,0.0,0.0,0.0,0.0,0.0,Did Not Play,Did Not Play,,,,15,17,17,17,10,8,18,17,1,10,15,14,8,3,10,73.0,75.0,78.0,80.0,46.0,7.0,3.0,38.0,63.0,68.0,6.0,62.0,65.0,75.0,31.0,7.0,56.0,0.2054794520547945,0.2266666666666666,0.2179487179487179,0.2125,0.217391304347826,0.0,0.0,0.2105263157894736,0.2857142857142857,0.25,0.1666666666666666,0.1612903225806451,0.2307692307692307,0.1866666666666666,0.2580645161290322,0.4285714285714285,0.1785714285714285,3,5,46.0,71.0,62.0,16.0,0.0652173913043478,0.0,0.0806451612903225,0.0,17,,57.0,3.3529411764705883,0.0,63.6,3.7411764705882353
54,53,,2023-02-02,35-347,IND,,LAL,L (-1),Did Not Play,Did Not Play,0.0,0.0,Did Not Play,,,Did Not Play,Did Not Play,0.0,Did Not Play,0.0,0.0,,0.0,0.0,0.0,0.0,0.0,0.0,Did Not Play,Did Not Play,,,,15,17,17,17,10,8,18,17,1,10,15,14,8,3,10,73.0,75.0,78.0,80.0,46.0,7.0,3.0,38.0,63.0,68.0,6.0,62.0,65.0,75.0,31.0,7.0,56.0,0.2054794520547945,0.2266666666666666,0.2179487179487179,0.2125,0.217391304347826,0.0,0.0,0.2105263157894736,0.2857142857142857,0.25,0.1666666666666666,0.1612903225806451,0.2307692307692307,0.1866666666666666,0.2580645161290322,0.4285714285714285,0.1785714285714285,3,5,46.0,71.0,62.0,16.0,0.0652173913043478,0.0,0.0806451612903225,0.0,17,,90.0,5.294117647058823,0.0,88.30000000000001,5.194117647058825
55,54,,2023-02-03,35-348,IND,,SAC,W (+3),Did Not Play,Did Not Play,0.0,0.0,Did Not Play,,,Did Not Play,Did Not Play,0.0,Did Not Play,0.0,0.0,,0.0,0.0,0.0,0.0,0.0,0.0,Did Not Play,Did Not Play,,,,15,17,17,17,10,8,18,17,1,10,15,14,8,3,10,73.0,75.0,78.0,80.0,46.0,7.0,3.0,38.0,63.0,68.0,6.0,62.0,65.0,75.0,31.0,7.0,56.0,0.2054794520547945,0.2266666666666666,0.2179487179487179,0.2125,0.217391304347826,0.0,0.0,0.2105263157894736,0.2857142857142857,0.25,0.1666666666666666,0.1612903225806451,0.2307692307692307,0.1866666666666666,0.2580645161290322,0.4285714285714285,0.1785714285714285,3,5,46.0,71.0,62.0,16.0,0.0652173913043478,0.0,0.0806451612903225,0.0,17,,90.0,5.294117647058823,0.0,81.0,4.764705882352941
56,55,,2023-02-05,35-350,IND,,CLE,L (-19),Did Not Play,Did Not Play,0.0,0.0,Did Not Play,,,Did Not Play,Did Not Play,0.0,Did Not Play,0.0,0.0,,0.0,0.0,0.0,0.0,0.0,0.0,Did Not Play,Did Not Play,,,,15,17,17,17,10,8,18,17,1,10,15,14,8,3,10,73.0,75.0,78.0,80.0,46.0,7.0,3.0,38.0,63.0,68.0,6.0,62.0,65.0,75.0,31.0,7.0,56.0,0.2054794520547945,0.2266666666666666,0.2179487179487179,0.2125,0.217391304347826,0.0,0.0,0.2105263157894736,0.2857142857142857,0.25,0.1666666666666666,0.1612903225806451,0.2307692307692307,0.1866666666666666,0.2580645161290322,0.4285714285714285,0.1785714285714285,3,5,46.0,71.0,62.0,16.0,0.0652173913043478,0.0,0.0806451612903225,0.0,17,,66.0,3.882352941176471,0.0,61.09999999999999,3.5941176470588228
57,56,,2023-02-08,35-353,IND,@,MIA,L (-5),Did Not Play,Did Not Play,0.0,0.0,Did Not Play,,,Did Not Play,Did Not Play,0.0,Did Not Play,0.0,0.0,,0.0,0.0,0.0,0.0,0.0,0.0,Did Not Play,Did Not Play,,,,15,17,17,17,10,8,18,17,1,10,15,14,8,3,10,73.0,75.0,78.0,80.0,46.0,7.0,3.0,38.0,63.0,68.0,6.0,62.0,65.0,75.0,31.0,7.0,56.0,0.2054794520547945,0.2266666666666666,0.2179487179487179,0.2125,0.217391304347826,0.0,0.0,0.2105263157894736,0.2857142857142857,0.25,0.1666666666666666,0.1612903225806451,0.2307692307692307,0.1866666666666666,0.2580645161290322,0.4285714285714285,0.1785714285714285,3,5,46.0,71.0,62.0,16.0,0.0652173913043478,0.0,0.0806451612903225,0.0,17,,60.0,3.5294117647058822,0.0,67.89999999999998,3.994117647058822
58,57,,2023-02-10,35-355,IND,,PHO,L (-13),Not With Team,Not With Team,0.0,0.0,Not With Team,,,Not With Team,Not With Team,0.0,Not With Team,0.0,0.0,,0.0,0.0,0.0,0.0,0.0,0.0,Not With Team,Not With Team,,,,15,17,17,17,10,8,18,17,1,10,15,14,8,3,10,73.0,75.0,78.0,80.0,46.0,7.0,3.0,38.0,63.0,68.0,6.0,62.0,65.0,75.0,31.0,7.0,56.0,0.2054794520547945,0.2266666666666666,0.2179487179487179,0.2125,0.217391304347826,0.0,0.0,0.2105263157894736,0.2857142857142857,0.25,0.1666666666666666,0.1612903225806451,0.2307692307692307,0.1866666666666666,0.2580645161290322,0.4285714285714285,0.1785714285714285,3,5,46.0,71.0,62.0,16.0,0.0652173913043478,0.0,0.0806451612903225,0.0,17,,63.0,3.7058823529411766,0.0,71.60000000000001,4.211764705882353
59,58,,2023-02-13,35-358,IND,,UTA,L (-6),Did Not Play,Did Not Play,0.0,0.0,Did Not Play,,,Did Not Play,Did Not Play,0.0,Did Not Play,0.0,0.0,,0.0,0.0,0.0,0.0,0.0,0.0,Did Not Play,Did Not Play,,,,15,17,17,17,10,8,18,17,1,10,15,14,8,3,10,73.0,75.0,78.0,80.0,46.0,7.0,3.0,38.0,63.0,68.0,6.0,62.0,65.0,75.0,31.0,7.0,56.0,0.2054794520547945,0.2266666666666666,0.2179487179487179,0.2125,0.217391304347826,0.0,0.0,0.2105263157894736,0.2857142857142857,0.25,0.1666666666666666,0.1612903225806451,0.2307692307692307,0.1866666666666666,0.2580645161290322,0.4285714285714285,0.1785714285714285,3,5,46.0,71.0,62.0,16.0,0.0652173913043478,0.0,0.0806451612903225,0.0,17,,63.0,3.7058823529411766,0.0,85.49999999999999,5.029411764705881
60,59,,2023-02-15,35-360,IND,,CHI,W (+4),Did Not Play,Did Not Play,0.0,0.0,Did Not Play,,,Did Not Play,Did Not Play,0.0,Did Not Play,0.0,0.0,,0.0,0.0,0.0,0.0,0.0,0.0,Did Not Play,Did Not Play,,,,15,17,17,17,10,8,18,17,1,10,15,14,8,3,10,73.0,75.0,78.0,80.0,46.0,7.0,3.0,38.0,63.0,68.0,6.0,62.0,65.0,75.0,31.0,7.0,56.0,0.2054794520547945,0.2266666666666666,0.2179487179487179,0.2125,0.217391304347826,0.0,0.0,0.2105263157894736,0.2857142857142857,0.25,0.1666666666666666,0.1612903225806451,0.2307692307692307,0.1866666666666666,0.2580645161290322,0.4285714285714285,0.1785714285714285,3,5,46.0,71.0,62.0,16.0,0.0652173913043478,0.0,0.0806451612903225,0.0,17,,70.0,4.117647058823529,0.0,80.49999999999997,4.735294117647057
61,60,,2023-02-23,36-003,IND,,BOS,L (-4),Did Not Play,Did Not Play,0.0,0.0,Did Not Play,,,Did Not Play,Did Not Play,0.0,Did Not Play,0.0,0.0,,0.0,0.0,0.0,0.0,0.0,0.0,Did Not Play,Did Not Play,,,,15,17,17,17,10,8,18,17,1,10,15,14,8,3,10,73.0,75.0,78.0,80.0,46.0,7.0,3.0,38.0,63.0,68.0,6.0,62.0,65.0,75.0,31.0,7.0,56.0,0.2054794520547945,0.2266666666666666,0.2179487179487179,0.2125,0.217391304347826,0.0,0.0,0.2105263157894736,0.2857142857142857,0.25,0.1666666666666666,0.1612903225806451,0.2307692307692307,0.1866666666666666,0.2580645161290322,0.4285714285714285,0.1785714285714285,3,5,46.0,71.0,62.0,16.0,0.0652173913043478,0.0,0.0806451612903225,0.0,17,,94.0,5.529411764705882,0.0,106.4,6.258823529411765
62,Rk,G,Date,Age,Tm,,Opp,,GS,MP,0.0,0.0,FG%,,,3P%,FT,0.0,FT%,0.0,0.0,,0.0,0.0,0.0,0.0,0.0,0.0,GmSc,+/-,,,,15,17,17,17,10,8,18,17,1,10,15,14,8,3,10,73.0,75.0,78.0,80.0,46.0,7.0,3.0,38.0,63.0,68.0,6.0,62.0,65.0,75.0,31.0,7.0,56.0,0.2054794520547945,0.2266666666666666,0.2179487179487179,0.2125,0.217391304347826,0.0,0.0,0.2105263157894736,0.2857142857142857,0.25,0.1666666666666666,0.1612903225806451,0.2307692307692307,0.1866666666666666,0.2580645161290322,0.4285714285714285,0.1785714285714285,3,5,46.0,71.0,62.0,16.0,0.0652173913043478,0.0,0.0806451612903225,0.0,17,,0.0,0.0,0.0,0.0,0.0
63,61,,2023-02-25,36-005,IND,@,ORL,W (+13),Did Not Play,Did Not Play,0.0,0.0,Did Not Play,,,Did Not Play,Did Not Play,0.0,Did Not Play,0.0,0.0,,0.0,0.0,0.0,0.0,0.0,0.0,Did Not Play,Did Not Play,,,,15,17,17,17,10,8,18,17,1,10,15,14,8,3,10,73.0,75.0,78.0,80.0,46.0,7.0,3.0,38.0,63.0,68.0,6.0,62.0,65.0,75.0,31.0,7.0,56.0,0.2054794520547945,0.2266666666666666,0.2179487179487179,0.2125,0.217391304347826,0.0,0.0,0.2105263157894736,0.2857142857142857,0.25,0.1666666666666666,0.1612903225806451,0.2307692307692307,0.1866666666666666,0.2580645161290322,0.4285714285714285,0.1785714285714285,3,5,46.0,71.0,62.0,16.0,0.0652173913043478,0.0,0.0806451612903225,0.0,17,,105.0,6.176470588235294,0.0,111.9,6.582352941176471
64,62,,2023-02-28,36-008,IND,@,DAL,W (+2),Did Not Play,Did Not Play,0.0,0.0,Did Not Play,,,Did Not Play,Did Not Play,0.0,Did Not Play,0.0,0.0,,0.0,0.0,0.0,0.0,0.0,0.0,Did Not Play,Did Not Play,,,,15,17,17,17,10,8,18,17,1,10,15,14,8,3,10,73.0,75.0,78.0,80.0,46.0,7.0,3.0,38.0,63.0,68.0,6.0,62.0,65.0,75.0,31.0,7.0,56.0,0.2054794520547945,0.2266666666666666,0.2179487179487179,0.2125,0.217391304347826,0.0,0.0,0.2105263157894736,0.2857142857142857,0.25,0.1666666666666666,0.1612903225806451,0.2307692307692307,0.1866666666666666,0.2580645161290322,0.4285714285714285,0.1785714285714285,3,5,46.0,71.0,62.0,16.0,0.0652173913043478,0.0,0.0806451612903225,0.0,17,,97.0,5.705882352941177,0.0,101.5,5.970588235294118
65,63,,2023-03-02,36-010,IND,@,SAS,L (-11),Did Not Play,Did Not Play,0.0,0.0,Did Not Play,,,Did Not Play,Did Not Play,0.0,Did Not Play,0.0,0.0,,0.0,0.0,0.0,0.0,0.0,0.0,Did Not Play,Did Not Play,,,,15,17,17,17,10,8,18,17,1,10,15,14,8,3,10,73.0,75.0,78.0,80.0,46.0,7.0,3.0,38.0,63.0,68.0,6.0,62.0,65.0,75.0,31.0,7.0,56.0,0.2054794520547945,0.2266666666666666,0.2179487179487179,0.2125,0.217391304347826,0.0,0.0,0.2105263157894736,0.2857142857142857,0.25,0.1666666666666666,0.1612903225806451,0.2307692307692307,0.1866666666666666,0.2580645161290322,0.4285714285714285,0.1785714285714285,3,5,46.0,71.0,62.0,16.0,0.0652173913043478,0.0,0.0806451612903225,0.0,17,,75.0,4.411764705882353,0.0,88.2,5.188235294117647
66,64,,2023-03-05,36-013,IND,@,CHI,W (+3),Did Not Play,Did Not Play,0.0,0.0,Did Not Play,,,Did Not Play,Did Not Play,0.0,Did Not Play,0.0,0.0,,0.0,0.0,0.0,0.0,0.0,0.0,Did Not Play,Did Not Play,,,,15,17,17,17,10,8,18,17,1,10,15,14,8,3,10,73.0,75.0,78.0,80.0,46.0,7.0,3.0,38.0,63.0,68.0,6.0,62.0,65.0,75.0,31.0,7.0,56.0,0.2054794520547945,0.2266666666666666,0.2179487179487179,0.2125,0.217391304347826,0.0,0.0,0.2105263157894736,0.2857142857142857,0.25,0.1666666666666666,0.1612903225806451,0.2307692307692307,0.1866666666666666,0.2580645161290322,0.4285714285714285,0.1785714285714285,3,5,46.0,71.0,62.0,16.0,0.0652173913043478,0.0,0.0806451612903225,0.0,17,,57.0,3.3529411764705883,0.0,70.39999999999999,4.141176470588235
67,65,,2023-03-06,36-014,IND,,PHI,L (-4),Did Not Play,Did Not Play,0.0,0.0,Did Not Play,,,Did Not Play,Did Not Play,0.0,Did Not Play,0.0,0.0,,0.0,0.0,0.0,0.0,0.0,0.0,Did Not Play,Did Not Play,,,,15,17,17,17,10,8,18,17,1,10,15,14,8,3,10,73.0,75.0,78.0,80.0,46.0,7.0,3.0,38.0,63.0,68.0,6.0,62.0,65.0,75.0,31.0,7.0,56.0,0.2054794520547945,0.2266666666666666,0.2179487179487179,0.2125,0.217391304347826,0.0,0.0,0.2105263157894736,0.2857142857142857,0.25,0.1666666666666666,0.1612903225806451,0.2307692307692307,0.1866666666666666,0.2580645161290322,0.4285714285714285,0.1785714285714285,3,5,46.0,71.0,62.0,16.0,0.0652173913043478,0.0,0.0806451612903225,0.0,17,,93.0,5.470588235294118,0.0,109.1,6.417647058823529
68,66,,2023-03-09,36-017,IND,,HOU,W (+9),Did Not Play,Did Not Play,0.0,0.0,Did Not Play,,,Did Not Play,Did Not Play,0.0,Did Not Play,0.0,0.0,,0.0,0.0,0.0,0.0,0.0,0.0,Did Not Play,Did Not Play,,,,15,17,17,17,10,8,18,17,1,10,15,14,8,3,10,73.0,75.0,78.0,80.0,46.0,7.0,3.0,38.0,63.0,68.0,6.0,62.0,65.0,75.0,31.0,7.0,56.0,0.2054794520547945,0.2266666666666666,0.2179487179487179,0.2125,0.217391304347826,0.0,0.0,0.2105263157894736,0.2857142857142857,0.25,0.1666666666666666,0.1612903225806451,0.2307692307692307,0.1866666666666666,0.2580645161290322,0.4285714285714285,0.1785714285714285,3,5,46.0,71.0,62.0,16.0,0.0652173913043478,0.0,0.0806451612903225,0.0,17,,94.0,5.529411764705882,0.0,109.0,6.411764705882353
69,67,13,2023-03-11,36-019,IND,@,DET,W (+6),0,21:42,4.0,8.0,.500,0.0,2.0,.000,0,0.0,,0.0,5.0,5.0,3.0,0.0,1.0,0.0,2.0,8.0,7.5,+11,6.0,4.0,0.6666666666666666,15,17,17,17,10,8,18,17,1,10,15,14,8,3,10,73.0,75.0,78.0,80.0,46.0,7.0,3.0,38.0,63.0,68.0,6.0,62.0,65.0,75.0,31.0,7.0,56.0,0.2054794520547945,0.2266666666666666,0.2179487179487179,0.2125,0.217391304347826,0.0,0.0,0.2105263157894736,0.2857142857142857,0.25,0.1666666666666666,0.1612903225806451,0.2307692307692307,0.1866666666666666,0.2580645161290322,0.4285714285714285,0.1785714285714285,3,5,46.0,71.0,62.0,16.0,0.0652173913043478,0.0,0.0806451612903225,0.0,17,9.0,112.0,6.588235294117647,7.499999999999999,117.79999999999998,6.929411764705882
70,68,14,2023-03-13,36-021,IND,@,DET,L (-20),0,4:22,0.0,0.0,,0.0,0.0,,1,2.0,.500,0.0,0.0,0.0,0.0,0.0,0.0,0.0,1.0,1.0,0.2,-10,0.0,0.0,,15,17,17,17,10,8,18,17,1,10,15,14,8,3,10,73.0,75.0,78.0,80.0,46.0,7.0,3.0,38.0,63.0,68.0,6.0,62.0,65.0,75.0,31.0,7.0,56.0,0.2054794520547945,0.2266666666666666,0.2179487179487179,0.2125,0.217391304347826,0.0,0.0,0.2105263157894736,0.2857142857142857,0.25,0.1666666666666666,0.1612903225806451,0.2307692307692307,0.1866666666666666,0.2580645161290322,0.4285714285714285,0.1785714285714285,3,5,46.0,71.0,62.0,16.0,0.0652173913043478,0.0,0.0806451612903225,0.0,17,-1.0,90.0,5.294117647058823,-0.2,98.3,5.7823529411764705
71,69,,2023-03-16,36-024,IND,@,MIL,W (+16),Did Not Play,Did Not Play,0.0,0.0,Did Not Play,,,Did Not Play,Did Not Play,0.0,Did Not Play,0.0,0.0,,0.0,0.0,0.0,0.0,0.0,0.0,Did Not Play,Did Not Play,,,,15,17,17,17,10,8,18,17,1,10,15,14,8,3,10,73.0,75.0,78.0,80.0,46.0,7.0,3.0,38.0,63.0,68.0,6.0,62.0,65.0,75.0,31.0,7.0,56.0,0.2054794520547945,0.2266666666666666,0.2179487179487179,0.2125,0.217391304347826,0.0,0.0,0.2105263157894736,0.2857142857142857,0.25,0.1666666666666666,0.1612903225806451,0.2307692307692307,0.1866666666666666,0.2580645161290322,0.4285714285714285,0.1785714285714285,3,5,46.0,71.0,62.0,16.0,0.0652173913043478,0.0,0.0806451612903225,0.0,17,,57.0,3.3529411764705883,0.0,57.4,3.376470588235294
72,70,,2023-03-18,36-026,IND,,PHI,L (-20),Did Not Play,Did Not Play,0.0,0.0,Did Not Play,,,Did Not Play,Did Not Play,0.0,Did Not Play,0.0,0.0,,0.0,0.0,0.0,0.0,0.0,0.0,Did Not Play,Did Not Play,,,,15,17,17,17,10,8,18,17,1,10,15,14,8,3,10,73.0,75.0,78.0,80.0,46.0,7.0,3.0,38.0,63.0,68.0,6.0,62.0,65.0,75.0,31.0,7.0,56.0,0.2054794520547945,0.2266666666666666,0.2179487179487179,0.2125,0.217391304347826,0.0,0.0,0.2105263157894736,0.2857142857142857,0.25,0.1666666666666666,0.1612903225806451,0.2307692307692307,0.1866666666666666,0.2580645161290322,0.4285714285714285,0.1785714285714285,3,5,46.0,71.0,62.0,16.0,0.0652173913043478,0.0,0.0806451612903225,0.0,17,,98.0,5.764705882352941,0.0,98.9,5.81764705882353
73,71,,2023-03-20,36-028,IND,@,CHO,L (-6),Did Not Play,Did Not Play,0.0,0.0,Did Not Play,,,Did Not Play,Did Not Play,0.0,Did Not Play,0.0,0.0,,0.0,0.0,0.0,0.0,0.0,0.0,Did Not Play,Did Not Play,,,,15,17,17,17,10,8,18,17,1,10,15,14,8,3,10,73.0,75.0,78.0,80.0,46.0,7.0,3.0,38.0,63.0,68.0,6.0,62.0,65.0,75.0,31.0,7.0,56.0,0.2054794520547945,0.2266666666666666,0.2179487179487179,0.2125,0.217391304347826,0.0,0.0,0.2105263157894736,0.2857142857142857,0.25,0.1666666666666666,0.1612903225806451,0.2307692307692307,0.1866666666666666,0.2580645161290322,0.4285714285714285,0.1785714285714285,3,5,46.0,71.0,62.0,16.0,0.0652173913043478,0.0,0.0806451612903225,0.0,17,,76.0,4.470588235294118,0.0,91.79999999999998,5.399999999999999
74,72,,2023-03-22,36-030,IND,@,TOR,W (+4),Did Not Play,Did Not Play,0.0,0.0,Did Not Play,,,Did Not Play,Did Not Play,0.0,Did Not Play,0.0,0.0,,0.0,0.0,0.0,0.0,0.0,0.0,Did Not Play,Did Not Play,,,,15,17,17,17,10,8,18,17,1,10,15,14,8,3,10,73.0,75.0,78.0,80.0,46.0,7.0,3.0,38.0,63.0,68.0,6.0,62.0,65.0,75.0,31.0,7.0,56.0,0.2054794520547945,0.2266666666666666,0.2179487179487179,0.2125,0.217391304347826,0.0,0.0,0.2105263157894736,0.2857142857142857,0.25,0.1666666666666666,0.1612903225806451,0.2307692307692307,0.1866666666666666,0.2580645161290322,0.4285714285714285,0.1785714285714285,3,5,46.0,71.0,62.0,16.0,0.0652173913043478,0.0,0.0806451612903225,0.0,17,,67.0,3.941176470588236,0.0,67.29999999999998,3.9588235294117635
75,73,15,2023-03-24,36-032,IND,@,BOS,L (-25),0,7:22,2.0,3.0,.667,0.0,1.0,.000,0,2.0,.000,0.0,1.0,1.0,1.0,1.0,0.0,0.0,0.0,4.0,3.9,+1,2.0,2.0,1.0,15,17,17,17,10,8,18,17,1,10,15,14,8,3,10,73.0,75.0,78.0,80.0,46.0,7.0,3.0,38.0,63.0,68.0,6.0,62.0,65.0,75.0,31.0,7.0,56.0,0.2054794520547945,0.2266666666666666,0.2179487179487179,0.2125,0.217391304347826,0.0,0.0,0.2105263157894736,0.2857142857142857,0.25,0.1666666666666666,0.1612903225806451,0.2307692307692307,0.1866666666666666,0.2580645161290322,0.4285714285714285,0.1785714285714285,3,5,46.0,71.0,62.0,16.0,0.0652173913043478,0.0,0.0806451612903225,0.0,17,2.0,101.0,5.941176470588236,3.9,102.6,6.035294117647059
76,74,,2023-03-25,36-033,IND,@,ATL,L (-13),Did Not Play,Did Not Play,0.0,0.0,Did Not Play,,,Did Not Play,Did Not Play,0.0,Did Not Play,0.0,0.0,,0.0,0.0,0.0,0.0,0.0,0.0,Did Not Play,Did Not Play,,,,15,17,17,17,10,8,18,17,1,10,15,14,8,3,10,73.0,75.0,78.0,80.0,46.0,7.0,3.0,38.0,63.0,68.0,6.0,62.0,65.0,75.0,31.0,7.0,56.0,0.2054794520547945,0.2266666666666666,0.2179487179487179,0.2125,0.217391304347826,0.0,0.0,0.2105263157894736,0.2857142857142857,0.25,0.1666666666666666,0.1612903225806451,0.2307692307692307,0.1866666666666666,0.2580645161290322,0.4285714285714285,0.1785714285714285,3,5,46.0,71.0,62.0,16.0,0.0652173913043478,0.0,0.0806451612903225,0.0,17,,69.0,4.0588235294117645,0.0,64.0,3.764705882352941
77,75,,2023-03-27,36-035,IND,,DAL,L (-23),Did Not Play,Did Not Play,0.0,0.0,Did Not Play,,,Did Not Play,Did Not Play,0.0,Did Not Play,0.0,0.0,,0.0,0.0,0.0,0.0,0.0,0.0,Did Not Play,Did Not Play,,,,15,17,17,17,10,8,18,17,1,10,15,14,8,3,10,73.0,75.0,78.0,80.0,46.0,7.0,3.0,38.0,63.0,68.0,6.0,62.0,65.0,75.0,31.0,7.0,56.0,0.2054794520547945,0.2266666666666666,0.2179487179487179,0.2125,0.217391304347826,0.0,0.0,0.2105263157894736,0.2857142857142857,0.25,0.1666666666666666,0.1612903225806451,0.2307692307692307,0.1866666666666666,0.2580645161290322,0.4285714285714285,0.1785714285714285,3,5,46.0,71.0,62.0,16.0,0.0652173913043478,0.0,0.0806451612903225,0.0,17,,81.0,4.764705882352941,0.0,92.0,5.411764705882353
78,76,16,2023-03-29,36-037,IND,,MIL,L (-13),0,5:59,0.0,0.0,,0.0,0.0,,0,0.0,,0.0,0.0,0.0,0.0,0.0,0.0,0.0,2.0,0.0,-0.8,+2,0.0,0.0,,15,17,17,17,10,8,18,17,1,10,15,14,8,3,10,73.0,75.0,78.0,80.0,46.0,7.0,3.0,38.0,63.0,68.0,6.0,62.0,65.0,75.0,31.0,7.0,56.0,0.2054794520547945,0.2266666666666666,0.2179487179487179,0.2125,0.217391304347826,0.0,0.0,0.2105263157894736,0.2857142857142857,0.25,0.1666666666666666,0.1612903225806451,0.2307692307692307,0.1866666666666666,0.2580645161290322,0.4285714285714285,0.1785714285714285,3,5,46.0,71.0,62.0,16.0,0.0652173913043478,0.0,0.0806451612903225,0.0,17,0.0,60.0,3.5294117647058822,-0.8,70.4,4.141176470588236
79,77,,2023-03-31,36-039,IND,,OKC,W (+4),Did Not Play,Did Not Play,0.0,0.0,Did Not Play,,,Did Not Play,Did Not Play,0.0,Did Not Play,0.0,0.0,,0.0,0.0,0.0,0.0,0.0,0.0,Did Not Play,Did Not Play,,,,15,17,17,17,10,8,18,17,1,10,15,14,8,3,10,73.0,75.0,78.0,80.0,46.0,7.0,3.0,38.0,63.0,68.0,6.0,62.0,65.0,75.0,31.0,7.0,56.0,0.2054794520547945,0.2266666666666666,0.2179487179487179,0.2125,0.217391304347826,0.0,0.0,0.2105263157894736,0.2857142857142857,0.25,0.1666666666666666,0.1612903225806451,0.2307692307692307,0.1866666666666666,0.2580645161290322,0.4285714285714285,0.1785714285714285,3,5,46.0,71.0,62.0,16.0,0.0652173913043478,0.0,0.0806451612903225,0.0,17,,75.0,4.411764705882353,0.0,105.7,6.2176470588235295
80,78,,2023-04-02,36-041,IND,@,CLE,L (-10),Did Not Play,Did Not Play,0.0,0.0,Did Not Play,,,Did Not Play,Did Not Play,0.0,Did Not Play,0.0,0.0,,0.0,0.0,0.0,0.0,0.0,0.0,Did Not Play,Did Not Play,,,,15,17,17,17,10,8,18,17,1,10,15,14,8,3,10,73.0,75.0,78.0,80.0,46.0,7.0,3.0,38.0,63.0,68.0,6.0,62.0,65.0,75.0,31.0,7.0,56.0,0.2054794520547945,0.2266666666666666,0.2179487179487179,0.2125,0.217391304347826,0.0,0.0,0.2105263157894736,0.2857142857142857,0.25,0.1666666666666666,0.1612903225806451,0.2307692307692307,0.1866666666666666,0.2580645161290322,0.4285714285714285,0.1785714285714285,3,5,46.0,71.0,62.0,16.0,0.0652173913043478,0.0,0.0806451612903225,0.0,17,,74.0,4.352941176470588,0.0,80.4,4.729411764705882
81,79,,2023-04-05,36-044,IND,,NYK,L (-9),Did Not Play,Did Not Play,0.0,0.0,Did Not Play,,,Did Not Play,Did Not Play,0.0,Did Not Play,0.0,0.0,,0.0,0.0,0.0,0.0,0.0,0.0,Did Not Play,Did Not Play,,,,15,17,17,17,10,8,18,17,1,10,15,14,8,3,10,73.0,75.0,78.0,80.0,46.0,7.0,3.0,38.0,63.0,68.0,6.0,62.0,65.0,75.0,31.0,7.0,56.0,0.2054794520547945,0.2266666666666666,0.2179487179487179,0.2125,0.217391304347826,0.0,0.0,0.2105263157894736,0.2857142857142857,0.25,0.1666666666666666,0.1612903225806451,0.2307692307692307,0.1866666666666666,0.2580645161290322,0.4285714285714285,0.1785714285714285,3,5,46.0,71.0,62.0,16.0,0.0652173913043478,0.0,0.0806451612903225,0.0,17,,71.0,4.176470588235294,0.0,75.30000000000001,4.429411764705883
82,80,17,2023-04-07,36-046,IND,,DET,L (-7),0,18:38,3.0,6.0,.500,0.0,2.0,.000,0,0.0,,1.0,5.0,6.0,1.0,1.0,0.0,3.0,2.0,6.0,3.1,-15,4.0,3.0,0.75,15,17,17,17,10,8,18,17,1,10,15,14,8,3,10,73.0,75.0,78.0,80.0,46.0,7.0,3.0,38.0,63.0,68.0,6.0,62.0,65.0,75.0,31.0,7.0,56.0,0.2054794520547945,0.2266666666666666,0.2179487179487179,0.2125,0.217391304347826,0.0,0.0,0.2105263157894736,0.2857142857142857,0.25,0.1666666666666666,0.1612903225806451,0.2307692307692307,0.1866666666666666,0.2580645161290322,0.4285714285714285,0.1785714285714285,3,5,46.0,71.0,62.0,16.0,0.0652173913043478,0.0,0.0806451612903225,0.0,17,5.0,107.0,6.294117647058823,3.1000000000000005,115.2,6.776470588235294
83,Rk,G,Date,Age,Tm,,Opp,,GS,MP,0.0,0.0,FG%,,,3P%,FT,0.0,FT%,0.0,0.0,,0.0,0.0,0.0,0.0,0.0,0.0,GmSc,+/-,,,,15,17,17,17,10,8,18,17,1,10,15,14,8,3,10,73.0,75.0,78.0,80.0,46.0,7.0,3.0,38.0,63.0,68.0,6.0,62.0,65.0,75.0,31.0,7.0,56.0,0.2054794520547945,0.2266666666666666,0.2179487179487179,0.2125,0.217391304347826,0.0,0.0,0.2105263157894736,0.2857142857142857,0.25,0.1666666666666666,0.1612903225806451,0.2307692307692307,0.1866666666666666,0.2580645161290322,0.4285714285714285,0.1785714285714285,3,5,46.0,71.0,62.0,16.0,0.0652173913043478,0.0,0.0806451612903225,0.0,17,,0.0,0.0,0.0,0.0,0.0
84,81,18,2023-04-09,36-048,IND,@,NYK,W (+5),0,6:32,3.0,5.0,.600,0.0,0.0,,0,0.0,,1.0,1.0,2.0,3.0,1.0,0.0,0.0,1.0,6.0,7.4,-1,5.0,3.0,0.6,15,17,17,17,10,8,18,17,1,10,15,14,8,3,10,73.0,75.0,78.0,80.0,46.0,7.0,3.0,38.0,63.0,68.0,6.0,62.0,65.0,75.0,31.0,7.0,56.0,0.2054794520547945,0.2266666666666666,0.2179487179487179,0.2125,0.217391304347826,0.0,0.0,0.2105263157894736,0.2857142857142857,0.25,0.1666666666666666,0.1612903225806451,0.2307692307692307,0.1866666666666666,0.2580645161290322,0.4285714285714285,0.1785714285714285,3,5,46.0,71.0,62.0,16.0,0.0652173913043478,0.0,0.0806451612903225,0.0,17,7.0,48.0,2.823529411764706,7.4,51.4,3.023529411764706
