Unnamed: 0,Rk,G,Date,Age,Tm,Unnamed: 5,Opp,Unnamed: 7,GS,MP,FG,FGA,FG%,3P,3PA,3P%,FT,FTA,FT%,ORB,DRB,TRB,AST,STL,BLK,TOV,PF,PTS,GmSc,+/-,2PA,2P,2P%,Shared Games with Alex Len,Shared Games with Chima Moneke,Shared Games with Chimezie Metu,Shared Games with Davion Mitchell,Shared Games with De'Aaron Fox,Shared Games with Domantas Sabonis,Shared Games with Keegan Murray,Shared Games with Keon Ellis,Shared Games with Kevin Huerter,Shared Games with KZ Okpala,Shared Games with Malik Monk,Shared Games with Matthew Dellavedova,Shared Games with Neemias Queta,Shared Games with PJ Dozier,Shared Games with Richaun Holmes,Shared Games with Terence Davis,Shared Games with Trey Lyles,Alex Len,Chima Moneke,Chimezie Metu,Davion Mitchell,De'Aaron Fox,Deonte Burton,Domantas Sabonis,Keegan Murray,Keon Ellis,Kevin Huerter,KZ Okpala,Malik Monk,Matthew Dellavedova,Neemias Queta,PJ Dozier,Richaun Holmes,Terence Davis,Trey Lyles,co_inf with Alex Len,co_inf with Chima Moneke,co_inf with Chimezie Metu,co_inf with Davion Mitchell,co_inf with De'Aaron Fox,co_inf with Deonte Burton,co_inf with Domantas Sabonis,co_inf with Keegan Murray,co_inf with Keon Ellis,co_inf with Kevin Huerter,co_inf with KZ Okpala,co_inf with Malik Monk,co_inf with Matthew Dellavedova,co_inf with Neemias Queta,co_inf with PJ Dozier,co_inf with Richaun Holmes,co_inf with Terence Davis,co_inf with Trey Lyles,Shared Games with Kessler Edwards,JD Davison,Kessler Edwards,co_inf with Kessler Edwards,co_inf with JD Davison,Total Shared Players,CO_EFF,EFF,avg_EFF,CO_HGS,HGS,avg_HGS
0,1,1,2022-10-19,30-142,SAC,,POR,L (-7),1,31:21,4.0,8.0,.500,0.0,2.0,.000,1,2.0,.500,1.0,7.0,8.0,4.0,0.0,1.0,1.0,2.0,9.0,9.1,-6,6.0,4.0,0.6666666666666666,26,2,66,80,73,79,80,16,75,35,77,32,5,16,42,64,74,26.0,2.0,66.0,80.0,73.0,2.0,79.0,80.0,16.0,75.0,35.0,77.0,32.0,5.0,16.0,42.0,64.0,74.0,1.0,1.0,1.0,1.0,1.0,0.0,1.0,1.0,1.0,1.0,1.0,1.0,1.0,1.0,1.0,1.0,1.0,1.0,21,12.0,36.0,0.5833333333333334,0.0,18,11.0,64.0,3.555555555555556,8.699999999999998,70.99999999999999,3.9444444444444438
1,2,2,2022-10-22,30-145,SAC,,LAC,L (-2),1,34:29,2.0,10.0,.200,0.0,3.0,.000,4,7.0,.571,1.0,6.0,7.0,0.0,1.0,0.0,1.0,2.0,8.0,2.3,+4,7.0,2.0,0.2857142857142857,26,2,66,80,73,79,80,16,75,35,77,32,5,16,42,64,74,26.0,2.0,66.0,80.0,73.0,2.0,79.0,80.0,16.0,75.0,35.0,77.0,32.0,5.0,16.0,42.0,64.0,74.0,1.0,1.0,1.0,1.0,1.0,0.0,1.0,1.0,1.0,1.0,1.0,1.0,1.0,1.0,1.0,1.0,1.0,1.0,21,12.0,36.0,0.5833333333333334,0.0,18,-2.0,64.0,3.555555555555556,0.7000000000000004,78.30000000000001,4.3500000000000005
2,3,3,2022-10-23,30-146,SAC,@,GSW,L (-5),1,21:27,1.0,1.0,1.000,0.0,0.0,,2,4.0,.500,0.0,2.0,2.0,0.0,1.0,0.0,2.0,1.0,4.0,2.1,-18,1.0,1.0,1.0,26,2,66,80,73,79,80,16,75,35,77,32,5,16,42,64,74,26.0,2.0,66.0,80.0,73.0,2.0,79.0,80.0,16.0,75.0,35.0,77.0,32.0,5.0,16.0,42.0,64.0,74.0,1.0,1.0,1.0,1.0,1.0,0.0,1.0,1.0,1.0,1.0,1.0,1.0,1.0,1.0,1.0,1.0,1.0,1.0,21,12.0,36.0,0.5833333333333334,0.0,18,0.0,78.0,4.333333333333333,1.2999999999999998,88.5,4.916666666666667
3,4,4,2022-10-27,30-150,SAC,,MEM,L (-15),1,37:28,6.0,12.0,.500,1.0,4.0,.250,7,8.0,.875,0.0,3.0,3.0,3.0,1.0,0.0,2.0,0.0,20.0,15.6,-12,8.0,5.0,0.625,26,2,66,80,73,79,80,16,75,35,77,32,5,16,42,64,74,26.0,2.0,66.0,80.0,73.0,2.0,79.0,80.0,16.0,75.0,35.0,77.0,32.0,5.0,16.0,42.0,64.0,74.0,1.0,1.0,1.0,1.0,1.0,0.0,1.0,1.0,1.0,1.0,1.0,1.0,1.0,1.0,1.0,1.0,1.0,1.0,21,12.0,36.0,0.5833333333333334,0.0,18,5.0,61.0,3.388888888888889,12.8,66.89999999999999,3.7166666666666663
4,5,5,2022-10-29,30-152,SAC,,MIA,W (+6),1,33:40,3.0,7.0,.429,1.0,4.0,.250,4,4.0,1.000,1.0,3.0,4.0,6.0,0.0,0.0,2.0,5.0,11.0,9.1,+12,3.0,2.0,0.6666666666666666,26,2,66,80,73,79,80,16,75,35,77,32,5,16,42,64,74,26.0,2.0,66.0,80.0,73.0,2.0,79.0,80.0,16.0,75.0,35.0,77.0,32.0,5.0,16.0,42.0,64.0,74.0,1.0,1.0,1.0,1.0,1.0,0.0,1.0,1.0,1.0,1.0,1.0,1.0,1.0,1.0,1.0,1.0,1.0,1.0,21,12.0,36.0,0.5833333333333334,0.0,18,8.0,62.0,3.4444444444444446,7.500000000000002,71.29999999999998,3.9611111111111104
5,6,6,2022-10-31,30-154,SAC,@,CHO,W (+7),1,37:20,4.0,12.0,.333,0.0,5.0,.000,8,8.0,1.000,2.0,7.0,9.0,2.0,0.0,0.0,0.0,0.0,16.0,14.1,-1,7.0,4.0,0.5714285714285714,26,2,66,80,73,79,80,16,75,35,77,32,5,16,42,64,74,26.0,2.0,66.0,80.0,73.0,2.0,79.0,80.0,16.0,75.0,35.0,77.0,32.0,5.0,16.0,42.0,64.0,74.0,1.0,1.0,1.0,1.0,1.0,0.0,1.0,1.0,1.0,1.0,1.0,1.0,1.0,1.0,1.0,1.0,1.0,1.0,21,12.0,36.0,0.5833333333333334,0.0,18,7.0,56.0,3.111111111111111,10.900000000000002,67.2,3.7333333333333334
6,7,7,2022-11-02,30-156,SAC,@,MIA,L (-3),1,34:48,4.0,12.0,.333,2.0,5.0,.400,2,2.0,1.000,2.0,5.0,7.0,1.0,0.0,0.0,0.0,0.0,12.0,8.8,-3,7.0,2.0,0.2857142857142857,26,2,66,80,73,79,80,16,75,35,77,32,5,16,42,64,74,26.0,2.0,66.0,80.0,73.0,2.0,79.0,80.0,16.0,75.0,35.0,77.0,32.0,5.0,16.0,42.0,64.0,74.0,1.0,1.0,1.0,1.0,1.0,0.0,1.0,1.0,1.0,1.0,1.0,1.0,1.0,1.0,1.0,1.0,1.0,1.0,21,12.0,36.0,0.5833333333333334,0.0,18,6.0,64.0,3.555555555555556,8.0,70.1,3.894444444444444
7,8,8,2022-11-05,30-159,SAC,@,ORL,W (+3),1,35:04,4.0,10.0,.400,1.0,4.0,.250,0,0.0,,2.0,3.0,5.0,1.0,1.0,0.0,1.0,1.0,9.0,6.2,+5,6.0,3.0,0.5,26,2,66,80,73,79,80,16,75,35,77,32,5,16,42,64,74,26.0,2.0,66.0,80.0,73.0,2.0,79.0,80.0,16.0,75.0,35.0,77.0,32.0,5.0,16.0,42.0,64.0,74.0,1.0,1.0,1.0,1.0,1.0,0.0,1.0,1.0,1.0,1.0,1.0,1.0,1.0,1.0,1.0,1.0,1.0,1.0,21,12.0,36.0,0.5833333333333334,0.0,18,5.0,61.0,3.388888888888889,6.199999999999999,82.9,4.605555555555556
8,9,9,2022-11-07,30-161,SAC,@,GSW,L (-3),1,22:28,0.0,4.0,.000,0.0,3.0,.000,0,0.0,,1.0,2.0,3.0,0.0,1.0,0.0,2.0,0.0,0.0,-2.5,-10,1.0,0.0,0.0,26,2,66,80,73,79,80,16,75,35,77,32,5,16,42,64,74,26.0,2.0,66.0,80.0,73.0,2.0,79.0,80.0,16.0,75.0,35.0,77.0,32.0,5.0,16.0,42.0,64.0,74.0,1.0,1.0,1.0,1.0,1.0,0.0,1.0,1.0,1.0,1.0,1.0,1.0,1.0,1.0,1.0,1.0,1.0,1.0,21,12.0,36.0,0.5833333333333334,0.0,18,-2.0,61.0,3.388888888888889,-2.5,79.29999999999997,4.405555555555554
9,10,10,2022-11-09,30-163,SAC,,CLE,W (+7),1,35:18,6.0,8.0,.750,2.0,4.0,.500,6,8.0,.750,1.0,8.0,9.0,3.0,2.0,0.0,0.0,3.0,20.0,22.0,+10,4.0,4.0,1.0,26,2,66,80,73,79,80,16,75,35,77,32,5,16,42,64,74,26.0,2.0,66.0,80.0,73.0,2.0,79.0,80.0,16.0,75.0,35.0,77.0,32.0,5.0,16.0,42.0,64.0,74.0,1.0,1.0,1.0,1.0,1.0,0.0,1.0,1.0,1.0,1.0,1.0,1.0,1.0,1.0,1.0,1.0,1.0,1.0,21,12.0,36.0,0.5833333333333334,0.0,18,18.0,59.0,3.2777777777777777,19.599999999999994,82.99999999999999,4.611111111111111
10,11,11,2022-11-11,30-165,SAC,@,LAL,W (+6),1,30:34,3.0,7.0,.429,1.0,3.0,.333,6,6.0,1.000,3.0,5.0,8.0,2.0,1.0,1.0,2.0,1.0,13.0,13.6,+9,4.0,2.0,0.5,26,2,66,80,73,79,80,16,75,35,77,32,5,16,42,64,74,26.0,2.0,66.0,80.0,73.0,2.0,79.0,80.0,16.0,75.0,35.0,77.0,32.0,5.0,16.0,42.0,64.0,74.0,1.0,1.0,1.0,1.0,1.0,0.0,1.0,1.0,1.0,1.0,1.0,1.0,1.0,1.0,1.0,1.0,1.0,1.0,21,12.0,36.0,0.5833333333333334,0.0,18,10.0,68.0,3.7777777777777777,11.199999999999996,83.4,4.633333333333334
11,12,12,2022-11-13,30-167,SAC,,GSW,W (+7),1,27:25,4.0,8.0,.500,1.0,3.0,.333,0,0.0,,0.0,0.0,0.0,3.0,1.0,1.0,0.0,1.0,9.0,8.4,+3,5.0,3.0,0.6,26,2,66,80,73,79,80,16,75,35,77,32,5,16,42,64,74,26.0,2.0,66.0,80.0,73.0,2.0,79.0,80.0,16.0,75.0,35.0,77.0,32.0,5.0,16.0,42.0,64.0,74.0,1.0,1.0,1.0,1.0,1.0,0.0,1.0,1.0,1.0,1.0,1.0,1.0,1.0,1.0,1.0,1.0,1.0,1.0,21,12.0,36.0,0.5833333333333334,0.0,18,6.0,77.0,4.277777777777778,8.399999999999999,86.10000000000002,4.783333333333335
12,13,13,2022-11-15,30-169,SAC,,BRK,W (+32),1,21:26,5.0,8.0,.625,2.0,4.0,.500,4,4.0,1.000,1.0,3.0,4.0,3.0,1.0,0.0,0.0,4.0,16.0,15.5,+33,4.0,3.0,0.75,26,2,66,80,73,79,80,16,75,35,77,32,5,16,42,64,74,26.0,2.0,66.0,80.0,73.0,2.0,79.0,80.0,16.0,75.0,35.0,77.0,32.0,5.0,16.0,42.0,64.0,74.0,1.0,1.0,1.0,1.0,1.0,0.0,1.0,1.0,1.0,1.0,1.0,1.0,1.0,1.0,1.0,1.0,1.0,1.0,21,12.0,36.0,0.5833333333333334,0.0,18,12.0,100.0,5.555555555555555,13.899999999999997,115.0,6.388888888888889
13,14,14,2022-11-17,30-171,SAC,,SAS,W (+18),1,29:21,4.0,7.0,.571,1.0,3.0,.333,7,8.0,.875,1.0,7.0,8.0,2.0,2.0,0.0,1.0,0.0,16.0,17.5,+7,4.0,3.0,0.75,26,2,66,80,73,79,80,16,75,35,77,32,5,16,42,64,74,26.0,2.0,66.0,80.0,73.0,2.0,79.0,80.0,16.0,75.0,35.0,77.0,32.0,5.0,16.0,42.0,64.0,74.0,1.0,1.0,1.0,1.0,1.0,0.0,1.0,1.0,1.0,1.0,1.0,1.0,1.0,1.0,1.0,1.0,1.0,1.0,21,12.0,36.0,0.5833333333333334,0.0,18,12.0,71.0,3.9444444444444446,14.700000000000005,88.10000000000001,4.894444444444445
14,15,15,2022-11-20,30-174,SAC,,DET,W (+8),1,36:09,8.0,11.0,.727,1.0,2.0,.500,10,11.0,.909,2.0,7.0,9.0,3.0,0.0,0.0,0.0,0.0,27.0,27.7,+20,9.0,7.0,0.7777777777777778,26,2,66,80,73,79,80,16,75,35,77,32,5,16,42,64,74,26.0,2.0,66.0,80.0,73.0,2.0,79.0,80.0,16.0,75.0,35.0,77.0,32.0,5.0,16.0,42.0,64.0,74.0,1.0,1.0,1.0,1.0,1.0,0.0,1.0,1.0,1.0,1.0,1.0,1.0,1.0,1.0,1.0,1.0,1.0,1.0,21,12.0,36.0,0.5833333333333334,0.0,18,17.0,65.0,3.611111111111111,23.7,86.4,4.800000000000001
15,16,16,2022-11-22,30-176,SAC,@,MEM,W (+4),1,33:02,7.0,13.0,.538,4.0,8.0,.500,8,8.0,1.000,0.0,4.0,4.0,0.0,1.0,0.0,5.0,2.0,26.0,16.1,-3,5.0,3.0,0.6,26,2,66,80,73,79,80,16,75,35,77,32,5,16,42,64,74,26.0,2.0,66.0,80.0,73.0,2.0,79.0,80.0,16.0,75.0,35.0,77.0,32.0,5.0,16.0,42.0,64.0,74.0,1.0,1.0,1.0,1.0,1.0,0.0,1.0,1.0,1.0,1.0,1.0,1.0,1.0,1.0,1.0,1.0,1.0,1.0,21,12.0,36.0,0.5833333333333334,0.0,18,5.0,58.0,3.2222222222222223,12.9,62.3,3.461111111111111
16,17,17,2022-11-23,30-177,SAC,@,ATL,L (-9),1,32:21,4.0,8.0,.500,0.0,2.0,.000,0,0.0,,0.0,7.0,7.0,1.0,0.0,0.0,1.0,0.0,8.0,5.8,-5,6.0,4.0,0.6666666666666666,26,2,66,80,73,79,80,16,75,35,77,32,5,16,42,64,74,26.0,2.0,66.0,80.0,73.0,2.0,79.0,80.0,16.0,75.0,35.0,77.0,32.0,5.0,16.0,42.0,64.0,74.0,1.0,1.0,1.0,1.0,1.0,0.0,1.0,1.0,1.0,1.0,1.0,1.0,1.0,1.0,1.0,1.0,1.0,1.0,21,12.0,36.0,0.5833333333333334,0.0,18,7.0,53.0,2.9444444444444446,5.799999999999999,62.39999999999999,3.4666666666666663
17,18,18,2022-11-25,30-179,SAC,@,BOS,L (-18),1,22:36,4.0,9.0,.444,0.0,0.0,,4,4.0,1.000,3.0,2.0,5.0,1.0,0.0,0.0,2.0,3.0,12.0,7.5,-19,9.0,4.0,0.4444444444444444,26,2,66,80,73,79,80,16,75,35,77,32,5,16,42,64,74,26.0,2.0,66.0,80.0,73.0,2.0,79.0,80.0,16.0,75.0,35.0,77.0,32.0,5.0,16.0,42.0,64.0,74.0,1.0,1.0,1.0,1.0,1.0,0.0,1.0,1.0,1.0,1.0,1.0,1.0,1.0,1.0,1.0,1.0,1.0,1.0,21,12.0,36.0,0.5833333333333334,0.0,18,3.0,41.0,2.2777777777777777,5.9,51.39999999999999,2.855555555555555
18,19,19,2022-11-28,30-182,SAC,,PHO,L (-5),1,28:03,1.0,4.0,.250,0.0,1.0,.000,4,5.0,.800,1.0,1.0,2.0,2.0,2.0,0.0,0.0,1.0,6.0,7.2,+1,3.0,1.0,0.3333333333333333,26,2,66,80,73,79,80,16,75,35,77,32,5,16,42,64,74,26.0,2.0,66.0,80.0,73.0,2.0,79.0,80.0,16.0,75.0,35.0,77.0,32.0,5.0,16.0,42.0,64.0,74.0,1.0,1.0,1.0,1.0,1.0,0.0,1.0,1.0,1.0,1.0,1.0,1.0,1.0,1.0,1.0,1.0,1.0,1.0,21,12.0,36.0,0.5833333333333334,0.0,18,3.0,78.0,4.333333333333333,5.6,89.89999999999999,4.994444444444444
19,20,20,2022-11-30,30-184,SAC,,IND,W (+23),1,25:57,6.0,9.0,.667,1.0,4.0,.250,9,10.0,.900,0.0,5.0,5.0,2.0,2.0,0.0,1.0,3.0,22.0,20.4,+30,5.0,5.0,1.0,26,2,66,80,73,79,80,16,75,35,77,32,5,16,42,64,74,26.0,2.0,66.0,80.0,73.0,2.0,79.0,80.0,16.0,75.0,35.0,77.0,32.0,5.0,16.0,42.0,64.0,74.0,1.0,1.0,1.0,1.0,1.0,0.0,1.0,1.0,1.0,1.0,1.0,1.0,1.0,1.0,1.0,1.0,1.0,1.0,21,12.0,36.0,0.5833333333333334,0.0,18,11.0,82.0,4.555555555555555,16.799999999999997,85.49999999999999,4.749999999999999
20,Rk,G,Date,Age,Tm,,Opp,,GS,MP,0.0,0.0,FG%,,,3P%,FT,0.0,FT%,0.0,0.0,,0.0,0.0,0.0,0.0,0.0,0.0,GmSc,+/-,,,,26,2,66,80,73,79,80,16,75,35,77,32,5,16,42,64,74,26.0,2.0,66.0,80.0,73.0,2.0,79.0,80.0,16.0,75.0,35.0,77.0,32.0,5.0,16.0,42.0,64.0,74.0,1.0,1.0,1.0,1.0,1.0,0.0,1.0,1.0,1.0,1.0,1.0,1.0,1.0,1.0,1.0,1.0,1.0,1.0,21,12.0,36.0,0.5833333333333334,0.0,18,,0.0,0.0,0.0,0.0,0.0
21,21,21,2022-12-03,30-187,SAC,@,LAC,W (+27),1,25:54,4.0,6.0,.667,1.0,3.0,.333,1,5.0,.200,0.0,5.0,5.0,2.0,1.0,0.0,1.0,1.0,10.0,8.3,+26,3.0,3.0,1.0,26,2,66,80,73,79,80,16,75,35,77,32,5,16,42,64,74,26.0,2.0,66.0,80.0,73.0,2.0,79.0,80.0,16.0,75.0,35.0,77.0,32.0,5.0,16.0,42.0,64.0,74.0,1.0,1.0,1.0,1.0,1.0,0.0,1.0,1.0,1.0,1.0,1.0,1.0,1.0,1.0,1.0,1.0,1.0,1.0,21,12.0,36.0,0.5833333333333334,0.0,18,6.0,80.0,4.444444444444445,7.9,91.49999999999996,5.083333333333331
22,22,22,2022-12-04,30-188,SAC,,CHI,W (+9),1,37:43,6.0,10.0,.600,3.0,6.0,.500,2,2.0,1.000,1.0,5.0,6.0,0.0,1.0,0.0,3.0,1.0,17.0,12.2,+1,4.0,3.0,0.75,26,2,66,80,73,79,80,16,75,35,77,32,5,16,42,64,74,26.0,2.0,66.0,80.0,73.0,2.0,79.0,80.0,16.0,75.0,35.0,77.0,32.0,5.0,16.0,42.0,64.0,74.0,1.0,1.0,1.0,1.0,1.0,0.0,1.0,1.0,1.0,1.0,1.0,1.0,1.0,1.0,1.0,1.0,1.0,1.0,21,12.0,36.0,0.5833333333333334,0.0,18,9.0,66.0,3.6666666666666665,11.399999999999997,70.2,3.9000000000000004
23,23,23,2022-12-07,30-191,SAC,@,MIL,L (-13),1,32:48,6.0,11.0,.545,2.0,6.0,.333,6,7.0,.857,0.0,3.0,3.0,2.0,0.0,0.0,0.0,1.0,20.0,16.2,-13,5.0,4.0,0.8,26,2,66,80,73,79,80,16,75,35,77,32,5,16,42,64,74,26.0,2.0,66.0,80.0,73.0,2.0,79.0,80.0,16.0,75.0,35.0,77.0,32.0,5.0,16.0,42.0,64.0,74.0,1.0,1.0,1.0,1.0,1.0,0.0,1.0,1.0,1.0,1.0,1.0,1.0,1.0,1.0,1.0,1.0,1.0,1.0,21,12.0,36.0,0.5833333333333334,0.0,18,7.0,55.0,3.055555555555556,13.799999999999995,63.399999999999984,3.5222222222222213
24,24,24,2022-12-09,30-193,SAC,@,CLE,W (+11),1,36:26,5.0,9.0,.556,3.0,6.0,.500,7,10.0,.700,0.0,3.0,3.0,1.0,0.0,1.0,4.0,2.0,20.0,12.0,+9,3.0,2.0,0.6666666666666666,26,2,66,80,73,79,80,16,75,35,77,32,5,16,42,64,74,26.0,2.0,66.0,80.0,73.0,2.0,79.0,80.0,16.0,75.0,35.0,77.0,32.0,5.0,16.0,42.0,64.0,74.0,1.0,1.0,1.0,1.0,1.0,0.0,1.0,1.0,1.0,1.0,1.0,1.0,1.0,1.0,1.0,1.0,1.0,1.0,21,12.0,36.0,0.5833333333333334,0.0,18,2.0,64.0,3.555555555555556,9.199999999999996,68.59999999999998,3.81111111111111
25,25,25,2022-12-11,30-195,SAC,@,NYK,L (-13),1,34:53,4.0,10.0,.400,1.0,5.0,.200,6,9.0,.667,0.0,2.0,2.0,2.0,0.0,0.0,3.0,2.0,15.0,6.6,-12,5.0,3.0,0.6,26,2,66,80,73,79,80,16,75,35,77,32,5,16,42,64,74,26.0,2.0,66.0,80.0,73.0,2.0,79.0,80.0,16.0,75.0,35.0,77.0,32.0,5.0,16.0,42.0,64.0,74.0,1.0,1.0,1.0,1.0,1.0,0.0,1.0,1.0,1.0,1.0,1.0,1.0,1.0,1.0,1.0,1.0,1.0,1.0,21,12.0,36.0,0.5833333333333334,0.0,18,-3.0,35.0,1.9444444444444444,4.200000000000002,48.49999999999999,2.694444444444444
26,26,26,2022-12-13,30-197,SAC,@,PHI,L (-20),1,30:35,4.0,12.0,.333,1.0,6.0,.167,2,2.0,1.000,1.0,7.0,8.0,2.0,1.0,0.0,1.0,1.0,11.0,8.0,-20,6.0,3.0,0.5,26,2,66,80,73,79,80,16,75,35,77,32,5,16,42,64,74,26.0,2.0,66.0,80.0,73.0,2.0,79.0,80.0,16.0,75.0,35.0,77.0,32.0,5.0,16.0,42.0,64.0,74.0,1.0,1.0,1.0,1.0,1.0,0.0,1.0,1.0,1.0,1.0,1.0,1.0,1.0,1.0,1.0,1.0,1.0,1.0,21,12.0,36.0,0.5833333333333334,0.0,18,7.0,45.0,2.5,7.1999999999999975,54.899999999999984,3.049999999999999
27,27,27,2022-12-14,30-198,SAC,@,TOR,W (+1),1,36:21,4.0,8.0,.500,0.0,4.0,.000,4,4.0,1.000,2.0,6.0,8.0,3.0,0.0,0.0,0.0,1.0,12.0,12.9,+8,4.0,4.0,1.0,26,2,66,80,73,79,80,16,75,35,77,32,5,16,42,64,74,26.0,2.0,66.0,80.0,73.0,2.0,79.0,80.0,16.0,75.0,35.0,77.0,32.0,5.0,16.0,42.0,64.0,74.0,1.0,1.0,1.0,1.0,1.0,0.0,1.0,1.0,1.0,1.0,1.0,1.0,1.0,1.0,1.0,1.0,1.0,1.0,21,12.0,36.0,0.5833333333333334,0.0,18,11.0,70.0,3.888888888888889,11.3,82.39999999999999,4.5777777777777775
28,28,28,2022-12-16,30-200,SAC,@,DET,W (+9),1,36:35,5.0,9.0,.556,3.0,4.0,.750,6,6.0,1.000,1.0,6.0,7.0,2.0,3.0,0.0,3.0,3.0,19.0,17.4,+16,5.0,2.0,0.4,26,2,66,80,73,79,80,16,75,35,77,32,5,16,42,64,74,26.0,2.0,66.0,80.0,73.0,2.0,79.0,80.0,16.0,75.0,35.0,77.0,32.0,5.0,16.0,42.0,64.0,74.0,1.0,1.0,1.0,1.0,1.0,0.0,1.0,1.0,1.0,1.0,1.0,1.0,1.0,1.0,1.0,1.0,1.0,1.0,21,12.0,36.0,0.5833333333333334,0.0,18,13.0,61.0,3.388888888888889,14.999999999999996,75.80000000000001,4.211111111111112
29,29,29,2022-12-19,30-203,SAC,,CHO,L (-6),1,29:29,3.0,7.0,.429,0.0,2.0,.000,5,8.0,.625,0.0,3.0,3.0,3.0,2.0,0.0,1.0,1.0,11.0,9.7,+2,5.0,3.0,0.6,26,2,66,80,73,79,80,16,75,35,77,32,5,16,42,64,74,26.0,2.0,66.0,80.0,73.0,2.0,79.0,80.0,16.0,75.0,35.0,77.0,32.0,5.0,16.0,42.0,64.0,74.0,1.0,1.0,1.0,1.0,1.0,0.0,1.0,1.0,1.0,1.0,1.0,1.0,1.0,1.0,1.0,1.0,1.0,1.0,21,12.0,36.0,0.5833333333333334,0.0,18,3.0,57.0,3.1666666666666665,7.700000000000001,75.3,4.183333333333334
30,30,30,2022-12-21,30-205,SAC,,LAL,W (+14),1,33:56,8.0,15.0,.533,3.0,7.0,.429,1,3.0,.333,1.0,7.0,8.0,1.0,0.0,0.0,0.0,0.0,20.0,15.4,+8,8.0,5.0,0.625,26,2,66,80,73,79,80,16,75,35,77,32,5,16,42,64,74,26.0,2.0,66.0,80.0,73.0,2.0,79.0,80.0,16.0,75.0,35.0,77.0,32.0,5.0,16.0,42.0,64.0,74.0,1.0,1.0,1.0,1.0,1.0,0.0,1.0,1.0,1.0,1.0,1.0,1.0,1.0,1.0,1.0,1.0,1.0,1.0,21,12.0,36.0,0.5833333333333334,0.0,18,11.0,73.0,4.055555555555555,15.0,86.8,4.822222222222222
31,31,31,2022-12-23,30-207,SAC,,WAS,L (-14),1,37:59,4.0,13.0,.308,2.0,7.0,.286,1,2.0,.500,0.0,5.0,5.0,0.0,0.0,0.0,2.0,1.0,11.0,2.2,-2,6.0,2.0,0.3333333333333333,26,2,66,80,73,79,80,16,75,35,77,32,5,16,42,64,74,26.0,2.0,66.0,80.0,73.0,2.0,79.0,80.0,16.0,75.0,35.0,77.0,32.0,5.0,16.0,42.0,64.0,74.0,1.0,1.0,1.0,1.0,1.0,0.0,1.0,1.0,1.0,1.0,1.0,1.0,1.0,1.0,1.0,1.0,1.0,1.0,21,12.0,36.0,0.5833333333333334,0.0,18,-1.0,53.0,2.9444444444444446,1.8000000000000005,69.2,3.8444444444444446
32,32,32,2022-12-27,30-211,SAC,,DEN,L (-7),1,32:49,5.0,11.0,.455,1.0,4.0,.250,2,2.0,1.000,2.0,6.0,8.0,1.0,1.0,0.0,0.0,3.0,13.0,11.0,-9,7.0,4.0,0.5714285714285714,26,2,66,80,73,79,80,16,75,35,77,32,5,16,42,64,74,26.0,2.0,66.0,80.0,73.0,2.0,79.0,80.0,16.0,75.0,35.0,77.0,32.0,5.0,16.0,42.0,64.0,74.0,1.0,1.0,1.0,1.0,1.0,0.0,1.0,1.0,1.0,1.0,1.0,1.0,1.0,1.0,1.0,1.0,1.0,1.0,21,12.0,36.0,0.5833333333333334,0.0,18,10.0,49.0,2.7222222222222223,10.2,63.6,3.533333333333333
33,33,33,2022-12-28,30-212,SAC,,DEN,W (+1),1,23:47,2.0,8.0,.250,0.0,2.0,.000,4,6.0,.667,2.0,0.0,2.0,2.0,1.0,0.0,1.0,1.0,8.0,4.8,-13,6.0,2.0,0.3333333333333333,26,2,66,80,73,79,80,16,75,35,77,32,5,16,42,64,74,26.0,2.0,66.0,80.0,73.0,2.0,79.0,80.0,16.0,75.0,35.0,77.0,32.0,5.0,16.0,42.0,64.0,74.0,1.0,1.0,1.0,1.0,1.0,0.0,1.0,1.0,1.0,1.0,1.0,1.0,1.0,1.0,1.0,1.0,1.0,1.0,21,12.0,36.0,0.5833333333333334,0.0,18,-2.0,92.0,5.111111111111111,3.200000000000001,107.9,5.9944444444444445
34,34,34,2022-12-30,30-214,SAC,,UTA,W (+1),1,31:39,3.0,10.0,.300,1.0,4.0,.250,3,4.0,.750,1.0,2.0,3.0,1.0,2.0,0.0,0.0,1.0,10.0,7.4,0,6.0,2.0,0.3333333333333333,26,2,66,80,73,79,80,16,75,35,77,32,5,16,42,64,74,26.0,2.0,66.0,80.0,73.0,2.0,79.0,80.0,16.0,75.0,35.0,77.0,32.0,5.0,16.0,42.0,64.0,74.0,1.0,1.0,1.0,1.0,1.0,0.0,1.0,1.0,1.0,1.0,1.0,1.0,1.0,1.0,1.0,1.0,1.0,1.0,21,12.0,36.0,0.5833333333333334,0.0,18,2.0,78.0,4.333333333333333,6.1999999999999975,90.7,5.038888888888889
35,35,35,2023-01-01,30-216,SAC,@,MEM,L (-10),1,28:32,4.0,12.0,.333,4.0,9.0,.444,4,4.0,1.000,0.0,5.0,5.0,1.0,1.0,0.0,2.0,0.0,16.0,10.4,-2,3.0,0.0,0.0,26,2,66,80,73,79,80,16,75,35,77,32,5,16,42,64,74,26.0,2.0,66.0,80.0,73.0,2.0,79.0,80.0,16.0,75.0,35.0,77.0,32.0,5.0,16.0,42.0,64.0,74.0,1.0,1.0,1.0,1.0,1.0,0.0,1.0,1.0,1.0,1.0,1.0,1.0,1.0,1.0,1.0,1.0,1.0,1.0,21,12.0,36.0,0.5833333333333334,0.0,18,5.0,59.0,3.2777777777777777,8.800000000000002,65.69999999999999,3.6499999999999995
36,36,36,2023-01-03,30-218,SAC,@,UTA,W (+2),1,37:06,7.0,13.0,.538,3.0,7.0,.429,2,2.0,1.000,1.0,7.0,8.0,2.0,2.0,0.0,3.0,2.0,19.0,15.1,+4,6.0,4.0,0.6666666666666666,26,2,66,80,73,79,80,16,75,35,77,32,5,16,42,64,74,26.0,2.0,66.0,80.0,73.0,2.0,79.0,80.0,16.0,75.0,35.0,77.0,32.0,5.0,16.0,42.0,64.0,74.0,1.0,1.0,1.0,1.0,1.0,0.0,1.0,1.0,1.0,1.0,1.0,1.0,1.0,1.0,1.0,1.0,1.0,1.0,21,12.0,36.0,0.5833333333333334,0.0,18,13.0,57.0,3.1666666666666665,14.299999999999995,66.99999999999999,3.7222222222222214
37,37,37,2023-01-04,30-219,SAC,,ATL,L (-3),1,36:53,7.0,15.0,.467,2.0,7.0,.286,6,6.0,1.000,2.0,2.0,4.0,1.0,1.0,0.0,1.0,1.0,22.0,16.6,+4,8.0,5.0,0.625,26,2,66,80,73,79,80,16,75,35,77,32,5,16,42,64,74,26.0,2.0,66.0,80.0,73.0,2.0,79.0,80.0,16.0,75.0,35.0,77.0,32.0,5.0,16.0,42.0,64.0,74.0,1.0,1.0,1.0,1.0,1.0,0.0,1.0,1.0,1.0,1.0,1.0,1.0,1.0,1.0,1.0,1.0,1.0,1.0,21,12.0,36.0,0.5833333333333334,0.0,18,6.0,66.0,3.6666666666666665,14.2,75.1,4.172222222222222
38,38,38,2023-01-07,30-222,SAC,,LAL,L (-2),1,36:29,4.0,9.0,.444,2.0,5.0,.400,8,10.0,.800,2.0,0.0,2.0,1.0,0.0,1.0,0.0,1.0,18.0,14.9,-6,4.0,2.0,0.5,26,2,66,80,73,79,80,16,75,35,77,32,5,16,42,64,74,26.0,2.0,66.0,80.0,73.0,2.0,79.0,80.0,16.0,75.0,35.0,77.0,32.0,5.0,16.0,42.0,64.0,74.0,1.0,1.0,1.0,1.0,1.0,0.0,1.0,1.0,1.0,1.0,1.0,1.0,1.0,1.0,1.0,1.0,1.0,1.0,21,12.0,36.0,0.5833333333333334,0.0,18,3.0,62.0,3.4444444444444446,11.699999999999998,81.6,4.533333333333333
39,39,39,2023-01-09,30-224,SAC,,ORL,W (+25),1,30:28,11.0,13.0,.846,6.0,7.0,.857,2,3.0,.667,0.0,1.0,1.0,1.0,0.0,0.0,1.0,1.0,30.0,24.5,+17,6.0,5.0,0.8333333333333334,26,2,66,80,73,79,80,16,75,35,77,32,5,16,42,64,74,26.0,2.0,66.0,80.0,73.0,2.0,79.0,80.0,16.0,75.0,35.0,77.0,32.0,5.0,16.0,42.0,64.0,74.0,1.0,1.0,1.0,1.0,1.0,0.0,1.0,1.0,1.0,1.0,1.0,1.0,1.0,1.0,1.0,1.0,1.0,1.0,21,12.0,36.0,0.5833333333333334,0.0,18,15.0,93.0,5.166666666666667,23.7,94.2,5.233333333333333
40,40,40,2023-01-11,30-226,SAC,,HOU,W (+20),1,32:46,5.0,10.0,.500,3.0,7.0,.429,3,3.0,1.000,0.0,2.0,2.0,0.0,1.0,0.0,0.0,1.0,16.0,12.2,+17,3.0,2.0,0.6666666666666666,26,2,66,80,73,79,80,16,75,35,77,32,5,16,42,64,74,26.0,2.0,66.0,80.0,73.0,2.0,79.0,80.0,16.0,75.0,35.0,77.0,32.0,5.0,16.0,42.0,64.0,74.0,1.0,1.0,1.0,1.0,1.0,0.0,1.0,1.0,1.0,1.0,1.0,1.0,1.0,1.0,1.0,1.0,1.0,1.0,21,12.0,36.0,0.5833333333333334,0.0,18,6.0,73.0,4.055555555555555,11.000000000000002,87.0,4.833333333333333
41,Rk,G,Date,Age,Tm,,Opp,,GS,MP,0.0,0.0,FG%,,,3P%,FT,0.0,FT%,0.0,0.0,,0.0,0.0,0.0,0.0,0.0,0.0,GmSc,+/-,,,,26,2,66,80,73,79,80,16,75,35,77,32,5,16,42,64,74,26.0,2.0,66.0,80.0,73.0,2.0,79.0,80.0,16.0,75.0,35.0,77.0,32.0,5.0,16.0,42.0,64.0,74.0,1.0,1.0,1.0,1.0,1.0,0.0,1.0,1.0,1.0,1.0,1.0,1.0,1.0,1.0,1.0,1.0,1.0,1.0,21,12.0,36.0,0.5833333333333334,0.0,18,,0.0,0.0,0.0,0.0,0.0
42,41,41,2023-01-13,30-228,SAC,,HOU,W (+25),1,36:01,8.0,14.0,.571,5.0,8.0,.625,6,6.0,1.000,4.0,3.0,7.0,3.0,1.0,0.0,1.0,1.0,27.0,25.8,+28,6.0,3.0,0.5,26,2,66,80,73,79,80,16,75,35,77,32,5,16,42,64,74,26.0,2.0,66.0,80.0,73.0,2.0,79.0,80.0,16.0,75.0,35.0,77.0,32.0,5.0,16.0,42.0,64.0,74.0,1.0,1.0,1.0,1.0,1.0,0.0,1.0,1.0,1.0,1.0,1.0,1.0,1.0,1.0,1.0,1.0,1.0,1.0,21,12.0,36.0,0.5833333333333334,0.0,18,17.0,91.0,5.055555555555555,23.40000000000001,99.8,5.544444444444444
43,42,42,2023-01-15,30-230,SAC,@,SAS,W (+13),1,38:40,8.0,11.0,.727,4.0,6.0,.667,9,11.0,.818,0.0,2.0,2.0,2.0,0.0,1.0,1.0,3.0,29.0,24.2,+22,5.0,4.0,0.8,26,2,66,80,73,79,80,16,75,35,77,32,5,16,42,64,74,26.0,2.0,66.0,80.0,73.0,2.0,79.0,80.0,16.0,75.0,35.0,77.0,32.0,5.0,16.0,42.0,64.0,74.0,1.0,1.0,1.0,1.0,1.0,0.0,1.0,1.0,1.0,1.0,1.0,1.0,1.0,1.0,1.0,1.0,1.0,1.0,21,12.0,36.0,0.5833333333333334,0.0,18,11.0,71.0,3.9444444444444446,20.600000000000005,83.49999999999999,4.638888888888888
44,43,43,2023-01-18,30-233,SAC,@,LAL,W (+5),1,40:08,6.0,17.0,.353,2.0,5.0,.400,6,7.0,.857,0.0,6.0,6.0,2.0,0.0,0.0,2.0,1.0,20.0,10.9,+12,12.0,4.0,0.3333333333333333,26,2,66,80,73,79,80,16,75,35,77,32,5,16,42,64,74,26.0,2.0,66.0,80.0,73.0,2.0,79.0,80.0,16.0,75.0,35.0,77.0,32.0,5.0,16.0,42.0,64.0,74.0,1.0,1.0,1.0,1.0,1.0,0.0,1.0,1.0,1.0,1.0,1.0,1.0,1.0,1.0,1.0,1.0,1.0,1.0,21,12.0,36.0,0.5833333333333334,0.0,18,2.0,67.0,3.7222222222222223,8.499999999999998,78.7,4.372222222222223
45,44,44,2023-01-20,30-235,SAC,,OKC,W (+5),1,39:08,3.0,7.0,.429,1.0,4.0,.250,4,4.0,1.000,1.0,1.0,2.0,2.0,0.0,0.0,2.0,1.0,11.0,7.3,-1,3.0,2.0,0.6666666666666666,26,2,66,80,73,79,80,16,75,35,77,32,5,16,42,64,74,26.0,2.0,66.0,80.0,73.0,2.0,79.0,80.0,16.0,75.0,35.0,77.0,32.0,5.0,16.0,42.0,64.0,74.0,1.0,1.0,1.0,1.0,1.0,0.0,1.0,1.0,1.0,1.0,1.0,1.0,1.0,1.0,1.0,1.0,1.0,1.0,21,12.0,36.0,0.5833333333333334,0.0,18,2.0,67.0,3.7222222222222223,5.699999999999999,75.79999999999998,4.21111111111111
46,45,45,2023-01-21,30-236,SAC,,PHI,L (-2),1,37:56,8.0,13.0,.615,6.0,9.0,.667,5,7.0,.714,1.0,3.0,4.0,1.0,0.0,0.0,0.0,2.0,27.0,21.8,+6,4.0,2.0,0.5,26,2,66,80,73,79,80,16,75,35,77,32,5,16,42,64,74,26.0,2.0,66.0,80.0,73.0,2.0,79.0,80.0,16.0,75.0,35.0,77.0,32.0,5.0,16.0,42.0,64.0,74.0,1.0,1.0,1.0,1.0,1.0,0.0,1.0,1.0,1.0,1.0,1.0,1.0,1.0,1.0,1.0,1.0,1.0,1.0,21,12.0,36.0,0.5833333333333334,0.0,18,12.0,62.0,3.4444444444444446,19.8,78.6,4.366666666666666
47,46,46,2023-01-23,30-238,SAC,,MEM,W (+33),1,30:00,6.0,10.0,.600,6.0,9.0,.667,2,2.0,1.000,0.0,2.0,2.0,2.0,1.0,0.0,2.0,1.0,20.0,16.0,+8,1.0,0.0,0.0,26,2,66,80,73,79,80,16,75,35,77,32,5,16,42,64,74,26.0,2.0,66.0,80.0,73.0,2.0,79.0,80.0,16.0,75.0,35.0,77.0,32.0,5.0,16.0,42.0,64.0,74.0,1.0,1.0,1.0,1.0,1.0,0.0,1.0,1.0,1.0,1.0,1.0,1.0,1.0,1.0,1.0,1.0,1.0,1.0,21,12.0,36.0,0.5833333333333334,0.0,18,11.0,97.0,5.388888888888889,15.2,97.1,5.394444444444444
48,47,47,2023-01-25,30-240,SAC,,TOR,L (-18),1,30:09,3.0,7.0,.429,1.0,4.0,.250,3,4.0,.750,0.0,3.0,3.0,0.0,0.0,0.0,1.0,0.0,10.0,5.8,-23,3.0,2.0,0.6666666666666666,26,2,66,80,73,79,80,16,75,35,77,32,5,16,42,64,74,26.0,2.0,66.0,80.0,73.0,2.0,79.0,80.0,16.0,75.0,35.0,77.0,32.0,5.0,16.0,42.0,64.0,74.0,1.0,1.0,1.0,1.0,1.0,0.0,1.0,1.0,1.0,1.0,1.0,1.0,1.0,1.0,1.0,1.0,1.0,1.0,21,12.0,36.0,0.5833333333333334,0.0,18,1.0,60.0,3.333333333333333,4.6,63.8,3.5444444444444443
49,48,48,2023-01-28,30-243,SAC,@,MIN,L (-7),1,36:48,1.0,7.0,.143,1.0,4.0,.250,10,11.0,.909,1.0,2.0,3.0,1.0,1.0,0.0,2.0,1.0,13.0,8.7,-3,3.0,0.0,0.0,26,2,66,80,73,79,80,16,75,35,77,32,5,16,42,64,74,26.0,2.0,66.0,80.0,73.0,2.0,79.0,80.0,16.0,75.0,35.0,77.0,32.0,5.0,16.0,42.0,64.0,74.0,1.0,1.0,1.0,1.0,1.0,0.0,1.0,1.0,1.0,1.0,1.0,1.0,1.0,1.0,1.0,1.0,1.0,1.0,21,12.0,36.0,0.5833333333333334,0.0,18,-2.0,49.0,2.7222222222222223,4.699999999999999,66.8,3.711111111111111
50,49,49,2023-01-30,30-245,SAC,@,MIN,W (+7),1,40:34,3.0,11.0,.273,1.0,4.0,.250,1,3.0,.333,1.0,1.0,2.0,1.0,4.0,0.0,1.0,2.0,8.0,4.6,+1,7.0,2.0,0.2857142857142857,26,2,66,80,73,79,80,16,75,35,77,32,5,16,42,64,74,26.0,2.0,66.0,80.0,73.0,2.0,79.0,80.0,16.0,75.0,35.0,77.0,32.0,5.0,16.0,42.0,64.0,74.0,1.0,1.0,1.0,1.0,1.0,0.0,1.0,1.0,1.0,1.0,1.0,1.0,1.0,1.0,1.0,1.0,1.0,1.0,21,12.0,36.0,0.5833333333333334,0.0,18,0.0,73.0,4.055555555555555,4.199999999999999,84.20000000000002,4.677777777777779
51,50,50,2023-02-01,30-247,SAC,@,SAS,W (+10),1,35:51,5.0,9.0,.556,2.0,4.0,.500,2,2.0,1.000,1.0,5.0,6.0,1.0,1.0,0.0,2.0,0.0,14.0,11.6,+20,5.0,3.0,0.6,26,2,66,80,73,79,80,16,75,35,77,32,5,16,42,64,74,26.0,2.0,66.0,80.0,73.0,2.0,79.0,80.0,16.0,75.0,35.0,77.0,32.0,5.0,16.0,42.0,64.0,74.0,1.0,1.0,1.0,1.0,1.0,0.0,1.0,1.0,1.0,1.0,1.0,1.0,1.0,1.0,1.0,1.0,1.0,1.0,21,12.0,36.0,0.5833333333333334,0.0,18,9.0,64.0,3.555555555555556,10.799999999999995,84.79999999999998,4.71111111111111
52,51,51,2023-02-03,30-249,SAC,@,IND,L (-3),1,34:47,7.0,12.0,.583,3.0,5.0,.600,6,7.0,.857,1.0,4.0,5.0,3.0,0.0,0.0,0.0,0.0,23.0,21.0,+5,7.0,4.0,0.5714285714285714,26,2,66,80,73,79,80,16,75,35,77,32,5,16,42,64,74,26.0,2.0,66.0,80.0,73.0,2.0,79.0,80.0,16.0,75.0,35.0,77.0,32.0,5.0,16.0,42.0,64.0,74.0,1.0,1.0,1.0,1.0,1.0,0.0,1.0,1.0,1.0,1.0,1.0,1.0,1.0,1.0,1.0,1.0,1.0,1.0,21,12.0,36.0,0.5833333333333334,0.0,18,12.0,51.0,2.833333333333333,18.6,52.39999999999999,2.9111111111111105
53,52,52,2023-02-05,30-251,SAC,@,NOP,L (-32),1,23:18,1.0,3.0,.333,0.0,1.0,.000,5,6.0,.833,1.0,1.0,2.0,1.0,0.0,1.0,2.0,3.0,7.0,4.1,-35,2.0,1.0,0.5,26,2,66,80,73,79,80,16,75,35,77,32,5,16,42,64,74,26.0,2.0,66.0,80.0,73.0,2.0,79.0,80.0,16.0,75.0,35.0,77.0,32.0,5.0,16.0,42.0,64.0,74.0,1.0,1.0,1.0,1.0,1.0,0.0,1.0,1.0,1.0,1.0,1.0,1.0,1.0,1.0,1.0,1.0,1.0,1.0,21,12.0,36.0,0.5833333333333334,0.0,18,0.0,52.0,2.888888888888889,2.0999999999999988,65.0,3.611111111111111
54,53,53,2023-02-06,30-252,SAC,@,HOU,W (+20),1,26:24,3.0,9.0,.333,0.0,3.0,.000,3,3.0,1.000,3.0,2.0,5.0,3.0,0.0,0.0,0.0,0.0,9.0,8.7,+10,6.0,3.0,0.5,26,2,66,80,73,79,80,16,75,35,77,32,5,16,42,64,74,26.0,2.0,66.0,80.0,73.0,2.0,79.0,80.0,16.0,75.0,35.0,77.0,32.0,5.0,16.0,42.0,64.0,74.0,1.0,1.0,1.0,1.0,1.0,0.0,1.0,1.0,1.0,1.0,1.0,1.0,1.0,1.0,1.0,1.0,1.0,1.0,21,12.0,36.0,0.5833333333333334,0.0,18,5.0,104.0,5.777777777777778,7.499999999999999,116.7,6.483333333333333
55,54,54,2023-02-08,30-254,SAC,@,HOU,W (+2),1,33:07,5.0,10.0,.500,1.0,2.0,.500,5,5.0,1.000,1.0,1.0,2.0,0.0,0.0,0.0,0.0,1.0,16.0,11.6,+3,8.0,4.0,0.5,26,2,66,80,73,79,80,16,75,35,77,32,5,16,42,64,74,26.0,2.0,66.0,80.0,73.0,2.0,79.0,80.0,16.0,75.0,35.0,77.0,32.0,5.0,16.0,42.0,64.0,74.0,1.0,1.0,1.0,1.0,1.0,0.0,1.0,1.0,1.0,1.0,1.0,1.0,1.0,1.0,1.0,1.0,1.0,1.0,21,12.0,36.0,0.5833333333333334,0.0,18,3.0,70.0,3.888888888888889,9.6,93.79999999999998,5.21111111111111
56,55,55,2023-02-10,30-256,SAC,,DAL,L (-8),1,31:26,3.0,9.0,.333,1.0,5.0,.200,1,1.0,1.000,1.0,3.0,4.0,1.0,0.0,0.0,0.0,1.0,8.0,4.8,+4,4.0,2.0,0.5,26,2,66,80,73,79,80,16,75,35,77,32,5,16,42,64,74,26.0,2.0,66.0,80.0,73.0,2.0,79.0,80.0,16.0,75.0,35.0,77.0,32.0,5.0,16.0,42.0,64.0,74.0,1.0,1.0,1.0,1.0,1.0,0.0,1.0,1.0,1.0,1.0,1.0,1.0,1.0,1.0,1.0,1.0,1.0,1.0,21,12.0,36.0,0.5833333333333334,0.0,18,3.0,58.0,3.2222222222222223,4.399999999999998,73.3,4.072222222222222
57,56,56,2023-02-11,30-257,SAC,,DAL,W (+5),1,37:22,5.0,16.0,.313,1.0,5.0,.200,2,2.0,1.000,1.0,2.0,3.0,0.0,1.0,0.0,0.0,1.0,13.0,5.7,-14,11.0,4.0,0.3636363636363636,26,2,66,80,73,79,80,16,75,35,77,32,5,16,42,64,74,26.0,2.0,66.0,80.0,73.0,2.0,79.0,80.0,16.0,75.0,35.0,77.0,32.0,5.0,16.0,42.0,64.0,74.0,1.0,1.0,1.0,1.0,1.0,0.0,1.0,1.0,1.0,1.0,1.0,1.0,1.0,1.0,1.0,1.0,1.0,1.0,21,12.0,36.0,0.5833333333333334,0.0,18,-1.0,83.0,4.611111111111111,4.900000000000001,98.5,5.472222222222222
58,57,57,2023-02-14,30-260,SAC,@,PHO,L (-11),1,35:52,4.0,8.0,.500,1.0,4.0,.250,2,2.0,1.000,0.0,2.0,2.0,0.0,0.0,0.0,0.0,1.0,11.0,7.2,+2,4.0,3.0,0.75,26,2,66,80,73,79,80,16,75,35,77,32,5,16,42,64,74,26.0,2.0,66.0,80.0,73.0,2.0,79.0,80.0,16.0,75.0,35.0,77.0,32.0,5.0,16.0,42.0,64.0,74.0,1.0,1.0,1.0,1.0,1.0,0.0,1.0,1.0,1.0,1.0,1.0,1.0,1.0,1.0,1.0,1.0,1.0,1.0,21,12.0,36.0,0.5833333333333334,0.0,18,3.0,55.0,3.055555555555556,6.4,67.4,3.744444444444445
59,58,58,2023-02-23,30-269,SAC,,POR,W (+17),1,23:44,5.0,8.0,.625,1.0,2.0,.500,4,5.0,.800,1.0,1.0,2.0,2.0,1.0,0.0,1.0,0.0,15.0,13.4,+4,6.0,4.0,0.6666666666666666,26,2,66,80,73,79,80,16,75,35,77,32,5,16,42,64,74,26.0,2.0,66.0,80.0,73.0,2.0,79.0,80.0,16.0,75.0,35.0,77.0,32.0,5.0,16.0,42.0,64.0,74.0,1.0,1.0,1.0,1.0,1.0,0.0,1.0,1.0,1.0,1.0,1.0,1.0,1.0,1.0,1.0,1.0,1.0,1.0,21,12.0,36.0,0.5833333333333334,0.0,18,6.0,86.0,4.777777777777778,11.8,96.29999999999998,5.349999999999999
60,59,59,2023-02-24,30-270,SAC,@,LAC,W (+1),1,40:31,1.0,6.0,.167,1.0,4.0,.250,8,8.0,1.000,3.0,3.0,6.0,2.0,2.0,0.0,1.0,4.0,11.0,11.0,-4,2.0,0.0,0.0,26,2,66,80,73,79,80,16,75,35,77,32,5,16,42,64,74,26.0,2.0,66.0,80.0,73.0,2.0,79.0,80.0,16.0,75.0,35.0,77.0,32.0,5.0,16.0,42.0,64.0,74.0,1.0,1.0,1.0,1.0,1.0,0.0,1.0,1.0,1.0,1.0,1.0,1.0,1.0,1.0,1.0,1.0,1.0,1.0,21,12.0,36.0,0.5833333333333334,0.0,18,6.0,103.0,5.722222222222222,7.799999999999999,135.8,7.544444444444445
61,60,60,2023-02-26,30-272,SAC,@,OKC,W (+9),1,32:57,4.0,10.0,.400,1.0,5.0,.200,0,0.0,,2.0,6.0,8.0,4.0,0.0,1.0,0.0,2.0,9.0,9.5,+24,5.0,3.0,0.6,26,2,66,80,73,79,80,16,75,35,77,32,5,16,42,64,74,26.0,2.0,66.0,80.0,73.0,2.0,79.0,80.0,16.0,75.0,35.0,77.0,32.0,5.0,16.0,42.0,64.0,74.0,1.0,1.0,1.0,1.0,1.0,0.0,1.0,1.0,1.0,1.0,1.0,1.0,1.0,1.0,1.0,1.0,1.0,1.0,21,12.0,36.0,0.5833333333333334,0.0,18,12.0,72.0,4.0,9.5,85.69999999999999,4.76111111111111
62,Rk,G,Date,Age,Tm,,Opp,,GS,MP,0.0,0.0,FG%,,,3P%,FT,0.0,FT%,0.0,0.0,,0.0,0.0,0.0,0.0,0.0,0.0,GmSc,+/-,,,,26,2,66,80,73,79,80,16,75,35,77,32,5,16,42,64,74,26.0,2.0,66.0,80.0,73.0,2.0,79.0,80.0,16.0,75.0,35.0,77.0,32.0,5.0,16.0,42.0,64.0,74.0,1.0,1.0,1.0,1.0,1.0,0.0,1.0,1.0,1.0,1.0,1.0,1.0,1.0,1.0,1.0,1.0,1.0,1.0,21,12.0,36.0,0.5833333333333334,0.0,18,,0.0,0.0,0.0,0.0,0.0
63,61,61,2023-02-28,30-274,SAC,@,OKC,W (+6),1,37:08,8.0,13.0,.615,4.0,5.0,.800,9,10.0,.900,1.0,8.0,9.0,3.0,0.0,1.0,2.0,0.0,29.0,26.6,+14,8.0,4.0,0.5,26,2,66,80,73,79,80,16,75,35,77,32,5,16,42,64,74,26.0,2.0,66.0,80.0,73.0,2.0,79.0,80.0,16.0,75.0,35.0,77.0,32.0,5.0,16.0,42.0,64.0,74.0,1.0,1.0,1.0,1.0,1.0,0.0,1.0,1.0,1.0,1.0,1.0,1.0,1.0,1.0,1.0,1.0,1.0,1.0,21,12.0,36.0,0.5833333333333334,0.0,18,17.0,68.0,3.7777777777777777,23.000000000000007,69.19999999999999,3.8444444444444437
64,62,62,2023-03-03,30-277,SAC,,LAC,W (+1),1,36:56,6.0,11.0,.545,0.0,3.0,.000,8,8.0,1.000,1.0,6.0,7.0,0.0,0.0,0.0,1.0,3.0,20.0,15.0,-5,8.0,6.0,0.75,26,2,66,80,73,79,80,16,75,35,77,32,5,16,42,64,74,26.0,2.0,66.0,80.0,73.0,2.0,79.0,80.0,16.0,75.0,35.0,77.0,32.0,5.0,16.0,42.0,64.0,74.0,1.0,1.0,1.0,1.0,1.0,0.0,1.0,1.0,1.0,1.0,1.0,1.0,1.0,1.0,1.0,1.0,1.0,1.0,21,12.0,36.0,0.5833333333333334,0.0,18,7.0,73.0,4.055555555555555,11.8,83.19999999999999,4.622222222222222
65,63,63,2023-03-04,30-278,SAC,,MIN,L (-4),1,37:26,7.0,13.0,.538,3.0,5.0,.600,3,3.0,1.000,0.0,4.0,4.0,1.0,0.0,0.0,2.0,1.0,20.0,13.2,-8,8.0,4.0,0.5,26,2,66,80,73,79,80,16,75,35,77,32,5,16,42,64,74,26.0,2.0,66.0,80.0,73.0,2.0,79.0,80.0,16.0,75.0,35.0,77.0,32.0,5.0,16.0,42.0,64.0,74.0,1.0,1.0,1.0,1.0,1.0,0.0,1.0,1.0,1.0,1.0,1.0,1.0,1.0,1.0,1.0,1.0,1.0,1.0,21,12.0,36.0,0.5833333333333334,0.0,18,7.0,67.0,3.7222222222222223,11.999999999999998,89.5,4.972222222222222
66,64,64,2023-03-06,30-280,SAC,,NOP,W (+15),1,31:29,5.0,11.0,.455,1.0,5.0,.200,3,4.0,.750,0.0,3.0,3.0,3.0,1.0,1.0,0.0,0.0,14.0,12.6,0,6.0,4.0,0.6666666666666666,26,2,66,80,73,79,80,16,75,35,77,32,5,16,42,64,74,26.0,2.0,66.0,80.0,73.0,2.0,79.0,80.0,16.0,75.0,35.0,77.0,32.0,5.0,16.0,42.0,64.0,74.0,1.0,1.0,1.0,1.0,1.0,0.0,1.0,1.0,1.0,1.0,1.0,1.0,1.0,1.0,1.0,1.0,1.0,1.0,21,12.0,36.0,0.5833333333333334,0.0,18,7.0,91.0,5.055555555555555,11.4,102.4,5.688888888888889
67,65,65,2023-03-09,30-283,SAC,,NYK,W (+5),1,38:18,4.0,9.0,.444,0.0,3.0,.000,2,3.0,.667,1.0,2.0,3.0,1.0,1.0,0.0,1.0,2.0,10.0,6.1,+12,6.0,4.0,0.6666666666666666,26,2,66,80,73,79,80,16,75,35,77,32,5,16,42,64,74,26.0,2.0,66.0,80.0,73.0,2.0,79.0,80.0,16.0,75.0,35.0,77.0,32.0,5.0,16.0,42.0,64.0,74.0,1.0,1.0,1.0,1.0,1.0,0.0,1.0,1.0,1.0,1.0,1.0,1.0,1.0,1.0,1.0,1.0,1.0,1.0,21,12.0,36.0,0.5833333333333334,0.0,18,2.0,75.0,4.166666666666667,5.299999999999997,88.99999999999999,4.944444444444444
68,66,66,2023-03-11,30-285,SAC,@,PHO,W (+9),1,36:32,6.0,10.0,.600,1.0,4.0,.250,6,6.0,1.000,2.0,4.0,6.0,0.0,0.0,0.0,2.0,0.0,19.0,15.0,+1,6.0,5.0,0.8333333333333334,26,2,66,80,73,79,80,16,75,35,77,32,5,16,42,64,74,26.0,2.0,66.0,80.0,73.0,2.0,79.0,80.0,16.0,75.0,35.0,77.0,32.0,5.0,16.0,42.0,64.0,74.0,1.0,1.0,1.0,1.0,1.0,0.0,1.0,1.0,1.0,1.0,1.0,1.0,1.0,1.0,1.0,1.0,1.0,1.0,21,12.0,36.0,0.5833333333333334,0.0,18,7.0,43.0,2.388888888888889,12.599999999999996,65.7,3.6500000000000004
69,67,67,2023-03-13,30-287,SAC,,MIL,L (-9),1,30:22,4.0,9.0,.444,3.0,8.0,.375,3,3.0,1.000,1.0,3.0,4.0,0.0,0.0,0.0,1.0,1.0,14.0,9.5,-17,1.0,1.0,1.0,26,2,66,80,73,79,80,16,75,35,77,32,5,16,42,64,74,26.0,2.0,66.0,80.0,73.0,2.0,79.0,80.0,16.0,75.0,35.0,77.0,32.0,5.0,16.0,42.0,64.0,74.0,1.0,1.0,1.0,1.0,1.0,0.0,1.0,1.0,1.0,1.0,1.0,1.0,1.0,1.0,1.0,1.0,1.0,1.0,21,12.0,36.0,0.5833333333333334,0.0,18,5.0,91.0,5.055555555555555,8.299999999999999,95.5,5.305555555555555
70,68,68,2023-03-15,30-289,SAC,@,CHI,W (+3),1,35:41,3.0,10.0,.300,2.0,6.0,.333,9,10.0,.900,0.0,3.0,3.0,1.0,0.0,0.0,0.0,4.0,17.0,10.8,+13,4.0,1.0,0.25,26,2,66,80,73,79,80,16,75,35,77,32,5,16,42,64,74,26.0,2.0,66.0,80.0,73.0,2.0,79.0,80.0,16.0,75.0,35.0,77.0,32.0,5.0,16.0,42.0,64.0,74.0,1.0,1.0,1.0,1.0,1.0,0.0,1.0,1.0,1.0,1.0,1.0,1.0,1.0,1.0,1.0,1.0,1.0,1.0,21,12.0,36.0,0.5833333333333334,0.0,18,1.0,68.0,3.7777777777777777,7.1999999999999975,71.19999999999999,3.955555555555555
71,69,69,2023-03-16,30-290,SAC,@,BRK,W (+5),1,30:30,2.0,6.0,.333,1.0,3.0,.333,6,7.0,.857,0.0,6.0,6.0,2.0,0.0,0.0,1.0,1.0,11.0,9.0,0,3.0,1.0,0.3333333333333333,26,2,66,80,73,79,80,16,75,35,77,32,5,16,42,64,74,26.0,2.0,66.0,80.0,73.0,2.0,79.0,80.0,16.0,75.0,35.0,77.0,32.0,5.0,16.0,42.0,64.0,74.0,1.0,1.0,1.0,1.0,1.0,0.0,1.0,1.0,1.0,1.0,1.0,1.0,1.0,1.0,1.0,1.0,1.0,1.0,21,12.0,36.0,0.5833333333333334,0.0,18,5.0,50.0,2.7777777777777777,6.600000000000001,55.8,3.0999999999999996
72,70,70,2023-03-18,30-292,SAC,@,WAS,W (+14),1,27:21,3.0,7.0,.429,2.0,3.0,.667,3,3.0,1.000,0.0,3.0,3.0,2.0,0.0,0.0,0.0,1.0,11.0,9.2,+7,4.0,1.0,0.25,26,2,66,80,73,79,80,16,75,35,77,32,5,16,42,64,74,26.0,2.0,66.0,80.0,73.0,2.0,79.0,80.0,16.0,75.0,35.0,77.0,32.0,5.0,16.0,42.0,64.0,74.0,1.0,1.0,1.0,1.0,1.0,0.0,1.0,1.0,1.0,1.0,1.0,1.0,1.0,1.0,1.0,1.0,1.0,1.0,21,12.0,36.0,0.5833333333333334,0.0,18,6.0,99.0,5.5,8.000000000000002,106.9,5.938888888888889
73,71,71,2023-03-20,30-294,SAC,@,UTA,L (-8),1,29:52,5.0,11.0,.455,2.0,4.0,.500,4,5.0,.800,2.0,4.0,6.0,2.0,0.0,0.0,0.0,3.0,16.0,12.7,+7,7.0,3.0,0.4285714285714285,26,2,66,80,73,79,80,16,75,35,77,32,5,16,42,64,74,26.0,2.0,66.0,80.0,73.0,2.0,79.0,80.0,16.0,75.0,35.0,77.0,32.0,5.0,16.0,42.0,64.0,74.0,1.0,1.0,1.0,1.0,1.0,0.0,1.0,1.0,1.0,1.0,1.0,1.0,1.0,1.0,1.0,1.0,1.0,1.0,21,12.0,36.0,0.5833333333333334,0.0,18,8.0,67.0,3.7222222222222223,11.099999999999998,79.8,4.433333333333334
74,72,72,2023-03-21,30-295,SAC,,BOS,L (-23),1,24:59,3.0,7.0,.429,2.0,4.0,.500,3,4.0,.750,1.0,4.0,5.0,1.0,0.0,0.0,1.0,0.0,11.0,8.5,-12,3.0,1.0,0.3333333333333333,26,2,66,80,73,79,80,16,75,35,77,32,5,16,42,64,74,26.0,2.0,66.0,80.0,73.0,2.0,79.0,80.0,16.0,75.0,35.0,77.0,32.0,5.0,16.0,42.0,64.0,74.0,1.0,1.0,1.0,1.0,1.0,0.0,1.0,1.0,1.0,1.0,1.0,1.0,1.0,1.0,1.0,1.0,1.0,1.0,21,12.0,36.0,0.5833333333333334,0.0,18,5.0,58.0,3.2222222222222223,7.299999999999999,68.1,3.783333333333333
75,73,73,2023-03-24,30-298,SAC,,PHO,W (+8),1,34:43,7.0,12.0,.583,2.0,5.0,.400,7,9.0,.778,0.0,1.0,1.0,1.0,1.0,0.0,0.0,1.0,23.0,18.2,+16,7.0,5.0,0.7142857142857143,26,2,66,80,73,79,80,16,75,35,77,32,5,16,42,64,74,26.0,2.0,66.0,80.0,73.0,2.0,79.0,80.0,16.0,75.0,35.0,77.0,32.0,5.0,16.0,42.0,64.0,74.0,1.0,1.0,1.0,1.0,1.0,0.0,1.0,1.0,1.0,1.0,1.0,1.0,1.0,1.0,1.0,1.0,1.0,1.0,21,12.0,36.0,0.5833333333333334,0.0,18,5.0,81.0,4.5,15.400000000000002,96.2,5.344444444444445
76,74,74,2023-03-25,30-299,SAC,,UTA,W (+8),1,34:37,6.0,12.0,.500,2.0,3.0,.667,4,4.0,1.000,3.0,2.0,5.0,4.0,0.0,0.0,2.0,0.0,18.0,15.5,+13,9.0,4.0,0.4444444444444444,26,2,66,80,73,79,80,16,75,35,77,32,5,16,42,64,74,26.0,2.0,66.0,80.0,73.0,2.0,79.0,80.0,16.0,75.0,35.0,77.0,32.0,5.0,16.0,42.0,64.0,74.0,1.0,1.0,1.0,1.0,1.0,0.0,1.0,1.0,1.0,1.0,1.0,1.0,1.0,1.0,1.0,1.0,1.0,1.0,21,12.0,36.0,0.5833333333333334,0.0,18,9.0,70.0,3.888888888888889,13.900000000000004,84.9,4.716666666666667
77,75,75,2023-03-27,30-301,SAC,,MIN,L (-4),1,35:07,5.0,12.0,.417,0.0,3.0,.000,9,11.0,.818,2.0,3.0,5.0,1.0,0.0,0.0,0.0,2.0,19.0,14.0,+2,9.0,5.0,0.5555555555555556,26,2,66,80,73,79,80,16,75,35,77,32,5,16,42,64,74,26.0,2.0,66.0,80.0,73.0,2.0,79.0,80.0,16.0,75.0,35.0,77.0,32.0,5.0,16.0,42.0,64.0,74.0,1.0,1.0,1.0,1.0,1.0,0.0,1.0,1.0,1.0,1.0,1.0,1.0,1.0,1.0,1.0,1.0,1.0,1.0,21,12.0,36.0,0.5833333333333334,0.0,18,2.0,55.0,3.055555555555556,10.399999999999997,64.70000000000002,3.5944444444444454
78,76,76,2023-03-29,30-303,SAC,@,POR,W (+40),1,27:04,1.0,5.0,.200,0.0,2.0,.000,5,6.0,.833,2.0,2.0,4.0,3.0,0.0,0.0,0.0,0.0,7.0,7.6,+26,3.0,1.0,0.3333333333333333,26,2,66,80,73,79,80,16,75,35,77,32,5,16,42,64,74,26.0,2.0,66.0,80.0,73.0,2.0,79.0,80.0,16.0,75.0,35.0,77.0,32.0,5.0,16.0,42.0,64.0,74.0,1.0,1.0,1.0,1.0,1.0,0.0,1.0,1.0,1.0,1.0,1.0,1.0,1.0,1.0,1.0,1.0,1.0,1.0,21,12.0,36.0,0.5833333333333334,0.0,18,3.0,92.0,5.111111111111111,5.6,97.4,5.411111111111111
79,77,77,2023-03-31,30-305,SAC,@,POR,W (+24),1,30:16,2.0,6.0,.333,1.0,4.0,.250,6,6.0,1.000,2.0,0.0,2.0,1.0,1.0,0.0,1.0,1.0,11.0,9.3,,2.0,1.0,0.5,26,2,66,80,73,79,80,16,75,35,77,32,5,16,42,64,74,26.0,2.0,66.0,80.0,73.0,2.0,79.0,80.0,16.0,75.0,35.0,77.0,32.0,5.0,16.0,42.0,64.0,74.0,1.0,1.0,1.0,1.0,1.0,0.0,1.0,1.0,1.0,1.0,1.0,1.0,1.0,1.0,1.0,1.0,1.0,1.0,21,12.0,36.0,0.5833333333333334,0.0,18,2.0,114.0,6.333333333333333,6.9,115.3,6.405555555555555
80,78,78,2023-04-02,30-307,SAC,,SAS,L (-8),1,37:28,5.0,12.0,.417,1.0,3.0,.333,4,6.0,.667,2.0,2.0,4.0,1.0,2.0,0.0,3.0,1.0,15.0,9.1,-4,9.0,4.0,0.4444444444444444,26,2,66,80,73,79,80,16,75,35,77,32,5,16,42,64,74,26.0,2.0,66.0,80.0,73.0,2.0,79.0,80.0,16.0,75.0,35.0,77.0,32.0,5.0,16.0,42.0,64.0,74.0,1.0,1.0,1.0,1.0,1.0,0.0,1.0,1.0,1.0,1.0,1.0,1.0,1.0,1.0,1.0,1.0,1.0,1.0,21,12.0,36.0,0.5833333333333334,0.0,18,1.0,64.0,3.555555555555556,7.5,89.0,4.944444444444445
81,79,79,2023-04-04,30-309,SAC,@,NOP,W (+18),1,31:29,5.0,9.0,.556,1.0,3.0,.333,5,5.0,1.000,0.0,0.0,0.0,1.0,3.0,0.0,0.0,0.0,16.0,15.4,+17,6.0,4.0,0.6666666666666666,26,2,66,80,73,79,80,16,75,35,77,32,5,16,42,64,74,26.0,2.0,66.0,80.0,73.0,2.0,79.0,80.0,16.0,75.0,35.0,77.0,32.0,5.0,16.0,42.0,64.0,74.0,1.0,1.0,1.0,1.0,1.0,0.0,1.0,1.0,1.0,1.0,1.0,1.0,1.0,1.0,1.0,1.0,1.0,1.0,21,12.0,36.0,0.5833333333333334,0.0,18,6.0,90.0,5.0,13.4,92.89999999999998,5.16111111111111
82,80,80,2023-04-05,30-310,SAC,@,DAL,L (-4),1,29:38,7.0,14.0,.500,0.0,2.0,.000,2,2.0,1.000,4.0,1.0,5.0,0.0,0.0,0.0,0.0,2.0,16.0,11.3,-2,12.0,7.0,0.5833333333333334,26,2,66,80,73,79,80,16,75,35,77,32,5,16,42,64,74,26.0,2.0,66.0,80.0,73.0,2.0,79.0,80.0,16.0,75.0,35.0,77.0,32.0,5.0,16.0,42.0,64.0,74.0,1.0,1.0,1.0,1.0,1.0,0.0,1.0,1.0,1.0,1.0,1.0,1.0,1.0,1.0,1.0,1.0,1.0,1.0,21,12.0,36.0,0.5833333333333334,0.0,18,5.0,77.0,4.277777777777778,10.500000000000002,81.09999999999998,4.505555555555555
83,Rk,G,Date,Age,Tm,,Opp,,GS,MP,0.0,0.0,FG%,,,3P%,FT,0.0,FT%,0.0,0.0,,0.0,0.0,0.0,0.0,0.0,0.0,GmSc,+/-,,,,26,2,66,80,73,79,80,16,75,35,77,32,5,16,42,64,74,26.0,2.0,66.0,80.0,73.0,2.0,79.0,80.0,16.0,75.0,35.0,77.0,32.0,5.0,16.0,42.0,64.0,74.0,1.0,1.0,1.0,1.0,1.0,0.0,1.0,1.0,1.0,1.0,1.0,1.0,1.0,1.0,1.0,1.0,1.0,1.0,21,12.0,36.0,0.5833333333333334,0.0,18,,0.0,0.0,0.0,0.0,0.0
84,81,81,2023-04-07,30-312,SAC,,GSW,L (-22),1,29:23,5.0,9.0,.556,1.0,3.0,.333,2,3.0,.667,2.0,1.0,3.0,2.0,2.0,0.0,1.0,0.0,13.0,12.4,-25,6.0,4.0,0.6666666666666666,26,2,66,80,73,79,80,16,75,35,77,32,5,16,42,64,74,26.0,2.0,66.0,80.0,73.0,2.0,79.0,80.0,16.0,75.0,35.0,77.0,32.0,5.0,16.0,42.0,64.0,74.0,1.0,1.0,1.0,1.0,1.0,0.0,1.0,1.0,1.0,1.0,1.0,1.0,1.0,1.0,1.0,1.0,1.0,1.0,21,12.0,36.0,0.5833333333333334,0.0,18,7.0,35.0,1.9444444444444444,11.599999999999998,46.2,2.566666666666667
85,82,82,2023-04-09,30-314,SAC,@,DEN,L (-14),1,17:34,5.0,7.0,.714,5.0,7.0,.714,2,2.0,1.000,0.0,0.0,0.0,0.0,0.0,0.0,1.0,1.0,17.0,12.7,+17,0.0,0.0,,26,2,66,80,73,79,80,16,75,35,77,32,5,16,42,64,74,26.0,2.0,66.0,80.0,73.0,2.0,79.0,80.0,16.0,75.0,35.0,77.0,32.0,5.0,16.0,42.0,64.0,74.0,1.0,1.0,1.0,1.0,1.0,0.0,1.0,1.0,1.0,1.0,1.0,1.0,1.0,1.0,1.0,1.0,1.0,1.0,21,12.0,36.0,0.5833333333333334,0.0,18,7.0,51.0,2.833333333333333,11.9,57.79999999999998,3.2111111111111104
