Unnamed: 0,Rk,G,Date,Age,Tm,Unnamed: 5,Opp,Unnamed: 7,GS,MP,FG,FGA,FG%,3P,3PA,3P%,FT,FTA,FT%,ORB,DRB,TRB,AST,STL,BLK,TOV,PF,PTS,GmSc,+/-,2PA,2P,2P%,Shared Games with Anthony Gill,Shared Games with Bradley Beal,Shared Games with Corey Kispert,Shared Games with Daniel Gafford,Shared Games with Delon Wright,Shared Games with Devon Dotson,Shared Games with Isaiah Todd,Shared Games with Jay Huff,Shared Games with Johnny Davis,Shared Games with Jordan Goodwin,Shared Games with Kristaps Porziņģis,Shared Games with Kyle Kuzma,Shared Games with Monte Morris,Shared Games with Quenton Jackson,Shared Games with Rui Hachimura,Shared Games with Taj Gibson,Shared Games with Vernon Carey Jr.,Shared Games with Will Barton,Anthony Gill,Bradley Beal,Corey Kispert,Daniel Gafford,Delon Wright,Devon Dotson,Isaiah Todd,Jay Huff,Johnny Davis,Jordan Goodwin,Jordan Schakel,Kristaps Porziņģis,Kyle Kuzma,Monte Morris,Quenton Jackson,Rui Hachimura,Taj Gibson,Vernon Carey Jr.,Will Barton,Xavier Cooks,co_inf with Anthony Gill,co_inf with Bradley Beal,co_inf with Corey Kispert,co_inf with Daniel Gafford,co_inf with Delon Wright,co_inf with Devon Dotson,co_inf with Isaiah Todd,co_inf with Jay Huff,co_inf with Johnny Davis,co_inf with Jordan Goodwin,co_inf with Jordan Schakel,co_inf with Kristaps Porziņģis,co_inf with Kyle Kuzma,co_inf with Monte Morris,co_inf with Quenton Jackson,co_inf with Rui Hachimura,co_inf with Taj Gibson,co_inf with Vernon Carey Jr.,co_inf with Will Barton,co_inf with Xavier Cooks,Shared Games with A.J. Green,Shared Games with A.J. Lawson,Shared Games with Aaron Gordon,Shared Games with Aaron Holiday,Shared Games with Aaron Nesmith,Shared Games with Admiral Schofield,Shared Games with AJ Griffin,Shared Games with Al Horford,Shared Games with Alec Burks,Shared Games with Aleksej Pokusevski,Shared Games with Alex Len,Shared Games with Alize Johnson,Shared Games with Alperen Şengün,Shared Games with Amir Coffey,Shared Games with Andre Drummond,Shared Games with Andre Iguodala,Shared Games with Andrew Nembhard,Shared Games with Andrew Wiggins,A.J. Green,A.J. Lawson,Aaron Gordon,Aaron Holiday,Aaron Nesmith,Admiral Schofield,AJ Griffin,Al Horford,Alec Burks,Aleksej Pokusevski,Alex Caruso,Alex Len,Alize Johnson,Alondes Williams,Alperen Şengün,Amir Coffey,Andre Drummond,Andre Iguodala,Andrew Nembhard,Andrew Wiggins,Anfernee Simons,Deni Avdija,Marcus Smart,co_inf with A.J. Green,co_inf with A.J. Lawson,co_inf with Aaron Gordon,co_inf with Aaron Holiday,co_inf with Aaron Nesmith,co_inf with Admiral Schofield,co_inf with AJ Griffin,co_inf with Al Horford,co_inf with Alec Burks,co_inf with Aleksej Pokusevski,co_inf with Alex Caruso,co_inf with Alex Len,co_inf with Alize Johnson,co_inf with Alondes Williams,co_inf with Alperen Şengün,co_inf with Amir Coffey,co_inf with Andre Drummond,co_inf with Andre Iguodala,co_inf with Andrew Nembhard,co_inf with Andrew Wiggins,co_inf with Anfernee Simons,Total Shared Players,CO_EFF,EFF,avg_EFF,CO_HGS,HGS,avg_HGS
0,1,1,2022-10-19,21-289,WAS,@,IND,W (+7),1,7:40,1.0,1.0,1.000,0.0,0.0,,2,2.0,1.000,0.0,0.0,0.0,0.0,0.0,0.0,0.0,0.0,4.0,3.7,+14,1.0,1.0,1.0,54,48,68,73,48,6,4,7,23,57,64,62,60,9,28,47,11,39,59.0,50.0,74.0,78.0,50.0,6.0,6.0,7.0,28.0,62.0,2.0,65.0,64.0,62.0,9.0,63.0,49.0,11.0,56.0,10.0,0.9152542372881356,0.96,0.918918918918919,0.935897435897436,0.96,1.0,0.6666666666666666,1.0,0.8214285714285714,0.9193548387096774,0.0,0.9846153846153848,0.96875,0.967741935483871,1.0,0.4444444444444444,0.9591836734693876,1.0,0.6964285714285714,0.0,54,48,68,73,48,6,4,7,23,57,64,62,60,9,28,47,11,39,59.0,50.0,74.0,78.0,50.0,6.0,6.0,7.0,28.0,62.0,2.0,65.0,64.0,61.0,62.0,9.0,63.0,49.0,11.0,56.0,10.0,76.0,61.0,0.9152542372881356,0.96,0.918918918918919,0.935897435897436,0.96,1.0,0.6666666666666666,1.0,0.8214285714285714,0.9193548387096774,0.0,0.9846153846153848,0.96875,0.0,0.967741935483871,1.0,0.4444444444444444,0.9591836734693876,1.0,0.6964285714285714,0.0,36,1.0,150.0,4.166666666666667,2.9000000000000004,156.99999999999994,4.36111111111111
1,2,2,2022-10-21,21-291,WAS,,CHI,W (+2),1,23:01,2.0,4.0,.500,2.0,2.0,1.000,0,0.0,,0.0,10.0,10.0,4.0,1.0,1.0,1.0,5.0,6.0,8.5,+16,2.0,0.0,0.0,54,48,68,73,48,6,4,7,23,57,64,62,60,9,28,47,11,39,59.0,50.0,74.0,78.0,50.0,6.0,6.0,7.0,28.0,62.0,2.0,65.0,64.0,62.0,9.0,63.0,49.0,11.0,56.0,10.0,0.9152542372881356,0.96,0.918918918918919,0.935897435897436,0.96,1.0,0.6666666666666666,1.0,0.8214285714285714,0.9193548387096774,0.0,0.9846153846153848,0.96875,0.967741935483871,1.0,0.4444444444444444,0.9591836734693876,1.0,0.6964285714285714,0.0,54,48,68,73,48,6,4,7,23,57,64,62,60,9,28,47,11,39,59.0,50.0,74.0,78.0,50.0,6.0,6.0,7.0,28.0,62.0,2.0,65.0,64.0,61.0,62.0,9.0,63.0,49.0,11.0,56.0,10.0,76.0,61.0,0.9152542372881356,0.96,0.918918918918919,0.935897435897436,0.96,1.0,0.6666666666666666,1.0,0.8214285714285714,0.9193548387096774,0.0,0.9846153846153848,0.96875,0.0,0.967741935483871,1.0,0.4444444444444444,0.9591836734693876,1.0,0.6964285714285714,0.0,36,17.0,122.0,3.388888888888889,8.5,143.0,3.9722222222222223
2,3,3,2022-10-23,21-293,WAS,@,CLE,L (-10),1,14:27,1.0,6.0,.167,0.0,3.0,.000,0,0.0,,0.0,2.0,2.0,0.0,2.0,0.0,1.0,4.0,2.0,-1.8,+1,3.0,1.0,0.3333333333333333,54,48,68,73,48,6,4,7,23,57,64,62,60,9,28,47,11,39,59.0,50.0,74.0,78.0,50.0,6.0,6.0,7.0,28.0,62.0,2.0,65.0,64.0,62.0,9.0,63.0,49.0,11.0,56.0,10.0,0.9152542372881356,0.96,0.918918918918919,0.935897435897436,0.96,1.0,0.6666666666666666,1.0,0.8214285714285714,0.9193548387096774,0.0,0.9846153846153848,0.96875,0.967741935483871,1.0,0.4444444444444444,0.9591836734693876,1.0,0.6964285714285714,0.0,54,48,68,73,48,6,4,7,23,57,64,62,60,9,28,47,11,39,59.0,50.0,74.0,78.0,50.0,6.0,6.0,7.0,28.0,62.0,2.0,65.0,64.0,61.0,62.0,9.0,63.0,49.0,11.0,56.0,10.0,76.0,61.0,0.9152542372881356,0.96,0.918918918918919,0.935897435897436,0.96,1.0,0.6666666666666666,1.0,0.8214285714285714,0.9193548387096774,0.0,0.9846153846153848,0.96875,0.0,0.967741935483871,1.0,0.4444444444444444,0.9591836734693876,1.0,0.6964285714285714,0.0,36,-1.0,133.0,3.6944444444444446,-1.7999999999999994,152.60000000000002,4.23888888888889
3,4,4,2022-10-25,21-295,WAS,,DET,W (+21),1,26:50,3.0,6.0,.500,1.0,3.0,.333,2,2.0,1.000,0.0,7.0,7.0,2.0,1.0,2.0,0.0,3.0,9.0,10.7,+12,3.0,2.0,0.6666666666666666,54,48,68,73,48,6,4,7,23,57,64,62,60,9,28,47,11,39,59.0,50.0,74.0,78.0,50.0,6.0,6.0,7.0,28.0,62.0,2.0,65.0,64.0,62.0,9.0,63.0,49.0,11.0,56.0,10.0,0.9152542372881356,0.96,0.918918918918919,0.935897435897436,0.96,1.0,0.6666666666666666,1.0,0.8214285714285714,0.9193548387096774,0.0,0.9846153846153848,0.96875,0.967741935483871,1.0,0.4444444444444444,0.9591836734693876,1.0,0.6964285714285714,0.0,54,48,68,73,48,6,4,7,23,57,64,62,60,9,28,47,11,39,59.0,50.0,74.0,78.0,50.0,6.0,6.0,7.0,28.0,62.0,2.0,65.0,64.0,61.0,62.0,9.0,63.0,49.0,11.0,56.0,10.0,76.0,61.0,0.9152542372881356,0.96,0.918918918918919,0.935897435897436,0.96,1.0,0.6666666666666666,1.0,0.8214285714285714,0.9193548387096774,0.0,0.9846153846153848,0.96875,0.0,0.967741935483871,1.0,0.4444444444444444,0.9591836734693876,1.0,0.6964285714285714,0.0,36,13.0,169.0,4.694444444444445,9.9,176.79999999999998,4.9111111111111105
4,5,5,2022-10-28,21-298,WAS,,IND,L (-10),1,19:58,3.0,7.0,.429,1.0,3.0,.333,0,0.0,,1.0,1.0,2.0,0.0,0.0,0.0,2.0,2.0,7.0,1.5,-6,4.0,2.0,0.5,54,48,68,73,48,6,4,7,23,57,64,62,60,9,28,47,11,39,59.0,50.0,74.0,78.0,50.0,6.0,6.0,7.0,28.0,62.0,2.0,65.0,64.0,62.0,9.0,63.0,49.0,11.0,56.0,10.0,0.9152542372881356,0.96,0.918918918918919,0.935897435897436,0.96,1.0,0.6666666666666666,1.0,0.8214285714285714,0.9193548387096774,0.0,0.9846153846153848,0.96875,0.967741935483871,1.0,0.4444444444444444,0.9591836734693876,1.0,0.6964285714285714,0.0,54,48,68,73,48,6,4,7,23,57,64,62,60,9,28,47,11,39,59.0,50.0,74.0,78.0,50.0,6.0,6.0,7.0,28.0,62.0,2.0,65.0,64.0,61.0,62.0,9.0,63.0,49.0,11.0,56.0,10.0,76.0,61.0,0.9152542372881356,0.96,0.918918918918919,0.935897435897436,0.96,1.0,0.6666666666666666,1.0,0.8214285714285714,0.9193548387096774,0.0,0.9846153846153848,0.96875,0.0,0.967741935483871,1.0,0.4444444444444444,0.9591836734693876,1.0,0.6964285714285714,0.0,36,0.0,128.0,3.555555555555556,1.5,154.39999999999998,4.288888888888888
5,6,6,2022-10-30,21-300,WAS,@,BOS,L (-18),1,11:01,2.0,4.0,.500,1.0,1.0,1.000,1,2.0,.500,0.0,1.0,1.0,1.0,0.0,0.0,0.0,2.0,6.0,3.8,-9,3.0,1.0,0.3333333333333333,54,48,68,73,48,6,4,7,23,57,64,62,60,9,28,47,11,39,59.0,50.0,74.0,78.0,50.0,6.0,6.0,7.0,28.0,62.0,2.0,65.0,64.0,62.0,9.0,63.0,49.0,11.0,56.0,10.0,0.9152542372881356,0.96,0.918918918918919,0.935897435897436,0.96,1.0,0.6666666666666666,1.0,0.8214285714285714,0.9193548387096774,0.0,0.9846153846153848,0.96875,0.967741935483871,1.0,0.4444444444444444,0.9591836734693876,1.0,0.6964285714285714,0.0,54,48,68,73,48,6,4,7,23,57,64,62,60,9,28,47,11,39,59.0,50.0,74.0,78.0,50.0,6.0,6.0,7.0,28.0,62.0,2.0,65.0,64.0,61.0,62.0,9.0,63.0,49.0,11.0,56.0,10.0,76.0,61.0,0.9152542372881356,0.96,0.918918918918919,0.935897435897436,0.96,1.0,0.6666666666666666,1.0,0.8214285714285714,0.9193548387096774,0.0,0.9846153846153848,0.96875,0.0,0.967741935483871,1.0,0.4444444444444444,0.9591836734693876,1.0,0.6964285714285714,0.0,36,2.0,118.0,3.2777777777777777,3.4000000000000004,114.8,3.1888888888888887
6,7,7,2022-10-31,21-301,WAS,,PHI,L (-7),0,16:42,0.0,1.0,.000,0.0,0.0,,0,0.0,,0.0,1.0,1.0,2.0,0.0,1.0,0.0,3.0,0.0,0.5,-12,1.0,0.0,0.0,54,48,68,73,48,6,4,7,23,57,64,62,60,9,28,47,11,39,59.0,50.0,74.0,78.0,50.0,6.0,6.0,7.0,28.0,62.0,2.0,65.0,64.0,62.0,9.0,63.0,49.0,11.0,56.0,10.0,0.9152542372881356,0.96,0.918918918918919,0.935897435897436,0.96,1.0,0.6666666666666666,1.0,0.8214285714285714,0.9193548387096774,0.0,0.9846153846153848,0.96875,0.967741935483871,1.0,0.4444444444444444,0.9591836734693876,1.0,0.6964285714285714,0.0,54,48,68,73,48,6,4,7,23,57,64,62,60,9,28,47,11,39,59.0,50.0,74.0,78.0,50.0,6.0,6.0,7.0,28.0,62.0,2.0,65.0,64.0,61.0,62.0,9.0,63.0,49.0,11.0,56.0,10.0,76.0,61.0,0.9152542372881356,0.96,0.918918918918919,0.935897435897436,0.96,1.0,0.6666666666666666,1.0,0.8214285714285714,0.9193548387096774,0.0,0.9846153846153848,0.96875,0.0,0.967741935483871,1.0,0.4444444444444444,0.9591836734693876,1.0,0.6964285714285714,0.0,36,3.0,135.0,3.75,0.4999999999999998,157.00000000000003,4.361111111111112
7,8,8,2022-11-02,21-303,WAS,@,PHI,W (+10),0,28:48,1.0,3.0,.333,0.0,1.0,.000,3,4.0,.750,1.0,7.0,8.0,1.0,0.0,3.0,0.0,5.0,5.0,6.5,+17,2.0,1.0,0.5,54,48,68,73,48,6,4,7,23,57,64,62,60,9,28,47,11,39,59.0,50.0,74.0,78.0,50.0,6.0,6.0,7.0,28.0,62.0,2.0,65.0,64.0,62.0,9.0,63.0,49.0,11.0,56.0,10.0,0.9152542372881356,0.96,0.918918918918919,0.935897435897436,0.96,1.0,0.6666666666666666,1.0,0.8214285714285714,0.9193548387096774,0.0,0.9846153846153848,0.96875,0.967741935483871,1.0,0.4444444444444444,0.9591836734693876,1.0,0.6964285714285714,0.0,54,48,68,73,48,6,4,7,23,57,64,62,60,9,28,47,11,39,59.0,50.0,74.0,78.0,50.0,6.0,6.0,7.0,28.0,62.0,2.0,65.0,64.0,61.0,62.0,9.0,63.0,49.0,11.0,56.0,10.0,76.0,61.0,0.9152542372881356,0.96,0.918918918918919,0.935897435897436,0.96,1.0,0.6666666666666666,1.0,0.8214285714285714,0.9193548387096774,0.0,0.9846153846153848,0.96875,0.0,0.967741935483871,1.0,0.4444444444444444,0.9591836734693876,1.0,0.6964285714285714,0.0,36,10.0,159.0,4.416666666666667,5.300000000000001,189.2,5.2555555555555555
8,9,9,2022-11-04,21-305,WAS,,BRK,L (-42),0,21:32,2.0,5.0,.400,0.0,2.0,.000,0,0.0,,0.0,2.0,2.0,1.0,0.0,0.0,2.0,2.0,4.0,-0.2,-21,3.0,2.0,0.6666666666666666,54,48,68,73,48,6,4,7,23,57,64,62,60,9,28,47,11,39,59.0,50.0,74.0,78.0,50.0,6.0,6.0,7.0,28.0,62.0,2.0,65.0,64.0,62.0,9.0,63.0,49.0,11.0,56.0,10.0,0.9152542372881356,0.96,0.918918918918919,0.935897435897436,0.96,1.0,0.6666666666666666,1.0,0.8214285714285714,0.9193548387096774,0.0,0.9846153846153848,0.96875,0.967741935483871,1.0,0.4444444444444444,0.9591836734693876,1.0,0.6964285714285714,0.0,54,48,68,73,48,6,4,7,23,57,64,62,60,9,28,47,11,39,59.0,50.0,74.0,78.0,50.0,6.0,6.0,7.0,28.0,62.0,2.0,65.0,64.0,61.0,62.0,9.0,63.0,49.0,11.0,56.0,10.0,76.0,61.0,0.9152542372881356,0.96,0.918918918918919,0.935897435897436,0.96,1.0,0.6666666666666666,1.0,0.8214285714285714,0.9193548387096774,0.0,0.9846153846153848,0.96875,0.0,0.967741935483871,1.0,0.4444444444444444,0.9591836734693876,1.0,0.6964285714285714,0.0,36,0.0,88.0,2.4444444444444446,-0.2000000000000004,91.0,2.5277777777777777
9,10,10,2022-11-06,21-307,WAS,@,MEM,L (-6),1,26:03,2.0,12.0,.167,0.0,5.0,.000,0,0.0,,4.0,6.0,10.0,2.0,0.0,0.0,2.0,1.0,4.0,0.0,-16,7.0,2.0,0.2857142857142857,54,48,68,73,48,6,4,7,23,57,64,62,60,9,28,47,11,39,59.0,50.0,74.0,78.0,50.0,6.0,6.0,7.0,28.0,62.0,2.0,65.0,64.0,62.0,9.0,63.0,49.0,11.0,56.0,10.0,0.9152542372881356,0.96,0.918918918918919,0.935897435897436,0.96,1.0,0.6666666666666666,1.0,0.8214285714285714,0.9193548387096774,0.0,0.9846153846153848,0.96875,0.967741935483871,1.0,0.4444444444444444,0.9591836734693876,1.0,0.6964285714285714,0.0,54,48,68,73,48,6,4,7,23,57,64,62,60,9,28,47,11,39,59.0,50.0,74.0,78.0,50.0,6.0,6.0,7.0,28.0,62.0,2.0,65.0,64.0,61.0,62.0,9.0,63.0,49.0,11.0,56.0,10.0,76.0,61.0,0.9152542372881356,0.96,0.918918918918919,0.935897435897436,0.96,1.0,0.6666666666666666,1.0,0.8214285714285714,0.9193548387096774,0.0,0.9846153846153848,0.96875,0.0,0.967741935483871,1.0,0.4444444444444444,0.9591836734693876,1.0,0.6964285714285714,0.0,36,2.0,170.0,4.722222222222222,4.440892098500626e-16,149.79999999999998,4.1611111111111105
10,11,11,2022-11-07,21-308,WAS,@,CHO,W (+8),1,18:27,1.0,4.0,.250,0.0,3.0,.000,1,2.0,.500,0.0,3.0,3.0,2.0,0.0,0.0,1.0,3.0,3.0,0.3,+4,1.0,1.0,1.0,54,48,68,73,48,6,4,7,23,57,64,62,60,9,28,47,11,39,59.0,50.0,74.0,78.0,50.0,6.0,6.0,7.0,28.0,62.0,2.0,65.0,64.0,62.0,9.0,63.0,49.0,11.0,56.0,10.0,0.9152542372881356,0.96,0.918918918918919,0.935897435897436,0.96,1.0,0.6666666666666666,1.0,0.8214285714285714,0.9193548387096774,0.0,0.9846153846153848,0.96875,0.967741935483871,1.0,0.4444444444444444,0.9591836734693876,1.0,0.6964285714285714,0.0,54,48,68,73,48,6,4,7,23,57,64,62,60,9,28,47,11,39,59.0,50.0,74.0,78.0,50.0,6.0,6.0,7.0,28.0,62.0,2.0,65.0,64.0,61.0,62.0,9.0,63.0,49.0,11.0,56.0,10.0,76.0,61.0,0.9152542372881356,0.96,0.918918918918919,0.935897435897436,0.96,1.0,0.6666666666666666,1.0,0.8214285714285714,0.9193548387096774,0.0,0.9846153846153848,0.96875,0.0,0.967741935483871,1.0,0.4444444444444444,0.9591836734693876,1.0,0.6964285714285714,0.0,36,1.0,161.0,4.472222222222222,-0.1000000000000005,154.99999999999997,4.3055555555555545
11,12,12,2022-11-10,21-311,WAS,,DAL,W (+8),1,32:22,4.0,13.0,.308,1.0,4.0,.250,3,3.0,1.000,2.0,4.0,6.0,4.0,1.0,0.0,3.0,4.0,12.0,6.3,-2,9.0,3.0,0.3333333333333333,54,48,68,73,48,6,4,7,23,57,64,62,60,9,28,47,11,39,59.0,50.0,74.0,78.0,50.0,6.0,6.0,7.0,28.0,62.0,2.0,65.0,64.0,62.0,9.0,63.0,49.0,11.0,56.0,10.0,0.9152542372881356,0.96,0.918918918918919,0.935897435897436,0.96,1.0,0.6666666666666666,1.0,0.8214285714285714,0.9193548387096774,0.0,0.9846153846153848,0.96875,0.967741935483871,1.0,0.4444444444444444,0.9591836734693876,1.0,0.6964285714285714,0.0,54,48,68,73,48,6,4,7,23,57,64,62,60,9,28,47,11,39,59.0,50.0,74.0,78.0,50.0,6.0,6.0,7.0,28.0,62.0,2.0,65.0,64.0,61.0,62.0,9.0,63.0,49.0,11.0,56.0,10.0,76.0,61.0,0.9152542372881356,0.96,0.918918918918919,0.935897435897436,0.96,1.0,0.6666666666666666,1.0,0.8214285714285714,0.9193548387096774,0.0,0.9846153846153848,0.96875,0.0,0.967741935483871,1.0,0.4444444444444444,0.9591836734693876,1.0,0.6964285714285714,0.0,36,4.0,183.0,5.083333333333333,5.1,154.4,4.288888888888889
12,13,13,2022-11-12,21-313,WAS,,UTA,W (+9),1,34:22,4.0,6.0,.667,1.0,2.0,.500,4,4.0,1.000,1.0,6.0,7.0,3.0,3.0,1.0,2.0,3.0,13.0,15.5,+22,4.0,3.0,0.75,54,48,68,73,48,6,4,7,23,57,64,62,60,9,28,47,11,39,59.0,50.0,74.0,78.0,50.0,6.0,6.0,7.0,28.0,62.0,2.0,65.0,64.0,62.0,9.0,63.0,49.0,11.0,56.0,10.0,0.9152542372881356,0.96,0.918918918918919,0.935897435897436,0.96,1.0,0.6666666666666666,1.0,0.8214285714285714,0.9193548387096774,0.0,0.9846153846153848,0.96875,0.967741935483871,1.0,0.4444444444444444,0.9591836734693876,1.0,0.6964285714285714,0.0,54,48,68,73,48,6,4,7,23,57,64,62,60,9,28,47,11,39,59.0,50.0,74.0,78.0,50.0,6.0,6.0,7.0,28.0,62.0,2.0,65.0,64.0,61.0,62.0,9.0,63.0,49.0,11.0,56.0,10.0,76.0,61.0,0.9152542372881356,0.96,0.918918918918919,0.935897435897436,0.96,1.0,0.6666666666666666,1.0,0.8214285714285714,0.9193548387096774,0.0,0.9846153846153848,0.96875,0.0,0.967741935483871,1.0,0.4444444444444444,0.9591836734693876,1.0,0.6964285714285714,0.0,36,15.0,172.0,4.777777777777778,13.899999999999997,176.4,4.9
13,14,14,2022-11-13,21-314,WAS,,MEM,W (+10),1,33:54,8.0,16.0,.500,4.0,7.0,.571,1,3.0,.333,0.0,2.0,2.0,5.0,1.0,0.0,3.0,4.0,21.0,12.7,+4,9.0,4.0,0.4444444444444444,54,48,68,73,48,6,4,7,23,57,64,62,60,9,28,47,11,39,59.0,50.0,74.0,78.0,50.0,6.0,6.0,7.0,28.0,62.0,2.0,65.0,64.0,62.0,9.0,63.0,49.0,11.0,56.0,10.0,0.9152542372881356,0.96,0.918918918918919,0.935897435897436,0.96,1.0,0.6666666666666666,1.0,0.8214285714285714,0.9193548387096774,0.0,0.9846153846153848,0.96875,0.967741935483871,1.0,0.4444444444444444,0.9591836734693876,1.0,0.6964285714285714,0.0,54,48,68,73,48,6,4,7,23,57,64,62,60,9,28,47,11,39,59.0,50.0,74.0,78.0,50.0,6.0,6.0,7.0,28.0,62.0,2.0,65.0,64.0,61.0,62.0,9.0,63.0,49.0,11.0,56.0,10.0,76.0,61.0,0.9152542372881356,0.96,0.918918918918919,0.935897435897436,0.96,1.0,0.6666666666666666,1.0,0.8214285714285714,0.9193548387096774,0.0,0.9846153846153848,0.96875,0.0,0.967741935483871,1.0,0.4444444444444444,0.9591836734693876,1.0,0.6964285714285714,0.0,36,7.0,137.0,3.8055555555555554,12.300000000000002,127.19999999999996,3.5333333333333323
14,15,15,2022-11-16,21-317,WAS,,OKC,L (-1),1,29:34,4.0,10.0,.400,2.0,3.0,.667,2,2.0,1.000,3.0,4.0,7.0,2.0,0.0,2.0,4.0,5.0,12.0,6.7,+1,7.0,2.0,0.2857142857142857,54,48,68,73,48,6,4,7,23,57,64,62,60,9,28,47,11,39,59.0,50.0,74.0,78.0,50.0,6.0,6.0,7.0,28.0,62.0,2.0,65.0,64.0,62.0,9.0,63.0,49.0,11.0,56.0,10.0,0.9152542372881356,0.96,0.918918918918919,0.935897435897436,0.96,1.0,0.6666666666666666,1.0,0.8214285714285714,0.9193548387096774,0.0,0.9846153846153848,0.96875,0.967741935483871,1.0,0.4444444444444444,0.9591836734693876,1.0,0.6964285714285714,0.0,54,48,68,73,48,6,4,7,23,57,64,62,60,9,28,47,11,39,59.0,50.0,74.0,78.0,50.0,6.0,6.0,7.0,28.0,62.0,2.0,65.0,64.0,61.0,62.0,9.0,63.0,49.0,11.0,56.0,10.0,76.0,61.0,0.9152542372881356,0.96,0.918918918918919,0.935897435897436,0.96,1.0,0.6666666666666666,1.0,0.8214285714285714,0.9193548387096774,0.0,0.9846153846153848,0.96875,0.0,0.967741935483871,1.0,0.4444444444444444,0.9591836734693876,1.0,0.6964285714285714,0.0,36,7.0,154.0,4.277777777777778,5.899999999999995,176.60000000000002,4.905555555555556
15,16,16,2022-11-18,21-319,WAS,,MIA,W (+1),1,14:25,1.0,2.0,.500,1.0,2.0,.500,0,0.0,,0.0,1.0,1.0,3.0,0.0,0.0,1.0,4.0,3.0,1.8,-3,0.0,0.0,,54,48,68,73,48,6,4,7,23,57,64,62,60,9,28,47,11,39,59.0,50.0,74.0,78.0,50.0,6.0,6.0,7.0,28.0,62.0,2.0,65.0,64.0,62.0,9.0,63.0,49.0,11.0,56.0,10.0,0.9152542372881356,0.96,0.918918918918919,0.935897435897436,0.96,1.0,0.6666666666666666,1.0,0.8214285714285714,0.9193548387096774,0.0,0.9846153846153848,0.96875,0.967741935483871,1.0,0.4444444444444444,0.9591836734693876,1.0,0.6964285714285714,0.0,54,48,68,73,48,6,4,7,23,57,64,62,60,9,28,47,11,39,59.0,50.0,74.0,78.0,50.0,6.0,6.0,7.0,28.0,62.0,2.0,65.0,64.0,61.0,62.0,9.0,63.0,49.0,11.0,56.0,10.0,76.0,61.0,0.9152542372881356,0.96,0.918918918918919,0.935897435897436,0.96,1.0,0.6666666666666666,1.0,0.8214285714285714,0.9193548387096774,0.0,0.9846153846153848,0.96875,0.0,0.967741935483871,1.0,0.4444444444444444,0.9591836734693876,1.0,0.6964285714285714,0.0,36,4.0,150.0,4.166666666666667,1.7999999999999985,150.20000000000002,4.1722222222222225
16,17,17,2022-11-20,21-321,WAS,,CHO,W (+4),1,31:08,6.0,11.0,.545,0.0,3.0,.000,0,1.0,.000,4.0,9.0,13.0,1.0,0.0,1.0,1.0,2.0,12.0,11.4,+7,8.0,6.0,0.75,54,48,68,73,48,6,4,7,23,57,64,62,60,9,28,47,11,39,59.0,50.0,74.0,78.0,50.0,6.0,6.0,7.0,28.0,62.0,2.0,65.0,64.0,62.0,9.0,63.0,49.0,11.0,56.0,10.0,0.9152542372881356,0.96,0.918918918918919,0.935897435897436,0.96,1.0,0.6666666666666666,1.0,0.8214285714285714,0.9193548387096774,0.0,0.9846153846153848,0.96875,0.967741935483871,1.0,0.4444444444444444,0.9591836734693876,1.0,0.6964285714285714,0.0,54,48,68,73,48,6,4,7,23,57,64,62,60,9,28,47,11,39,59.0,50.0,74.0,78.0,50.0,6.0,6.0,7.0,28.0,62.0,2.0,65.0,64.0,61.0,62.0,9.0,63.0,49.0,11.0,56.0,10.0,76.0,61.0,0.9152542372881356,0.96,0.918918918918919,0.935897435897436,0.96,1.0,0.6666666666666666,1.0,0.8214285714285714,0.9193548387096774,0.0,0.9846153846153848,0.96875,0.0,0.967741935483871,1.0,0.4444444444444444,0.9591836734693876,1.0,0.6964285714285714,0.0,36,14.0,117.0,3.25,11.399999999999997,131.00000000000003,3.6388888888888897
17,18,18,2022-11-23,21-324,WAS,@,MIA,L (-8),1,40:36,5.0,10.0,.500,1.0,3.0,.333,1,1.0,1.000,3.0,6.0,9.0,10.0,1.0,2.0,4.0,4.0,12.0,14.7,-3,7.0,4.0,0.5714285714285714,54,48,68,73,48,6,4,7,23,57,64,62,60,9,28,47,11,39,59.0,50.0,74.0,78.0,50.0,6.0,6.0,7.0,28.0,62.0,2.0,65.0,64.0,62.0,9.0,63.0,49.0,11.0,56.0,10.0,0.9152542372881356,0.96,0.918918918918919,0.935897435897436,0.96,1.0,0.6666666666666666,1.0,0.8214285714285714,0.9193548387096774,0.0,0.9846153846153848,0.96875,0.967741935483871,1.0,0.4444444444444444,0.9591836734693876,1.0,0.6964285714285714,0.0,54,48,68,73,48,6,4,7,23,57,64,62,60,9,28,47,11,39,59.0,50.0,74.0,78.0,50.0,6.0,6.0,7.0,28.0,62.0,2.0,65.0,64.0,61.0,62.0,9.0,63.0,49.0,11.0,56.0,10.0,76.0,61.0,0.9152542372881356,0.96,0.918918918918919,0.935897435897436,0.96,1.0,0.6666666666666666,1.0,0.8214285714285714,0.9193548387096774,0.0,0.9846153846153848,0.96875,0.0,0.967741935483871,1.0,0.4444444444444444,0.9591836734693876,1.0,0.6964285714285714,0.0,36,19.0,136.0,3.7777777777777777,14.3,151.2,4.199999999999999
18,19,19,2022-11-25,21-326,WAS,@,MIA,L (-3),1,30:42,2.0,8.0,.250,0.0,4.0,.000,4,6.0,.667,1.0,8.0,9.0,5.0,1.0,2.0,3.0,3.0,8.0,7.2,-2,4.0,2.0,0.5,54,48,68,73,48,6,4,7,23,57,64,62,60,9,28,47,11,39,59.0,50.0,74.0,78.0,50.0,6.0,6.0,7.0,28.0,62.0,2.0,65.0,64.0,62.0,9.0,63.0,49.0,11.0,56.0,10.0,0.9152542372881356,0.96,0.918918918918919,0.935897435897436,0.96,1.0,0.6666666666666666,1.0,0.8214285714285714,0.9193548387096774,0.0,0.9846153846153848,0.96875,0.967741935483871,1.0,0.4444444444444444,0.9591836734693876,1.0,0.6964285714285714,0.0,54,48,68,73,48,6,4,7,23,57,64,62,60,9,28,47,11,39,59.0,50.0,74.0,78.0,50.0,6.0,6.0,7.0,28.0,62.0,2.0,65.0,64.0,61.0,62.0,9.0,63.0,49.0,11.0,56.0,10.0,76.0,61.0,0.9152542372881356,0.96,0.918918918918919,0.935897435897436,0.96,1.0,0.6666666666666666,1.0,0.8214285714285714,0.9193548387096774,0.0,0.9846153846153848,0.96875,0.0,0.967741935483871,1.0,0.4444444444444444,0.9591836734693876,1.0,0.6964285714285714,0.0,36,8.0,157.0,4.361111111111111,5.599999999999998,185.8,5.161111111111111
19,20,20,2022-11-27,21-328,WAS,@,BOS,L (-9),1,26:48,4.0,8.0,.500,2.0,6.0,.333,0,0.0,,0.0,1.0,1.0,3.0,1.0,0.0,0.0,3.0,10.0,8.2,-11,2.0,2.0,1.0,54,48,68,73,48,6,4,7,23,57,64,62,60,9,28,47,11,39,59.0,50.0,74.0,78.0,50.0,6.0,6.0,7.0,28.0,62.0,2.0,65.0,64.0,62.0,9.0,63.0,49.0,11.0,56.0,10.0,0.9152542372881356,0.96,0.918918918918919,0.935897435897436,0.96,1.0,0.6666666666666666,1.0,0.8214285714285714,0.9193548387096774,0.0,0.9846153846153848,0.96875,0.967741935483871,1.0,0.4444444444444444,0.9591836734693876,1.0,0.6964285714285714,0.0,54,48,68,73,48,6,4,7,23,57,64,62,60,9,28,47,11,39,59.0,50.0,74.0,78.0,50.0,6.0,6.0,7.0,28.0,62.0,2.0,65.0,64.0,61.0,62.0,9.0,63.0,49.0,11.0,56.0,10.0,76.0,61.0,0.9152542372881356,0.96,0.918918918918919,0.935897435897436,0.96,1.0,0.6666666666666666,1.0,0.8214285714285714,0.9193548387096774,0.0,0.9846153846153848,0.96875,0.0,0.967741935483871,1.0,0.4444444444444444,0.9591836734693876,1.0,0.6964285714285714,0.0,36,7.0,127.0,3.5277777777777777,8.2,178.6,4.961111111111111
20,Rk,G,Date,Age,Tm,,Opp,,GS,MP,0.0,0.0,FG%,,,3P%,FT,0.0,FT%,0.0,0.0,,0.0,0.0,0.0,0.0,0.0,0.0,GmSc,+/-,,,,54,48,68,73,48,6,4,7,23,57,64,62,60,9,28,47,11,39,59.0,50.0,74.0,78.0,50.0,6.0,6.0,7.0,28.0,62.0,2.0,65.0,64.0,62.0,9.0,63.0,49.0,11.0,56.0,10.0,0.9152542372881356,0.96,0.918918918918919,0.935897435897436,0.96,1.0,0.6666666666666666,1.0,0.8214285714285714,0.9193548387096774,0.0,0.9846153846153848,0.96875,0.967741935483871,1.0,0.4444444444444444,0.9591836734693876,1.0,0.6964285714285714,0.0,54,48,68,73,48,6,4,7,23,57,64,62,60,9,28,47,11,39,59.0,50.0,74.0,78.0,50.0,6.0,6.0,7.0,28.0,62.0,2.0,65.0,64.0,61.0,62.0,9.0,63.0,49.0,11.0,56.0,10.0,76.0,61.0,0.9152542372881356,0.96,0.918918918918919,0.935897435897436,0.96,1.0,0.6666666666666666,1.0,0.8214285714285714,0.9193548387096774,0.0,0.9846153846153848,0.96875,0.0,0.967741935483871,1.0,0.4444444444444444,0.9591836734693876,1.0,0.6964285714285714,0.0,36,,0.0,0.0,0.0,0.0,0.0
21,21,21,2022-11-28,21-329,WAS,,MIN,W (+15),1,18:36,2.0,6.0,.333,0.0,2.0,.000,2,2.0,1.000,0.0,6.0,6.0,0.0,2.0,0.0,0.0,3.0,6.0,5.2,+7,4.0,2.0,0.5,54,48,68,73,48,6,4,7,23,57,64,62,60,9,28,47,11,39,59.0,50.0,74.0,78.0,50.0,6.0,6.0,7.0,28.0,62.0,2.0,65.0,64.0,62.0,9.0,63.0,49.0,11.0,56.0,10.0,0.9152542372881356,0.96,0.918918918918919,0.935897435897436,0.96,1.0,0.6666666666666666,1.0,0.8214285714285714,0.9193548387096774,0.0,0.9846153846153848,0.96875,0.967741935483871,1.0,0.4444444444444444,0.9591836734693876,1.0,0.6964285714285714,0.0,54,48,68,73,48,6,4,7,23,57,64,62,60,9,28,47,11,39,59.0,50.0,74.0,78.0,50.0,6.0,6.0,7.0,28.0,62.0,2.0,65.0,64.0,61.0,62.0,9.0,63.0,49.0,11.0,56.0,10.0,76.0,61.0,0.9152542372881356,0.96,0.918918918918919,0.935897435897436,0.96,1.0,0.6666666666666666,1.0,0.8214285714285714,0.9193548387096774,0.0,0.9846153846153848,0.96875,0.0,0.967741935483871,1.0,0.4444444444444444,0.9591836734693876,1.0,0.6964285714285714,0.0,36,6.0,215.0,5.972222222222222,4.4,235.6,6.544444444444444
22,22,22,2022-11-30,21-331,WAS,@,BRK,L (-6),1,26:05,3.0,7.0,.429,0.0,1.0,.000,1,2.0,.500,0.0,5.0,5.0,3.0,1.0,1.0,0.0,4.0,7.0,6.6,-6,6.0,3.0,0.5,54,48,68,73,48,6,4,7,23,57,64,62,60,9,28,47,11,39,59.0,50.0,74.0,78.0,50.0,6.0,6.0,7.0,28.0,62.0,2.0,65.0,64.0,62.0,9.0,63.0,49.0,11.0,56.0,10.0,0.9152542372881356,0.96,0.918918918918919,0.935897435897436,0.96,1.0,0.6666666666666666,1.0,0.8214285714285714,0.9193548387096774,0.0,0.9846153846153848,0.96875,0.967741935483871,1.0,0.4444444444444444,0.9591836734693876,1.0,0.6964285714285714,0.0,54,48,68,73,48,6,4,7,23,57,64,62,60,9,28,47,11,39,59.0,50.0,74.0,78.0,50.0,6.0,6.0,7.0,28.0,62.0,2.0,65.0,64.0,61.0,62.0,9.0,63.0,49.0,11.0,56.0,10.0,76.0,61.0,0.9152542372881356,0.96,0.918918918918919,0.935897435897436,0.96,1.0,0.6666666666666666,1.0,0.8214285714285714,0.9193548387096774,0.0,0.9846153846153848,0.96875,0.0,0.967741935483871,1.0,0.4444444444444444,0.9591836734693876,1.0,0.6964285714285714,0.0,36,8.0,99.0,2.75,6.1999999999999975,123.6,3.433333333333333
23,23,23,2022-12-02,21-333,WAS,@,CHO,L (-1),1,8:59,0.0,2.0,.000,0.0,0.0,,0,0.0,,1.0,0.0,1.0,0.0,0.0,0.0,2.0,2.0,0.0,-3.5,-17,2.0,0.0,0.0,54,48,68,73,48,6,4,7,23,57,64,62,60,9,28,47,11,39,59.0,50.0,74.0,78.0,50.0,6.0,6.0,7.0,28.0,62.0,2.0,65.0,64.0,62.0,9.0,63.0,49.0,11.0,56.0,10.0,0.9152542372881356,0.96,0.918918918918919,0.935897435897436,0.96,1.0,0.6666666666666666,1.0,0.8214285714285714,0.9193548387096774,0.0,0.9846153846153848,0.96875,0.967741935483871,1.0,0.4444444444444444,0.9591836734693876,1.0,0.6964285714285714,0.0,54,48,68,73,48,6,4,7,23,57,64,62,60,9,28,47,11,39,59.0,50.0,74.0,78.0,50.0,6.0,6.0,7.0,28.0,62.0,2.0,65.0,64.0,61.0,62.0,9.0,63.0,49.0,11.0,56.0,10.0,76.0,61.0,0.9152542372881356,0.96,0.918918918918919,0.935897435897436,0.96,1.0,0.6666666666666666,1.0,0.8214285714285714,0.9193548387096774,0.0,0.9846153846153848,0.96875,0.0,0.967741935483871,1.0,0.4444444444444444,0.9591836734693876,1.0,0.6964285714285714,0.0,36,-3.0,161.0,4.472222222222222,-3.5,174.19999999999996,4.838888888888888
24,24,24,2022-12-04,21-335,WAS,,LAL,L (-11),1,25:10,3.0,11.0,.273,1.0,8.0,.125,0,0.0,,1.0,7.0,8.0,1.0,2.0,1.0,1.0,3.0,7.0,4.5,-14,3.0,2.0,0.6666666666666666,54,48,68,73,48,6,4,7,23,57,64,62,60,9,28,47,11,39,59.0,50.0,74.0,78.0,50.0,6.0,6.0,7.0,28.0,62.0,2.0,65.0,64.0,62.0,9.0,63.0,49.0,11.0,56.0,10.0,0.9152542372881356,0.96,0.918918918918919,0.935897435897436,0.96,1.0,0.6666666666666666,1.0,0.8214285714285714,0.9193548387096774,0.0,0.9846153846153848,0.96875,0.967741935483871,1.0,0.4444444444444444,0.9591836734693876,1.0,0.6964285714285714,0.0,54,48,68,73,48,6,4,7,23,57,64,62,60,9,28,47,11,39,59.0,50.0,74.0,78.0,50.0,6.0,6.0,7.0,28.0,62.0,2.0,65.0,64.0,61.0,62.0,9.0,63.0,49.0,11.0,56.0,10.0,76.0,61.0,0.9152542372881356,0.96,0.918918918918919,0.935897435897436,0.96,1.0,0.6666666666666666,1.0,0.8214285714285714,0.9193548387096774,0.0,0.9846153846153848,0.96875,0.0,0.967741935483871,1.0,0.4444444444444444,0.9591836734693876,1.0,0.6964285714285714,0.0,36,7.0,138.0,3.8333333333333335,4.499999999999997,174.2,4.838888888888889
25,25,25,2022-12-07,21-338,WAS,@,CHI,L (-4),1,38:51,4.0,8.0,.500,0.0,1.0,.000,2,3.0,.667,1.0,4.0,5.0,6.0,4.0,0.0,0.0,2.0,10.0,14.9,-9,7.0,4.0,0.5714285714285714,54,48,68,73,48,6,4,7,23,57,64,62,60,9,28,47,11,39,59.0,50.0,74.0,78.0,50.0,6.0,6.0,7.0,28.0,62.0,2.0,65.0,64.0,62.0,9.0,63.0,49.0,11.0,56.0,10.0,0.9152542372881356,0.96,0.918918918918919,0.935897435897436,0.96,1.0,0.6666666666666666,1.0,0.8214285714285714,0.9193548387096774,0.0,0.9846153846153848,0.96875,0.967741935483871,1.0,0.4444444444444444,0.9591836734693876,1.0,0.6964285714285714,0.0,54,48,68,73,48,6,4,7,23,57,64,62,60,9,28,47,11,39,59.0,50.0,74.0,78.0,50.0,6.0,6.0,7.0,28.0,62.0,2.0,65.0,64.0,61.0,62.0,9.0,63.0,49.0,11.0,56.0,10.0,76.0,61.0,0.9152542372881356,0.96,0.918918918918919,0.935897435897436,0.96,1.0,0.6666666666666666,1.0,0.8214285714285714,0.9193548387096774,0.0,0.9846153846153848,0.96875,0.0,0.967741935483871,1.0,0.4444444444444444,0.9591836734693876,1.0,0.6964285714285714,0.0,36,14.0,110.0,3.055555555555556,14.1,145.8,4.050000000000001
26,26,26,2022-12-09,21-340,WAS,@,IND,L (-10),1,39:52,6.0,11.0,.545,1.0,5.0,.200,1,2.0,.500,2.0,7.0,9.0,4.0,1.0,0.0,3.0,4.0,14.0,11.0,-5,6.0,5.0,0.8333333333333334,54,48,68,73,48,6,4,7,23,57,64,62,60,9,28,47,11,39,59.0,50.0,74.0,78.0,50.0,6.0,6.0,7.0,28.0,62.0,2.0,65.0,64.0,62.0,9.0,63.0,49.0,11.0,56.0,10.0,0.9152542372881356,0.96,0.918918918918919,0.935897435897436,0.96,1.0,0.6666666666666666,1.0,0.8214285714285714,0.9193548387096774,0.0,0.9846153846153848,0.96875,0.967741935483871,1.0,0.4444444444444444,0.9591836734693876,1.0,0.6964285714285714,0.0,54,48,68,73,48,6,4,7,23,57,64,62,60,9,28,47,11,39,59.0,50.0,74.0,78.0,50.0,6.0,6.0,7.0,28.0,62.0,2.0,65.0,64.0,61.0,62.0,9.0,63.0,49.0,11.0,56.0,10.0,76.0,61.0,0.9152542372881356,0.96,0.918918918918919,0.935897435897436,0.96,1.0,0.6666666666666666,1.0,0.8214285714285714,0.9193548387096774,0.0,0.9846153846153848,0.96875,0.0,0.967741935483871,1.0,0.4444444444444444,0.9591836734693876,1.0,0.6964285714285714,0.0,36,12.0,117.0,3.25,10.6,153.6,4.266666666666667
27,27,27,2022-12-10,21-341,WAS,,LAC,L (-7),1,38:38,4.0,10.0,.400,3.0,7.0,.429,0,0.0,,0.0,6.0,6.0,6.0,0.0,1.0,1.0,1.0,11.0,10.9,+4,3.0,1.0,0.3333333333333333,54,48,68,73,48,6,4,7,23,57,64,62,60,9,28,47,11,39,59.0,50.0,74.0,78.0,50.0,6.0,6.0,7.0,28.0,62.0,2.0,65.0,64.0,62.0,9.0,63.0,49.0,11.0,56.0,10.0,0.9152542372881356,0.96,0.918918918918919,0.935897435897436,0.96,1.0,0.6666666666666666,1.0,0.8214285714285714,0.9193548387096774,0.0,0.9846153846153848,0.96875,0.967741935483871,1.0,0.4444444444444444,0.9591836734693876,1.0,0.6964285714285714,0.0,54,48,68,73,48,6,4,7,23,57,64,62,60,9,28,47,11,39,59.0,50.0,74.0,78.0,50.0,6.0,6.0,7.0,28.0,62.0,2.0,65.0,64.0,61.0,62.0,9.0,63.0,49.0,11.0,56.0,10.0,76.0,61.0,0.9152542372881356,0.96,0.918918918918919,0.935897435897436,0.96,1.0,0.6666666666666666,1.0,0.8214285714285714,0.9193548387096774,0.0,0.9846153846153848,0.96875,0.0,0.967741935483871,1.0,0.4444444444444444,0.9591836734693876,1.0,0.6964285714285714,0.0,36,13.0,105.0,2.9166666666666665,10.899999999999997,127.8,3.55
28,28,28,2022-12-12,21-343,WAS,,BRK,L (-12),1,26:37,2.0,4.0,.500,1.0,3.0,.333,3,3.0,1.000,0.0,7.0,7.0,1.0,0.0,0.0,1.0,4.0,8.0,6.2,-3,1.0,1.0,1.0,54,48,68,73,48,6,4,7,23,57,64,62,60,9,28,47,11,39,59.0,50.0,74.0,78.0,50.0,6.0,6.0,7.0,28.0,62.0,2.0,65.0,64.0,62.0,9.0,63.0,49.0,11.0,56.0,10.0,0.9152542372881356,0.96,0.918918918918919,0.935897435897436,0.96,1.0,0.6666666666666666,1.0,0.8214285714285714,0.9193548387096774,0.0,0.9846153846153848,0.96875,0.967741935483871,1.0,0.4444444444444444,0.9591836734693876,1.0,0.6964285714285714,0.0,54,48,68,73,48,6,4,7,23,57,64,62,60,9,28,47,11,39,59.0,50.0,74.0,78.0,50.0,6.0,6.0,7.0,28.0,62.0,2.0,65.0,64.0,61.0,62.0,9.0,63.0,49.0,11.0,56.0,10.0,76.0,61.0,0.9152542372881356,0.96,0.918918918918919,0.935897435897436,0.96,1.0,0.6666666666666666,1.0,0.8214285714285714,0.9193548387096774,0.0,0.9846153846153848,0.96875,0.0,0.967741935483871,1.0,0.4444444444444444,0.9591836734693876,1.0,0.6964285714285714,0.0,36,8.0,115.0,3.1944444444444446,5.0,153.59999999999997,4.266666666666666
29,29,29,2022-12-14,21-345,WAS,@,DEN,L (-13),1,28:44,4.0,7.0,.571,1.0,2.0,.500,0,0.0,,0.0,6.0,6.0,5.0,3.0,0.0,2.0,5.0,9.0,10.0,-17,5.0,3.0,0.6,54,48,68,73,48,6,4,7,23,57,64,62,60,9,28,47,11,39,59.0,50.0,74.0,78.0,50.0,6.0,6.0,7.0,28.0,62.0,2.0,65.0,64.0,62.0,9.0,63.0,49.0,11.0,56.0,10.0,0.9152542372881356,0.96,0.918918918918919,0.935897435897436,0.96,1.0,0.6666666666666666,1.0,0.8214285714285714,0.9193548387096774,0.0,0.9846153846153848,0.96875,0.967741935483871,1.0,0.4444444444444444,0.9591836734693876,1.0,0.6964285714285714,0.0,54,48,68,73,48,6,4,7,23,57,64,62,60,9,28,47,11,39,59.0,50.0,74.0,78.0,50.0,6.0,6.0,7.0,28.0,62.0,2.0,65.0,64.0,61.0,62.0,9.0,63.0,49.0,11.0,56.0,10.0,76.0,61.0,0.9152542372881356,0.96,0.918918918918919,0.935897435897436,0.96,1.0,0.6666666666666666,1.0,0.8214285714285714,0.9193548387096774,0.0,0.9846153846153848,0.96875,0.0,0.967741935483871,1.0,0.4444444444444444,0.9591836734693876,1.0,0.6964285714285714,0.0,36,14.0,141.0,3.9166666666666665,10.0,178.8,4.966666666666667
30,30,30,2022-12-17,21-348,WAS,@,LAC,L (-9),1,37:21,3.0,8.0,.375,1.0,3.0,.333,4,4.0,1.000,1.0,9.0,10.0,5.0,1.0,1.0,3.0,5.0,11.0,10.2,-17,5.0,2.0,0.4,54,48,68,73,48,6,4,7,23,57,64,62,60,9,28,47,11,39,59.0,50.0,74.0,78.0,50.0,6.0,6.0,7.0,28.0,62.0,2.0,65.0,64.0,62.0,9.0,63.0,49.0,11.0,56.0,10.0,0.9152542372881356,0.96,0.918918918918919,0.935897435897436,0.96,1.0,0.6666666666666666,1.0,0.8214285714285714,0.9193548387096774,0.0,0.9846153846153848,0.96875,0.967741935483871,1.0,0.4444444444444444,0.9591836734693876,1.0,0.6964285714285714,0.0,54,48,68,73,48,6,4,7,23,57,64,62,60,9,28,47,11,39,59.0,50.0,74.0,78.0,50.0,6.0,6.0,7.0,28.0,62.0,2.0,65.0,64.0,61.0,62.0,9.0,63.0,49.0,11.0,56.0,10.0,76.0,61.0,0.9152542372881356,0.96,0.918918918918919,0.935897435897436,0.96,1.0,0.6666666666666666,1.0,0.8214285714285714,0.9193548387096774,0.0,0.9846153846153848,0.96875,0.0,0.967741935483871,1.0,0.4444444444444444,0.9591836734693876,1.0,0.6964285714285714,0.0,36,13.0,93.0,2.583333333333333,8.599999999999998,106.39999999999998,2.955555555555555
31,31,31,2022-12-18,21-349,WAS,@,LAL,L (-2),1,21:26,3.0,7.0,.429,2.0,4.0,.500,0,0.0,,0.0,3.0,3.0,1.0,0.0,1.0,1.0,1.0,8.0,5.2,+2,3.0,1.0,0.3333333333333333,54,48,68,73,48,6,4,7,23,57,64,62,60,9,28,47,11,39,59.0,50.0,74.0,78.0,50.0,6.0,6.0,7.0,28.0,62.0,2.0,65.0,64.0,62.0,9.0,63.0,49.0,11.0,56.0,10.0,0.9152542372881356,0.96,0.918918918918919,0.935897435897436,0.96,1.0,0.6666666666666666,1.0,0.8214285714285714,0.9193548387096774,0.0,0.9846153846153848,0.96875,0.967741935483871,1.0,0.4444444444444444,0.9591836734693876,1.0,0.6964285714285714,0.0,54,48,68,73,48,6,4,7,23,57,64,62,60,9,28,47,11,39,59.0,50.0,74.0,78.0,50.0,6.0,6.0,7.0,28.0,62.0,2.0,65.0,64.0,61.0,62.0,9.0,63.0,49.0,11.0,56.0,10.0,76.0,61.0,0.9152542372881356,0.96,0.918918918918919,0.935897435897436,0.96,1.0,0.6666666666666666,1.0,0.8214285714285714,0.9193548387096774,0.0,0.9846153846153848,0.96875,0.0,0.967741935483871,1.0,0.4444444444444444,0.9591836734693876,1.0,0.6964285714285714,0.0,36,5.0,143.0,3.9722222222222223,5.199999999999998,159.4,4.427777777777778
32,32,32,2022-12-20,21-351,WAS,@,PHO,W (+3),1,36:12,4.0,8.0,.500,2.0,5.0,.400,6,6.0,1.000,1.0,9.0,10.0,4.0,0.0,1.0,0.0,4.0,16.0,17.3,+11,3.0,2.0,0.6666666666666666,54,48,68,73,48,6,4,7,23,57,64,62,60,9,28,47,11,39,59.0,50.0,74.0,78.0,50.0,6.0,6.0,7.0,28.0,62.0,2.0,65.0,64.0,62.0,9.0,63.0,49.0,11.0,56.0,10.0,0.9152542372881356,0.96,0.918918918918919,0.935897435897436,0.96,1.0,0.6666666666666666,1.0,0.8214285714285714,0.9193548387096774,0.0,0.9846153846153848,0.96875,0.967741935483871,1.0,0.4444444444444444,0.9591836734693876,1.0,0.6964285714285714,0.0,54,48,68,73,48,6,4,7,23,57,64,62,60,9,28,47,11,39,59.0,50.0,74.0,78.0,50.0,6.0,6.0,7.0,28.0,62.0,2.0,65.0,64.0,61.0,62.0,9.0,63.0,49.0,11.0,56.0,10.0,76.0,61.0,0.9152542372881356,0.96,0.918918918918919,0.935897435897436,0.96,1.0,0.6666666666666666,1.0,0.8214285714285714,0.9193548387096774,0.0,0.9846153846153848,0.96875,0.0,0.967741935483871,1.0,0.4444444444444444,0.9591836734693876,1.0,0.6964285714285714,0.0,36,17.0,92.0,2.555555555555556,14.9,142.0,3.9444444444444446
33,33,,2022-12-22,21-353,WAS,@,UTA,L (-8),Inactive,Inactive,0.0,0.0,Inactive,,,Inactive,Inactive,0.0,Inactive,0.0,0.0,,0.0,0.0,0.0,0.0,0.0,0.0,Inactive,Inactive,,,,54,48,68,73,48,6,4,7,23,57,64,62,60,9,28,47,11,39,59.0,50.0,74.0,78.0,50.0,6.0,6.0,7.0,28.0,62.0,2.0,65.0,64.0,62.0,9.0,63.0,49.0,11.0,56.0,10.0,0.9152542372881356,0.96,0.918918918918919,0.935897435897436,0.96,1.0,0.6666666666666666,1.0,0.8214285714285714,0.9193548387096774,0.0,0.9846153846153848,0.96875,0.967741935483871,1.0,0.4444444444444444,0.9591836734693876,1.0,0.6964285714285714,0.0,54,48,68,73,48,6,4,7,23,57,64,62,60,9,28,47,11,39,59.0,50.0,74.0,78.0,50.0,6.0,6.0,7.0,28.0,62.0,2.0,65.0,64.0,61.0,62.0,9.0,63.0,49.0,11.0,56.0,10.0,76.0,61.0,0.9152542372881356,0.96,0.918918918918919,0.935897435897436,0.96,1.0,0.6666666666666666,1.0,0.8214285714285714,0.9193548387096774,0.0,0.9846153846153848,0.96875,0.0,0.967741935483871,1.0,0.4444444444444444,0.9591836734693876,1.0,0.6964285714285714,0.0,36,,151.0,4.194444444444445,0.0,162.40000000000003,4.511111111111112
34,34,,2022-12-23,21-354,WAS,@,SAC,W (+14),Inactive,Inactive,0.0,0.0,Inactive,,,Inactive,Inactive,0.0,Inactive,0.0,0.0,,0.0,0.0,0.0,0.0,0.0,0.0,Inactive,Inactive,,,,54,48,68,73,48,6,4,7,23,57,64,62,60,9,28,47,11,39,59.0,50.0,74.0,78.0,50.0,6.0,6.0,7.0,28.0,62.0,2.0,65.0,64.0,62.0,9.0,63.0,49.0,11.0,56.0,10.0,0.9152542372881356,0.96,0.918918918918919,0.935897435897436,0.96,1.0,0.6666666666666666,1.0,0.8214285714285714,0.9193548387096774,0.0,0.9846153846153848,0.96875,0.967741935483871,1.0,0.4444444444444444,0.9591836734693876,1.0,0.6964285714285714,0.0,54,48,68,73,48,6,4,7,23,57,64,62,60,9,28,47,11,39,59.0,50.0,74.0,78.0,50.0,6.0,6.0,7.0,28.0,62.0,2.0,65.0,64.0,61.0,62.0,9.0,63.0,49.0,11.0,56.0,10.0,76.0,61.0,0.9152542372881356,0.96,0.918918918918919,0.935897435897436,0.96,1.0,0.6666666666666666,1.0,0.8214285714285714,0.9193548387096774,0.0,0.9846153846153848,0.96875,0.0,0.967741935483871,1.0,0.4444444444444444,0.9591836734693876,1.0,0.6964285714285714,0.0,36,,185.0,5.138888888888889,0.0,204.0,5.666666666666667
35,35,33,2022-12-27,21-358,WAS,,PHI,W (+5),0,20:01,2.0,4.0,.500,1.0,1.0,1.000,2,2.0,1.000,2.0,1.0,3.0,0.0,0.0,1.0,1.0,2.0,7.0,5.6,-5,3.0,1.0,0.3333333333333333,54,48,68,73,48,6,4,7,23,57,64,62,60,9,28,47,11,39,59.0,50.0,74.0,78.0,50.0,6.0,6.0,7.0,28.0,62.0,2.0,65.0,64.0,62.0,9.0,63.0,49.0,11.0,56.0,10.0,0.9152542372881356,0.96,0.918918918918919,0.935897435897436,0.96,1.0,0.6666666666666666,1.0,0.8214285714285714,0.9193548387096774,0.0,0.9846153846153848,0.96875,0.967741935483871,1.0,0.4444444444444444,0.9591836734693876,1.0,0.6964285714285714,0.0,54,48,68,73,48,6,4,7,23,57,64,62,60,9,28,47,11,39,59.0,50.0,74.0,78.0,50.0,6.0,6.0,7.0,28.0,62.0,2.0,65.0,64.0,61.0,62.0,9.0,63.0,49.0,11.0,56.0,10.0,76.0,61.0,0.9152542372881356,0.96,0.918918918918919,0.935897435897436,0.96,1.0,0.6666666666666666,1.0,0.8214285714285714,0.9193548387096774,0.0,0.9846153846153848,0.96875,0.0,0.967741935483871,1.0,0.4444444444444444,0.9591836734693876,1.0,0.6964285714285714,0.0,36,4.0,117.0,3.25,4.8,146.4,4.066666666666666
36,36,34,2022-12-28,21-359,WAS,,PHO,W (+25),0,27:11,3.0,5.0,.600,1.0,3.0,.333,1,2.0,.500,1.0,6.0,7.0,2.0,0.0,0.0,3.0,2.0,8.0,5.4,+16,2.0,2.0,1.0,54,48,68,73,48,6,4,7,23,57,64,62,60,9,28,47,11,39,59.0,50.0,74.0,78.0,50.0,6.0,6.0,7.0,28.0,62.0,2.0,65.0,64.0,62.0,9.0,63.0,49.0,11.0,56.0,10.0,0.9152542372881356,0.96,0.918918918918919,0.935897435897436,0.96,1.0,0.6666666666666666,1.0,0.8214285714285714,0.9193548387096774,0.0,0.9846153846153848,0.96875,0.967741935483871,1.0,0.4444444444444444,0.9591836734693876,1.0,0.6964285714285714,0.0,54,48,68,73,48,6,4,7,23,57,64,62,60,9,28,47,11,39,59.0,50.0,74.0,78.0,50.0,6.0,6.0,7.0,28.0,62.0,2.0,65.0,64.0,61.0,62.0,9.0,63.0,49.0,11.0,56.0,10.0,76.0,61.0,0.9152542372881356,0.96,0.918918918918919,0.935897435897436,0.96,1.0,0.6666666666666666,1.0,0.8214285714285714,0.9193548387096774,0.0,0.9846153846153848,0.96875,0.0,0.967741935483871,1.0,0.4444444444444444,0.9591836734693876,1.0,0.6964285714285714,0.0,36,7.0,180.0,5.0,4.999999999999999,205.8,5.716666666666667
37,37,35,2022-12-30,21-361,WAS,@,ORL,W (+19),0,27:31,5.0,8.0,.625,2.0,5.0,.400,1,1.0,1.000,0.0,7.0,7.0,6.0,2.0,1.0,3.0,5.0,13.0,13.4,-3,3.0,3.0,1.0,54,48,68,73,48,6,4,7,23,57,64,62,60,9,28,47,11,39,59.0,50.0,74.0,78.0,50.0,6.0,6.0,7.0,28.0,62.0,2.0,65.0,64.0,62.0,9.0,63.0,49.0,11.0,56.0,10.0,0.9152542372881356,0.96,0.918918918918919,0.935897435897436,0.96,1.0,0.6666666666666666,1.0,0.8214285714285714,0.9193548387096774,0.0,0.9846153846153848,0.96875,0.967741935483871,1.0,0.4444444444444444,0.9591836734693876,1.0,0.6964285714285714,0.0,54,48,68,73,48,6,4,7,23,57,64,62,60,9,28,47,11,39,59.0,50.0,74.0,78.0,50.0,6.0,6.0,7.0,28.0,62.0,2.0,65.0,64.0,61.0,62.0,9.0,63.0,49.0,11.0,56.0,10.0,76.0,61.0,0.9152542372881356,0.96,0.918918918918919,0.935897435897436,0.96,1.0,0.6666666666666666,1.0,0.8214285714285714,0.9193548387096774,0.0,0.9846153846153848,0.96875,0.0,0.967741935483871,1.0,0.4444444444444444,0.9591836734693876,1.0,0.6964285714285714,0.0,36,17.0,156.0,4.333333333333333,13.0,157.39999999999998,4.372222222222222
38,38,36,2023-01-01,21-363,WAS,@,MIL,W (+23),0,28:44,5.0,12.0,.417,0.0,3.0,.000,1,2.0,.500,4.0,8.0,12.0,3.0,2.0,0.0,4.0,0.0,11.0,9.5,+13,9.0,5.0,0.5555555555555556,54,48,68,73,48,6,4,7,23,57,64,62,60,9,28,47,11,39,59.0,50.0,74.0,78.0,50.0,6.0,6.0,7.0,28.0,62.0,2.0,65.0,64.0,62.0,9.0,63.0,49.0,11.0,56.0,10.0,0.9152542372881356,0.96,0.918918918918919,0.935897435897436,0.96,1.0,0.6666666666666666,1.0,0.8214285714285714,0.9193548387096774,0.0,0.9846153846153848,0.96875,0.967741935483871,1.0,0.4444444444444444,0.9591836734693876,1.0,0.6964285714285714,0.0,54,48,68,73,48,6,4,7,23,57,64,62,60,9,28,47,11,39,59.0,50.0,74.0,78.0,50.0,6.0,6.0,7.0,28.0,62.0,2.0,65.0,64.0,61.0,62.0,9.0,63.0,49.0,11.0,56.0,10.0,76.0,61.0,0.9152542372881356,0.96,0.918918918918919,0.935897435897436,0.96,1.0,0.6666666666666666,1.0,0.8214285714285714,0.9193548387096774,0.0,0.9846153846153848,0.96875,0.0,0.967741935483871,1.0,0.4444444444444444,0.9591836734693876,1.0,0.6964285714285714,0.0,36,10.0,167.0,4.638888888888889,9.099999999999998,180.4,5.011111111111111
39,39,37,2023-01-03,22-000,WAS,@,MIL,L (-10),0,28:02,4.0,7.0,.571,0.0,3.0,.000,4,4.0,1.000,2.0,2.0,4.0,3.0,1.0,0.0,2.0,3.0,12.0,10.6,-11,4.0,4.0,1.0,54,48,68,73,48,6,4,7,23,57,64,62,60,9,28,47,11,39,59.0,50.0,74.0,78.0,50.0,6.0,6.0,7.0,28.0,62.0,2.0,65.0,64.0,62.0,9.0,63.0,49.0,11.0,56.0,10.0,0.9152542372881356,0.96,0.918918918918919,0.935897435897436,0.96,1.0,0.6666666666666666,1.0,0.8214285714285714,0.9193548387096774,0.0,0.9846153846153848,0.96875,0.967741935483871,1.0,0.4444444444444444,0.9591836734693876,1.0,0.6964285714285714,0.0,54,48,68,73,48,6,4,7,23,57,64,62,60,9,28,47,11,39,59.0,50.0,74.0,78.0,50.0,6.0,6.0,7.0,28.0,62.0,2.0,65.0,64.0,61.0,62.0,9.0,63.0,49.0,11.0,56.0,10.0,76.0,61.0,0.9152542372881356,0.96,0.918918918918919,0.935897435897436,0.96,1.0,0.6666666666666666,1.0,0.8214285714285714,0.9193548387096774,0.0,0.9846153846153848,0.96875,0.0,0.967741935483871,1.0,0.4444444444444444,0.9591836734693876,1.0,0.6964285714285714,0.0,36,7.0,133.0,3.6944444444444446,9.000000000000004,154.79999999999998,4.3
40,40,38,2023-01-06,22-003,WAS,@,OKC,L (-17),0,17:11,1.0,2.0,.500,0.0,1.0,.000,2,2.0,1.000,0.0,3.0,3.0,0.0,0.0,0.0,2.0,1.0,4.0,1.5,-11,1.0,1.0,1.0,54,48,68,73,48,6,4,7,23,57,64,62,60,9,28,47,11,39,59.0,50.0,74.0,78.0,50.0,6.0,6.0,7.0,28.0,62.0,2.0,65.0,64.0,62.0,9.0,63.0,49.0,11.0,56.0,10.0,0.9152542372881356,0.96,0.918918918918919,0.935897435897436,0.96,1.0,0.6666666666666666,1.0,0.8214285714285714,0.9193548387096774,0.0,0.9846153846153848,0.96875,0.967741935483871,1.0,0.4444444444444444,0.9591836734693876,1.0,0.6964285714285714,0.0,54,48,68,73,48,6,4,7,23,57,64,62,60,9,28,47,11,39,59.0,50.0,74.0,78.0,50.0,6.0,6.0,7.0,28.0,62.0,2.0,65.0,64.0,61.0,62.0,9.0,63.0,49.0,11.0,56.0,10.0,76.0,61.0,0.9152542372881356,0.96,0.918918918918919,0.935897435897436,0.96,1.0,0.6666666666666666,1.0,0.8214285714285714,0.9193548387096774,0.0,0.9846153846153848,0.96875,0.0,0.967741935483871,1.0,0.4444444444444444,0.9591836734693876,1.0,0.6964285714285714,0.0,36,1.0,103.0,2.861111111111111,0.7000000000000006,135.8,3.7722222222222226
41,Rk,G,Date,Age,Tm,,Opp,,GS,MP,0.0,0.0,FG%,,,3P%,FT,0.0,FT%,0.0,0.0,,0.0,0.0,0.0,0.0,0.0,0.0,GmSc,+/-,,,,54,48,68,73,48,6,4,7,23,57,64,62,60,9,28,47,11,39,59.0,50.0,74.0,78.0,50.0,6.0,6.0,7.0,28.0,62.0,2.0,65.0,64.0,62.0,9.0,63.0,49.0,11.0,56.0,10.0,0.9152542372881356,0.96,0.918918918918919,0.935897435897436,0.96,1.0,0.6666666666666666,1.0,0.8214285714285714,0.9193548387096774,0.0,0.9846153846153848,0.96875,0.967741935483871,1.0,0.4444444444444444,0.9591836734693876,1.0,0.6964285714285714,0.0,54,48,68,73,48,6,4,7,23,57,64,62,60,9,28,47,11,39,59.0,50.0,74.0,78.0,50.0,6.0,6.0,7.0,28.0,62.0,2.0,65.0,64.0,61.0,62.0,9.0,63.0,49.0,11.0,56.0,10.0,76.0,61.0,0.9152542372881356,0.96,0.918918918918919,0.935897435897436,0.96,1.0,0.6666666666666666,1.0,0.8214285714285714,0.9193548387096774,0.0,0.9846153846153848,0.96875,0.0,0.967741935483871,1.0,0.4444444444444444,0.9591836734693876,1.0,0.6964285714285714,0.0,36,,0.0,0.0,0.0,0.0,0.0
42,41,39,2023-01-09,22-006,WAS,,NOP,L (-20),0,21:43,2.0,6.0,.333,0.0,2.0,.000,0,2.0,.000,1.0,3.0,4.0,3.0,0.0,0.0,0.0,2.0,4.0,2.7,-9,4.0,2.0,0.5,54,48,68,73,48,6,4,7,23,57,64,62,60,9,28,47,11,39,59.0,50.0,74.0,78.0,50.0,6.0,6.0,7.0,28.0,62.0,2.0,65.0,64.0,62.0,9.0,63.0,49.0,11.0,56.0,10.0,0.9152542372881356,0.96,0.918918918918919,0.935897435897436,0.96,1.0,0.6666666666666666,1.0,0.8214285714285714,0.9193548387096774,0.0,0.9846153846153848,0.96875,0.967741935483871,1.0,0.4444444444444444,0.9591836734693876,1.0,0.6964285714285714,0.0,54,48,68,73,48,6,4,7,23,57,64,62,60,9,28,47,11,39,59.0,50.0,74.0,78.0,50.0,6.0,6.0,7.0,28.0,62.0,2.0,65.0,64.0,61.0,62.0,9.0,63.0,49.0,11.0,56.0,10.0,76.0,61.0,0.9152542372881356,0.96,0.918918918918919,0.935897435897436,0.96,1.0,0.6666666666666666,1.0,0.8214285714285714,0.9193548387096774,0.0,0.9846153846153848,0.96875,0.0,0.967741935483871,1.0,0.4444444444444444,0.9591836734693876,1.0,0.6964285714285714,0.0,36,3.0,116.0,3.2222222222222223,2.700000000000001,138.59999999999997,3.849999999999999
43,42,40,2023-01-11,22-008,WAS,,CHI,W (+3),1,34:48,3.0,6.0,.500,1.0,2.0,.500,2,2.0,1.000,3.0,17.0,20.0,3.0,0.0,0.0,4.0,3.0,9.0,10.1,+1,4.0,2.0,0.5,54,48,68,73,48,6,4,7,23,57,64,62,60,9,28,47,11,39,59.0,50.0,74.0,78.0,50.0,6.0,6.0,7.0,28.0,62.0,2.0,65.0,64.0,62.0,9.0,63.0,49.0,11.0,56.0,10.0,0.9152542372881356,0.96,0.918918918918919,0.935897435897436,0.96,1.0,0.6666666666666666,1.0,0.8214285714285714,0.9193548387096774,0.0,0.9846153846153848,0.96875,0.967741935483871,1.0,0.4444444444444444,0.9591836734693876,1.0,0.6964285714285714,0.0,54,48,68,73,48,6,4,7,23,57,64,62,60,9,28,47,11,39,59.0,50.0,74.0,78.0,50.0,6.0,6.0,7.0,28.0,62.0,2.0,65.0,64.0,61.0,62.0,9.0,63.0,49.0,11.0,56.0,10.0,76.0,61.0,0.9152542372881356,0.96,0.918918918918919,0.935897435897436,0.96,1.0,0.6666666666666666,1.0,0.8214285714285714,0.9193548387096774,0.0,0.9846153846153848,0.96875,0.0,0.967741935483871,1.0,0.4444444444444444,0.9591836734693876,1.0,0.6964285714285714,0.0,36,20.0,82.0,2.2777777777777777,9.3,116.2,3.227777777777778
44,43,41,2023-01-13,22-010,WAS,,NYK,L (-4),0,25:58,1.0,5.0,.200,0.0,4.0,.000,1,1.0,1.000,2.0,7.0,9.0,2.0,0.0,0.0,0.0,4.0,3.0,3.2,-2,1.0,1.0,1.0,54,48,68,73,48,6,4,7,23,57,64,62,60,9,28,47,11,39,59.0,50.0,74.0,78.0,50.0,6.0,6.0,7.0,28.0,62.0,2.0,65.0,64.0,62.0,9.0,63.0,49.0,11.0,56.0,10.0,0.9152542372881356,0.96,0.918918918918919,0.935897435897436,0.96,1.0,0.6666666666666666,1.0,0.8214285714285714,0.9193548387096774,0.0,0.9846153846153848,0.96875,0.967741935483871,1.0,0.4444444444444444,0.9591836734693876,1.0,0.6964285714285714,0.0,54,48,68,73,48,6,4,7,23,57,64,62,60,9,28,47,11,39,59.0,50.0,74.0,78.0,50.0,6.0,6.0,7.0,28.0,62.0,2.0,65.0,64.0,61.0,62.0,9.0,63.0,49.0,11.0,56.0,10.0,76.0,61.0,0.9152542372881356,0.96,0.918918918918919,0.935897435897436,0.96,1.0,0.6666666666666666,1.0,0.8214285714285714,0.9193548387096774,0.0,0.9846153846153848,0.96875,0.0,0.967741935483871,1.0,0.4444444444444444,0.9591836734693876,1.0,0.6964285714285714,0.0,36,8.0,109.0,3.0277777777777777,2.8000000000000003,132.2,3.672222222222222
45,44,42,2023-01-16,22-013,WAS,,GSW,L (-9),0,13:58,3.0,9.0,.333,0.0,2.0,.000,0,0.0,,2.0,3.0,5.0,2.0,0.0,0.0,2.0,4.0,6.0,1.0,-4,7.0,3.0,0.4285714285714285,54,48,68,73,48,6,4,7,23,57,64,62,60,9,28,47,11,39,59.0,50.0,74.0,78.0,50.0,6.0,6.0,7.0,28.0,62.0,2.0,65.0,64.0,62.0,9.0,63.0,49.0,11.0,56.0,10.0,0.9152542372881356,0.96,0.918918918918919,0.935897435897436,0.96,1.0,0.6666666666666666,1.0,0.8214285714285714,0.9193548387096774,0.0,0.9846153846153848,0.96875,0.967741935483871,1.0,0.4444444444444444,0.9591836734693876,1.0,0.6964285714285714,0.0,54,48,68,73,48,6,4,7,23,57,64,62,60,9,28,47,11,39,59.0,50.0,74.0,78.0,50.0,6.0,6.0,7.0,28.0,62.0,2.0,65.0,64.0,61.0,62.0,9.0,63.0,49.0,11.0,56.0,10.0,76.0,61.0,0.9152542372881356,0.96,0.918918918918919,0.935897435897436,0.96,1.0,0.6666666666666666,1.0,0.8214285714285714,0.9193548387096774,0.0,0.9846153846153848,0.96875,0.0,0.967741935483871,1.0,0.4444444444444444,0.9591836734693876,1.0,0.6964285714285714,0.0,36,2.0,150.0,4.166666666666667,1.0000000000000004,170.6,4.738888888888889
46,45,43,2023-01-18,22-015,WAS,@,NYK,W (+11),0,29:04,6.0,11.0,.545,2.0,3.0,.667,0,1.0,.000,3.0,4.0,7.0,1.0,1.0,1.0,0.0,3.0,14.0,12.8,-11,8.0,4.0,0.5,54,48,68,73,48,6,4,7,23,57,64,62,60,9,28,47,11,39,59.0,50.0,74.0,78.0,50.0,6.0,6.0,7.0,28.0,62.0,2.0,65.0,64.0,62.0,9.0,63.0,49.0,11.0,56.0,10.0,0.9152542372881356,0.96,0.918918918918919,0.935897435897436,0.96,1.0,0.6666666666666666,1.0,0.8214285714285714,0.9193548387096774,0.0,0.9846153846153848,0.96875,0.967741935483871,1.0,0.4444444444444444,0.9591836734693876,1.0,0.6964285714285714,0.0,54,48,68,73,48,6,4,7,23,57,64,62,60,9,28,47,11,39,59.0,50.0,74.0,78.0,50.0,6.0,6.0,7.0,28.0,62.0,2.0,65.0,64.0,61.0,62.0,9.0,63.0,49.0,11.0,56.0,10.0,76.0,61.0,0.9152542372881356,0.96,0.918918918918919,0.935897435897436,0.96,1.0,0.6666666666666666,1.0,0.8214285714285714,0.9193548387096774,0.0,0.9846153846153848,0.96875,0.0,0.967741935483871,1.0,0.4444444444444444,0.9591836734693876,1.0,0.6964285714285714,0.0,36,12.0,150.0,4.166666666666667,12.799999999999995,154.80000000000004,4.300000000000001
47,46,44,2023-01-21,22-018,WAS,,ORL,W (+20),0,24:40,0.0,5.0,.000,0.0,3.0,.000,0,2.0,.000,0.0,4.0,4.0,0.0,1.0,0.0,0.0,2.0,0.0,-2.9,+4,2.0,0.0,0.0,54,48,68,73,48,6,4,7,23,57,64,62,60,9,28,47,11,39,59.0,50.0,74.0,78.0,50.0,6.0,6.0,7.0,28.0,62.0,2.0,65.0,64.0,62.0,9.0,63.0,49.0,11.0,56.0,10.0,0.9152542372881356,0.96,0.918918918918919,0.935897435897436,0.96,1.0,0.6666666666666666,1.0,0.8214285714285714,0.9193548387096774,0.0,0.9846153846153848,0.96875,0.967741935483871,1.0,0.4444444444444444,0.9591836734693876,1.0,0.6964285714285714,0.0,54,48,68,73,48,6,4,7,23,57,64,62,60,9,28,47,11,39,59.0,50.0,74.0,78.0,50.0,6.0,6.0,7.0,28.0,62.0,2.0,65.0,64.0,61.0,62.0,9.0,63.0,49.0,11.0,56.0,10.0,76.0,61.0,0.9152542372881356,0.96,0.918918918918919,0.935897435897436,0.96,1.0,0.6666666666666666,1.0,0.8214285714285714,0.9193548387096774,0.0,0.9846153846153848,0.96875,0.0,0.967741935483871,1.0,0.4444444444444444,0.9591836734693876,1.0,0.6964285714285714,0.0,36,-2.0,215.0,5.972222222222222,-2.8999999999999995,240.6,6.683333333333334
48,47,45,2023-01-24,22-021,WAS,@,DAL,W (+1),0,32:07,3.0,5.0,.600,0.0,1.0,.000,9,11.0,.818,2.0,8.0,10.0,3.0,3.0,0.0,1.0,3.0,15.0,18.6,+4,4.0,3.0,0.75,54,48,68,73,48,6,4,7,23,57,64,62,60,9,28,47,11,39,59.0,50.0,74.0,78.0,50.0,6.0,6.0,7.0,28.0,62.0,2.0,65.0,64.0,62.0,9.0,63.0,49.0,11.0,56.0,10.0,0.9152542372881356,0.96,0.918918918918919,0.935897435897436,0.96,1.0,0.6666666666666666,1.0,0.8214285714285714,0.9193548387096774,0.0,0.9846153846153848,0.96875,0.967741935483871,1.0,0.4444444444444444,0.9591836734693876,1.0,0.6964285714285714,0.0,54,48,68,73,48,6,4,7,23,57,64,62,60,9,28,47,11,39,59.0,50.0,74.0,78.0,50.0,6.0,6.0,7.0,28.0,62.0,2.0,65.0,64.0,61.0,62.0,9.0,63.0,49.0,11.0,56.0,10.0,76.0,61.0,0.9152542372881356,0.96,0.918918918918919,0.935897435897436,0.96,1.0,0.6666666666666666,1.0,0.8214285714285714,0.9193548387096774,0.0,0.9846153846153848,0.96875,0.0,0.967741935483871,1.0,0.4444444444444444,0.9591836734693876,1.0,0.6964285714285714,0.0,36,14.0,121.0,3.361111111111111,14.999999999999996,157.79999999999998,4.383333333333333
49,48,46,2023-01-25,22-022,WAS,@,HOU,W (+5),0,29:57,4.0,13.0,.308,1.0,4.0,.250,1,2.0,.500,2.0,8.0,10.0,3.0,1.0,1.0,0.0,3.0,10.0,8.5,+7,9.0,3.0,0.3333333333333333,54,48,68,73,48,6,4,7,23,57,64,62,60,9,28,47,11,39,59.0,50.0,74.0,78.0,50.0,6.0,6.0,7.0,28.0,62.0,2.0,65.0,64.0,62.0,9.0,63.0,49.0,11.0,56.0,10.0,0.9152542372881356,0.96,0.918918918918919,0.935897435897436,0.96,1.0,0.6666666666666666,1.0,0.8214285714285714,0.9193548387096774,0.0,0.9846153846153848,0.96875,0.967741935483871,1.0,0.4444444444444444,0.9591836734693876,1.0,0.6964285714285714,0.0,54,48,68,73,48,6,4,7,23,57,64,62,60,9,28,47,11,39,59.0,50.0,74.0,78.0,50.0,6.0,6.0,7.0,28.0,62.0,2.0,65.0,64.0,61.0,62.0,9.0,63.0,49.0,11.0,56.0,10.0,76.0,61.0,0.9152542372881356,0.96,0.918918918918919,0.935897435897436,0.96,1.0,0.6666666666666666,1.0,0.8214285714285714,0.9193548387096774,0.0,0.9846153846153848,0.96875,0.0,0.967741935483871,1.0,0.4444444444444444,0.9591836734693876,1.0,0.6964285714285714,0.0,36,10.0,118.0,3.2777777777777777,8.099999999999998,155.2,4.311111111111111
50,49,47,2023-01-28,22-025,WAS,@,NOP,W (+10),0,27:21,5.0,8.0,.625,1.0,3.0,.333,4,6.0,.667,0.0,9.0,9.0,1.0,2.0,0.0,1.0,2.0,15.0,14.2,+14,5.0,4.0,0.8,54,48,68,73,48,6,4,7,23,57,64,62,60,9,28,47,11,39,59.0,50.0,74.0,78.0,50.0,6.0,6.0,7.0,28.0,62.0,2.0,65.0,64.0,62.0,9.0,63.0,49.0,11.0,56.0,10.0,0.9152542372881356,0.96,0.918918918918919,0.935897435897436,0.96,1.0,0.6666666666666666,1.0,0.8214285714285714,0.9193548387096774,0.0,0.9846153846153848,0.96875,0.967741935483871,1.0,0.4444444444444444,0.9591836734693876,1.0,0.6964285714285714,0.0,54,48,68,73,48,6,4,7,23,57,64,62,60,9,28,47,11,39,59.0,50.0,74.0,78.0,50.0,6.0,6.0,7.0,28.0,62.0,2.0,65.0,64.0,61.0,62.0,9.0,63.0,49.0,11.0,56.0,10.0,76.0,61.0,0.9152542372881356,0.96,0.918918918918919,0.935897435897436,0.96,1.0,0.6666666666666666,1.0,0.8214285714285714,0.9193548387096774,0.0,0.9846153846153848,0.96875,0.0,0.967741935483871,1.0,0.4444444444444444,0.9591836734693876,1.0,0.6964285714285714,0.0,36,12.0,110.0,3.055555555555556,12.599999999999996,128.2,3.561111111111111
51,50,48,2023-01-30,22-027,WAS,@,SAS,W (+21),0,33:18,10.0,12.0,.833,2.0,2.0,1.000,3,4.0,.750,1.0,8.0,9.0,1.0,1.0,1.0,2.0,4.0,25.0,22.1,+25,10.0,8.0,0.8,54,48,68,73,48,6,4,7,23,57,64,62,60,9,28,47,11,39,59.0,50.0,74.0,78.0,50.0,6.0,6.0,7.0,28.0,62.0,2.0,65.0,64.0,62.0,9.0,63.0,49.0,11.0,56.0,10.0,0.9152542372881356,0.96,0.918918918918919,0.935897435897436,0.96,1.0,0.6666666666666666,1.0,0.8214285714285714,0.9193548387096774,0.0,0.9846153846153848,0.96875,0.967741935483871,1.0,0.4444444444444444,0.9591836734693876,1.0,0.6964285714285714,0.0,54,48,68,73,48,6,4,7,23,57,64,62,60,9,28,47,11,39,59.0,50.0,74.0,78.0,50.0,6.0,6.0,7.0,28.0,62.0,2.0,65.0,64.0,61.0,62.0,9.0,63.0,49.0,11.0,56.0,10.0,76.0,61.0,0.9152542372881356,0.96,0.918918918918919,0.935897435897436,0.96,1.0,0.6666666666666666,1.0,0.8214285714285714,0.9193548387096774,0.0,0.9846153846153848,0.96875,0.0,0.967741935483871,1.0,0.4444444444444444,0.9591836734693876,1.0,0.6964285714285714,0.0,36,19.0,158.0,4.388888888888889,20.90000000000001,175.20000000000002,4.866666666666667
52,51,49,2023-02-03,22-031,WAS,,POR,L (-8),0,15:01,0.0,8.0,.000,0.0,2.0,.000,2,2.0,1.000,1.0,3.0,4.0,2.0,0.0,0.0,0.0,2.0,2.0,-1.4,0,6.0,0.0,0.0,54,48,68,73,48,6,4,7,23,57,64,62,60,9,28,47,11,39,59.0,50.0,74.0,78.0,50.0,6.0,6.0,7.0,28.0,62.0,2.0,65.0,64.0,62.0,9.0,63.0,49.0,11.0,56.0,10.0,0.9152542372881356,0.96,0.918918918918919,0.935897435897436,0.96,1.0,0.6666666666666666,1.0,0.8214285714285714,0.9193548387096774,0.0,0.9846153846153848,0.96875,0.967741935483871,1.0,0.4444444444444444,0.9591836734693876,1.0,0.6964285714285714,0.0,54,48,68,73,48,6,4,7,23,57,64,62,60,9,28,47,11,39,59.0,50.0,74.0,78.0,50.0,6.0,6.0,7.0,28.0,62.0,2.0,65.0,64.0,61.0,62.0,9.0,63.0,49.0,11.0,56.0,10.0,76.0,61.0,0.9152542372881356,0.96,0.918918918918919,0.935897435897436,0.96,1.0,0.6666666666666666,1.0,0.8214285714285714,0.9193548387096774,0.0,0.9846153846153848,0.96875,0.0,0.967741935483871,1.0,0.4444444444444444,0.9591836734693876,1.0,0.6964285714285714,0.0,36,-2.0,174.0,4.833333333333333,-2.2,205.0,5.694444444444445
53,52,50,2023-02-04,22-032,WAS,@,BRK,L (-2),0,34:16,6.0,14.0,.429,4.0,9.0,.444,7,12.0,.583,1.0,5.0,6.0,3.0,4.0,0.0,3.0,4.0,23.0,17.3,+8,5.0,2.0,0.4,54,48,68,73,48,6,4,7,23,57,64,62,60,9,28,47,11,39,59.0,50.0,74.0,78.0,50.0,6.0,6.0,7.0,28.0,62.0,2.0,65.0,64.0,62.0,9.0,63.0,49.0,11.0,56.0,10.0,0.9152542372881356,0.96,0.918918918918919,0.935897435897436,0.96,1.0,0.6666666666666666,1.0,0.8214285714285714,0.9193548387096774,0.0,0.9846153846153848,0.96875,0.967741935483871,1.0,0.4444444444444444,0.9591836734693876,1.0,0.6964285714285714,0.0,54,48,68,73,48,6,4,7,23,57,64,62,60,9,28,47,11,39,59.0,50.0,74.0,78.0,50.0,6.0,6.0,7.0,28.0,62.0,2.0,65.0,64.0,61.0,62.0,9.0,63.0,49.0,11.0,56.0,10.0,76.0,61.0,0.9152542372881356,0.96,0.918918918918919,0.935897435897436,0.96,1.0,0.6666666666666666,1.0,0.8214285714285714,0.9193548387096774,0.0,0.9846153846153848,0.96875,0.0,0.967741935483871,1.0,0.4444444444444444,0.9591836734693876,1.0,0.6964285714285714,0.0,36,7.0,122.0,3.388888888888889,14.499999999999996,150.79999999999998,4.188888888888888
54,53,51,2023-02-06,22-034,WAS,,CLE,L (-23),1,30:02,3.0,10.0,.300,1.0,4.0,.250,5,5.0,1.000,0.0,4.0,4.0,3.0,2.0,0.0,3.0,2.0,12.0,7.7,-23,6.0,2.0,0.3333333333333333,54,48,68,73,48,6,4,7,23,57,64,62,60,9,28,47,11,39,59.0,50.0,74.0,78.0,50.0,6.0,6.0,7.0,28.0,62.0,2.0,65.0,64.0,62.0,9.0,63.0,49.0,11.0,56.0,10.0,0.9152542372881356,0.96,0.918918918918919,0.935897435897436,0.96,1.0,0.6666666666666666,1.0,0.8214285714285714,0.9193548387096774,0.0,0.9846153846153848,0.96875,0.967741935483871,1.0,0.4444444444444444,0.9591836734693876,1.0,0.6964285714285714,0.0,54,48,68,73,48,6,4,7,23,57,64,62,60,9,28,47,11,39,59.0,50.0,74.0,78.0,50.0,6.0,6.0,7.0,28.0,62.0,2.0,65.0,64.0,61.0,62.0,9.0,63.0,49.0,11.0,56.0,10.0,76.0,61.0,0.9152542372881356,0.96,0.918918918918919,0.935897435897436,0.96,1.0,0.6666666666666666,1.0,0.8214285714285714,0.9193548387096774,0.0,0.9846153846153848,0.96875,0.0,0.967741935483871,1.0,0.4444444444444444,0.9591836734693876,1.0,0.6964285714285714,0.0,36,3.0,88.0,2.4444444444444446,5.699999999999999,108.0,3.0
55,54,52,2023-02-08,22-036,WAS,,CHO,W (+14),1,36:39,8.0,13.0,.615,3.0,5.0,.600,1,1.0,1.000,1.0,12.0,13.0,0.0,0.0,0.0,1.0,2.0,20.0,16.6,+6,8.0,5.0,0.625,54,48,68,73,48,6,4,7,23,57,64,62,60,9,28,47,11,39,59.0,50.0,74.0,78.0,50.0,6.0,6.0,7.0,28.0,62.0,2.0,65.0,64.0,62.0,9.0,63.0,49.0,11.0,56.0,10.0,0.9152542372881356,0.96,0.918918918918919,0.935897435897436,0.96,1.0,0.6666666666666666,1.0,0.8214285714285714,0.9193548387096774,0.0,0.9846153846153848,0.96875,0.967741935483871,1.0,0.4444444444444444,0.9591836734693876,1.0,0.6964285714285714,0.0,54,48,68,73,48,6,4,7,23,57,64,62,60,9,28,47,11,39,59.0,50.0,74.0,78.0,50.0,6.0,6.0,7.0,28.0,62.0,2.0,65.0,64.0,61.0,62.0,9.0,63.0,49.0,11.0,56.0,10.0,76.0,61.0,0.9152542372881356,0.96,0.918918918918919,0.935897435897436,0.96,1.0,0.6666666666666666,1.0,0.8214285714285714,0.9193548387096774,0.0,0.9846153846153848,0.96875,0.0,0.967741935483871,1.0,0.4444444444444444,0.9591836734693876,1.0,0.6964285714285714,0.0,36,18.0,166.0,4.611111111111111,16.2,178.39999999999998,4.955555555555555
56,55,53,2023-02-11,22-039,WAS,,IND,W (+14),0,29:52,7.0,8.0,.875,1.0,2.0,.500,1,2.0,.500,0.0,6.0,6.0,3.0,0.0,1.0,2.0,2.0,16.0,14.6,+16,6.0,6.0,1.0,54,48,68,73,48,6,4,7,23,57,64,62,60,9,28,47,11,39,59.0,50.0,74.0,78.0,50.0,6.0,6.0,7.0,28.0,62.0,2.0,65.0,64.0,62.0,9.0,63.0,49.0,11.0,56.0,10.0,0.9152542372881356,0.96,0.918918918918919,0.935897435897436,0.96,1.0,0.6666666666666666,1.0,0.8214285714285714,0.9193548387096774,0.0,0.9846153846153848,0.96875,0.967741935483871,1.0,0.4444444444444444,0.9591836734693876,1.0,0.6964285714285714,0.0,54,48,68,73,48,6,4,7,23,57,64,62,60,9,28,47,11,39,59.0,50.0,74.0,78.0,50.0,6.0,6.0,7.0,28.0,62.0,2.0,65.0,64.0,61.0,62.0,9.0,63.0,49.0,11.0,56.0,10.0,76.0,61.0,0.9152542372881356,0.96,0.918918918918919,0.935897435897436,0.96,1.0,0.6666666666666666,1.0,0.8214285714285714,0.9193548387096774,0.0,0.9846153846153848,0.96875,0.0,0.967741935483871,1.0,0.4444444444444444,0.9591836734693876,1.0,0.6964285714285714,0.0,36,14.0,152.0,4.222222222222222,14.200000000000005,179.20000000000002,4.977777777777778
57,56,54,2023-02-13,22-041,WAS,@,GSW,L (-9),0,27:13,3.0,10.0,.300,1.0,5.0,.200,0,0.0,,2.0,3.0,5.0,3.0,2.0,0.0,1.0,3.0,7.0,5.4,+13,5.0,2.0,0.4,54,48,68,73,48,6,4,7,23,57,64,62,60,9,28,47,11,39,59.0,50.0,74.0,78.0,50.0,6.0,6.0,7.0,28.0,62.0,2.0,65.0,64.0,62.0,9.0,63.0,49.0,11.0,56.0,10.0,0.9152542372881356,0.96,0.918918918918919,0.935897435897436,0.96,1.0,0.6666666666666666,1.0,0.8214285714285714,0.9193548387096774,0.0,0.9846153846153848,0.96875,0.967741935483871,1.0,0.4444444444444444,0.9591836734693876,1.0,0.6964285714285714,0.0,54,48,68,73,48,6,4,7,23,57,64,62,60,9,28,47,11,39,59.0,50.0,74.0,78.0,50.0,6.0,6.0,7.0,28.0,62.0,2.0,65.0,64.0,61.0,62.0,9.0,63.0,49.0,11.0,56.0,10.0,76.0,61.0,0.9152542372881356,0.96,0.918918918918919,0.935897435897436,0.96,1.0,0.6666666666666666,1.0,0.8214285714285714,0.9193548387096774,0.0,0.9846153846153848,0.96875,0.0,0.967741935483871,1.0,0.4444444444444444,0.9591836734693876,1.0,0.6964285714285714,0.0,36,6.0,146.0,4.055555555555555,5.4,189.8,5.272222222222222
58,57,55,2023-02-14,22-042,WAS,@,POR,W (+25),0,18:03,1.0,4.0,.250,0.0,2.0,.000,0,0.0,,0.0,3.0,3.0,3.0,0.0,0.0,1.0,1.0,2.0,1.2,+6,2.0,1.0,0.5,54,48,68,73,48,6,4,7,23,57,64,62,60,9,28,47,11,39,59.0,50.0,74.0,78.0,50.0,6.0,6.0,7.0,28.0,62.0,2.0,65.0,64.0,62.0,9.0,63.0,49.0,11.0,56.0,10.0,0.9152542372881356,0.96,0.918918918918919,0.935897435897436,0.96,1.0,0.6666666666666666,1.0,0.8214285714285714,0.9193548387096774,0.0,0.9846153846153848,0.96875,0.967741935483871,1.0,0.4444444444444444,0.9591836734693876,1.0,0.6964285714285714,0.0,54,48,68,73,48,6,4,7,23,57,64,62,60,9,28,47,11,39,59.0,50.0,74.0,78.0,50.0,6.0,6.0,7.0,28.0,62.0,2.0,65.0,64.0,61.0,62.0,9.0,63.0,49.0,11.0,56.0,10.0,76.0,61.0,0.9152542372881356,0.96,0.918918918918919,0.935897435897436,0.96,1.0,0.6666666666666666,1.0,0.8214285714285714,0.9193548387096774,0.0,0.9846153846153848,0.96875,0.0,0.967741935483871,1.0,0.4444444444444444,0.9591836734693876,1.0,0.6964285714285714,0.0,36,3.0,168.0,4.666666666666667,1.1999999999999995,188.80000000000004,5.244444444444445
59,58,56,2023-02-16,22-044,WAS,@,MIN,W (+8),0,24:12,3.0,8.0,.375,0.0,1.0,.000,4,5.0,.800,3.0,6.0,9.0,4.0,2.0,0.0,1.0,4.0,10.0,11.3,+12,7.0,3.0,0.4285714285714285,54,48,68,73,48,6,4,7,23,57,64,62,60,9,28,47,11,39,59.0,50.0,74.0,78.0,50.0,6.0,6.0,7.0,28.0,62.0,2.0,65.0,64.0,62.0,9.0,63.0,49.0,11.0,56.0,10.0,0.9152542372881356,0.96,0.918918918918919,0.935897435897436,0.96,1.0,0.6666666666666666,1.0,0.8214285714285714,0.9193548387096774,0.0,0.9846153846153848,0.96875,0.967741935483871,1.0,0.4444444444444444,0.9591836734693876,1.0,0.6964285714285714,0.0,54,48,68,73,48,6,4,7,23,57,64,62,60,9,28,47,11,39,59.0,50.0,74.0,78.0,50.0,6.0,6.0,7.0,28.0,62.0,2.0,65.0,64.0,61.0,62.0,9.0,63.0,49.0,11.0,56.0,10.0,76.0,61.0,0.9152542372881356,0.96,0.918918918918919,0.935897435897436,0.96,1.0,0.6666666666666666,1.0,0.8214285714285714,0.9193548387096774,0.0,0.9846153846153848,0.96875,0.0,0.967741935483871,1.0,0.4444444444444444,0.9591836734693876,1.0,0.6964285714285714,0.0,36,11.0,128.0,3.555555555555556,9.7,155.2,4.311111111111111
60,59,57,2023-02-24,22-052,WAS,,NYK,L (-6),0,26:53,5.0,7.0,.714,1.0,3.0,.333,0,0.0,,0.0,7.0,7.0,5.0,1.0,0.0,0.0,0.0,11.0,14.7,+9,4.0,4.0,1.0,54,48,68,73,48,6,4,7,23,57,64,62,60,9,28,47,11,39,59.0,50.0,74.0,78.0,50.0,6.0,6.0,7.0,28.0,62.0,2.0,65.0,64.0,62.0,9.0,63.0,49.0,11.0,56.0,10.0,0.9152542372881356,0.96,0.918918918918919,0.935897435897436,0.96,1.0,0.6666666666666666,1.0,0.8214285714285714,0.9193548387096774,0.0,0.9846153846153848,0.96875,0.967741935483871,1.0,0.4444444444444444,0.9591836734693876,1.0,0.6964285714285714,0.0,54,48,68,73,48,6,4,7,23,57,64,62,60,9,28,47,11,39,59.0,50.0,74.0,78.0,50.0,6.0,6.0,7.0,28.0,62.0,2.0,65.0,64.0,61.0,62.0,9.0,63.0,49.0,11.0,56.0,10.0,76.0,61.0,0.9152542372881356,0.96,0.918918918918919,0.935897435897436,0.96,1.0,0.6666666666666666,1.0,0.8214285714285714,0.9193548387096774,0.0,0.9846153846153848,0.96875,0.0,0.967741935483871,1.0,0.4444444444444444,0.9591836734693876,1.0,0.6964285714285714,0.0,36,17.0,132.0,3.6666666666666665,14.700000000000005,141.60000000000002,3.933333333333334
61,60,58,2023-02-26,22-054,WAS,@,CHI,L (-20),1,27:06,2.0,5.0,.400,1.0,4.0,.250,3,4.0,.750,0.0,4.0,4.0,2.0,1.0,0.0,4.0,3.0,8.0,3.3,-16,1.0,1.0,1.0,54,48,68,73,48,6,4,7,23,57,64,62,60,9,28,47,11,39,59.0,50.0,74.0,78.0,50.0,6.0,6.0,7.0,28.0,62.0,2.0,65.0,64.0,62.0,9.0,63.0,49.0,11.0,56.0,10.0,0.9152542372881356,0.96,0.918918918918919,0.935897435897436,0.96,1.0,0.6666666666666666,1.0,0.8214285714285714,0.9193548387096774,0.0,0.9846153846153848,0.96875,0.967741935483871,1.0,0.4444444444444444,0.9591836734693876,1.0,0.6964285714285714,0.0,54,48,68,73,48,6,4,7,23,57,64,62,60,9,28,47,11,39,59.0,50.0,74.0,78.0,50.0,6.0,6.0,7.0,28.0,62.0,2.0,65.0,64.0,61.0,62.0,9.0,63.0,49.0,11.0,56.0,10.0,76.0,61.0,0.9152542372881356,0.96,0.918918918918919,0.935897435897436,0.96,1.0,0.6666666666666666,1.0,0.8214285714285714,0.9193548387096774,0.0,0.9846153846153848,0.96875,0.0,0.967741935483871,1.0,0.4444444444444444,0.9591836734693876,1.0,0.6964285714285714,0.0,36,2.0,74.0,2.055555555555556,2.1000000000000005,89.59999999999997,2.488888888888888
62,Rk,G,Date,Age,Tm,,Opp,,GS,MP,0.0,0.0,FG%,,,3P%,FT,0.0,FT%,0.0,0.0,,0.0,0.0,0.0,0.0,0.0,0.0,GmSc,+/-,,,,54,48,68,73,48,6,4,7,23,57,64,62,60,9,28,47,11,39,59.0,50.0,74.0,78.0,50.0,6.0,6.0,7.0,28.0,62.0,2.0,65.0,64.0,62.0,9.0,63.0,49.0,11.0,56.0,10.0,0.9152542372881356,0.96,0.918918918918919,0.935897435897436,0.96,1.0,0.6666666666666666,1.0,0.8214285714285714,0.9193548387096774,0.0,0.9846153846153848,0.96875,0.967741935483871,1.0,0.4444444444444444,0.9591836734693876,1.0,0.6964285714285714,0.0,54,48,68,73,48,6,4,7,23,57,64,62,60,9,28,47,11,39,59.0,50.0,74.0,78.0,50.0,6.0,6.0,7.0,28.0,62.0,2.0,65.0,64.0,61.0,62.0,9.0,63.0,49.0,11.0,56.0,10.0,76.0,61.0,0.9152542372881356,0.96,0.918918918918919,0.935897435897436,0.96,1.0,0.6666666666666666,1.0,0.8214285714285714,0.9193548387096774,0.0,0.9846153846153848,0.96875,0.0,0.967741935483871,1.0,0.4444444444444444,0.9591836734693876,1.0,0.6964285714285714,0.0,36,,0.0,0.0,0.0,0.0,0.0
63,61,59,2023-02-28,22-056,WAS,@,ATL,W (+3),1,31:08,2.0,9.0,.222,0.0,1.0,.000,0,0.0,,4.0,9.0,13.0,0.0,1.0,0.0,0.0,1.0,4.0,4.6,+2,8.0,2.0,0.25,54,48,68,73,48,6,4,7,23,57,64,62,60,9,28,47,11,39,59.0,50.0,74.0,78.0,50.0,6.0,6.0,7.0,28.0,62.0,2.0,65.0,64.0,62.0,9.0,63.0,49.0,11.0,56.0,10.0,0.9152542372881356,0.96,0.918918918918919,0.935897435897436,0.96,1.0,0.6666666666666666,1.0,0.8214285714285714,0.9193548387096774,0.0,0.9846153846153848,0.96875,0.967741935483871,1.0,0.4444444444444444,0.9591836734693876,1.0,0.6964285714285714,0.0,54,48,68,73,48,6,4,7,23,57,64,62,60,9,28,47,11,39,59.0,50.0,74.0,78.0,50.0,6.0,6.0,7.0,28.0,62.0,2.0,65.0,64.0,61.0,62.0,9.0,63.0,49.0,11.0,56.0,10.0,76.0,61.0,0.9152542372881356,0.96,0.918918918918919,0.935897435897436,0.96,1.0,0.6666666666666666,1.0,0.8214285714285714,0.9193548387096774,0.0,0.9846153846153848,0.96875,0.0,0.967741935483871,1.0,0.4444444444444444,0.9591836734693876,1.0,0.6964285714285714,0.0,36,9.0,145.0,4.027777777777778,4.599999999999999,186.2,5.172222222222222
64,62,60,2023-03-02,22-058,WAS,,TOR,W (+11),0,28:27,2.0,7.0,.286,0.0,3.0,.000,2,3.0,.667,1.0,8.0,9.0,3.0,0.0,1.0,0.0,2.0,6.0,6.6,-3,4.0,2.0,0.5,54,48,68,73,48,6,4,7,23,57,64,62,60,9,28,47,11,39,59.0,50.0,74.0,78.0,50.0,6.0,6.0,7.0,28.0,62.0,2.0,65.0,64.0,62.0,9.0,63.0,49.0,11.0,56.0,10.0,0.9152542372881356,0.96,0.918918918918919,0.935897435897436,0.96,1.0,0.6666666666666666,1.0,0.8214285714285714,0.9193548387096774,0.0,0.9846153846153848,0.96875,0.967741935483871,1.0,0.4444444444444444,0.9591836734693876,1.0,0.6964285714285714,0.0,54,48,68,73,48,6,4,7,23,57,64,62,60,9,28,47,11,39,59.0,50.0,74.0,78.0,50.0,6.0,6.0,7.0,28.0,62.0,2.0,65.0,64.0,61.0,62.0,9.0,63.0,49.0,11.0,56.0,10.0,76.0,61.0,0.9152542372881356,0.96,0.918918918918919,0.935897435897436,0.96,1.0,0.6666666666666666,1.0,0.8214285714285714,0.9193548387096774,0.0,0.9846153846153848,0.96875,0.0,0.967741935483871,1.0,0.4444444444444444,0.9591836734693876,1.0,0.6964285714285714,0.0,36,9.0,176.0,4.888888888888889,5.8,198.2,5.5055555555555555
65,63,61,2023-03-04,22-060,WAS,,TOR,L (-7),0,7:20,0.0,1.0,.000,0.0,1.0,.000,0,0.0,,0.0,2.0,2.0,0.0,0.0,0.0,1.0,3.0,0.0,-2.3,+1,0.0,0.0,,54,48,68,73,48,6,4,7,23,57,64,62,60,9,28,47,11,39,59.0,50.0,74.0,78.0,50.0,6.0,6.0,7.0,28.0,62.0,2.0,65.0,64.0,62.0,9.0,63.0,49.0,11.0,56.0,10.0,0.9152542372881356,0.96,0.918918918918919,0.935897435897436,0.96,1.0,0.6666666666666666,1.0,0.8214285714285714,0.9193548387096774,0.0,0.9846153846153848,0.96875,0.967741935483871,1.0,0.4444444444444444,0.9591836734693876,1.0,0.6964285714285714,0.0,54,48,68,73,48,6,4,7,23,57,64,62,60,9,28,47,11,39,59.0,50.0,74.0,78.0,50.0,6.0,6.0,7.0,28.0,62.0,2.0,65.0,64.0,61.0,62.0,9.0,63.0,49.0,11.0,56.0,10.0,76.0,61.0,0.9152542372881356,0.96,0.918918918918919,0.935897435897436,0.96,1.0,0.6666666666666666,1.0,0.8214285714285714,0.9193548387096774,0.0,0.9846153846153848,0.96875,0.0,0.967741935483871,1.0,0.4444444444444444,0.9591836734693876,1.0,0.6964285714285714,0.0,36,0.0,143.0,3.9722222222222223,-2.3000000000000003,170.6,4.738888888888889
66,64,62,2023-03-05,22-061,WAS,,MIL,L (-6),0,31:07,5.0,10.0,.500,2.0,4.0,.500,5,5.0,1.000,2.0,4.0,6.0,2.0,3.0,0.0,2.0,4.0,17.0,15.4,-13,6.0,3.0,0.5,54,48,68,73,48,6,4,7,23,57,64,62,60,9,28,47,11,39,59.0,50.0,74.0,78.0,50.0,6.0,6.0,7.0,28.0,62.0,2.0,65.0,64.0,62.0,9.0,63.0,49.0,11.0,56.0,10.0,0.9152542372881356,0.96,0.918918918918919,0.935897435897436,0.96,1.0,0.6666666666666666,1.0,0.8214285714285714,0.9193548387096774,0.0,0.9846153846153848,0.96875,0.967741935483871,1.0,0.4444444444444444,0.9591836734693876,1.0,0.6964285714285714,0.0,54,48,68,73,48,6,4,7,23,57,64,62,60,9,28,47,11,39,59.0,50.0,74.0,78.0,50.0,6.0,6.0,7.0,28.0,62.0,2.0,65.0,64.0,61.0,62.0,9.0,63.0,49.0,11.0,56.0,10.0,76.0,61.0,0.9152542372881356,0.96,0.918918918918919,0.935897435897436,0.96,1.0,0.6666666666666666,1.0,0.8214285714285714,0.9193548387096774,0.0,0.9846153846153848,0.96875,0.0,0.967741935483871,1.0,0.4444444444444444,0.9591836734693876,1.0,0.6964285714285714,0.0,36,11.0,137.0,3.8055555555555554,13.399999999999997,142.99999999999997,3.9722222222222214
67,65,63,2023-03-07,22-063,WAS,@,DET,W (+2),0,20:45,2.0,2.0,1.000,1.0,1.0,1.000,2,2.0,1.000,0.0,5.0,5.0,2.0,0.0,0.0,4.0,4.0,7.0,3.7,+6,1.0,1.0,1.0,54,48,68,73,48,6,4,7,23,57,64,62,60,9,28,47,11,39,59.0,50.0,74.0,78.0,50.0,6.0,6.0,7.0,28.0,62.0,2.0,65.0,64.0,62.0,9.0,63.0,49.0,11.0,56.0,10.0,0.9152542372881356,0.96,0.918918918918919,0.935897435897436,0.96,1.0,0.6666666666666666,1.0,0.8214285714285714,0.9193548387096774,0.0,0.9846153846153848,0.96875,0.967741935483871,1.0,0.4444444444444444,0.9591836734693876,1.0,0.6964285714285714,0.0,54,48,68,73,48,6,4,7,23,57,64,62,60,9,28,47,11,39,59.0,50.0,74.0,78.0,50.0,6.0,6.0,7.0,28.0,62.0,2.0,65.0,64.0,61.0,62.0,9.0,63.0,49.0,11.0,56.0,10.0,76.0,61.0,0.9152542372881356,0.96,0.918918918918919,0.935897435897436,0.96,1.0,0.6666666666666666,1.0,0.8214285714285714,0.9193548387096774,0.0,0.9846153846153848,0.96875,0.0,0.967741935483871,1.0,0.4444444444444444,0.9591836734693876,1.0,0.6964285714285714,0.0,36,6.0,185.0,5.138888888888889,2.9000000000000004,223.2,6.199999999999999
68,66,64,2023-03-08,22-064,WAS,,ATL,L (-2),0,23:06,1.0,6.0,.167,0.0,3.0,.000,0,0.0,,1.0,7.0,8.0,3.0,0.0,0.0,3.0,3.0,2.0,-1.1,-14,3.0,1.0,0.3333333333333333,54,48,68,73,48,6,4,7,23,57,64,62,60,9,28,47,11,39,59.0,50.0,74.0,78.0,50.0,6.0,6.0,7.0,28.0,62.0,2.0,65.0,64.0,62.0,9.0,63.0,49.0,11.0,56.0,10.0,0.9152542372881356,0.96,0.918918918918919,0.935897435897436,0.96,1.0,0.6666666666666666,1.0,0.8214285714285714,0.9193548387096774,0.0,0.9846153846153848,0.96875,0.967741935483871,1.0,0.4444444444444444,0.9591836734693876,1.0,0.6964285714285714,0.0,54,48,68,73,48,6,4,7,23,57,64,62,60,9,28,47,11,39,59.0,50.0,74.0,78.0,50.0,6.0,6.0,7.0,28.0,62.0,2.0,65.0,64.0,61.0,62.0,9.0,63.0,49.0,11.0,56.0,10.0,76.0,61.0,0.9152542372881356,0.96,0.918918918918919,0.935897435897436,0.96,1.0,0.6666666666666666,1.0,0.8214285714285714,0.9193548387096774,0.0,0.9846153846153848,0.96875,0.0,0.967741935483871,1.0,0.4444444444444444,0.9591836734693876,1.0,0.6964285714285714,0.0,36,4.0,178.0,4.944444444444445,-1.1000000000000003,220.8,6.133333333333334
69,67,65,2023-03-10,22-066,WAS,,ATL,L (-7),0,17:52,2.0,5.0,.400,1.0,2.0,.500,0,0.0,,0.0,6.0,6.0,3.0,0.0,0.0,0.0,2.0,5.0,5.4,-19,3.0,1.0,0.3333333333333333,54,48,68,73,48,6,4,7,23,57,64,62,60,9,28,47,11,39,59.0,50.0,74.0,78.0,50.0,6.0,6.0,7.0,28.0,62.0,2.0,65.0,64.0,62.0,9.0,63.0,49.0,11.0,56.0,10.0,0.9152542372881356,0.96,0.918918918918919,0.935897435897436,0.96,1.0,0.6666666666666666,1.0,0.8214285714285714,0.9193548387096774,0.0,0.9846153846153848,0.96875,0.967741935483871,1.0,0.4444444444444444,0.9591836734693876,1.0,0.6964285714285714,0.0,54,48,68,73,48,6,4,7,23,57,64,62,60,9,28,47,11,39,59.0,50.0,74.0,78.0,50.0,6.0,6.0,7.0,28.0,62.0,2.0,65.0,64.0,61.0,62.0,9.0,63.0,49.0,11.0,56.0,10.0,76.0,61.0,0.9152542372881356,0.96,0.918918918918919,0.935897435897436,0.96,1.0,0.6666666666666666,1.0,0.8214285714285714,0.9193548387096774,0.0,0.9846153846153848,0.96875,0.0,0.967741935483871,1.0,0.4444444444444444,0.9591836734693876,1.0,0.6964285714285714,0.0,36,9.0,152.0,4.222222222222222,5.4,170.4,4.733333333333333
70,68,66,2023-03-12,22-068,WAS,@,PHI,L (-19),0,23:38,1.0,8.0,.125,0.0,2.0,.000,2,2.0,1.000,0.0,2.0,2.0,3.0,0.0,0.0,0.0,2.0,4.0,0.7,+3,6.0,1.0,0.1666666666666666,54,48,68,73,48,6,4,7,23,57,64,62,60,9,28,47,11,39,59.0,50.0,74.0,78.0,50.0,6.0,6.0,7.0,28.0,62.0,2.0,65.0,64.0,62.0,9.0,63.0,49.0,11.0,56.0,10.0,0.9152542372881356,0.96,0.918918918918919,0.935897435897436,0.96,1.0,0.6666666666666666,1.0,0.8214285714285714,0.9193548387096774,0.0,0.9846153846153848,0.96875,0.967741935483871,1.0,0.4444444444444444,0.9591836734693876,1.0,0.6964285714285714,0.0,54,48,68,73,48,6,4,7,23,57,64,62,60,9,28,47,11,39,59.0,50.0,74.0,78.0,50.0,6.0,6.0,7.0,28.0,62.0,2.0,65.0,64.0,61.0,62.0,9.0,63.0,49.0,11.0,56.0,10.0,76.0,61.0,0.9152542372881356,0.96,0.918918918918919,0.935897435897436,0.96,1.0,0.6666666666666666,1.0,0.8214285714285714,0.9193548387096774,0.0,0.9846153846153848,0.96875,0.0,0.967741935483871,1.0,0.4444444444444444,0.9591836734693876,1.0,0.6964285714285714,0.0,36,-1.0,89.0,2.4722222222222223,-0.1,120.4,3.3444444444444446
71,69,67,2023-03-14,22-070,WAS,,DET,W (+20),0,28:15,6.0,8.0,.750,1.0,3.0,.333,0,0.0,,0.0,6.0,6.0,2.0,0.0,0.0,1.0,1.0,13.0,11.6,+3,5.0,5.0,1.0,54,48,68,73,48,6,4,7,23,57,64,62,60,9,28,47,11,39,59.0,50.0,74.0,78.0,50.0,6.0,6.0,7.0,28.0,62.0,2.0,65.0,64.0,62.0,9.0,63.0,49.0,11.0,56.0,10.0,0.9152542372881356,0.96,0.918918918918919,0.935897435897436,0.96,1.0,0.6666666666666666,1.0,0.8214285714285714,0.9193548387096774,0.0,0.9846153846153848,0.96875,0.967741935483871,1.0,0.4444444444444444,0.9591836734693876,1.0,0.6964285714285714,0.0,54,48,68,73,48,6,4,7,23,57,64,62,60,9,28,47,11,39,59.0,50.0,74.0,78.0,50.0,6.0,6.0,7.0,28.0,62.0,2.0,65.0,64.0,61.0,62.0,9.0,63.0,49.0,11.0,56.0,10.0,76.0,61.0,0.9152542372881356,0.96,0.918918918918919,0.935897435897436,0.96,1.0,0.6666666666666666,1.0,0.8214285714285714,0.9193548387096774,0.0,0.9846153846153848,0.96875,0.0,0.967741935483871,1.0,0.4444444444444444,0.9591836734693876,1.0,0.6964285714285714,0.0,36,12.0,153.0,4.25,11.599999999999998,185.0,5.138888888888889
72,70,68,2023-03-17,22-073,WAS,@,CLE,L (-23),0,18:26,0.0,3.0,.000,0.0,3.0,.000,2,4.0,.500,0.0,1.0,1.0,3.0,0.0,0.0,0.0,2.0,2.0,0.7,+2,0.0,0.0,,54,48,68,73,48,6,4,7,23,57,64,62,60,9,28,47,11,39,59.0,50.0,74.0,78.0,50.0,6.0,6.0,7.0,28.0,62.0,2.0,65.0,64.0,62.0,9.0,63.0,49.0,11.0,56.0,10.0,0.9152542372881356,0.96,0.918918918918919,0.935897435897436,0.96,1.0,0.6666666666666666,1.0,0.8214285714285714,0.9193548387096774,0.0,0.9846153846153848,0.96875,0.967741935483871,1.0,0.4444444444444444,0.9591836734693876,1.0,0.6964285714285714,0.0,54,48,68,73,48,6,4,7,23,57,64,62,60,9,28,47,11,39,59.0,50.0,74.0,78.0,50.0,6.0,6.0,7.0,28.0,62.0,2.0,65.0,64.0,61.0,62.0,9.0,63.0,49.0,11.0,56.0,10.0,76.0,61.0,0.9152542372881356,0.96,0.918918918918919,0.935897435897436,0.96,1.0,0.6666666666666666,1.0,0.8214285714285714,0.9193548387096774,0.0,0.9846153846153848,0.96875,0.0,0.967741935483871,1.0,0.4444444444444444,0.9591836734693876,1.0,0.6964285714285714,0.0,36,-1.0,123.0,3.4166666666666665,-0.1000000000000003,146.99999999999994,4.083333333333332
73,71,69,2023-03-18,22-074,WAS,,SAC,L (-14),0,28:13,1.0,9.0,.111,1.0,2.0,.500,0,0.0,,3.0,8.0,11.0,6.0,1.0,0.0,1.0,1.0,3.0,5.4,-2,7.0,0.0,0.0,54,48,68,73,48,6,4,7,23,57,64,62,60,9,28,47,11,39,59.0,50.0,74.0,78.0,50.0,6.0,6.0,7.0,28.0,62.0,2.0,65.0,64.0,62.0,9.0,63.0,49.0,11.0,56.0,10.0,0.9152542372881356,0.96,0.918918918918919,0.935897435897436,0.96,1.0,0.6666666666666666,1.0,0.8214285714285714,0.9193548387096774,0.0,0.9846153846153848,0.96875,0.967741935483871,1.0,0.4444444444444444,0.9591836734693876,1.0,0.6964285714285714,0.0,54,48,68,73,48,6,4,7,23,57,64,62,60,9,28,47,11,39,59.0,50.0,74.0,78.0,50.0,6.0,6.0,7.0,28.0,62.0,2.0,65.0,64.0,61.0,62.0,9.0,63.0,49.0,11.0,56.0,10.0,76.0,61.0,0.9152542372881356,0.96,0.918918918918919,0.935897435897436,0.96,1.0,0.6666666666666666,1.0,0.8214285714285714,0.9193548387096774,0.0,0.9846153846153848,0.96875,0.0,0.967741935483871,1.0,0.4444444444444444,0.9591836734693876,1.0,0.6964285714285714,0.0,36,11.0,150.0,4.166666666666667,5.4,176.2,4.894444444444444
74,72,70,2023-03-21,22-077,WAS,@,ORL,L (-10),0,33:57,5.0,6.0,.833,3.0,4.0,.750,2,3.0,.667,0.0,10.0,10.0,3.0,2.0,0.0,4.0,2.0,15.0,14.7,-14,2.0,2.0,1.0,54,48,68,73,48,6,4,7,23,57,64,62,60,9,28,47,11,39,59.0,50.0,74.0,78.0,50.0,6.0,6.0,7.0,28.0,62.0,2.0,65.0,64.0,62.0,9.0,63.0,49.0,11.0,56.0,10.0,0.9152542372881356,0.96,0.918918918918919,0.935897435897436,0.96,1.0,0.6666666666666666,1.0,0.8214285714285714,0.9193548387096774,0.0,0.9846153846153848,0.96875,0.967741935483871,1.0,0.4444444444444444,0.9591836734693876,1.0,0.6964285714285714,0.0,54,48,68,73,48,6,4,7,23,57,64,62,60,9,28,47,11,39,59.0,50.0,74.0,78.0,50.0,6.0,6.0,7.0,28.0,62.0,2.0,65.0,64.0,61.0,62.0,9.0,63.0,49.0,11.0,56.0,10.0,76.0,61.0,0.9152542372881356,0.96,0.918918918918919,0.935897435897436,0.96,1.0,0.6666666666666666,1.0,0.8214285714285714,0.9193548387096774,0.0,0.9846153846153848,0.96875,0.0,0.967741935483871,1.0,0.4444444444444444,0.9591836734693876,1.0,0.6964285714285714,0.0,36,17.0,94.0,2.611111111111111,13.900000000000002,124.4,3.4555555555555557
75,73,71,2023-03-22,22-078,WAS,,DEN,L (-14),1,31:41,7.0,9.0,.778,1.0,2.0,.500,1,2.0,.500,0.0,8.0,8.0,6.0,0.0,0.0,4.0,1.0,16.0,14.3,-23,7.0,6.0,0.8571428571428571,54,48,68,73,48,6,4,7,23,57,64,62,60,9,28,47,11,39,59.0,50.0,74.0,78.0,50.0,6.0,6.0,7.0,28.0,62.0,2.0,65.0,64.0,62.0,9.0,63.0,49.0,11.0,56.0,10.0,0.9152542372881356,0.96,0.918918918918919,0.935897435897436,0.96,1.0,0.6666666666666666,1.0,0.8214285714285714,0.9193548387096774,0.0,0.9846153846153848,0.96875,0.967741935483871,1.0,0.4444444444444444,0.9591836734693876,1.0,0.6964285714285714,0.0,54,48,68,73,48,6,4,7,23,57,64,62,60,9,28,47,11,39,59.0,50.0,74.0,78.0,50.0,6.0,6.0,7.0,28.0,62.0,2.0,65.0,64.0,61.0,62.0,9.0,63.0,49.0,11.0,56.0,10.0,76.0,61.0,0.9152542372881356,0.96,0.918918918918919,0.935897435897436,0.96,1.0,0.6666666666666666,1.0,0.8214285714285714,0.9193548387096774,0.0,0.9846153846153848,0.96875,0.0,0.967741935483871,1.0,0.4444444444444444,0.9591836734693876,1.0,0.6964285714285714,0.0,36,15.0,95.0,2.638888888888889,13.9,113.6,3.1555555555555554
76,74,72,2023-03-24,22-080,WAS,,SAS,W (+12),1,33:32,9.0,14.0,.643,3.0,6.0,.500,0,1.0,.000,0.0,11.0,11.0,6.0,1.0,0.0,2.0,4.0,21.0,19.3,0,8.0,6.0,0.75,54,48,68,73,48,6,4,7,23,57,64,62,60,9,28,47,11,39,59.0,50.0,74.0,78.0,50.0,6.0,6.0,7.0,28.0,62.0,2.0,65.0,64.0,62.0,9.0,63.0,49.0,11.0,56.0,10.0,0.9152542372881356,0.96,0.918918918918919,0.935897435897436,0.96,1.0,0.6666666666666666,1.0,0.8214285714285714,0.9193548387096774,0.0,0.9846153846153848,0.96875,0.967741935483871,1.0,0.4444444444444444,0.9591836734693876,1.0,0.6964285714285714,0.0,54,48,68,73,48,6,4,7,23,57,64,62,60,9,28,47,11,39,59.0,50.0,74.0,78.0,50.0,6.0,6.0,7.0,28.0,62.0,2.0,65.0,64.0,61.0,62.0,9.0,63.0,49.0,11.0,56.0,10.0,76.0,61.0,0.9152542372881356,0.96,0.918918918918919,0.935897435897436,0.96,1.0,0.6666666666666666,1.0,0.8214285714285714,0.9193548387096774,0.0,0.9846153846153848,0.96875,0.0,0.967741935483871,1.0,0.4444444444444444,0.9591836734693876,1.0,0.6964285714285714,0.0,36,22.0,168.0,4.666666666666667,19.300000000000004,196.00000000000003,5.4444444444444455
77,75,73,2023-03-26,22-082,WAS,@,TOR,L (-10),1,34:26,6.0,13.0,.462,1.0,4.0,.250,2,4.0,.500,3.0,6.0,9.0,7.0,1.0,0.0,3.0,2.0,15.0,13.5,+3,9.0,5.0,0.5555555555555556,54,48,68,73,48,6,4,7,23,57,64,62,60,9,28,47,11,39,59.0,50.0,74.0,78.0,50.0,6.0,6.0,7.0,28.0,62.0,2.0,65.0,64.0,62.0,9.0,63.0,49.0,11.0,56.0,10.0,0.9152542372881356,0.96,0.918918918918919,0.935897435897436,0.96,1.0,0.6666666666666666,1.0,0.8214285714285714,0.9193548387096774,0.0,0.9846153846153848,0.96875,0.967741935483871,1.0,0.4444444444444444,0.9591836734693876,1.0,0.6964285714285714,0.0,54,48,68,73,48,6,4,7,23,57,64,62,60,9,28,47,11,39,59.0,50.0,74.0,78.0,50.0,6.0,6.0,7.0,28.0,62.0,2.0,65.0,64.0,61.0,62.0,9.0,63.0,49.0,11.0,56.0,10.0,76.0,61.0,0.9152542372881356,0.96,0.918918918918919,0.935897435897436,0.96,1.0,0.6666666666666666,1.0,0.8214285714285714,0.9193548387096774,0.0,0.9846153846153848,0.96875,0.0,0.967741935483871,1.0,0.4444444444444444,0.9591836734693876,1.0,0.6964285714285714,0.0,36,12.0,131.0,3.638888888888889,12.7,161.59999999999997,4.488888888888888
78,76,74,2023-03-28,22-084,WAS,,BOS,W (+19),1,36:31,10.0,16.0,.625,2.0,5.0,.400,3,5.0,.600,0.0,10.0,10.0,5.0,1.0,0.0,4.0,1.0,25.0,20.1,+12,11.0,8.0,0.7272727272727273,54,48,68,73,48,6,4,7,23,57,64,62,60,9,28,47,11,39,59.0,50.0,74.0,78.0,50.0,6.0,6.0,7.0,28.0,62.0,2.0,65.0,64.0,62.0,9.0,63.0,49.0,11.0,56.0,10.0,0.9152542372881356,0.96,0.918918918918919,0.935897435897436,0.96,1.0,0.6666666666666666,1.0,0.8214285714285714,0.9193548387096774,0.0,0.9846153846153848,0.96875,0.967741935483871,1.0,0.4444444444444444,0.9591836734693876,1.0,0.6964285714285714,0.0,54,48,68,73,48,6,4,7,23,57,64,62,60,9,28,47,11,39,59.0,50.0,74.0,78.0,50.0,6.0,6.0,7.0,28.0,62.0,2.0,65.0,64.0,61.0,62.0,9.0,63.0,49.0,11.0,56.0,10.0,76.0,61.0,0.9152542372881356,0.96,0.918918918918919,0.935897435897436,0.96,1.0,0.6666666666666666,1.0,0.8214285714285714,0.9193548387096774,0.0,0.9846153846153848,0.96875,0.0,0.967741935483871,1.0,0.4444444444444444,0.9591836734693876,1.0,0.6964285714285714,0.0,36,16.0,182.0,5.055555555555555,18.9,175.99999999999994,4.8888888888888875
79,77,75,2023-03-31,22-087,WAS,,ORL,L (-7),1,31:48,2.0,14.0,.143,0.0,6.0,.000,2,3.0,.667,0.0,6.0,6.0,4.0,0.0,0.0,1.0,4.0,6.0,-1.4,,8.0,2.0,0.25,54,48,68,73,48,6,4,7,23,57,64,62,60,9,28,47,11,39,59.0,50.0,74.0,78.0,50.0,6.0,6.0,7.0,28.0,62.0,2.0,65.0,64.0,62.0,9.0,63.0,49.0,11.0,56.0,10.0,0.9152542372881356,0.96,0.918918918918919,0.935897435897436,0.96,1.0,0.6666666666666666,1.0,0.8214285714285714,0.9193548387096774,0.0,0.9846153846153848,0.96875,0.967741935483871,1.0,0.4444444444444444,0.9591836734693876,1.0,0.6964285714285714,0.0,54,48,68,73,48,6,4,7,23,57,64,62,60,9,28,47,11,39,59.0,50.0,74.0,78.0,50.0,6.0,6.0,7.0,28.0,62.0,2.0,65.0,64.0,61.0,62.0,9.0,63.0,49.0,11.0,56.0,10.0,76.0,61.0,0.9152542372881356,0.96,0.918918918918919,0.935897435897436,0.96,1.0,0.6666666666666666,1.0,0.8214285714285714,0.9193548387096774,0.0,0.9846153846153848,0.96875,0.0,0.967741935483871,1.0,0.4444444444444444,0.9591836734693876,1.0,0.6964285714285714,0.0,36,-2.0,175.0,4.861111111111111,-2.2000000000000006,179.0,4.972222222222222
80,78,76,2023-04-02,22-089,WAS,@,NYK,L (-9),1,34:25,3.0,8.0,.375,1.0,3.0,.333,2,2.0,1.000,0.0,3.0,3.0,5.0,3.0,1.0,8.0,4.0,9.0,3.1,-3,5.0,2.0,0.4,54,48,68,73,48,6,4,7,23,57,64,62,60,9,28,47,11,39,59.0,50.0,74.0,78.0,50.0,6.0,6.0,7.0,28.0,62.0,2.0,65.0,64.0,62.0,9.0,63.0,49.0,11.0,56.0,10.0,0.9152542372881356,0.96,0.918918918918919,0.935897435897436,0.96,1.0,0.6666666666666666,1.0,0.8214285714285714,0.9193548387096774,0.0,0.9846153846153848,0.96875,0.967741935483871,1.0,0.4444444444444444,0.9591836734693876,1.0,0.6964285714285714,0.0,54,48,68,73,48,6,4,7,23,57,64,62,60,9,28,47,11,39,59.0,50.0,74.0,78.0,50.0,6.0,6.0,7.0,28.0,62.0,2.0,65.0,64.0,61.0,62.0,9.0,63.0,49.0,11.0,56.0,10.0,76.0,61.0,0.9152542372881356,0.96,0.918918918918919,0.935897435897436,0.96,1.0,0.6666666666666666,1.0,0.8214285714285714,0.9193548387096774,0.0,0.9846153846153848,0.96875,0.0,0.967741935483871,1.0,0.4444444444444444,0.9591836734693876,1.0,0.6964285714285714,0.0,36,3.0,150.0,4.166666666666667,2.3000000000000007,178.59999999999997,4.96111111111111
81,79,,2023-04-04,22-091,WAS,,MIL,L (-12),Inactive,Inactive,0.0,0.0,Inactive,,,Inactive,Inactive,0.0,Inactive,0.0,0.0,,0.0,0.0,0.0,0.0,0.0,0.0,Inactive,Inactive,,,,54,48,68,73,48,6,4,7,23,57,64,62,60,9,28,47,11,39,59.0,50.0,74.0,78.0,50.0,6.0,6.0,7.0,28.0,62.0,2.0,65.0,64.0,62.0,9.0,63.0,49.0,11.0,56.0,10.0,0.9152542372881356,0.96,0.918918918918919,0.935897435897436,0.96,1.0,0.6666666666666666,1.0,0.8214285714285714,0.9193548387096774,0.0,0.9846153846153848,0.96875,0.967741935483871,1.0,0.4444444444444444,0.9591836734693876,1.0,0.6964285714285714,0.0,54,48,68,73,48,6,4,7,23,57,64,62,60,9,28,47,11,39,59.0,50.0,74.0,78.0,50.0,6.0,6.0,7.0,28.0,62.0,2.0,65.0,64.0,61.0,62.0,9.0,63.0,49.0,11.0,56.0,10.0,76.0,61.0,0.9152542372881356,0.96,0.918918918918919,0.935897435897436,0.96,1.0,0.6666666666666666,1.0,0.8214285714285714,0.9193548387096774,0.0,0.9846153846153848,0.96875,0.0,0.967741935483871,1.0,0.4444444444444444,0.9591836734693876,1.0,0.6964285714285714,0.0,36,,81.0,2.25,0.0,99.8,2.772222222222222
82,80,,2023-04-05,22-092,WAS,@,ATL,L (-18),Inactive,Inactive,0.0,0.0,Inactive,,,Inactive,Inactive,0.0,Inactive,0.0,0.0,,0.0,0.0,0.0,0.0,0.0,0.0,Inactive,Inactive,,,,54,48,68,73,48,6,4,7,23,57,64,62,60,9,28,47,11,39,59.0,50.0,74.0,78.0,50.0,6.0,6.0,7.0,28.0,62.0,2.0,65.0,64.0,62.0,9.0,63.0,49.0,11.0,56.0,10.0,0.9152542372881356,0.96,0.918918918918919,0.935897435897436,0.96,1.0,0.6666666666666666,1.0,0.8214285714285714,0.9193548387096774,0.0,0.9846153846153848,0.96875,0.967741935483871,1.0,0.4444444444444444,0.9591836734693876,1.0,0.6964285714285714,0.0,54,48,68,73,48,6,4,7,23,57,64,62,60,9,28,47,11,39,59.0,50.0,74.0,78.0,50.0,6.0,6.0,7.0,28.0,62.0,2.0,65.0,64.0,61.0,62.0,9.0,63.0,49.0,11.0,56.0,10.0,76.0,61.0,0.9152542372881356,0.96,0.918918918918919,0.935897435897436,0.96,1.0,0.6666666666666666,1.0,0.8214285714285714,0.9193548387096774,0.0,0.9846153846153848,0.96875,0.0,0.967741935483871,1.0,0.4444444444444444,0.9591836734693876,1.0,0.6964285714285714,0.0,36,,92.0,2.555555555555556,0.0,120.4,3.3444444444444446
83,Rk,G,Date,Age,Tm,,Opp,,GS,MP,0.0,0.0,FG%,,,3P%,FT,0.0,FT%,0.0,0.0,,0.0,0.0,0.0,0.0,0.0,0.0,GmSc,+/-,,,,54,48,68,73,48,6,4,7,23,57,64,62,60,9,28,47,11,39,59.0,50.0,74.0,78.0,50.0,6.0,6.0,7.0,28.0,62.0,2.0,65.0,64.0,62.0,9.0,63.0,49.0,11.0,56.0,10.0,0.9152542372881356,0.96,0.918918918918919,0.935897435897436,0.96,1.0,0.6666666666666666,1.0,0.8214285714285714,0.9193548387096774,0.0,0.9846153846153848,0.96875,0.967741935483871,1.0,0.4444444444444444,0.9591836734693876,1.0,0.6964285714285714,0.0,54,48,68,73,48,6,4,7,23,57,64,62,60,9,28,47,11,39,59.0,50.0,74.0,78.0,50.0,6.0,6.0,7.0,28.0,62.0,2.0,65.0,64.0,61.0,62.0,9.0,63.0,49.0,11.0,56.0,10.0,76.0,61.0,0.9152542372881356,0.96,0.918918918918919,0.935897435897436,0.96,1.0,0.6666666666666666,1.0,0.8214285714285714,0.9193548387096774,0.0,0.9846153846153848,0.96875,0.0,0.967741935483871,1.0,0.4444444444444444,0.9591836734693876,1.0,0.6964285714285714,0.0,36,,0.0,0.0,0.0,0.0,0.0
84,81,,2023-04-07,22-094,WAS,,MIA,W (+6),Inactive,Inactive,0.0,0.0,Inactive,,,Inactive,Inactive,0.0,Inactive,0.0,0.0,,0.0,0.0,0.0,0.0,0.0,0.0,Inactive,Inactive,,,,54,48,68,73,48,6,4,7,23,57,64,62,60,9,28,47,11,39,59.0,50.0,74.0,78.0,50.0,6.0,6.0,7.0,28.0,62.0,2.0,65.0,64.0,62.0,9.0,63.0,49.0,11.0,56.0,10.0,0.9152542372881356,0.96,0.918918918918919,0.935897435897436,0.96,1.0,0.6666666666666666,1.0,0.8214285714285714,0.9193548387096774,0.0,0.9846153846153848,0.96875,0.967741935483871,1.0,0.4444444444444444,0.9591836734693876,1.0,0.6964285714285714,0.0,54,48,68,73,48,6,4,7,23,57,64,62,60,9,28,47,11,39,59.0,50.0,74.0,78.0,50.0,6.0,6.0,7.0,28.0,62.0,2.0,65.0,64.0,61.0,62.0,9.0,63.0,49.0,11.0,56.0,10.0,76.0,61.0,0.9152542372881356,0.96,0.918918918918919,0.935897435897436,0.96,1.0,0.6666666666666666,1.0,0.8214285714285714,0.9193548387096774,0.0,0.9846153846153848,0.96875,0.0,0.967741935483871,1.0,0.4444444444444444,0.9591836734693876,1.0,0.6964285714285714,0.0,36,,100.0,2.7777777777777777,0.0,126.2,3.5055555555555555
