Unnamed: 0,Rk,G,Date,Age,Tm,Unnamed: 5,Opp,Unnamed: 7,GS,MP,FG,FGA,FG%,3P,3PA,3P%,FT,FTA,FT%,ORB,DRB,TRB,AST,STL,BLK,TOV,PF,PTS,GmSc,+/-,2PA,2P,2P%,Shared Games with Anthony Gill,Shared Games with Bradley Beal,Shared Games with Corey Kispert,Shared Games with Daniel Gafford,Shared Games with Delon Wright,Shared Games with Deni Avdija,Shared Games with Devon Dotson,Shared Games with Isaiah Todd,Shared Games with Jay Huff,Shared Games with Johnny Davis,Shared Games with Kristaps Porziņģis,Shared Games with Kyle Kuzma,Shared Games with Monte Morris,Shared Games with Quenton Jackson,Shared Games with Rui Hachimura,Shared Games with Taj Gibson,Shared Games with Vernon Carey Jr.,Shared Games with Will Barton,Anthony Gill,Bradley Beal,Corey Kispert,Daniel Gafford,Delon Wright,Deni Avdija,Devon Dotson,Isaiah Todd,Jay Huff,Johnny Davis,Jordan Schakel,Kristaps Porziņģis,Kyle Kuzma,Monte Morris,Quenton Jackson,Rui Hachimura,Taj Gibson,Vernon Carey Jr.,Will Barton,Xavier Cooks,co_inf with Anthony Gill,co_inf with Bradley Beal,co_inf with Corey Kispert,co_inf with Daniel Gafford,co_inf with Delon Wright,co_inf with Deni Avdija,co_inf with Devon Dotson,co_inf with Isaiah Todd,co_inf with Jay Huff,co_inf with Johnny Davis,co_inf with Jordan Schakel,co_inf with Kristaps Porziņģis,co_inf with Kyle Kuzma,co_inf with Monte Morris,co_inf with Quenton Jackson,co_inf with Rui Hachimura,co_inf with Taj Gibson,co_inf with Vernon Carey Jr.,co_inf with Will Barton,co_inf with Xavier Cooks,A.J. Green,A.J. Lawson,Aaron Gordon,Aaron Holiday,Aaron Nesmith,Aaron Wiggins,Admiral Schofield,AJ Griffin,Al Horford,Alec Burks,Aleksej Pokusevski,Alex Caruso,Alex Len,Alize Johnson,Alondes Williams,Alperen Şengün,Amir Coffey,Andre Drummond,Andre Iguodala,Andrew Nembhard,Andrew Wiggins,Anfernee Simons,Marcus Smart,Total Shared Players,CO_EFF,EFF,avg_EFF,CO_HGS,HGS,avg_HGS
0,1,,2022-10-19,23-361,WAS,@,IND,W (+7),Did Not Play,Did Not Play,0.0,0.0,Did Not Play,,,Did Not Play,Did Not Play,0.0,Did Not Play,0.0,0.0,,0.0,0.0,0.0,0.0,0.0,0.0,Did Not Play,Did Not Play,,,,48,30,60,59,34,57,5,5,6,24,47,45,42,6,19,37,8,32,59.0,50.0,74.0,78.0,50.0,76.0,6.0,6.0,7.0,28.0,2.0,65.0,64.0,62.0,9.0,63.0,49.0,11.0,56.0,10.0,0.8135593220338984,0.6,0.8108108108108109,0.7564102564102564,0.68,0.75,0.8333333333333334,0.8333333333333334,0.8571428571428571,0.8571428571428571,0.0,0.7230769230769231,0.703125,0.6774193548387096,0.6666666666666666,0.3015873015873015,0.7551020408163265,0.7272727272727273,0.5714285714285714,0.0,59.0,50.0,74.0,78.0,50.0,76.0,6.0,6.0,7.0,28.0,62.0,2.0,65.0,64.0,61.0,62.0,9.0,63.0,49.0,11.0,56.0,10.0,61.0,18,,72.0,4.0,0.0,81.39999999999998,4.522222222222221
1,2,,2022-10-21,23-363,WAS,,CHI,W (+2),Did Not Play,Did Not Play,0.0,0.0,Did Not Play,,,Did Not Play,Did Not Play,0.0,Did Not Play,0.0,0.0,,0.0,0.0,0.0,0.0,0.0,0.0,Did Not Play,Did Not Play,,,,48,30,60,59,34,57,5,5,6,24,47,45,42,6,19,37,8,32,59.0,50.0,74.0,78.0,50.0,76.0,6.0,6.0,7.0,28.0,2.0,65.0,64.0,62.0,9.0,63.0,49.0,11.0,56.0,10.0,0.8135593220338984,0.6,0.8108108108108109,0.7564102564102564,0.68,0.75,0.8333333333333334,0.8333333333333334,0.8571428571428571,0.8571428571428571,0.0,0.7230769230769231,0.703125,0.6774193548387096,0.6666666666666666,0.3015873015873015,0.7551020408163265,0.7272727272727273,0.5714285714285714,0.0,59.0,50.0,74.0,78.0,50.0,76.0,6.0,6.0,7.0,28.0,62.0,2.0,65.0,64.0,61.0,62.0,9.0,63.0,49.0,11.0,56.0,10.0,61.0,18,,77.0,4.277777777777778,0.0,79.99999999999999,4.444444444444444
2,3,,2022-10-23,24-000,WAS,@,CLE,L (-10),Did Not Play,Did Not Play,0.0,0.0,Did Not Play,,,Did Not Play,Did Not Play,0.0,Did Not Play,0.0,0.0,,0.0,0.0,0.0,0.0,0.0,0.0,Did Not Play,Did Not Play,,,,48,30,60,59,34,57,5,5,6,24,47,45,42,6,19,37,8,32,59.0,50.0,74.0,78.0,50.0,76.0,6.0,6.0,7.0,28.0,2.0,65.0,64.0,62.0,9.0,63.0,49.0,11.0,56.0,10.0,0.8135593220338984,0.6,0.8108108108108109,0.7564102564102564,0.68,0.75,0.8333333333333334,0.8333333333333334,0.8571428571428571,0.8571428571428571,0.0,0.7230769230769231,0.703125,0.6774193548387096,0.6666666666666666,0.3015873015873015,0.7551020408163265,0.7272727272727273,0.5714285714285714,0.0,59.0,50.0,74.0,78.0,50.0,76.0,6.0,6.0,7.0,28.0,62.0,2.0,65.0,64.0,61.0,62.0,9.0,63.0,49.0,11.0,56.0,10.0,61.0,18,,64.0,3.555555555555556,0.0,74.50000000000001,4.138888888888889
3,4,1,2022-10-25,24-002,WAS,,DET,W (+21),0,2:18,1.0,1.0,1.000,0.0,0.0,,0,0.0,,1.0,2.0,3.0,0.0,0.0,0.0,1.0,0.0,2.0,2.0,0,1.0,1.0,1.0,48,30,60,59,34,57,5,5,6,24,47,45,42,6,19,37,8,32,59.0,50.0,74.0,78.0,50.0,76.0,6.0,6.0,7.0,28.0,2.0,65.0,64.0,62.0,9.0,63.0,49.0,11.0,56.0,10.0,0.8135593220338984,0.6,0.8108108108108109,0.7564102564102564,0.68,0.75,0.8333333333333334,0.8333333333333334,0.8571428571428571,0.8571428571428571,0.0,0.7230769230769231,0.703125,0.6774193548387096,0.6666666666666666,0.3015873015873015,0.7551020408163265,0.7272727272727273,0.5714285714285714,0.0,59.0,50.0,74.0,78.0,50.0,76.0,6.0,6.0,7.0,28.0,62.0,2.0,65.0,64.0,61.0,62.0,9.0,63.0,49.0,11.0,56.0,10.0,61.0,18,3.0,87.0,4.833333333333333,2.0,96.29999999999998,5.349999999999999
4,5,,2022-10-28,24-005,WAS,,IND,L (-10),Did Not Play,Did Not Play,0.0,0.0,Did Not Play,,,Did Not Play,Did Not Play,0.0,Did Not Play,0.0,0.0,,0.0,0.0,0.0,0.0,0.0,0.0,Did Not Play,Did Not Play,,,,48,30,60,59,34,57,5,5,6,24,47,45,42,6,19,37,8,32,59.0,50.0,74.0,78.0,50.0,76.0,6.0,6.0,7.0,28.0,2.0,65.0,64.0,62.0,9.0,63.0,49.0,11.0,56.0,10.0,0.8135593220338984,0.6,0.8108108108108109,0.7564102564102564,0.68,0.75,0.8333333333333334,0.8333333333333334,0.8571428571428571,0.8571428571428571,0.0,0.7230769230769231,0.703125,0.6774193548387096,0.6666666666666666,0.3015873015873015,0.7551020408163265,0.7272727272727273,0.5714285714285714,0.0,59.0,50.0,74.0,78.0,50.0,76.0,6.0,6.0,7.0,28.0,62.0,2.0,65.0,64.0,61.0,62.0,9.0,63.0,49.0,11.0,56.0,10.0,61.0,18,,62.0,3.4444444444444446,0.0,78.7,4.372222222222223
5,6,2,2022-10-30,24-007,WAS,@,BOS,L (-18),0,18:20,3.0,4.0,.750,0.0,1.0,.000,0,0.0,,0.0,2.0,2.0,2.0,1.0,1.0,1.0,1.0,6.0,6.7,+8,3.0,3.0,1.0,48,30,60,59,34,57,5,5,6,24,47,45,42,6,19,37,8,32,59.0,50.0,74.0,78.0,50.0,76.0,6.0,6.0,7.0,28.0,2.0,65.0,64.0,62.0,9.0,63.0,49.0,11.0,56.0,10.0,0.8135593220338984,0.6,0.8108108108108109,0.7564102564102564,0.68,0.75,0.8333333333333334,0.8333333333333334,0.8571428571428571,0.8571428571428571,0.0,0.7230769230769231,0.703125,0.6774193548387096,0.6666666666666666,0.3015873015873015,0.7551020408163265,0.7272727272727273,0.5714285714285714,0.0,59.0,50.0,74.0,78.0,50.0,76.0,6.0,6.0,7.0,28.0,62.0,2.0,65.0,64.0,61.0,62.0,9.0,63.0,49.0,11.0,56.0,10.0,61.0,18,7.0,49.0,2.7222222222222223,6.700000000000001,54.10000000000001,3.005555555555556
6,7,,2022-10-31,24-008,WAS,,PHI,L (-7),Did Not Play,Did Not Play,0.0,0.0,Did Not Play,,,Did Not Play,Did Not Play,0.0,Did Not Play,0.0,0.0,,0.0,0.0,0.0,0.0,0.0,0.0,Did Not Play,Did Not Play,,,,48,30,60,59,34,57,5,5,6,24,47,45,42,6,19,37,8,32,59.0,50.0,74.0,78.0,50.0,76.0,6.0,6.0,7.0,28.0,2.0,65.0,64.0,62.0,9.0,63.0,49.0,11.0,56.0,10.0,0.8135593220338984,0.6,0.8108108108108109,0.7564102564102564,0.68,0.75,0.8333333333333334,0.8333333333333334,0.8571428571428571,0.8571428571428571,0.0,0.7230769230769231,0.703125,0.6774193548387096,0.6666666666666666,0.3015873015873015,0.7551020408163265,0.7272727272727273,0.5714285714285714,0.0,59.0,50.0,74.0,78.0,50.0,76.0,6.0,6.0,7.0,28.0,62.0,2.0,65.0,64.0,61.0,62.0,9.0,63.0,49.0,11.0,56.0,10.0,61.0,18,,66.0,3.6666666666666665,0.0,79.0,4.388888888888889
7,8,,2022-11-02,24-010,WAS,@,PHI,W (+10),Did Not Play,Did Not Play,0.0,0.0,Did Not Play,,,Did Not Play,Did Not Play,0.0,Did Not Play,0.0,0.0,,0.0,0.0,0.0,0.0,0.0,0.0,Did Not Play,Did Not Play,,,,48,30,60,59,34,57,5,5,6,24,47,45,42,6,19,37,8,32,59.0,50.0,74.0,78.0,50.0,76.0,6.0,6.0,7.0,28.0,2.0,65.0,64.0,62.0,9.0,63.0,49.0,11.0,56.0,10.0,0.8135593220338984,0.6,0.8108108108108109,0.7564102564102564,0.68,0.75,0.8333333333333334,0.8333333333333334,0.8571428571428571,0.8571428571428571,0.0,0.7230769230769231,0.703125,0.6774193548387096,0.6666666666666666,0.3015873015873015,0.7551020408163265,0.7272727272727273,0.5714285714285714,0.0,59.0,50.0,74.0,78.0,50.0,76.0,6.0,6.0,7.0,28.0,62.0,2.0,65.0,64.0,61.0,62.0,9.0,63.0,49.0,11.0,56.0,10.0,61.0,18,,88.0,4.888888888888889,0.0,99.9,5.550000000000001
8,9,3,2022-11-04,24-012,WAS,,BRK,L (-42),0,7:43,0.0,2.0,.000,0.0,1.0,.000,0,0.0,,0.0,0.0,0.0,1.0,0.0,0.0,0.0,1.0,0.0,-1.1,-5,1.0,0.0,0.0,48,30,60,59,34,57,5,5,6,24,47,45,42,6,19,37,8,32,59.0,50.0,74.0,78.0,50.0,76.0,6.0,6.0,7.0,28.0,2.0,65.0,64.0,62.0,9.0,63.0,49.0,11.0,56.0,10.0,0.8135593220338984,0.6,0.8108108108108109,0.7564102564102564,0.68,0.75,0.8333333333333334,0.8333333333333334,0.8571428571428571,0.8571428571428571,0.0,0.7230769230769231,0.703125,0.6774193548387096,0.6666666666666666,0.3015873015873015,0.7551020408163265,0.7272727272727273,0.5714285714285714,0.0,59.0,50.0,74.0,78.0,50.0,76.0,6.0,6.0,7.0,28.0,62.0,2.0,65.0,64.0,61.0,62.0,9.0,63.0,49.0,11.0,56.0,10.0,61.0,18,-1.0,37.0,2.055555555555556,-1.1,46.39999999999999,2.5777777777777775
9,10,4,2022-11-06,24-014,WAS,@,MEM,L (-6),0,26:02,4.0,7.0,.571,1.0,4.0,.250,0,0.0,,4.0,4.0,8.0,5.0,2.0,1.0,0.0,3.0,9.0,14.7,+12,3.0,3.0,1.0,48,30,60,59,34,57,5,5,6,24,47,45,42,6,19,37,8,32,59.0,50.0,74.0,78.0,50.0,76.0,6.0,6.0,7.0,28.0,2.0,65.0,64.0,62.0,9.0,63.0,49.0,11.0,56.0,10.0,0.8135593220338984,0.6,0.8108108108108109,0.7564102564102564,0.68,0.75,0.8333333333333334,0.8333333333333334,0.8571428571428571,0.8571428571428571,0.0,0.7230769230769231,0.703125,0.6774193548387096,0.6666666666666666,0.3015873015873015,0.7551020408163265,0.7272727272727273,0.5714285714285714,0.0,59.0,50.0,74.0,78.0,50.0,76.0,6.0,6.0,7.0,28.0,62.0,2.0,65.0,64.0,61.0,62.0,9.0,63.0,49.0,11.0,56.0,10.0,61.0,18,18.0,60.0,3.333333333333333,14.7,60.2,3.3444444444444446
10,11,5,2022-11-07,24-015,WAS,@,CHO,W (+8),0,21:23,7.0,7.0,1.000,1.0,1.0,1.000,2,2.0,1.000,2.0,2.0,4.0,5.0,0.0,2.0,1.0,1.0,17.0,20.4,+10,6.0,6.0,1.0,48,30,60,59,34,57,5,5,6,24,47,45,42,6,19,37,8,32,59.0,50.0,74.0,78.0,50.0,76.0,6.0,6.0,7.0,28.0,2.0,65.0,64.0,62.0,9.0,63.0,49.0,11.0,56.0,10.0,0.8135593220338984,0.6,0.8108108108108109,0.7564102564102564,0.68,0.75,0.8333333333333334,0.8333333333333334,0.8571428571428571,0.8571428571428571,0.0,0.7230769230769231,0.703125,0.6774193548387096,0.6666666666666666,0.3015873015873015,0.7551020408163265,0.7272727272727273,0.5714285714285714,0.0,59.0,50.0,74.0,78.0,50.0,76.0,6.0,6.0,7.0,28.0,62.0,2.0,65.0,64.0,61.0,62.0,9.0,63.0,49.0,11.0,56.0,10.0,61.0,18,18.0,58.0,3.2222222222222223,19.6,57.8,3.211111111111111
11,12,6,2022-11-10,24-018,WAS,,DAL,W (+8),0,28:44,1.0,4.0,.250,0.0,1.0,.000,0,0.0,,1.0,6.0,7.0,6.0,1.0,0.0,2.0,2.0,2.0,4.5,+12,3.0,1.0,0.3333333333333333,48,30,60,59,34,57,5,5,6,24,47,45,42,6,19,37,8,32,59.0,50.0,74.0,78.0,50.0,76.0,6.0,6.0,7.0,28.0,2.0,65.0,64.0,62.0,9.0,63.0,49.0,11.0,56.0,10.0,0.8135593220338984,0.6,0.8108108108108109,0.7564102564102564,0.68,0.75,0.8333333333333334,0.8333333333333334,0.8571428571428571,0.8571428571428571,0.0,0.7230769230769231,0.703125,0.6774193548387096,0.6666666666666666,0.3015873015873015,0.7551020408163265,0.7272727272727273,0.5714285714285714,0.0,59.0,50.0,74.0,78.0,50.0,76.0,6.0,6.0,7.0,28.0,62.0,2.0,65.0,64.0,61.0,62.0,9.0,63.0,49.0,11.0,56.0,10.0,61.0,18,10.0,84.0,4.666666666666667,4.499999999999998,77.80000000000003,4.322222222222224
12,13,7,2022-11-12,24-020,WAS,,UTA,W (+9),0,20:32,3.0,8.0,.375,3.0,3.0,1.000,0,0.0,,1.0,1.0,2.0,2.0,1.0,2.0,0.0,3.0,9.0,8.2,-8,5.0,0.0,0.0,48,30,60,59,34,57,5,5,6,24,47,45,42,6,19,37,8,32,59.0,50.0,74.0,78.0,50.0,76.0,6.0,6.0,7.0,28.0,2.0,65.0,64.0,62.0,9.0,63.0,49.0,11.0,56.0,10.0,0.8135593220338984,0.6,0.8108108108108109,0.7564102564102564,0.68,0.75,0.8333333333333334,0.8333333333333334,0.8571428571428571,0.8571428571428571,0.0,0.7230769230769231,0.703125,0.6774193548387096,0.6666666666666666,0.3015873015873015,0.7551020408163265,0.7272727272727273,0.5714285714285714,0.0,59.0,50.0,74.0,78.0,50.0,76.0,6.0,6.0,7.0,28.0,62.0,2.0,65.0,64.0,61.0,62.0,9.0,63.0,49.0,11.0,56.0,10.0,61.0,18,8.0,84.0,4.666666666666667,8.2,93.9,5.216666666666667
13,14,8,2022-11-13,24-021,WAS,,MEM,W (+10),0,26:08,3.0,7.0,.429,3.0,4.0,.750,1,2.0,.500,1.0,7.0,8.0,4.0,1.0,1.0,0.0,2.0,10.0,12.4,+3,3.0,0.0,0.0,48,30,60,59,34,57,5,5,6,24,47,45,42,6,19,37,8,32,59.0,50.0,74.0,78.0,50.0,76.0,6.0,6.0,7.0,28.0,2.0,65.0,64.0,62.0,9.0,63.0,49.0,11.0,56.0,10.0,0.8135593220338984,0.6,0.8108108108108109,0.7564102564102564,0.68,0.75,0.8333333333333334,0.8333333333333334,0.8571428571428571,0.8571428571428571,0.0,0.7230769230769231,0.703125,0.6774193548387096,0.6666666666666666,0.3015873015873015,0.7551020408163265,0.7272727272727273,0.5714285714285714,0.0,59.0,50.0,74.0,78.0,50.0,76.0,6.0,6.0,7.0,28.0,62.0,2.0,65.0,64.0,61.0,62.0,9.0,63.0,49.0,11.0,56.0,10.0,61.0,18,15.0,53.0,2.9444444444444446,11.999999999999996,63.89999999999999,3.5499999999999994
14,15,9,2022-11-16,24-024,WAS,,OKC,L (-1),0,19:43,2.0,3.0,.667,0.0,0.0,,0,0.0,,2.0,1.0,3.0,1.0,0.0,1.0,3.0,2.0,4.0,2.0,-15,3.0,2.0,0.6666666666666666,48,30,60,59,34,57,5,5,6,24,47,45,42,6,19,37,8,32,59.0,50.0,74.0,78.0,50.0,76.0,6.0,6.0,7.0,28.0,2.0,65.0,64.0,62.0,9.0,63.0,49.0,11.0,56.0,10.0,0.8135593220338984,0.6,0.8108108108108109,0.7564102564102564,0.68,0.75,0.8333333333333334,0.8333333333333334,0.8571428571428571,0.8571428571428571,0.0,0.7230769230769231,0.703125,0.6774193548387096,0.6666666666666666,0.3015873015873015,0.7551020408163265,0.7272727272727273,0.5714285714285714,0.0,59.0,50.0,74.0,78.0,50.0,76.0,6.0,6.0,7.0,28.0,62.0,2.0,65.0,64.0,61.0,62.0,9.0,63.0,49.0,11.0,56.0,10.0,61.0,18,3.0,81.0,4.5,2.0,92.20000000000002,5.122222222222224
15,16,,2022-11-18,24-026,WAS,,MIA,W (+1),Inactive,Inactive,0.0,0.0,Inactive,,,Inactive,Inactive,0.0,Inactive,0.0,0.0,,0.0,0.0,0.0,0.0,0.0,0.0,Inactive,Inactive,,,,48,30,60,59,34,57,5,5,6,24,47,45,42,6,19,37,8,32,59.0,50.0,74.0,78.0,50.0,76.0,6.0,6.0,7.0,28.0,2.0,65.0,64.0,62.0,9.0,63.0,49.0,11.0,56.0,10.0,0.8135593220338984,0.6,0.8108108108108109,0.7564102564102564,0.68,0.75,0.8333333333333334,0.8333333333333334,0.8571428571428571,0.8571428571428571,0.0,0.7230769230769231,0.703125,0.6774193548387096,0.6666666666666666,0.3015873015873015,0.7551020408163265,0.7272727272727273,0.5714285714285714,0.0,59.0,50.0,74.0,78.0,50.0,76.0,6.0,6.0,7.0,28.0,62.0,2.0,65.0,64.0,61.0,62.0,9.0,63.0,49.0,11.0,56.0,10.0,61.0,18,,79.0,4.388888888888889,0.0,76.90000000000002,4.272222222222223
16,17,10,2022-11-20,24-028,WAS,,CHO,W (+4),0,24:29,2.0,4.0,.500,1.0,1.0,1.000,0,2.0,.000,1.0,1.0,2.0,1.0,0.0,3.0,1.0,2.0,5.0,4.2,-13,3.0,1.0,0.3333333333333333,48,30,60,59,34,57,5,5,6,24,47,45,42,6,19,37,8,32,59.0,50.0,74.0,78.0,50.0,76.0,6.0,6.0,7.0,28.0,2.0,65.0,64.0,62.0,9.0,63.0,49.0,11.0,56.0,10.0,0.8135593220338984,0.6,0.8108108108108109,0.7564102564102564,0.68,0.75,0.8333333333333334,0.8333333333333334,0.8571428571428571,0.8571428571428571,0.0,0.7230769230769231,0.703125,0.6774193548387096,0.6666666666666666,0.3015873015873015,0.7551020408163265,0.7272727272727273,0.5714285714285714,0.0,59.0,50.0,74.0,78.0,50.0,76.0,6.0,6.0,7.0,28.0,62.0,2.0,65.0,64.0,61.0,62.0,9.0,63.0,49.0,11.0,56.0,10.0,61.0,18,4.0,65.0,3.611111111111111,4.2,72.69999999999999,4.038888888888888
17,18,11,2022-11-23,24-031,WAS,@,MIA,L (-8),1,24:39,3.0,7.0,.429,1.0,2.0,.500,1,3.0,.333,0.0,1.0,1.0,3.0,1.0,0.0,0.0,2.0,8.0,6.1,-1,5.0,2.0,0.4,48,30,60,59,34,57,5,5,6,24,47,45,42,6,19,37,8,32,59.0,50.0,74.0,78.0,50.0,76.0,6.0,6.0,7.0,28.0,2.0,65.0,64.0,62.0,9.0,63.0,49.0,11.0,56.0,10.0,0.8135593220338984,0.6,0.8108108108108109,0.7564102564102564,0.68,0.75,0.8333333333333334,0.8333333333333334,0.8571428571428571,0.8571428571428571,0.0,0.7230769230769231,0.703125,0.6774193548387096,0.6666666666666666,0.3015873015873015,0.7551020408163265,0.7272727272727273,0.5714285714285714,0.0,59.0,50.0,74.0,78.0,50.0,76.0,6.0,6.0,7.0,28.0,62.0,2.0,65.0,64.0,61.0,62.0,9.0,63.0,49.0,11.0,56.0,10.0,61.0,18,3.0,77.0,4.277777777777778,5.7,84.20000000000002,4.677777777777779
18,19,12,2022-11-25,24-033,WAS,@,MIA,L (-3),0,25:04,2.0,4.0,.500,1.0,2.0,.500,2,2.0,1.000,1.0,5.0,6.0,2.0,2.0,0.0,2.0,3.0,7.0,7.4,0,2.0,1.0,0.5,48,30,60,59,34,57,5,5,6,24,47,45,42,6,19,37,8,32,59.0,50.0,74.0,78.0,50.0,76.0,6.0,6.0,7.0,28.0,2.0,65.0,64.0,62.0,9.0,63.0,49.0,11.0,56.0,10.0,0.8135593220338984,0.6,0.8108108108108109,0.7564102564102564,0.68,0.75,0.8333333333333334,0.8333333333333334,0.8571428571428571,0.8571428571428571,0.0,0.7230769230769231,0.703125,0.6774193548387096,0.6666666666666666,0.3015873015873015,0.7551020408163265,0.7272727272727273,0.5714285714285714,0.0,59.0,50.0,74.0,78.0,50.0,76.0,6.0,6.0,7.0,28.0,62.0,2.0,65.0,64.0,61.0,62.0,9.0,63.0,49.0,11.0,56.0,10.0,61.0,18,9.0,77.0,4.277777777777778,6.600000000000001,91.89999999999998,5.105555555555554
19,20,13,2022-11-27,24-035,WAS,@,BOS,L (-9),0,24:19,4.0,8.0,.500,0.0,3.0,.000,1,2.0,.500,0.0,1.0,1.0,2.0,2.0,1.0,0.0,3.0,9.0,7.8,-6,5.0,4.0,0.8,48,30,60,59,34,57,5,5,6,24,47,45,42,6,19,37,8,32,59.0,50.0,74.0,78.0,50.0,76.0,6.0,6.0,7.0,28.0,2.0,65.0,64.0,62.0,9.0,63.0,49.0,11.0,56.0,10.0,0.8135593220338984,0.6,0.8108108108108109,0.7564102564102564,0.68,0.75,0.8333333333333334,0.8333333333333334,0.8571428571428571,0.8571428571428571,0.0,0.7230769230769231,0.703125,0.6774193548387096,0.6666666666666666,0.3015873015873015,0.7551020408163265,0.7272727272727273,0.5714285714285714,0.0,59.0,50.0,74.0,78.0,50.0,76.0,6.0,6.0,7.0,28.0,62.0,2.0,65.0,64.0,61.0,62.0,9.0,63.0,49.0,11.0,56.0,10.0,61.0,18,5.0,60.0,3.333333333333333,7.399999999999999,90.1,5.0055555555555555
20,Rk,G,Date,Age,Tm,,Opp,,GS,MP,0.0,0.0,FG%,,,3P%,FT,0.0,FT%,0.0,0.0,,0.0,0.0,0.0,0.0,0.0,0.0,GmSc,+/-,,,,48,30,60,59,34,57,5,5,6,24,47,45,42,6,19,37,8,32,59.0,50.0,74.0,78.0,50.0,76.0,6.0,6.0,7.0,28.0,2.0,65.0,64.0,62.0,9.0,63.0,49.0,11.0,56.0,10.0,0.8135593220338984,0.6,0.8108108108108109,0.7564102564102564,0.68,0.75,0.8333333333333334,0.8333333333333334,0.8571428571428571,0.8571428571428571,0.0,0.7230769230769231,0.703125,0.6774193548387096,0.6666666666666666,0.3015873015873015,0.7551020408163265,0.7272727272727273,0.5714285714285714,0.0,59.0,50.0,74.0,78.0,50.0,76.0,6.0,6.0,7.0,28.0,62.0,2.0,65.0,64.0,61.0,62.0,9.0,63.0,49.0,11.0,56.0,10.0,61.0,18,,0.0,0.0,0.0,0.0,0.0
21,21,14,2022-11-28,24-036,WAS,,MIN,W (+15),0,22:57,5.0,6.0,.833,0.0,0.0,,0,0.0,,0.0,3.0,3.0,6.0,1.0,0.0,2.0,2.0,10.0,11.1,-2,6.0,5.0,0.8333333333333334,48,30,60,59,34,57,5,5,6,24,47,45,42,6,19,37,8,32,59.0,50.0,74.0,78.0,50.0,76.0,6.0,6.0,7.0,28.0,2.0,65.0,64.0,62.0,9.0,63.0,49.0,11.0,56.0,10.0,0.8135593220338984,0.6,0.8108108108108109,0.7564102564102564,0.68,0.75,0.8333333333333334,0.8333333333333334,0.8571428571428571,0.8571428571428571,0.0,0.7230769230769231,0.703125,0.6774193548387096,0.6666666666666666,0.3015873015873015,0.7551020408163265,0.7272727272727273,0.5714285714285714,0.0,59.0,50.0,74.0,78.0,50.0,76.0,6.0,6.0,7.0,28.0,62.0,2.0,65.0,64.0,61.0,62.0,9.0,63.0,49.0,11.0,56.0,10.0,61.0,18,12.0,88.0,4.888888888888889,11.1,111.09999999999998,6.172222222222221
22,22,15,2022-11-30,24-038,WAS,@,BRK,L (-6),0,19:06,1.0,5.0,.200,0.0,1.0,.000,3,3.0,1.000,2.0,3.0,5.0,3.0,0.0,0.0,1.0,1.0,5.0,4.9,-1,4.0,1.0,0.25,48,30,60,59,34,57,5,5,6,24,47,45,42,6,19,37,8,32,59.0,50.0,74.0,78.0,50.0,76.0,6.0,6.0,7.0,28.0,2.0,65.0,64.0,62.0,9.0,63.0,49.0,11.0,56.0,10.0,0.8135593220338984,0.6,0.8108108108108109,0.7564102564102564,0.68,0.75,0.8333333333333334,0.8333333333333334,0.8571428571428571,0.8571428571428571,0.0,0.7230769230769231,0.703125,0.6774193548387096,0.6666666666666666,0.3015873015873015,0.7551020408163265,0.7272727272727273,0.5714285714285714,0.0,59.0,50.0,74.0,78.0,50.0,76.0,6.0,6.0,7.0,28.0,62.0,2.0,65.0,64.0,61.0,62.0,9.0,63.0,49.0,11.0,56.0,10.0,61.0,18,4.0,47.0,2.611111111111111,3.7,64.3,3.572222222222222
23,23,16,2022-12-02,24-040,WAS,@,CHO,L (-1),0,14:07,1.0,5.0,.200,1.0,1.0,1.000,0,0.0,,3.0,3.0,6.0,1.0,0.0,0.0,1.0,2.0,3.0,1.8,-11,4.0,0.0,0.0,48,30,60,59,34,57,5,5,6,24,47,45,42,6,19,37,8,32,59.0,50.0,74.0,78.0,50.0,76.0,6.0,6.0,7.0,28.0,2.0,65.0,64.0,62.0,9.0,63.0,49.0,11.0,56.0,10.0,0.8135593220338984,0.6,0.8108108108108109,0.7564102564102564,0.68,0.75,0.8333333333333334,0.8333333333333334,0.8571428571428571,0.8571428571428571,0.0,0.7230769230769231,0.703125,0.6774193548387096,0.6666666666666666,0.3015873015873015,0.7551020408163265,0.7272727272727273,0.5714285714285714,0.0,59.0,50.0,74.0,78.0,50.0,76.0,6.0,6.0,7.0,28.0,62.0,2.0,65.0,64.0,61.0,62.0,9.0,63.0,49.0,11.0,56.0,10.0,61.0,18,4.0,68.0,3.7777777777777777,1.8000000000000007,81.79999999999998,4.544444444444443
24,24,17,2022-12-04,24-042,WAS,,LAL,L (-11),0,25:35,3.0,9.0,.333,1.0,2.0,.500,1,1.0,1.000,2.0,5.0,7.0,3.0,2.0,1.0,1.0,3.0,8.0,8.4,+1,7.0,2.0,0.2857142857142857,48,30,60,59,34,57,5,5,6,24,47,45,42,6,19,37,8,32,59.0,50.0,74.0,78.0,50.0,76.0,6.0,6.0,7.0,28.0,2.0,65.0,64.0,62.0,9.0,63.0,49.0,11.0,56.0,10.0,0.8135593220338984,0.6,0.8108108108108109,0.7564102564102564,0.68,0.75,0.8333333333333334,0.8333333333333334,0.8571428571428571,0.8571428571428571,0.0,0.7230769230769231,0.703125,0.6774193548387096,0.6666666666666666,0.3015873015873015,0.7551020408163265,0.7272727272727273,0.5714285714285714,0.0,59.0,50.0,74.0,78.0,50.0,76.0,6.0,6.0,7.0,28.0,62.0,2.0,65.0,64.0,61.0,62.0,9.0,63.0,49.0,11.0,56.0,10.0,61.0,18,10.0,66.0,3.6666666666666665,7.9999999999999964,83.60000000000001,4.644444444444445
25,25,18,2022-12-07,24-045,WAS,@,CHI,L (-4),0,12:36,2.0,6.0,.333,0.0,1.0,.000,0,0.0,,1.0,3.0,4.0,1.0,1.0,0.0,1.0,0.0,4.0,2.9,+2,5.0,2.0,0.4,48,30,60,59,34,57,5,5,6,24,47,45,42,6,19,37,8,32,59.0,50.0,74.0,78.0,50.0,76.0,6.0,6.0,7.0,28.0,2.0,65.0,64.0,62.0,9.0,63.0,49.0,11.0,56.0,10.0,0.8135593220338984,0.6,0.8108108108108109,0.7564102564102564,0.68,0.75,0.8333333333333334,0.8333333333333334,0.8571428571428571,0.8571428571428571,0.0,0.7230769230769231,0.703125,0.6774193548387096,0.6666666666666666,0.3015873015873015,0.7551020408163265,0.7272727272727273,0.5714285714285714,0.0,59.0,50.0,74.0,78.0,50.0,76.0,6.0,6.0,7.0,28.0,62.0,2.0,65.0,64.0,61.0,62.0,9.0,63.0,49.0,11.0,56.0,10.0,61.0,18,3.0,60.0,3.333333333333333,2.9000000000000004,84.1,4.672222222222222
26,26,19,2022-12-09,24-047,WAS,@,IND,L (-10),0,33:49,6.0,10.0,.600,3.0,5.0,.600,4,4.0,1.000,2.0,2.0,4.0,3.0,5.0,0.0,2.0,2.0,19.0,20.7,-9,5.0,3.0,0.6,48,30,60,59,34,57,5,5,6,24,47,45,42,6,19,37,8,32,59.0,50.0,74.0,78.0,50.0,76.0,6.0,6.0,7.0,28.0,2.0,65.0,64.0,62.0,9.0,63.0,49.0,11.0,56.0,10.0,0.8135593220338984,0.6,0.8108108108108109,0.7564102564102564,0.68,0.75,0.8333333333333334,0.8333333333333334,0.8571428571428571,0.8571428571428571,0.0,0.7230769230769231,0.703125,0.6774193548387096,0.6666666666666666,0.3015873015873015,0.7551020408163265,0.7272727272727273,0.5714285714285714,0.0,59.0,50.0,74.0,78.0,50.0,76.0,6.0,6.0,7.0,28.0,62.0,2.0,65.0,64.0,61.0,62.0,9.0,63.0,49.0,11.0,56.0,10.0,61.0,18,15.0,52.0,2.888888888888889,19.1,68.3,3.7944444444444443
27,27,20,2022-12-10,24-048,WAS,,LAC,L (-7),1,38:02,6.0,13.0,.462,2.0,5.0,.400,3,4.0,.750,2.0,2.0,4.0,6.0,6.0,0.0,1.0,3.0,17.0,19.9,+5,8.0,4.0,0.5,48,30,60,59,34,57,5,5,6,24,47,45,42,6,19,37,8,32,59.0,50.0,74.0,78.0,50.0,76.0,6.0,6.0,7.0,28.0,2.0,65.0,64.0,62.0,9.0,63.0,49.0,11.0,56.0,10.0,0.8135593220338984,0.6,0.8108108108108109,0.7564102564102564,0.68,0.75,0.8333333333333334,0.8333333333333334,0.8571428571428571,0.8571428571428571,0.0,0.7230769230769231,0.703125,0.6774193548387096,0.6666666666666666,0.3015873015873015,0.7551020408163265,0.7272727272727273,0.5714285714285714,0.0,59.0,50.0,74.0,78.0,50.0,76.0,6.0,6.0,7.0,28.0,62.0,2.0,65.0,64.0,61.0,62.0,9.0,63.0,49.0,11.0,56.0,10.0,61.0,18,15.0,46.0,2.555555555555556,18.7,56.1,3.1166666666666667
28,28,21,2022-12-12,24-050,WAS,,BRK,L (-12),1,35:55,5.0,9.0,.556,0.0,2.0,.000,1,2.0,.500,0.0,4.0,4.0,7.0,2.0,0.0,3.0,1.0,11.0,11.0,-6,7.0,5.0,0.7142857142857143,48,30,60,59,34,57,5,5,6,24,47,45,42,6,19,37,8,32,59.0,50.0,74.0,78.0,50.0,76.0,6.0,6.0,7.0,28.0,2.0,65.0,64.0,62.0,9.0,63.0,49.0,11.0,56.0,10.0,0.8135593220338984,0.6,0.8108108108108109,0.7564102564102564,0.68,0.75,0.8333333333333334,0.8333333333333334,0.8571428571428571,0.8571428571428571,0.0,0.7230769230769231,0.703125,0.6774193548387096,0.6666666666666666,0.3015873015873015,0.7551020408163265,0.7272727272727273,0.5714285714285714,0.0,59.0,50.0,74.0,78.0,50.0,76.0,6.0,6.0,7.0,28.0,62.0,2.0,65.0,64.0,61.0,62.0,9.0,63.0,49.0,11.0,56.0,10.0,61.0,18,10.0,56.0,3.111111111111111,10.599999999999996,71.19999999999999,3.955555555555555
29,29,22,2022-12-14,24-052,WAS,@,DEN,L (-13),0,20:30,5.0,12.0,.417,1.0,4.0,.250,1,2.0,.500,1.0,0.0,1.0,6.0,0.0,1.0,2.0,1.0,12.0,8.4,-12,8.0,4.0,0.5,48,30,60,59,34,57,5,5,6,24,47,45,42,6,19,37,8,32,59.0,50.0,74.0,78.0,50.0,76.0,6.0,6.0,7.0,28.0,2.0,65.0,64.0,62.0,9.0,63.0,49.0,11.0,56.0,10.0,0.8135593220338984,0.6,0.8108108108108109,0.7564102564102564,0.68,0.75,0.8333333333333334,0.8333333333333334,0.8571428571428571,0.8571428571428571,0.0,0.7230769230769231,0.703125,0.6774193548387096,0.6666666666666666,0.3015873015873015,0.7551020408163265,0.7272727272727273,0.5714285714285714,0.0,59.0,50.0,74.0,78.0,50.0,76.0,6.0,6.0,7.0,28.0,62.0,2.0,65.0,64.0,61.0,62.0,9.0,63.0,49.0,11.0,56.0,10.0,61.0,18,4.0,75.0,4.166666666666667,7.999999999999998,91.4,5.077777777777778
30,30,23,2022-12-17,24-055,WAS,@,LAC,L (-9),0,22:33,2.0,7.0,.286,0.0,2.0,.000,3,3.0,1.000,3.0,5.0,8.0,3.0,3.0,0.0,1.0,3.0,7.0,9.4,+1,5.0,2.0,0.4,48,30,60,59,34,57,5,5,6,24,47,45,42,6,19,37,8,32,59.0,50.0,74.0,78.0,50.0,76.0,6.0,6.0,7.0,28.0,2.0,65.0,64.0,62.0,9.0,63.0,49.0,11.0,56.0,10.0,0.8135593220338984,0.6,0.8108108108108109,0.7564102564102564,0.68,0.75,0.8333333333333334,0.8333333333333334,0.8571428571428571,0.8571428571428571,0.0,0.7230769230769231,0.703125,0.6774193548387096,0.6666666666666666,0.3015873015873015,0.7551020408163265,0.7272727272727273,0.5714285714285714,0.0,59.0,50.0,74.0,78.0,50.0,76.0,6.0,6.0,7.0,28.0,62.0,2.0,65.0,64.0,61.0,62.0,9.0,63.0,49.0,11.0,56.0,10.0,61.0,18,10.0,46.0,2.555555555555556,8.200000000000003,53.59999999999999,2.977777777777777
31,31,24,2022-12-18,24-056,WAS,@,LAL,L (-2),0,19:04,3.0,5.0,.600,0.0,1.0,.000,1,1.0,1.000,0.0,7.0,7.0,5.0,0.0,0.0,0.0,2.0,7.0,9.5,+10,4.0,3.0,0.75,48,30,60,59,34,57,5,5,6,24,47,45,42,6,19,37,8,32,59.0,50.0,74.0,78.0,50.0,76.0,6.0,6.0,7.0,28.0,2.0,65.0,64.0,62.0,9.0,63.0,49.0,11.0,56.0,10.0,0.8135593220338984,0.6,0.8108108108108109,0.7564102564102564,0.68,0.75,0.8333333333333334,0.8333333333333334,0.8571428571428571,0.8571428571428571,0.0,0.7230769230769231,0.703125,0.6774193548387096,0.6666666666666666,0.3015873015873015,0.7551020408163265,0.7272727272727273,0.5714285714285714,0.0,59.0,50.0,74.0,78.0,50.0,76.0,6.0,6.0,7.0,28.0,62.0,2.0,65.0,64.0,61.0,62.0,9.0,63.0,49.0,11.0,56.0,10.0,61.0,18,13.0,58.0,3.2222222222222223,9.099999999999998,75.80000000000001,4.211111111111112
32,32,25,2022-12-20,24-058,WAS,@,PHO,W (+3),0,11:37,1.0,5.0,.200,0.0,1.0,.000,0,0.0,,0.0,3.0,3.0,0.0,0.0,0.0,0.0,2.0,2.0,-1.0,-8,4.0,1.0,0.25,48,30,60,59,34,57,5,5,6,24,47,45,42,6,19,37,8,32,59.0,50.0,74.0,78.0,50.0,76.0,6.0,6.0,7.0,28.0,2.0,65.0,64.0,62.0,9.0,63.0,49.0,11.0,56.0,10.0,0.8135593220338984,0.6,0.8108108108108109,0.7564102564102564,0.68,0.75,0.8333333333333334,0.8333333333333334,0.8571428571428571,0.8571428571428571,0.0,0.7230769230769231,0.703125,0.6774193548387096,0.6666666666666666,0.3015873015873015,0.7551020408163265,0.7272727272727273,0.5714285714285714,0.0,59.0,50.0,74.0,78.0,50.0,76.0,6.0,6.0,7.0,28.0,62.0,2.0,65.0,64.0,61.0,62.0,9.0,63.0,49.0,11.0,56.0,10.0,61.0,18,0.0,63.0,3.5,-1.0000000000000002,86.89999999999999,4.8277777777777775
33,33,26,2022-12-22,24-060,WAS,@,UTA,L (-8),0,15:46,5.0,9.0,.556,1.0,2.0,.500,0,0.0,,0.0,5.0,5.0,2.0,0.0,1.0,2.0,2.0,11.0,7.5,-9,7.0,4.0,0.5714285714285714,48,30,60,59,34,57,5,5,6,24,47,45,42,6,19,37,8,32,59.0,50.0,74.0,78.0,50.0,76.0,6.0,6.0,7.0,28.0,2.0,65.0,64.0,62.0,9.0,63.0,49.0,11.0,56.0,10.0,0.8135593220338984,0.6,0.8108108108108109,0.7564102564102564,0.68,0.75,0.8333333333333334,0.8333333333333334,0.8571428571428571,0.8571428571428571,0.0,0.7230769230769231,0.703125,0.6774193548387096,0.6666666666666666,0.3015873015873015,0.7551020408163265,0.7272727272727273,0.5714285714285714,0.0,59.0,50.0,74.0,78.0,50.0,76.0,6.0,6.0,7.0,28.0,62.0,2.0,65.0,64.0,61.0,62.0,9.0,63.0,49.0,11.0,56.0,10.0,61.0,18,8.0,57.0,3.1666666666666665,7.5,73.7,4.094444444444445
34,34,,2022-12-23,24-061,WAS,@,SAC,W (+14),Did Not Play,Did Not Play,0.0,0.0,Did Not Play,,,Did Not Play,Did Not Play,0.0,Did Not Play,0.0,0.0,,0.0,0.0,0.0,0.0,0.0,0.0,Did Not Play,Did Not Play,,,,48,30,60,59,34,57,5,5,6,24,47,45,42,6,19,37,8,32,59.0,50.0,74.0,78.0,50.0,76.0,6.0,6.0,7.0,28.0,2.0,65.0,64.0,62.0,9.0,63.0,49.0,11.0,56.0,10.0,0.8135593220338984,0.6,0.8108108108108109,0.7564102564102564,0.68,0.75,0.8333333333333334,0.8333333333333334,0.8571428571428571,0.8571428571428571,0.0,0.7230769230769231,0.703125,0.6774193548387096,0.6666666666666666,0.3015873015873015,0.7551020408163265,0.7272727272727273,0.5714285714285714,0.0,59.0,50.0,74.0,78.0,50.0,76.0,6.0,6.0,7.0,28.0,62.0,2.0,65.0,64.0,61.0,62.0,9.0,63.0,49.0,11.0,56.0,10.0,61.0,18,,87.0,4.833333333333333,0.0,102.0,5.666666666666667
35,35,,2022-12-27,24-065,WAS,,PHI,W (+5),Did Not Play,Did Not Play,0.0,0.0,Did Not Play,,,Did Not Play,Did Not Play,0.0,Did Not Play,0.0,0.0,,0.0,0.0,0.0,0.0,0.0,0.0,Did Not Play,Did Not Play,,,,48,30,60,59,34,57,5,5,6,24,47,45,42,6,19,37,8,32,59.0,50.0,74.0,78.0,50.0,76.0,6.0,6.0,7.0,28.0,2.0,65.0,64.0,62.0,9.0,63.0,49.0,11.0,56.0,10.0,0.8135593220338984,0.6,0.8108108108108109,0.7564102564102564,0.68,0.75,0.8333333333333334,0.8333333333333334,0.8571428571428571,0.8571428571428571,0.0,0.7230769230769231,0.703125,0.6774193548387096,0.6666666666666666,0.3015873015873015,0.7551020408163265,0.7272727272727273,0.5714285714285714,0.0,59.0,50.0,74.0,78.0,50.0,76.0,6.0,6.0,7.0,28.0,62.0,2.0,65.0,64.0,61.0,62.0,9.0,63.0,49.0,11.0,56.0,10.0,61.0,18,,57.0,3.1666666666666665,0.0,78.0,4.333333333333333
36,36,27,2022-12-28,24-066,WAS,,PHO,W (+25),0,1:58,0.0,1.0,.000,0.0,0.0,,0,0.0,,1.0,0.0,1.0,0.0,0.0,0.0,0.0,2.0,0.0,-0.8,+1,1.0,0.0,0.0,48,30,60,59,34,57,5,5,6,24,47,45,42,6,19,37,8,32,59.0,50.0,74.0,78.0,50.0,76.0,6.0,6.0,7.0,28.0,2.0,65.0,64.0,62.0,9.0,63.0,49.0,11.0,56.0,10.0,0.8135593220338984,0.6,0.8108108108108109,0.7564102564102564,0.68,0.75,0.8333333333333334,0.8333333333333334,0.8571428571428571,0.8571428571428571,0.0,0.7230769230769231,0.703125,0.6774193548387096,0.6666666666666666,0.3015873015873015,0.7551020408163265,0.7272727272727273,0.5714285714285714,0.0,59.0,50.0,74.0,78.0,50.0,76.0,6.0,6.0,7.0,28.0,62.0,2.0,65.0,64.0,61.0,62.0,9.0,63.0,49.0,11.0,56.0,10.0,61.0,18,0.0,91.0,5.055555555555555,-0.8,108.7,6.038888888888889
37,37,28,2022-12-30,24-068,WAS,@,ORL,W (+19),0,2:30,0.0,1.0,.000,0.0,1.0,.000,0,0.0,,0.0,1.0,1.0,1.0,0.0,0.0,0.0,0.0,0.0,0.3,0,0.0,0.0,,48,30,60,59,34,57,5,5,6,24,47,45,42,6,19,37,8,32,59.0,50.0,74.0,78.0,50.0,76.0,6.0,6.0,7.0,28.0,2.0,65.0,64.0,62.0,9.0,63.0,49.0,11.0,56.0,10.0,0.8135593220338984,0.6,0.8108108108108109,0.7564102564102564,0.68,0.75,0.8333333333333334,0.8333333333333334,0.8571428571428571,0.8571428571428571,0.0,0.7230769230769231,0.703125,0.6774193548387096,0.6666666666666666,0.3015873015873015,0.7551020408163265,0.7272727272727273,0.5714285714285714,0.0,59.0,50.0,74.0,78.0,50.0,76.0,6.0,6.0,7.0,28.0,62.0,2.0,65.0,64.0,61.0,62.0,9.0,63.0,49.0,11.0,56.0,10.0,61.0,18,1.0,92.0,5.111111111111111,0.3,91.4,5.077777777777778
38,38,29,2023-01-01,24-070,WAS,@,MIL,W (+23),0,3:51,1.0,1.0,1.000,0.0,0.0,,0,0.0,,1.0,1.0,2.0,1.0,0.0,1.0,0.0,0.0,2.0,4.1,0,1.0,1.0,1.0,48,30,60,59,34,57,5,5,6,24,47,45,42,6,19,37,8,32,59.0,50.0,74.0,78.0,50.0,76.0,6.0,6.0,7.0,28.0,2.0,65.0,64.0,62.0,9.0,63.0,49.0,11.0,56.0,10.0,0.8135593220338984,0.6,0.8108108108108109,0.7564102564102564,0.68,0.75,0.8333333333333334,0.8333333333333334,0.8571428571428571,0.8571428571428571,0.0,0.7230769230769231,0.703125,0.6774193548387096,0.6666666666666666,0.3015873015873015,0.7551020408163265,0.7272727272727273,0.5714285714285714,0.0,59.0,50.0,74.0,78.0,50.0,76.0,6.0,6.0,7.0,28.0,62.0,2.0,65.0,64.0,61.0,62.0,9.0,63.0,49.0,11.0,56.0,10.0,61.0,18,5.0,84.0,4.666666666666667,4.1,95.2,5.288888888888889
39,39,30,2023-01-03,24-072,WAS,@,MIL,L (-10),0,1:23,0.0,0.0,,0.0,0.0,,2,2.0,1.000,0.0,1.0,1.0,2.0,0.0,0.0,0.0,0.0,2.0,3.7,+4,0.0,0.0,,48,30,60,59,34,57,5,5,6,24,47,45,42,6,19,37,8,32,59.0,50.0,74.0,78.0,50.0,76.0,6.0,6.0,7.0,28.0,2.0,65.0,64.0,62.0,9.0,63.0,49.0,11.0,56.0,10.0,0.8135593220338984,0.6,0.8108108108108109,0.7564102564102564,0.68,0.75,0.8333333333333334,0.8333333333333334,0.8571428571428571,0.8571428571428571,0.0,0.7230769230769231,0.703125,0.6774193548387096,0.6666666666666666,0.3015873015873015,0.7551020408163265,0.7272727272727273,0.5714285714285714,0.0,59.0,50.0,74.0,78.0,50.0,76.0,6.0,6.0,7.0,28.0,62.0,2.0,65.0,64.0,61.0,62.0,9.0,63.0,49.0,11.0,56.0,10.0,61.0,18,3.0,66.0,3.6666666666666665,2.8999999999999995,83.50000000000001,4.638888888888889
40,40,31,2023-01-06,24-075,WAS,@,OKC,L (-17),0,21:48,4.0,6.0,.667,1.0,2.0,.500,0,0.0,,1.0,1.0,2.0,1.0,1.0,1.0,2.0,2.0,9.0,7.0,0,4.0,3.0,0.75,48,30,60,59,34,57,5,5,6,24,47,45,42,6,19,37,8,32,59.0,50.0,74.0,78.0,50.0,76.0,6.0,6.0,7.0,28.0,2.0,65.0,64.0,62.0,9.0,63.0,49.0,11.0,56.0,10.0,0.8135593220338984,0.6,0.8108108108108109,0.7564102564102564,0.68,0.75,0.8333333333333334,0.8333333333333334,0.8571428571428571,0.8571428571428571,0.0,0.7230769230769231,0.703125,0.6774193548387096,0.6666666666666666,0.3015873015873015,0.7551020408163265,0.7272727272727273,0.5714285714285714,0.0,59.0,50.0,74.0,78.0,50.0,76.0,6.0,6.0,7.0,28.0,62.0,2.0,65.0,64.0,61.0,62.0,9.0,63.0,49.0,11.0,56.0,10.0,61.0,18,6.0,44.0,2.4444444444444446,6.999999999999998,61.6,3.4222222222222225
41,Rk,G,Date,Age,Tm,,Opp,,GS,MP,0.0,0.0,FG%,,,3P%,FT,0.0,FT%,0.0,0.0,,0.0,0.0,0.0,0.0,0.0,0.0,GmSc,+/-,,,,48,30,60,59,34,57,5,5,6,24,47,45,42,6,19,37,8,32,59.0,50.0,74.0,78.0,50.0,76.0,6.0,6.0,7.0,28.0,2.0,65.0,64.0,62.0,9.0,63.0,49.0,11.0,56.0,10.0,0.8135593220338984,0.6,0.8108108108108109,0.7564102564102564,0.68,0.75,0.8333333333333334,0.8333333333333334,0.8571428571428571,0.8571428571428571,0.0,0.7230769230769231,0.703125,0.6774193548387096,0.6666666666666666,0.3015873015873015,0.7551020408163265,0.7272727272727273,0.5714285714285714,0.0,59.0,50.0,74.0,78.0,50.0,76.0,6.0,6.0,7.0,28.0,62.0,2.0,65.0,64.0,61.0,62.0,9.0,63.0,49.0,11.0,56.0,10.0,61.0,18,,0.0,0.0,0.0,0.0,0.0
42,41,32,2023-01-09,24-078,WAS,,NOP,L (-20),0,17:25,1.0,1.0,1.000,1.0,1.0,1.000,1,2.0,.500,0.0,1.0,1.0,4.0,2.0,0.0,3.0,3.0,4.0,4.2,-9,0.0,0.0,,48,30,60,59,34,57,5,5,6,24,47,45,42,6,19,37,8,32,59.0,50.0,74.0,78.0,50.0,76.0,6.0,6.0,7.0,28.0,2.0,65.0,64.0,62.0,9.0,63.0,49.0,11.0,56.0,10.0,0.8135593220338984,0.6,0.8108108108108109,0.7564102564102564,0.68,0.75,0.8333333333333334,0.8333333333333334,0.8571428571428571,0.8571428571428571,0.0,0.7230769230769231,0.703125,0.6774193548387096,0.6666666666666666,0.3015873015873015,0.7551020408163265,0.7272727272727273,0.5714285714285714,0.0,59.0,50.0,74.0,78.0,50.0,76.0,6.0,6.0,7.0,28.0,62.0,2.0,65.0,64.0,61.0,62.0,9.0,63.0,49.0,11.0,56.0,10.0,61.0,18,5.0,56.0,3.111111111111111,3.8,68.19999999999999,3.7888888888888883
43,42,33,2023-01-11,24-080,WAS,,CHI,W (+3),0,13:46,2.0,6.0,.333,2.0,3.0,.667,0,0.0,,0.0,0.0,0.0,2.0,0.0,1.0,1.0,3.0,6.0,2.5,+3,3.0,0.0,0.0,48,30,60,59,34,57,5,5,6,24,47,45,42,6,19,37,8,32,59.0,50.0,74.0,78.0,50.0,76.0,6.0,6.0,7.0,28.0,2.0,65.0,64.0,62.0,9.0,63.0,49.0,11.0,56.0,10.0,0.8135593220338984,0.6,0.8108108108108109,0.7564102564102564,0.68,0.75,0.8333333333333334,0.8333333333333334,0.8571428571428571,0.8571428571428571,0.0,0.7230769230769231,0.703125,0.6774193548387096,0.6666666666666666,0.3015873015873015,0.7551020408163265,0.7272727272727273,0.5714285714285714,0.0,59.0,50.0,74.0,78.0,50.0,76.0,6.0,6.0,7.0,28.0,62.0,2.0,65.0,64.0,61.0,62.0,9.0,63.0,49.0,11.0,56.0,10.0,61.0,18,2.0,59.0,3.2777777777777777,2.499999999999999,64.89999999999999,3.605555555555555
44,43,34,2023-01-13,24-082,WAS,,NYK,L (-4),1,25:49,2.0,12.0,.167,1.0,5.0,.200,0,0.0,,1.0,4.0,5.0,3.0,1.0,1.0,0.0,3.0,5.0,1.9,-20,7.0,1.0,0.1428571428571428,48,30,60,59,34,57,5,5,6,24,47,45,42,6,19,37,8,32,59.0,50.0,74.0,78.0,50.0,76.0,6.0,6.0,7.0,28.0,2.0,65.0,64.0,62.0,9.0,63.0,49.0,11.0,56.0,10.0,0.8135593220338984,0.6,0.8108108108108109,0.7564102564102564,0.68,0.75,0.8333333333333334,0.8333333333333334,0.8571428571428571,0.8571428571428571,0.0,0.7230769230769231,0.703125,0.6774193548387096,0.6666666666666666,0.3015873015873015,0.7551020408163265,0.7272727272727273,0.5714285714285714,0.0,59.0,50.0,74.0,78.0,50.0,76.0,6.0,6.0,7.0,28.0,62.0,2.0,65.0,64.0,61.0,62.0,9.0,63.0,49.0,11.0,56.0,10.0,61.0,18,3.0,54.0,3.0,1.9,67.0,3.7222222222222223
45,44,35,2023-01-16,24-085,WAS,,GSW,L (-9),0,14:24,1.0,2.0,.500,0.0,1.0,.000,1,1.0,1.000,0.0,2.0,2.0,1.0,1.0,0.0,0.0,1.0,3.0,3.9,-7,1.0,1.0,1.0,48,30,60,59,34,57,5,5,6,24,47,45,42,6,19,37,8,32,59.0,50.0,74.0,78.0,50.0,76.0,6.0,6.0,7.0,28.0,2.0,65.0,64.0,62.0,9.0,63.0,49.0,11.0,56.0,10.0,0.8135593220338984,0.6,0.8108108108108109,0.7564102564102564,0.68,0.75,0.8333333333333334,0.8333333333333334,0.8571428571428571,0.8571428571428571,0.0,0.7230769230769231,0.703125,0.6774193548387096,0.6666666666666666,0.3015873015873015,0.7551020408163265,0.7272727272727273,0.5714285714285714,0.0,59.0,50.0,74.0,78.0,50.0,76.0,6.0,6.0,7.0,28.0,62.0,2.0,65.0,64.0,61.0,62.0,9.0,63.0,49.0,11.0,56.0,10.0,61.0,18,4.0,67.0,3.7222222222222223,3.500000000000001,82.79999999999998,4.599999999999999
46,45,,2023-01-18,24-087,WAS,@,NYK,W (+11),Did Not Play,Did Not Play,0.0,0.0,Did Not Play,,,Did Not Play,Did Not Play,0.0,Did Not Play,0.0,0.0,,0.0,0.0,0.0,0.0,0.0,0.0,Did Not Play,Did Not Play,,,,48,30,60,59,34,57,5,5,6,24,47,45,42,6,19,37,8,32,59.0,50.0,74.0,78.0,50.0,76.0,6.0,6.0,7.0,28.0,2.0,65.0,64.0,62.0,9.0,63.0,49.0,11.0,56.0,10.0,0.8135593220338984,0.6,0.8108108108108109,0.7564102564102564,0.68,0.75,0.8333333333333334,0.8333333333333334,0.8571428571428571,0.8571428571428571,0.0,0.7230769230769231,0.703125,0.6774193548387096,0.6666666666666666,0.3015873015873015,0.7551020408163265,0.7272727272727273,0.5714285714285714,0.0,59.0,50.0,74.0,78.0,50.0,76.0,6.0,6.0,7.0,28.0,62.0,2.0,65.0,64.0,61.0,62.0,9.0,63.0,49.0,11.0,56.0,10.0,61.0,18,,83.0,4.611111111111111,0.0,90.20000000000005,5.011111111111114
47,46,,2023-01-21,24-090,WAS,,ORL,W (+20),Inactive,Inactive,0.0,0.0,Inactive,,,Inactive,Inactive,0.0,Inactive,0.0,0.0,,0.0,0.0,0.0,0.0,0.0,0.0,Inactive,Inactive,,,,48,30,60,59,34,57,5,5,6,24,47,45,42,6,19,37,8,32,59.0,50.0,74.0,78.0,50.0,76.0,6.0,6.0,7.0,28.0,2.0,65.0,64.0,62.0,9.0,63.0,49.0,11.0,56.0,10.0,0.8135593220338984,0.6,0.8108108108108109,0.7564102564102564,0.68,0.75,0.8333333333333334,0.8333333333333334,0.8571428571428571,0.8571428571428571,0.0,0.7230769230769231,0.703125,0.6774193548387096,0.6666666666666666,0.3015873015873015,0.7551020408163265,0.7272727272727273,0.5714285714285714,0.0,59.0,50.0,74.0,78.0,50.0,76.0,6.0,6.0,7.0,28.0,62.0,2.0,65.0,64.0,61.0,62.0,9.0,63.0,49.0,11.0,56.0,10.0,61.0,18,,101.0,5.611111111111111,0.0,117.4,6.522222222222222
48,47,,2023-01-24,24-093,WAS,@,DAL,W (+1),Inactive,Inactive,0.0,0.0,Inactive,,,Inactive,Inactive,0.0,Inactive,0.0,0.0,,0.0,0.0,0.0,0.0,0.0,0.0,Inactive,Inactive,,,,48,30,60,59,34,57,5,5,6,24,47,45,42,6,19,37,8,32,59.0,50.0,74.0,78.0,50.0,76.0,6.0,6.0,7.0,28.0,2.0,65.0,64.0,62.0,9.0,63.0,49.0,11.0,56.0,10.0,0.8135593220338984,0.6,0.8108108108108109,0.7564102564102564,0.68,0.75,0.8333333333333334,0.8333333333333334,0.8571428571428571,0.8571428571428571,0.0,0.7230769230769231,0.703125,0.6774193548387096,0.6666666666666666,0.3015873015873015,0.7551020408163265,0.7272727272727273,0.5714285714285714,0.0,59.0,50.0,74.0,78.0,50.0,76.0,6.0,6.0,7.0,28.0,62.0,2.0,65.0,64.0,61.0,62.0,9.0,63.0,49.0,11.0,56.0,10.0,61.0,18,,72.0,4.0,0.0,93.9,5.216666666666667
49,48,36,2023-01-25,24-094,WAS,@,HOU,W (+5),0,14:34,1.0,4.0,.250,1.0,1.0,1.000,2,2.0,1.000,0.0,1.0,1.0,2.0,2.0,0.0,0.0,0.0,5.0,6.3,+16,3.0,0.0,0.0,48,30,60,59,34,57,5,5,6,24,47,45,42,6,19,37,8,32,59.0,50.0,74.0,78.0,50.0,76.0,6.0,6.0,7.0,28.0,2.0,65.0,64.0,62.0,9.0,63.0,49.0,11.0,56.0,10.0,0.8135593220338984,0.6,0.8108108108108109,0.7564102564102564,0.68,0.75,0.8333333333333334,0.8333333333333334,0.8571428571428571,0.8571428571428571,0.0,0.7230769230769231,0.703125,0.6774193548387096,0.6666666666666666,0.3015873015873015,0.7551020408163265,0.7272727272727273,0.5714285714285714,0.0,59.0,50.0,74.0,78.0,50.0,76.0,6.0,6.0,7.0,28.0,62.0,2.0,65.0,64.0,61.0,62.0,9.0,63.0,49.0,11.0,56.0,10.0,61.0,18,4.0,65.0,3.611111111111111,5.5,80.2,4.455555555555556
50,49,,2023-01-28,24-097,WAS,@,NOP,W (+10),Inactive,Inactive,0.0,0.0,Inactive,,,Inactive,Inactive,0.0,Inactive,0.0,0.0,,0.0,0.0,0.0,0.0,0.0,0.0,Inactive,Inactive,,,,48,30,60,59,34,57,5,5,6,24,47,45,42,6,19,37,8,32,59.0,50.0,74.0,78.0,50.0,76.0,6.0,6.0,7.0,28.0,2.0,65.0,64.0,62.0,9.0,63.0,49.0,11.0,56.0,10.0,0.8135593220338984,0.6,0.8108108108108109,0.7564102564102564,0.68,0.75,0.8333333333333334,0.8333333333333334,0.8571428571428571,0.8571428571428571,0.0,0.7230769230769231,0.703125,0.6774193548387096,0.6666666666666666,0.3015873015873015,0.7551020408163265,0.7272727272727273,0.5714285714285714,0.0,59.0,50.0,74.0,78.0,50.0,76.0,6.0,6.0,7.0,28.0,62.0,2.0,65.0,64.0,61.0,62.0,9.0,63.0,49.0,11.0,56.0,10.0,61.0,18,,67.0,3.7222222222222223,0.0,76.69999999999999,4.26111111111111
51,50,,2023-01-30,24-099,WAS,@,SAS,W (+21),Inactive,Inactive,0.0,0.0,Inactive,,,Inactive,Inactive,0.0,Inactive,0.0,0.0,,0.0,0.0,0.0,0.0,0.0,0.0,Inactive,Inactive,,,,48,30,60,59,34,57,5,5,6,24,47,45,42,6,19,37,8,32,59.0,50.0,74.0,78.0,50.0,76.0,6.0,6.0,7.0,28.0,2.0,65.0,64.0,62.0,9.0,63.0,49.0,11.0,56.0,10.0,0.8135593220338984,0.6,0.8108108108108109,0.7564102564102564,0.68,0.75,0.8333333333333334,0.8333333333333334,0.8571428571428571,0.8571428571428571,0.0,0.7230769230769231,0.703125,0.6774193548387096,0.6666666666666666,0.3015873015873015,0.7551020408163265,0.7272727272727273,0.5714285714285714,0.0,59.0,50.0,74.0,78.0,50.0,76.0,6.0,6.0,7.0,28.0,62.0,2.0,65.0,64.0,61.0,62.0,9.0,63.0,49.0,11.0,56.0,10.0,61.0,18,,98.0,5.444444444444445,0.0,108.5,6.027777777777778
52,51,,2023-02-03,24-103,WAS,,POR,L (-8),Did Not Play,Did Not Play,0.0,0.0,Did Not Play,,,Did Not Play,Did Not Play,0.0,Did Not Play,0.0,0.0,,0.0,0.0,0.0,0.0,0.0,0.0,Did Not Play,Did Not Play,,,,48,30,60,59,34,57,5,5,6,24,47,45,42,6,19,37,8,32,59.0,50.0,74.0,78.0,50.0,76.0,6.0,6.0,7.0,28.0,2.0,65.0,64.0,62.0,9.0,63.0,49.0,11.0,56.0,10.0,0.8135593220338984,0.6,0.8108108108108109,0.7564102564102564,0.68,0.75,0.8333333333333334,0.8333333333333334,0.8571428571428571,0.8571428571428571,0.0,0.7230769230769231,0.703125,0.6774193548387096,0.6666666666666666,0.3015873015873015,0.7551020408163265,0.7272727272727273,0.5714285714285714,0.0,59.0,50.0,74.0,78.0,50.0,76.0,6.0,6.0,7.0,28.0,62.0,2.0,65.0,64.0,61.0,62.0,9.0,63.0,49.0,11.0,56.0,10.0,61.0,18,,85.0,4.722222222222222,0.0,100.3,5.572222222222222
53,52,37,2023-02-04,24-104,WAS,@,BRK,L (-2),0,13:00,3.0,3.0,1.000,0.0,0.0,,2,2.0,1.000,0.0,3.0,3.0,1.0,1.0,0.0,0.0,0.0,8.0,9.7,-6,3.0,3.0,1.0,48,30,60,59,34,57,5,5,6,24,47,45,42,6,19,37,8,32,59.0,50.0,74.0,78.0,50.0,76.0,6.0,6.0,7.0,28.0,2.0,65.0,64.0,62.0,9.0,63.0,49.0,11.0,56.0,10.0,0.8135593220338984,0.6,0.8108108108108109,0.7564102564102564,0.68,0.75,0.8333333333333334,0.8333333333333334,0.8571428571428571,0.8571428571428571,0.0,0.7230769230769231,0.703125,0.6774193548387096,0.6666666666666666,0.3015873015873015,0.7551020408163265,0.7272727272727273,0.5714285714285714,0.0,59.0,50.0,74.0,78.0,50.0,76.0,6.0,6.0,7.0,28.0,62.0,2.0,65.0,64.0,61.0,62.0,9.0,63.0,49.0,11.0,56.0,10.0,61.0,18,8.0,60.0,3.333333333333333,8.899999999999999,81.0,4.5
54,53,38,2023-02-06,24-106,WAS,,CLE,L (-23),0,10:23,0.0,3.0,.000,0.0,1.0,.000,1,2.0,.500,0.0,0.0,0.0,0.0,1.0,0.0,0.0,1.0,1.0,-0.9,-9,2.0,0.0,0.0,48,30,60,59,34,57,5,5,6,24,47,45,42,6,19,37,8,32,59.0,50.0,74.0,78.0,50.0,76.0,6.0,6.0,7.0,28.0,2.0,65.0,64.0,62.0,9.0,63.0,49.0,11.0,56.0,10.0,0.8135593220338984,0.6,0.8108108108108109,0.7564102564102564,0.68,0.75,0.8333333333333334,0.8333333333333334,0.8571428571428571,0.8571428571428571,0.0,0.7230769230769231,0.703125,0.6774193548387096,0.6666666666666666,0.3015873015873015,0.7551020408163265,0.7272727272727273,0.5714285714285714,0.0,59.0,50.0,74.0,78.0,50.0,76.0,6.0,6.0,7.0,28.0,62.0,2.0,65.0,64.0,61.0,62.0,9.0,63.0,49.0,11.0,56.0,10.0,61.0,18,-3.0,50.0,2.7777777777777777,-1.2999999999999998,61.0,3.388888888888889
55,54,39,2023-02-08,24-108,WAS,,CHO,W (+14),0,17:08,2.0,6.0,.333,0.0,1.0,.000,0,0.0,,1.0,1.0,2.0,0.0,1.0,2.0,1.0,2.0,4.0,2.2,+10,5.0,2.0,0.4,48,30,60,59,34,57,5,5,6,24,47,45,42,6,19,37,8,32,59.0,50.0,74.0,78.0,50.0,76.0,6.0,6.0,7.0,28.0,2.0,65.0,64.0,62.0,9.0,63.0,49.0,11.0,56.0,10.0,0.8135593220338984,0.6,0.8108108108108109,0.7564102564102564,0.68,0.75,0.8333333333333334,0.8333333333333334,0.8571428571428571,0.8571428571428571,0.0,0.7230769230769231,0.703125,0.6774193548387096,0.6666666666666666,0.3015873015873015,0.7551020408163265,0.7272727272727273,0.5714285714285714,0.0,59.0,50.0,74.0,78.0,50.0,76.0,6.0,6.0,7.0,28.0,62.0,2.0,65.0,64.0,61.0,62.0,9.0,63.0,49.0,11.0,56.0,10.0,61.0,18,2.0,99.0,5.5,2.2,103.2,5.733333333333333
56,55,40,2023-02-11,24-111,WAS,,IND,W (+14),0,3:02,0.0,1.0,.000,0.0,1.0,.000,0,0.0,,0.0,1.0,1.0,0.0,0.0,0.0,1.0,1.0,0.0,-1.8,-7,0.0,0.0,,48,30,60,59,34,57,5,5,6,24,47,45,42,6,19,37,8,32,59.0,50.0,74.0,78.0,50.0,76.0,6.0,6.0,7.0,28.0,2.0,65.0,64.0,62.0,9.0,63.0,49.0,11.0,56.0,10.0,0.8135593220338984,0.6,0.8108108108108109,0.7564102564102564,0.68,0.75,0.8333333333333334,0.8333333333333334,0.8571428571428571,0.8571428571428571,0.0,0.7230769230769231,0.703125,0.6774193548387096,0.6666666666666666,0.3015873015873015,0.7551020408163265,0.7272727272727273,0.5714285714285714,0.0,59.0,50.0,74.0,78.0,50.0,76.0,6.0,6.0,7.0,28.0,62.0,2.0,65.0,64.0,61.0,62.0,9.0,63.0,49.0,11.0,56.0,10.0,61.0,18,-1.0,91.0,5.055555555555555,-1.8,105.60000000000002,5.866666666666668
57,56,,2023-02-13,24-113,WAS,@,GSW,L (-9),Inactive,Inactive,0.0,0.0,Inactive,,,Inactive,Inactive,0.0,Inactive,0.0,0.0,,0.0,0.0,0.0,0.0,0.0,0.0,Inactive,Inactive,,,,48,30,60,59,34,57,5,5,6,24,47,45,42,6,19,37,8,32,59.0,50.0,74.0,78.0,50.0,76.0,6.0,6.0,7.0,28.0,2.0,65.0,64.0,62.0,9.0,63.0,49.0,11.0,56.0,10.0,0.8135593220338984,0.6,0.8108108108108109,0.7564102564102564,0.68,0.75,0.8333333333333334,0.8333333333333334,0.8571428571428571,0.8571428571428571,0.0,0.7230769230769231,0.703125,0.6774193548387096,0.6666666666666666,0.3015873015873015,0.7551020408163265,0.7272727272727273,0.5714285714285714,0.0,59.0,50.0,74.0,78.0,50.0,76.0,6.0,6.0,7.0,28.0,62.0,2.0,65.0,64.0,61.0,62.0,9.0,63.0,49.0,11.0,56.0,10.0,61.0,18,,79.0,4.388888888888889,0.0,100.3,5.572222222222222
58,57,,2023-02-14,24-114,WAS,@,POR,W (+25),Inactive,Inactive,0.0,0.0,Inactive,,,Inactive,Inactive,0.0,Inactive,0.0,0.0,,0.0,0.0,0.0,0.0,0.0,0.0,Inactive,Inactive,,,,48,30,60,59,34,57,5,5,6,24,47,45,42,6,19,37,8,32,59.0,50.0,74.0,78.0,50.0,76.0,6.0,6.0,7.0,28.0,2.0,65.0,64.0,62.0,9.0,63.0,49.0,11.0,56.0,10.0,0.8135593220338984,0.6,0.8108108108108109,0.7564102564102564,0.68,0.75,0.8333333333333334,0.8333333333333334,0.8571428571428571,0.8571428571428571,0.0,0.7230769230769231,0.703125,0.6774193548387096,0.6666666666666666,0.3015873015873015,0.7551020408163265,0.7272727272727273,0.5714285714285714,0.0,59.0,50.0,74.0,78.0,50.0,76.0,6.0,6.0,7.0,28.0,62.0,2.0,65.0,64.0,61.0,62.0,9.0,63.0,49.0,11.0,56.0,10.0,61.0,18,,87.0,4.833333333333333,0.0,95.60000000000002,5.311111111111113
59,58,,2023-02-16,24-116,WAS,@,MIN,W (+8),Inactive,Inactive,0.0,0.0,Inactive,,,Inactive,Inactive,0.0,Inactive,0.0,0.0,,0.0,0.0,0.0,0.0,0.0,0.0,Inactive,Inactive,,,,48,30,60,59,34,57,5,5,6,24,47,45,42,6,19,37,8,32,59.0,50.0,74.0,78.0,50.0,76.0,6.0,6.0,7.0,28.0,2.0,65.0,64.0,62.0,9.0,63.0,49.0,11.0,56.0,10.0,0.8135593220338984,0.6,0.8108108108108109,0.7564102564102564,0.68,0.75,0.8333333333333334,0.8333333333333334,0.8571428571428571,0.8571428571428571,0.0,0.7230769230769231,0.703125,0.6774193548387096,0.6666666666666666,0.3015873015873015,0.7551020408163265,0.7272727272727273,0.5714285714285714,0.0,59.0,50.0,74.0,78.0,50.0,76.0,6.0,6.0,7.0,28.0,62.0,2.0,65.0,64.0,61.0,62.0,9.0,63.0,49.0,11.0,56.0,10.0,61.0,18,,75.0,4.166666666666667,0.0,87.30000000000001,4.8500000000000005
60,59,,2023-02-24,24-124,WAS,,NYK,L (-6),Did Not Play,Did Not Play,0.0,0.0,Did Not Play,,,Did Not Play,Did Not Play,0.0,Did Not Play,0.0,0.0,,0.0,0.0,0.0,0.0,0.0,0.0,Did Not Play,Did Not Play,,,,48,30,60,59,34,57,5,5,6,24,47,45,42,6,19,37,8,32,59.0,50.0,74.0,78.0,50.0,76.0,6.0,6.0,7.0,28.0,2.0,65.0,64.0,62.0,9.0,63.0,49.0,11.0,56.0,10.0,0.8135593220338984,0.6,0.8108108108108109,0.7564102564102564,0.68,0.75,0.8333333333333334,0.8333333333333334,0.8571428571428571,0.8571428571428571,0.0,0.7230769230769231,0.703125,0.6774193548387096,0.6666666666666666,0.3015873015873015,0.7551020408163265,0.7272727272727273,0.5714285714285714,0.0,59.0,50.0,74.0,78.0,50.0,76.0,6.0,6.0,7.0,28.0,62.0,2.0,65.0,64.0,61.0,62.0,9.0,63.0,49.0,11.0,56.0,10.0,61.0,18,,73.0,4.055555555555555,0.0,85.5,4.75
61,60,41,2023-02-26,24-126,WAS,@,CHI,L (-20),0,19:28,0.0,2.0,.000,0.0,1.0,.000,0,0.0,,1.0,3.0,4.0,3.0,1.0,0.0,1.0,2.0,0.0,1.5,-14,1.0,0.0,0.0,48,30,60,59,34,57,5,5,6,24,47,45,42,6,19,37,8,32,59.0,50.0,74.0,78.0,50.0,76.0,6.0,6.0,7.0,28.0,2.0,65.0,64.0,62.0,9.0,63.0,49.0,11.0,56.0,10.0,0.8135593220338984,0.6,0.8108108108108109,0.7564102564102564,0.68,0.75,0.8333333333333334,0.8333333333333334,0.8571428571428571,0.8571428571428571,0.0,0.7230769230769231,0.703125,0.6774193548387096,0.6666666666666666,0.3015873015873015,0.7551020408163265,0.7272727272727273,0.5714285714285714,0.0,59.0,50.0,74.0,78.0,50.0,76.0,6.0,6.0,7.0,28.0,62.0,2.0,65.0,64.0,61.0,62.0,9.0,63.0,49.0,11.0,56.0,10.0,61.0,18,5.0,32.0,1.7777777777777777,1.4999999999999991,45.4,2.522222222222222
62,Rk,G,Date,Age,Tm,,Opp,,GS,MP,0.0,0.0,FG%,,,3P%,FT,0.0,FT%,0.0,0.0,,0.0,0.0,0.0,0.0,0.0,0.0,GmSc,+/-,,,,48,30,60,59,34,57,5,5,6,24,47,45,42,6,19,37,8,32,59.0,50.0,74.0,78.0,50.0,76.0,6.0,6.0,7.0,28.0,2.0,65.0,64.0,62.0,9.0,63.0,49.0,11.0,56.0,10.0,0.8135593220338984,0.6,0.8108108108108109,0.7564102564102564,0.68,0.75,0.8333333333333334,0.8333333333333334,0.8571428571428571,0.8571428571428571,0.0,0.7230769230769231,0.703125,0.6774193548387096,0.6666666666666666,0.3015873015873015,0.7551020408163265,0.7272727272727273,0.5714285714285714,0.0,59.0,50.0,74.0,78.0,50.0,76.0,6.0,6.0,7.0,28.0,62.0,2.0,65.0,64.0,61.0,62.0,9.0,63.0,49.0,11.0,56.0,10.0,61.0,18,,0.0,0.0,0.0,0.0,0.0
63,61,42,2023-02-28,24-128,WAS,@,ATL,W (+3),0,18:28,2.0,3.0,.667,0.0,0.0,,2,2.0,1.000,1.0,0.0,1.0,4.0,2.0,0.0,0.0,2.0,6.0,9.4,+5,3.0,2.0,0.6666666666666666,48,30,60,59,34,57,5,5,6,24,47,45,42,6,19,37,8,32,59.0,50.0,74.0,78.0,50.0,76.0,6.0,6.0,7.0,28.0,2.0,65.0,64.0,62.0,9.0,63.0,49.0,11.0,56.0,10.0,0.8135593220338984,0.6,0.8108108108108109,0.7564102564102564,0.68,0.75,0.8333333333333334,0.8333333333333334,0.8571428571428571,0.8571428571428571,0.0,0.7230769230769231,0.703125,0.6774193548387096,0.6666666666666666,0.3015873015873015,0.7551020408163265,0.7272727272727273,0.5714285714285714,0.0,59.0,50.0,74.0,78.0,50.0,76.0,6.0,6.0,7.0,28.0,62.0,2.0,65.0,64.0,61.0,62.0,9.0,63.0,49.0,11.0,56.0,10.0,61.0,18,8.0,72.0,4.0,8.6,89.1,4.949999999999999
64,62,43,2023-03-02,24-130,WAS,,TOR,W (+11),0,12:21,2.0,3.0,.667,1.0,2.0,.500,0,0.0,,2.0,3.0,5.0,1.0,0.0,0.0,2.0,1.0,5.0,4.3,+8,1.0,1.0,1.0,48,30,60,59,34,57,5,5,6,24,47,45,42,6,19,37,8,32,59.0,50.0,74.0,78.0,50.0,76.0,6.0,6.0,7.0,28.0,2.0,65.0,64.0,62.0,9.0,63.0,49.0,11.0,56.0,10.0,0.8135593220338984,0.6,0.8108108108108109,0.7564102564102564,0.68,0.75,0.8333333333333334,0.8333333333333334,0.8571428571428571,0.8571428571428571,0.0,0.7230769230769231,0.703125,0.6774193548387096,0.6666666666666666,0.3015873015873015,0.7551020408163265,0.7272727272727273,0.5714285714285714,0.0,59.0,50.0,74.0,78.0,50.0,76.0,6.0,6.0,7.0,28.0,62.0,2.0,65.0,64.0,61.0,62.0,9.0,63.0,49.0,11.0,56.0,10.0,61.0,18,6.0,87.0,4.833333333333333,4.299999999999999,100.6,5.588888888888889
65,63,44,2023-03-04,24-132,WAS,,TOR,L (-7),0,20:45,3.0,4.0,.750,0.0,1.0,.000,1,1.0,1.000,2.0,1.0,3.0,2.0,0.0,0.0,2.0,1.0,7.0,6.1,-14,3.0,3.0,1.0,48,30,60,59,34,57,5,5,6,24,47,45,42,6,19,37,8,32,59.0,50.0,74.0,78.0,50.0,76.0,6.0,6.0,7.0,28.0,2.0,65.0,64.0,62.0,9.0,63.0,49.0,11.0,56.0,10.0,0.8135593220338984,0.6,0.8108108108108109,0.7564102564102564,0.68,0.75,0.8333333333333334,0.8333333333333334,0.8571428571428571,0.8571428571428571,0.0,0.7230769230769231,0.703125,0.6774193548387096,0.6666666666666666,0.3015873015873015,0.7551020408163265,0.7272727272727273,0.5714285714285714,0.0,59.0,50.0,74.0,78.0,50.0,76.0,6.0,6.0,7.0,28.0,62.0,2.0,65.0,64.0,61.0,62.0,9.0,63.0,49.0,11.0,56.0,10.0,61.0,18,5.0,67.0,3.7222222222222223,5.699999999999999,77.30000000000001,4.294444444444445
66,64,45,2023-03-05,24-133,WAS,,MIL,L (-6),0,19:25,1.0,7.0,.143,0.0,2.0,.000,1,2.0,.500,4.0,4.0,8.0,4.0,1.0,0.0,1.0,1.0,3.0,4.5,-5,5.0,1.0,0.2,48,30,60,59,34,57,5,5,6,24,47,45,42,6,19,37,8,32,59.0,50.0,74.0,78.0,50.0,76.0,6.0,6.0,7.0,28.0,2.0,65.0,64.0,62.0,9.0,63.0,49.0,11.0,56.0,10.0,0.8135593220338984,0.6,0.8108108108108109,0.7564102564102564,0.68,0.75,0.8333333333333334,0.8333333333333334,0.8571428571428571,0.8571428571428571,0.0,0.7230769230769231,0.703125,0.6774193548387096,0.6666666666666666,0.3015873015873015,0.7551020408163265,0.7272727272727273,0.5714285714285714,0.0,59.0,50.0,74.0,78.0,50.0,76.0,6.0,6.0,7.0,28.0,62.0,2.0,65.0,64.0,61.0,62.0,9.0,63.0,49.0,11.0,56.0,10.0,61.0,18,6.0,67.0,3.7222222222222223,4.1,80.8,4.488888888888889
67,65,46,2023-03-07,24-135,WAS,@,DET,W (+2),0,16:27,3.0,4.0,.750,0.0,0.0,,0,0.0,,0.0,3.0,3.0,6.0,0.0,1.0,0.0,3.0,6.0,9.0,-4,4.0,3.0,0.75,48,30,60,59,34,57,5,5,6,24,47,45,42,6,19,37,8,32,59.0,50.0,74.0,78.0,50.0,76.0,6.0,6.0,7.0,28.0,2.0,65.0,64.0,62.0,9.0,63.0,49.0,11.0,56.0,10.0,0.8135593220338984,0.6,0.8108108108108109,0.7564102564102564,0.68,0.75,0.8333333333333334,0.8333333333333334,0.8571428571428571,0.8571428571428571,0.0,0.7230769230769231,0.703125,0.6774193548387096,0.6666666666666666,0.3015873015873015,0.7551020408163265,0.7272727272727273,0.5714285714285714,0.0,59.0,50.0,74.0,78.0,50.0,76.0,6.0,6.0,7.0,28.0,62.0,2.0,65.0,64.0,61.0,62.0,9.0,63.0,49.0,11.0,56.0,10.0,61.0,18,12.0,86.0,4.777777777777778,9.0,105.5,5.861111111111111
68,66,47,2023-03-08,24-136,WAS,,ATL,L (-2),0,0:01,0.0,0.0,,0.0,0.0,,0,0.0,,0.0,0.0,0.0,0.0,0.0,0.0,0.0,0.0,0.0,0.0,-1,0.0,0.0,,48,30,60,59,34,57,5,5,6,24,47,45,42,6,19,37,8,32,59.0,50.0,74.0,78.0,50.0,76.0,6.0,6.0,7.0,28.0,2.0,65.0,64.0,62.0,9.0,63.0,49.0,11.0,56.0,10.0,0.8135593220338984,0.6,0.8108108108108109,0.7564102564102564,0.68,0.75,0.8333333333333334,0.8333333333333334,0.8571428571428571,0.8571428571428571,0.0,0.7230769230769231,0.703125,0.6774193548387096,0.6666666666666666,0.3015873015873015,0.7551020408163265,0.7272727272727273,0.5714285714285714,0.0,59.0,50.0,74.0,78.0,50.0,76.0,6.0,6.0,7.0,28.0,62.0,2.0,65.0,64.0,61.0,62.0,9.0,63.0,49.0,11.0,56.0,10.0,61.0,18,0.0,92.0,5.111111111111111,0.0,109.3,6.072222222222222
69,67,48,2023-03-10,24-138,WAS,,ATL,L (-7),0,6:38,0.0,3.0,.000,0.0,2.0,.000,0,0.0,,0.0,0.0,0.0,0.0,0.0,0.0,0.0,0.0,0.0,-2.1,-5,1.0,0.0,0.0,48,30,60,59,34,57,5,5,6,24,47,45,42,6,19,37,8,32,59.0,50.0,74.0,78.0,50.0,76.0,6.0,6.0,7.0,28.0,2.0,65.0,64.0,62.0,9.0,63.0,49.0,11.0,56.0,10.0,0.8135593220338984,0.6,0.8108108108108109,0.7564102564102564,0.68,0.75,0.8333333333333334,0.8333333333333334,0.8571428571428571,0.8571428571428571,0.0,0.7230769230769231,0.703125,0.6774193548387096,0.6666666666666666,0.3015873015873015,0.7551020408163265,0.7272727272727273,0.5714285714285714,0.0,59.0,50.0,74.0,78.0,50.0,76.0,6.0,6.0,7.0,28.0,62.0,2.0,65.0,64.0,61.0,62.0,9.0,63.0,49.0,11.0,56.0,10.0,61.0,18,-3.0,86.0,4.777777777777778,-2.1,92.7,5.15
70,68,,2023-03-12,24-140,WAS,@,PHI,L (-19),Did Not Play,Did Not Play,0.0,0.0,Did Not Play,,,Did Not Play,Did Not Play,0.0,Did Not Play,0.0,0.0,,0.0,0.0,0.0,0.0,0.0,0.0,Did Not Play,Did Not Play,,,,48,30,60,59,34,57,5,5,6,24,47,45,42,6,19,37,8,32,59.0,50.0,74.0,78.0,50.0,76.0,6.0,6.0,7.0,28.0,2.0,65.0,64.0,62.0,9.0,63.0,49.0,11.0,56.0,10.0,0.8135593220338984,0.6,0.8108108108108109,0.7564102564102564,0.68,0.75,0.8333333333333334,0.8333333333333334,0.8571428571428571,0.8571428571428571,0.0,0.7230769230769231,0.703125,0.6774193548387096,0.6666666666666666,0.3015873015873015,0.7551020408163265,0.7272727272727273,0.5714285714285714,0.0,59.0,50.0,74.0,78.0,50.0,76.0,6.0,6.0,7.0,28.0,62.0,2.0,65.0,64.0,61.0,62.0,9.0,63.0,49.0,11.0,56.0,10.0,61.0,18,,41.0,2.2777777777777777,0.0,60.1,3.338888888888889
71,69,49,2023-03-14,24-142,WAS,,DET,W (+20),0,12:36,1.0,3.0,.333,0.0,1.0,.000,0,0.0,,0.0,2.0,2.0,0.0,0.0,0.0,1.0,2.0,2.0,-0.9,-6,2.0,1.0,0.5,48,30,60,59,34,57,5,5,6,24,47,45,42,6,19,37,8,32,59.0,50.0,74.0,78.0,50.0,76.0,6.0,6.0,7.0,28.0,2.0,65.0,64.0,62.0,9.0,63.0,49.0,11.0,56.0,10.0,0.8135593220338984,0.6,0.8108108108108109,0.7564102564102564,0.68,0.75,0.8333333333333334,0.8333333333333334,0.8571428571428571,0.8571428571428571,0.0,0.7230769230769231,0.703125,0.6774193548387096,0.6666666666666666,0.3015873015873015,0.7551020408163265,0.7272727272727273,0.5714285714285714,0.0,59.0,50.0,74.0,78.0,50.0,76.0,6.0,6.0,7.0,28.0,62.0,2.0,65.0,64.0,61.0,62.0,9.0,63.0,49.0,11.0,56.0,10.0,61.0,18,0.0,89.0,4.944444444444445,-0.8999999999999997,105.0,5.833333333333333
72,70,50,2023-03-17,24-145,WAS,@,CLE,L (-23),0,3:55,0.0,1.0,.000,0.0,0.0,,0,0.0,,0.0,0.0,0.0,0.0,0.0,0.0,0.0,0.0,0.0,-0.7,-3,1.0,0.0,0.0,48,30,60,59,34,57,5,5,6,24,47,45,42,6,19,37,8,32,59.0,50.0,74.0,78.0,50.0,76.0,6.0,6.0,7.0,28.0,2.0,65.0,64.0,62.0,9.0,63.0,49.0,11.0,56.0,10.0,0.8135593220338984,0.6,0.8108108108108109,0.7564102564102564,0.68,0.75,0.8333333333333334,0.8333333333333334,0.8571428571428571,0.8571428571428571,0.0,0.7230769230769231,0.703125,0.6774193548387096,0.6666666666666666,0.3015873015873015,0.7551020408163265,0.7272727272727273,0.5714285714285714,0.0,59.0,50.0,74.0,78.0,50.0,76.0,6.0,6.0,7.0,28.0,62.0,2.0,65.0,64.0,61.0,62.0,9.0,63.0,49.0,11.0,56.0,10.0,61.0,18,-1.0,61.0,3.388888888888889,-0.7,74.10000000000001,4.116666666666667
73,71,51,2023-03-18,24-146,WAS,,SAC,L (-14),0,5:30,3.0,5.0,.600,2.0,3.0,.667,0,0.0,,0.0,1.0,1.0,1.0,1.0,0.0,0.0,0.0,8.0,7.7,+8,2.0,1.0,0.5,48,30,60,59,34,57,5,5,6,24,47,45,42,6,19,37,8,32,59.0,50.0,74.0,78.0,50.0,76.0,6.0,6.0,7.0,28.0,2.0,65.0,64.0,62.0,9.0,63.0,49.0,11.0,56.0,10.0,0.8135593220338984,0.6,0.8108108108108109,0.7564102564102564,0.68,0.75,0.8333333333333334,0.8333333333333334,0.8571428571428571,0.8571428571428571,0.0,0.7230769230769231,0.703125,0.6774193548387096,0.6666666666666666,0.3015873015873015,0.7551020408163265,0.7272727272727273,0.5714285714285714,0.0,59.0,50.0,74.0,78.0,50.0,76.0,6.0,6.0,7.0,28.0,62.0,2.0,65.0,64.0,61.0,62.0,9.0,63.0,49.0,11.0,56.0,10.0,61.0,18,6.0,74.0,4.111111111111111,7.699999999999999,85.8,4.766666666666667
74,72,52,2023-03-21,24-149,WAS,@,ORL,L (-10),0,19:06,2.0,4.0,.500,0.0,2.0,.000,3,5.0,.600,1.0,2.0,3.0,3.0,1.0,0.0,0.0,3.0,7.0,7.4,+2,2.0,2.0,1.0,48,30,60,59,34,57,5,5,6,24,47,45,42,6,19,37,8,32,59.0,50.0,74.0,78.0,50.0,76.0,6.0,6.0,7.0,28.0,2.0,65.0,64.0,62.0,9.0,63.0,49.0,11.0,56.0,10.0,0.8135593220338984,0.6,0.8108108108108109,0.7564102564102564,0.68,0.75,0.8333333333333334,0.8333333333333334,0.8571428571428571,0.8571428571428571,0.0,0.7230769230769231,0.703125,0.6774193548387096,0.6666666666666666,0.3015873015873015,0.7551020408163265,0.7272727272727273,0.5714285714285714,0.0,59.0,50.0,74.0,78.0,50.0,76.0,6.0,6.0,7.0,28.0,62.0,2.0,65.0,64.0,61.0,62.0,9.0,63.0,49.0,11.0,56.0,10.0,61.0,18,5.0,59.0,3.2777777777777777,6.199999999999998,69.9,3.8833333333333337
75,73,53,2023-03-22,24-150,WAS,,DEN,L (-14),0,18:16,5.0,8.0,.625,0.0,3.0,.000,2,2.0,1.000,0.0,4.0,4.0,1.0,0.0,0.0,1.0,1.0,12.0,8.9,-4,5.0,5.0,1.0,48,30,60,59,34,57,5,5,6,24,47,45,42,6,19,37,8,32,59.0,50.0,74.0,78.0,50.0,76.0,6.0,6.0,7.0,28.0,2.0,65.0,64.0,62.0,9.0,63.0,49.0,11.0,56.0,10.0,0.8135593220338984,0.6,0.8108108108108109,0.7564102564102564,0.68,0.75,0.8333333333333334,0.8333333333333334,0.8571428571428571,0.8571428571428571,0.0,0.7230769230769231,0.703125,0.6774193548387096,0.6666666666666666,0.3015873015873015,0.7551020408163265,0.7272727272727273,0.5714285714285714,0.0,59.0,50.0,74.0,78.0,50.0,76.0,6.0,6.0,7.0,28.0,62.0,2.0,65.0,64.0,61.0,62.0,9.0,63.0,49.0,11.0,56.0,10.0,61.0,18,6.0,52.0,2.888888888888889,8.099999999999998,62.6,3.477777777777778
76,74,54,2023-03-24,24-152,WAS,,SAS,W (+12),0,30:34,6.0,11.0,.545,1.0,4.0,.250,4,5.0,.800,2.0,3.0,5.0,5.0,2.0,0.0,0.0,1.0,17.0,18.7,+17,7.0,5.0,0.7142857142857143,48,30,60,59,34,57,5,5,6,24,47,45,42,6,19,37,8,32,59.0,50.0,74.0,78.0,50.0,76.0,6.0,6.0,7.0,28.0,2.0,65.0,64.0,62.0,9.0,63.0,49.0,11.0,56.0,10.0,0.8135593220338984,0.6,0.8108108108108109,0.7564102564102564,0.68,0.75,0.8333333333333334,0.8333333333333334,0.8571428571428571,0.8571428571428571,0.0,0.7230769230769231,0.703125,0.6774193548387096,0.6666666666666666,0.3015873015873015,0.7551020408163265,0.7272727272727273,0.5714285714285714,0.0,59.0,50.0,74.0,78.0,50.0,76.0,6.0,6.0,7.0,28.0,62.0,2.0,65.0,64.0,61.0,62.0,9.0,63.0,49.0,11.0,56.0,10.0,61.0,18,13.0,88.0,4.888888888888889,17.099999999999998,100.20000000000002,5.566666666666667
77,75,55,2023-03-26,24-154,WAS,@,TOR,L (-10),0,20:27,4.0,9.0,.444,1.0,3.0,.333,0,0.0,,1.0,3.0,4.0,2.0,0.0,1.0,2.0,1.0,9.0,5.6,-11,6.0,3.0,0.5,48,30,60,59,34,57,5,5,6,24,47,45,42,6,19,37,8,32,59.0,50.0,74.0,78.0,50.0,76.0,6.0,6.0,7.0,28.0,2.0,65.0,64.0,62.0,9.0,63.0,49.0,11.0,56.0,10.0,0.8135593220338984,0.6,0.8108108108108109,0.7564102564102564,0.68,0.75,0.8333333333333334,0.8333333333333334,0.8571428571428571,0.8571428571428571,0.0,0.7230769230769231,0.703125,0.6774193548387096,0.6666666666666666,0.3015873015873015,0.7551020408163265,0.7272727272727273,0.5714285714285714,0.0,59.0,50.0,74.0,78.0,50.0,76.0,6.0,6.0,7.0,28.0,62.0,2.0,65.0,64.0,61.0,62.0,9.0,63.0,49.0,11.0,56.0,10.0,61.0,18,5.0,70.0,3.888888888888889,5.599999999999999,87.89999999999999,4.883333333333333
78,76,56,2023-03-28,24-156,WAS,,BOS,W (+19),0,11:15,1.0,3.0,.333,0.0,1.0,.000,0,0.0,,0.0,0.0,0.0,3.0,1.0,0.0,0.0,0.0,2.0,3.4,-6,2.0,1.0,0.5,48,30,60,59,34,57,5,5,6,24,47,45,42,6,19,37,8,32,59.0,50.0,74.0,78.0,50.0,76.0,6.0,6.0,7.0,28.0,2.0,65.0,64.0,62.0,9.0,63.0,49.0,11.0,56.0,10.0,0.8135593220338984,0.6,0.8108108108108109,0.7564102564102564,0.68,0.75,0.8333333333333334,0.8333333333333334,0.8571428571428571,0.8571428571428571,0.0,0.7230769230769231,0.703125,0.6774193548387096,0.6666666666666666,0.3015873015873015,0.7551020408163265,0.7272727272727273,0.5714285714285714,0.0,59.0,50.0,74.0,78.0,50.0,76.0,6.0,6.0,7.0,28.0,62.0,2.0,65.0,64.0,61.0,62.0,9.0,63.0,49.0,11.0,56.0,10.0,61.0,18,3.0,98.0,5.444444444444445,3.4000000000000004,103.5,5.75
79,77,57,2023-03-31,24-159,WAS,,ORL,L (-7),0,17:44,2.0,9.0,.222,1.0,5.0,.200,2,2.0,1.000,2.0,3.0,5.0,5.0,1.0,0.0,2.0,1.0,7.0,5.9,,4.0,1.0,0.25,48,30,60,59,34,57,5,5,6,24,47,45,42,6,19,37,8,32,59.0,50.0,74.0,78.0,50.0,76.0,6.0,6.0,7.0,28.0,2.0,65.0,64.0,62.0,9.0,63.0,49.0,11.0,56.0,10.0,0.8135593220338984,0.6,0.8108108108108109,0.7564102564102564,0.68,0.75,0.8333333333333334,0.8333333333333334,0.8571428571428571,0.8571428571428571,0.0,0.7230769230769231,0.703125,0.6774193548387096,0.6666666666666666,0.3015873015873015,0.7551020408163265,0.7272727272727273,0.5714285714285714,0.0,59.0,50.0,74.0,78.0,50.0,76.0,6.0,6.0,7.0,28.0,62.0,2.0,65.0,64.0,61.0,62.0,9.0,63.0,49.0,11.0,56.0,10.0,61.0,18,5.0,74.0,4.111111111111111,5.1000000000000005,82.19999999999999,4.566666666666666
80,78,58,2023-04-02,24-161,WAS,@,NYK,L (-9),0,24:32,5.0,11.0,.455,1.0,3.0,.333,0,0.0,,3.0,4.0,7.0,6.0,1.0,0.0,0.0,2.0,11.0,13.0,-2,8.0,4.0,0.5,48,30,60,59,34,57,5,5,6,24,47,45,42,6,19,37,8,32,59.0,50.0,74.0,78.0,50.0,76.0,6.0,6.0,7.0,28.0,2.0,65.0,64.0,62.0,9.0,63.0,49.0,11.0,56.0,10.0,0.8135593220338984,0.6,0.8108108108108109,0.7564102564102564,0.68,0.75,0.8333333333333334,0.8333333333333334,0.8571428571428571,0.8571428571428571,0.0,0.7230769230769231,0.703125,0.6774193548387096,0.6666666666666666,0.3015873015873015,0.7551020408163265,0.7272727272727273,0.5714285714285714,0.0,59.0,50.0,74.0,78.0,50.0,76.0,6.0,6.0,7.0,28.0,62.0,2.0,65.0,64.0,61.0,62.0,9.0,63.0,49.0,11.0,56.0,10.0,61.0,18,14.0,63.0,3.5,13.0,78.6,4.366666666666666
81,79,59,2023-04-04,24-163,WAS,,MIL,L (-12),1,28:11,6.0,16.0,.375,2.0,4.0,.500,0,0.0,,1.0,3.0,4.0,9.0,0.0,1.0,3.0,2.0,14.0,10.0,-12,12.0,4.0,0.3333333333333333,48,30,60,59,34,57,5,5,6,24,47,45,42,6,19,37,8,32,59.0,50.0,74.0,78.0,50.0,76.0,6.0,6.0,7.0,28.0,2.0,65.0,64.0,62.0,9.0,63.0,49.0,11.0,56.0,10.0,0.8135593220338984,0.6,0.8108108108108109,0.7564102564102564,0.68,0.75,0.8333333333333334,0.8333333333333334,0.8571428571428571,0.8571428571428571,0.0,0.7230769230769231,0.703125,0.6774193548387096,0.6666666666666666,0.3015873015873015,0.7551020408163265,0.7272727272727273,0.5714285714285714,0.0,59.0,50.0,74.0,78.0,50.0,76.0,6.0,6.0,7.0,28.0,62.0,2.0,65.0,64.0,61.0,62.0,9.0,63.0,49.0,11.0,56.0,10.0,61.0,18,9.0,29.0,1.6111111111111112,9.999999999999996,39.9,2.216666666666667
82,80,60,2023-04-05,24-164,WAS,@,ATL,L (-18),1,29:29,4.0,10.0,.400,0.0,3.0,.000,2,2.0,1.000,0.0,2.0,2.0,6.0,4.0,1.0,1.0,2.0,10.0,12.3,-10,7.0,4.0,0.5714285714285714,48,30,60,59,34,57,5,5,6,24,47,45,42,6,19,37,8,32,59.0,50.0,74.0,78.0,50.0,76.0,6.0,6.0,7.0,28.0,2.0,65.0,64.0,62.0,9.0,63.0,49.0,11.0,56.0,10.0,0.8135593220338984,0.6,0.8108108108108109,0.7564102564102564,0.68,0.75,0.8333333333333334,0.8333333333333334,0.8571428571428571,0.8571428571428571,0.0,0.7230769230769231,0.703125,0.6774193548387096,0.6666666666666666,0.3015873015873015,0.7551020408163265,0.7272727272727273,0.5714285714285714,0.0,59.0,50.0,74.0,78.0,50.0,76.0,6.0,6.0,7.0,28.0,62.0,2.0,65.0,64.0,61.0,62.0,9.0,63.0,49.0,11.0,56.0,10.0,61.0,18,10.0,36.0,2.0,11.499999999999996,48.7,2.7055555555555557
83,Rk,G,Date,Age,Tm,,Opp,,GS,MP,0.0,0.0,FG%,,,3P%,FT,0.0,FT%,0.0,0.0,,0.0,0.0,0.0,0.0,0.0,0.0,GmSc,+/-,,,,48,30,60,59,34,57,5,5,6,24,47,45,42,6,19,37,8,32,59.0,50.0,74.0,78.0,50.0,76.0,6.0,6.0,7.0,28.0,2.0,65.0,64.0,62.0,9.0,63.0,49.0,11.0,56.0,10.0,0.8135593220338984,0.6,0.8108108108108109,0.7564102564102564,0.68,0.75,0.8333333333333334,0.8333333333333334,0.8571428571428571,0.8571428571428571,0.0,0.7230769230769231,0.703125,0.6774193548387096,0.6666666666666666,0.3015873015873015,0.7551020408163265,0.7272727272727273,0.5714285714285714,0.0,59.0,50.0,74.0,78.0,50.0,76.0,6.0,6.0,7.0,28.0,62.0,2.0,65.0,64.0,61.0,62.0,9.0,63.0,49.0,11.0,56.0,10.0,61.0,18,,0.0,0.0,0.0,0.0,0.0
84,81,61,2023-04-07,24-166,WAS,,MIA,W (+6),0,19:45,3.0,9.0,.333,0.0,3.0,.000,0,0.0,,2.0,7.0,9.0,4.0,0.0,0.0,1.0,0.0,6.0,6.2,+7,6.0,3.0,0.5,48,30,60,59,34,57,5,5,6,24,47,45,42,6,19,37,8,32,59.0,50.0,74.0,78.0,50.0,76.0,6.0,6.0,7.0,28.0,2.0,65.0,64.0,62.0,9.0,63.0,49.0,11.0,56.0,10.0,0.8135593220338984,0.6,0.8108108108108109,0.7564102564102564,0.68,0.75,0.8333333333333334,0.8333333333333334,0.8571428571428571,0.8571428571428571,0.0,0.7230769230769231,0.703125,0.6774193548387096,0.6666666666666666,0.3015873015873015,0.7551020408163265,0.7272727272727273,0.5714285714285714,0.0,59.0,50.0,74.0,78.0,50.0,76.0,6.0,6.0,7.0,28.0,62.0,2.0,65.0,64.0,61.0,62.0,9.0,63.0,49.0,11.0,56.0,10.0,61.0,18,9.0,41.0,2.2777777777777777,6.2,56.9,3.161111111111111
85,82,62,2023-04-09,24-168,WAS,,HOU,L (-5),1,29:33,8.0,14.0,.571,3.0,8.0,.375,3,4.0,.750,0.0,5.0,5.0,5.0,2.0,1.0,4.0,3.0,22.0,17.5,+2,6.0,5.0,0.8333333333333334,48,30,60,59,34,57,5,5,6,24,47,45,42,6,19,37,8,32,59.0,50.0,74.0,78.0,50.0,76.0,6.0,6.0,7.0,28.0,2.0,65.0,64.0,62.0,9.0,63.0,49.0,11.0,56.0,10.0,0.8135593220338984,0.6,0.8108108108108109,0.7564102564102564,0.68,0.75,0.8333333333333334,0.8333333333333334,0.8571428571428571,0.8571428571428571,0.0,0.7230769230769231,0.703125,0.6774193548387096,0.6666666666666666,0.3015873015873015,0.7551020408163265,0.7272727272727273,0.5714285714285714,0.0,59.0,50.0,74.0,78.0,50.0,76.0,6.0,6.0,7.0,28.0,62.0,2.0,65.0,64.0,61.0,62.0,9.0,63.0,49.0,11.0,56.0,10.0,61.0,18,13.0,26.0,1.4444444444444444,16.300000000000008,29.6,1.6444444444444446
