Unnamed: 0,Rk,G,Date,Age,Tm,Unnamed: 5,Opp,Unnamed: 7,GS,MP,FG,FGA,FG%,3P,3PA,3P%,FT,FTA,FT%,ORB,DRB,TRB,AST,STL,BLK,TOV,PF,PTS,GmSc,+/-,2PA,2P,2P%,Shared Games with Amir Coffey,Shared Games with Brandon Boston Jr.,Shared Games with Ivica Zubac,Shared Games with Jason Preston,Shared Games with John Wall,Shared Games with Kawhi Leonard,Shared Games with Luke Kennard,Shared Games with Marcus Morris,Shared Games with Moses Brown,Shared Games with Moussa Diabaté,Shared Games with Nicolas Batum,Shared Games with Norman Powell,Shared Games with Paul George,Shared Games with Robert Covington,Shared Games with Terance Mann,Amir Coffey,Brandon Boston Jr.,Ivica Zubac,Jason Preston,John Wall,Kawhi Leonard,Luke Kennard,Marcus Morris,Moses Brown,Moussa Diabaté,Nicolas Batum,Norman Powell,Paul George,Robert Covington,Terance Mann,Xavier Moon,co_inf with Amir Coffey,co_inf with Brandon Boston Jr.,co_inf with Ivica Zubac,co_inf with Jason Preston,co_inf with John Wall,co_inf with Kawhi Leonard,co_inf with Luke Kennard,co_inf with Marcus Morris,co_inf with Moses Brown,co_inf with Moussa Diabaté,co_inf with Nicolas Batum,co_inf with Norman Powell,co_inf with Paul George,co_inf with Robert Covington,co_inf with Terance Mann,co_inf with Xavier Moon,Shared Games with Bryce McGowens,Shared Games with Cody Martin,Shared Games with De'Andre Hunter,Shared Games with Dennis Smith Jr.,Shared Games with Gordon Hayward,Shared Games with Jalen McDaniels,Shared Games with James Bouknight,Shared Games with JT Thor,Shared Games with Kai Jones,Shared Games with Kelly Oubre Jr.,Shared Games with LaMelo Ball,Shared Games with Mark Williams,Shared Games with Mason Plumlee,Shared Games with Nick Richards,Shared Games with P.J. Washington,Shared Games with Terry Rozier,Shared Games with Théo Maledon,Shared Games with Aaron Gordon,Shared Games with Bones Hyland,Shared Games with Bruce Brown,Shared Games with Christian Braun,Shared Games with Davon Reed,Shared Games with DeAndre Jordan,Shared Games with Ish Smith,Shared Games with Jack White,Shared Games with Jamal Murray,Shared Games with Jeff Green,Shared Games with Kentavious Caldwell-Pope,Shared Games with Michael Porter Jr.,Shared Games with Nikola Jokić,Shared Games with Peyton Watson,Shared Games with Vlatko Čančar,Shared Games with Zeke Nnaji,Shared Games with Thomas Bryant,Aaron Gordon,Bruce Brown,Christian Braun,Collin Gillespie,DeAndre Jordan,Donovan Williams,Ish Smith,Jack White,Jamal Murray,Jeff Green,Kentavious Caldwell-Pope,Michael Porter Jr.,Nikola Jokić,Peyton Watson,Thomas Bryant,Vlatko Čančar,Zeke Nnaji,co_inf with Aaron Gordon,co_inf with Bruce Brown,co_inf with Christian Braun,co_inf with DeAndre Jordan,co_inf with Ish Smith,co_inf with Jack White,co_inf with Jamal Murray,co_inf with Jeff Green,co_inf with Kentavious Caldwell-Pope,co_inf with Michael Porter Jr.,co_inf with Nikola Jokić,co_inf with Peyton Watson,co_inf with Vlatko Čančar,co_inf with Zeke Nnaji,co_inf with Collin Gillespie,co_inf with Donovan Williams,co_inf with Thomas Bryant,Total Shared Players,CO_EFF,EFF,avg_EFF,CO_HGS,HGS,avg_HGS
0,1,1,2022-10-20,32-187,LAC,@,LAL,W (+6),1,23:28,3.0,9.0,.333,1.0,3.0,.333,1,2.0,.500,0.0,1.0,1.0,4.0,1.0,0.0,2.0,0.0,8.0,4.6,+9,6.0,2.0,0.3333333333333333,34,15,52,10,29,28,32,45,28,12,49,45,40,32,51,50.0,22.0,76.0,14.0,34.0,52.0,59.0,65.0,36.0,22.0,78.0,60.0,56.0,48.0,81.0,4.0,0.68,0.6818181818181818,0.6842105263157895,0.7142857142857143,0.8529411764705882,0.5384615384615384,0.5423728813559322,0.6923076923076923,0.7777777777777778,0.5454545454545454,0.6282051282051282,0.75,0.7142857142857143,0.6666666666666666,0.6296296296296297,0.0,14,3,27,21,20,39,15,30,18,19,17,19,35,24,31,28,22,12,19,13,13,19,4,9,2,12,11,12,12,12,6,10,4,9,68.0,80.0,76.0,,39.0,2.0,43.0,17.0,65.0,56.0,76.0,62.0,69.0,23.0,59.0,60.0,53.0,0.1764705882352941,0.1625,0.1710526315789473,0.1025641025641025,0.2093023255813953,0.1176470588235294,0.1846153846153846,0.1964285714285714,0.1578947368421052,0.1935483870967742,0.1739130434782608,0.2608695652173913,0.1666666666666666,0.0754716981132075,,0.0,0.1525423728813559,49,1.0,50.0,1.020408163265306,4.200000000000001,61.8,1.2612244897959184
1,2,2,2022-10-22,32-189,LAC,@,SAC,W (+2),1,26:46,4.0,5.0,.800,3.0,3.0,1.000,3,3.0,1.000,0.0,2.0,2.0,5.0,1.0,0.0,3.0,2.0,14.0,13.4,0,2.0,1.0,0.5,34,15,52,10,29,28,32,45,28,12,49,45,40,32,51,50.0,22.0,76.0,14.0,34.0,52.0,59.0,65.0,36.0,22.0,78.0,60.0,56.0,48.0,81.0,4.0,0.68,0.6818181818181818,0.6842105263157895,0.7142857142857143,0.8529411764705882,0.5384615384615384,0.5423728813559322,0.6923076923076923,0.7777777777777778,0.5454545454545454,0.6282051282051282,0.75,0.7142857142857143,0.6666666666666666,0.6296296296296297,0.0,14,3,27,21,20,39,15,30,18,19,17,19,35,24,31,28,22,12,19,13,13,19,4,9,2,12,11,12,12,12,6,10,4,9,68.0,80.0,76.0,,39.0,2.0,43.0,17.0,65.0,56.0,76.0,62.0,69.0,23.0,59.0,60.0,53.0,0.1764705882352941,0.1625,0.1710526315789473,0.1025641025641025,0.2093023255813953,0.1176470588235294,0.1846153846153846,0.1964285714285714,0.1578947368421052,0.1935483870967742,0.1739130434782608,0.2608695652173913,0.1666666666666666,0.0754716981132075,,0.0,0.1525423728813559,49,11.0,77.0,1.5714285714285714,12.2,89.0,1.816326530612245
2,3,3,2022-10-23,32-190,LAC,,PHO,L (-17),1,23:45,0.0,5.0,.000,0.0,2.0,.000,0,0.0,,0.0,2.0,2.0,2.0,1.0,0.0,0.0,0.0,0.0,-0.5,-14,3.0,0.0,0.0,34,15,52,10,29,28,32,45,28,12,49,45,40,32,51,50.0,22.0,76.0,14.0,34.0,52.0,59.0,65.0,36.0,22.0,78.0,60.0,56.0,48.0,81.0,4.0,0.68,0.6818181818181818,0.6842105263157895,0.7142857142857143,0.8529411764705882,0.5384615384615384,0.5423728813559322,0.6923076923076923,0.7777777777777778,0.5454545454545454,0.6282051282051282,0.75,0.7142857142857143,0.6666666666666666,0.6296296296296297,0.0,14,3,27,21,20,39,15,30,18,19,17,19,35,24,31,28,22,12,19,13,13,19,4,9,2,12,11,12,12,12,6,10,4,9,68.0,80.0,76.0,,39.0,2.0,43.0,17.0,65.0,56.0,76.0,62.0,69.0,23.0,59.0,60.0,53.0,0.1764705882352941,0.1625,0.1710526315789473,0.1025641025641025,0.2093023255813953,0.1176470588235294,0.1846153846153846,0.1964285714285714,0.1578947368421052,0.1935483870967742,0.1739130434782608,0.2608695652173913,0.1666666666666666,0.0754716981132075,,0.0,0.1525423728813559,49,0.0,81.0,1.653061224489796,-0.5,92.89999999999998,1.8959183673469384
3,4,4,2022-10-25,32-192,LAC,@,OKC,L (-14),1,30:00,4.0,17.0,.235,1.0,6.0,.167,0,0.0,,0.0,3.0,3.0,6.0,0.0,0.0,3.0,2.0,9.0,0.0,-19,11.0,3.0,0.2727272727272727,34,15,52,10,29,28,32,45,28,12,49,45,40,32,51,50.0,22.0,76.0,14.0,34.0,52.0,59.0,65.0,36.0,22.0,78.0,60.0,56.0,48.0,81.0,4.0,0.68,0.6818181818181818,0.6842105263157895,0.7142857142857143,0.8529411764705882,0.5384615384615384,0.5423728813559322,0.6923076923076923,0.7777777777777778,0.5454545454545454,0.6282051282051282,0.75,0.7142857142857143,0.6666666666666666,0.6296296296296297,0.0,14,3,27,21,20,39,15,30,18,19,17,19,35,24,31,28,22,12,19,13,13,19,4,9,2,12,11,12,12,12,6,10,4,9,68.0,80.0,76.0,,39.0,2.0,43.0,17.0,65.0,56.0,76.0,62.0,69.0,23.0,59.0,60.0,53.0,0.1764705882352941,0.1625,0.1710526315789473,0.1025641025641025,0.2093023255813953,0.1176470588235294,0.1846153846153846,0.1964285714285714,0.1578947368421052,0.1935483870967742,0.1739130434782608,0.2608695652173913,0.1666666666666666,0.0754716981132075,,0.0,0.1525423728813559,49,-2.0,64.0,1.3061224489795915,8.881784197001252e-16,69.80000000000001,1.4244897959183676
4,5,5,2022-10-27,32-194,LAC,@,OKC,L (-8),1,37:14,8.0,13.0,.615,2.0,4.0,.500,0,0.0,,0.0,2.0,2.0,4.0,1.0,0.0,0.0,1.0,18.0,16.1,-17,9.0,6.0,0.6666666666666666,34,15,52,10,29,28,32,45,28,12,49,45,40,32,51,50.0,22.0,76.0,14.0,34.0,52.0,59.0,65.0,36.0,22.0,78.0,60.0,56.0,48.0,81.0,4.0,0.68,0.6818181818181818,0.6842105263157895,0.7142857142857143,0.8529411764705882,0.5384615384615384,0.5423728813559322,0.6923076923076923,0.7777777777777778,0.5454545454545454,0.6282051282051282,0.75,0.7142857142857143,0.6666666666666666,0.6296296296296297,0.0,14,3,27,21,20,39,15,30,18,19,17,19,35,24,31,28,22,12,19,13,13,19,4,9,2,12,11,12,12,12,6,10,4,9,68.0,80.0,76.0,,39.0,2.0,43.0,17.0,65.0,56.0,76.0,62.0,69.0,23.0,59.0,60.0,53.0,0.1764705882352941,0.1625,0.1710526315789473,0.1025641025641025,0.2093023255813953,0.1176470588235294,0.1846153846153846,0.1964285714285714,0.1578947368421052,0.1935483870967742,0.1739130434782608,0.2608695652173913,0.1666666666666666,0.0754716981132075,,0.0,0.1525423728813559,49,12.0,92.0,1.877551020408164,16.1,95.5,1.9489795918367347
5,6,6,2022-10-30,32-197,LAC,,NOP,L (-21),1,27:21,4.0,12.0,.333,1.0,7.0,.143,0,0.0,,2.0,3.0,5.0,3.0,1.0,0.0,4.0,1.0,9.0,3.2,-8,5.0,3.0,0.6,34,15,52,10,29,28,32,45,28,12,49,45,40,32,51,50.0,22.0,76.0,14.0,34.0,52.0,59.0,65.0,36.0,22.0,78.0,60.0,56.0,48.0,81.0,4.0,0.68,0.6818181818181818,0.6842105263157895,0.7142857142857143,0.8529411764705882,0.5384615384615384,0.5423728813559322,0.6923076923076923,0.7777777777777778,0.5454545454545454,0.6282051282051282,0.75,0.7142857142857143,0.6666666666666666,0.6296296296296297,0.0,14,3,27,21,20,39,15,30,18,19,17,19,35,24,31,28,22,12,19,13,13,19,4,9,2,12,11,12,12,12,6,10,4,9,68.0,80.0,76.0,,39.0,2.0,43.0,17.0,65.0,56.0,76.0,62.0,69.0,23.0,59.0,60.0,53.0,0.1764705882352941,0.1625,0.1710526315789473,0.1025641025641025,0.2093023255813953,0.1176470588235294,0.1846153846153846,0.1964285714285714,0.1578947368421052,0.1935483870967742,0.1739130434782608,0.2608695652173913,0.1666666666666666,0.0754716981132075,,0.0,0.1525423728813559,49,2.0,61.0,1.2448979591836735,3.200000000000001,66.7,1.3612244897959185
6,7,7,2022-10-31,32-198,LAC,,HOU,W (+2),1,30:02,2.0,11.0,.182,0.0,6.0,.000,2,2.0,1.000,1.0,1.0,2.0,6.0,0.0,0.0,1.0,1.0,6.0,2.9,0,5.0,2.0,0.4,34,15,52,10,29,28,32,45,28,12,49,45,40,32,51,50.0,22.0,76.0,14.0,34.0,52.0,59.0,65.0,36.0,22.0,78.0,60.0,56.0,48.0,81.0,4.0,0.68,0.6818181818181818,0.6842105263157895,0.7142857142857143,0.8529411764705882,0.5384615384615384,0.5423728813559322,0.6923076923076923,0.7777777777777778,0.5454545454545454,0.6282051282051282,0.75,0.7142857142857143,0.6666666666666666,0.6296296296296297,0.0,14,3,27,21,20,39,15,30,18,19,17,19,35,24,31,28,22,12,19,13,13,19,4,9,2,12,11,12,12,12,6,10,4,9,68.0,80.0,76.0,,39.0,2.0,43.0,17.0,65.0,56.0,76.0,62.0,69.0,23.0,59.0,60.0,53.0,0.1764705882352941,0.1625,0.1710526315789473,0.1025641025641025,0.2093023255813953,0.1176470588235294,0.1846153846153846,0.1964285714285714,0.1578947368421052,0.1935483870967742,0.1739130434782608,0.2608695652173913,0.1666666666666666,0.0754716981132075,,0.0,0.1525423728813559,49,0.0,70.0,1.4285714285714286,2.100000000000001,82.0,1.6734693877551021
7,8,8,2022-11-02,32-200,LAC,@,HOU,W (+8),1,33:20,4.0,11.0,.364,0.0,4.0,.000,4,4.0,1.000,0.0,0.0,0.0,3.0,1.0,1.0,0.0,2.0,12.0,8.9,+11,7.0,4.0,0.5714285714285714,34,15,52,10,29,28,32,45,28,12,49,45,40,32,51,50.0,22.0,76.0,14.0,34.0,52.0,59.0,65.0,36.0,22.0,78.0,60.0,56.0,48.0,81.0,4.0,0.68,0.6818181818181818,0.6842105263157895,0.7142857142857143,0.8529411764705882,0.5384615384615384,0.5423728813559322,0.6923076923076923,0.7777777777777778,0.5454545454545454,0.6282051282051282,0.75,0.7142857142857143,0.6666666666666666,0.6296296296296297,0.0,14,3,27,21,20,39,15,30,18,19,17,19,35,24,31,28,22,12,19,13,13,19,4,9,2,12,11,12,12,12,6,10,4,9,68.0,80.0,76.0,,39.0,2.0,43.0,17.0,65.0,56.0,76.0,62.0,69.0,23.0,59.0,60.0,53.0,0.1764705882352941,0.1625,0.1710526315789473,0.1025641025641025,0.2093023255813953,0.1176470588235294,0.1846153846153846,0.1964285714285714,0.1578947368421052,0.1935483870967742,0.1739130434782608,0.2608695652173913,0.1666666666666666,0.0754716981132075,,0.0,0.1525423728813559,49,2.0,90.0,1.836734693877551,7.3,96.0,1.9591836734693877
8,9,9,2022-11-04,32-202,LAC,@,SAS,W (+7),1,37:08,5.0,11.0,.455,2.0,4.0,.500,2,2.0,1.000,0.0,3.0,3.0,5.0,0.0,0.0,2.0,1.0,14.0,10.3,+7,7.0,3.0,0.4285714285714285,34,15,52,10,29,28,32,45,28,12,49,45,40,32,51,50.0,22.0,76.0,14.0,34.0,52.0,59.0,65.0,36.0,22.0,78.0,60.0,56.0,48.0,81.0,4.0,0.68,0.6818181818181818,0.6842105263157895,0.7142857142857143,0.8529411764705882,0.5384615384615384,0.5423728813559322,0.6923076923076923,0.7777777777777778,0.5454545454545454,0.6282051282051282,0.75,0.7142857142857143,0.6666666666666666,0.6296296296296297,0.0,14,3,27,21,20,39,15,30,18,19,17,19,35,24,31,28,22,12,19,13,13,19,4,9,2,12,11,12,12,12,6,10,4,9,68.0,80.0,76.0,,39.0,2.0,43.0,17.0,65.0,56.0,76.0,62.0,69.0,23.0,59.0,60.0,53.0,0.1764705882352941,0.1625,0.1710526315789473,0.1025641025641025,0.2093023255813953,0.1176470588235294,0.1846153846153846,0.1964285714285714,0.1578947368421052,0.1935483870967742,0.1739130434782608,0.2608695652173913,0.1666666666666666,0.0754716981132075,,0.0,0.1525423728813559,49,7.0,88.0,1.7959183673469388,9.499999999999998,91.8,1.873469387755102
9,10,10,2022-11-06,32-204,LAC,,UTA,L (-8),1,19:41,1.0,3.0,.333,1.0,1.0,1.000,0,0.0,,0.0,1.0,1.0,0.0,1.0,0.0,1.0,1.0,3.0,1.2,+3,2.0,0.0,0.0,34,15,52,10,29,28,32,45,28,12,49,45,40,32,51,50.0,22.0,76.0,14.0,34.0,52.0,59.0,65.0,36.0,22.0,78.0,60.0,56.0,48.0,81.0,4.0,0.68,0.6818181818181818,0.6842105263157895,0.7142857142857143,0.8529411764705882,0.5384615384615384,0.5423728813559322,0.6923076923076923,0.7777777777777778,0.5454545454545454,0.6282051282051282,0.75,0.7142857142857143,0.6666666666666666,0.6296296296296297,0.0,14,3,27,21,20,39,15,30,18,19,17,19,35,24,31,28,22,12,19,13,13,19,4,9,2,12,11,12,12,12,6,10,4,9,68.0,80.0,76.0,,39.0,2.0,43.0,17.0,65.0,56.0,76.0,62.0,69.0,23.0,59.0,60.0,53.0,0.1764705882352941,0.1625,0.1710526315789473,0.1025641025641025,0.2093023255813953,0.1176470588235294,0.1846153846153846,0.1964285714285714,0.1578947368421052,0.1935483870967742,0.1739130434782608,0.2608695652173913,0.1666666666666666,0.0754716981132075,,0.0,0.1525423728813559,49,1.0,79.0,1.6122448979591837,1.1999999999999995,90.5,1.846938775510204
10,11,11,2022-11-07,32-205,LAC,,CLE,W (+2),1,36:14,6.0,11.0,.545,2.0,5.0,.400,4,4.0,1.000,0.0,2.0,2.0,7.0,0.0,0.0,4.0,4.0,18.0,12.6,-2,6.0,4.0,0.6666666666666666,34,15,52,10,29,28,32,45,28,12,49,45,40,32,51,50.0,22.0,76.0,14.0,34.0,52.0,59.0,65.0,36.0,22.0,78.0,60.0,56.0,48.0,81.0,4.0,0.68,0.6818181818181818,0.6842105263157895,0.7142857142857143,0.8529411764705882,0.5384615384615384,0.5423728813559322,0.6923076923076923,0.7777777777777778,0.5454545454545454,0.6282051282051282,0.75,0.7142857142857143,0.6666666666666666,0.6296296296296297,0.0,14,3,27,21,20,39,15,30,18,19,17,19,35,24,31,28,22,12,19,13,13,19,4,9,2,12,11,12,12,12,6,10,4,9,68.0,80.0,76.0,,39.0,2.0,43.0,17.0,65.0,56.0,76.0,62.0,69.0,23.0,59.0,60.0,53.0,0.1764705882352941,0.1625,0.1710526315789473,0.1025641025641025,0.2093023255813953,0.1176470588235294,0.1846153846153846,0.1964285714285714,0.1578947368421052,0.1935483870967742,0.1739130434782608,0.2608695652173913,0.1666666666666666,0.0754716981132075,,0.0,0.1525423728813559,49,8.0,76.0,1.5510204081632653,10.999999999999998,85.39999999999999,1.7428571428571427
11,12,12,2022-11-09,32-207,LAC,,LAL,W (+13),1,24:02,7.0,14.0,.500,0.0,2.0,.000,0,0.0,,0.0,0.0,0.0,3.0,1.0,0.0,4.0,5.0,14.0,4.1,+2,12.0,7.0,0.5833333333333334,34,15,52,10,29,28,32,45,28,12,49,45,40,32,51,50.0,22.0,76.0,14.0,34.0,52.0,59.0,65.0,36.0,22.0,78.0,60.0,56.0,48.0,81.0,4.0,0.68,0.6818181818181818,0.6842105263157895,0.7142857142857143,0.8529411764705882,0.5384615384615384,0.5423728813559322,0.6923076923076923,0.7777777777777778,0.5454545454545454,0.6282051282051282,0.75,0.7142857142857143,0.6666666666666666,0.6296296296296297,0.0,14,3,27,21,20,39,15,30,18,19,17,19,35,24,31,28,22,12,19,13,13,19,4,9,2,12,11,12,12,12,6,10,4,9,68.0,80.0,76.0,,39.0,2.0,43.0,17.0,65.0,56.0,76.0,62.0,69.0,23.0,59.0,60.0,53.0,0.1764705882352941,0.1625,0.1710526315789473,0.1025641025641025,0.2093023255813953,0.1176470588235294,0.1846153846153846,0.1964285714285714,0.1578947368421052,0.1935483870967742,0.1739130434782608,0.2608695652173913,0.1666666666666666,0.0754716981132075,,0.0,0.1525423728813559,49,0.0,62.0,1.2653061224489797,4.1,81.0,1.653061224489796
12,13,13,2022-11-12,32-210,LAC,,BRK,L (-15),1,33:20,2.0,5.0,.400,2.0,5.0,.400,0,0.0,,1.0,5.0,6.0,6.0,1.0,0.0,3.0,2.0,6.0,6.9,-18,0.0,0.0,,34,15,52,10,29,28,32,45,28,12,49,45,40,32,51,50.0,22.0,76.0,14.0,34.0,52.0,59.0,65.0,36.0,22.0,78.0,60.0,56.0,48.0,81.0,4.0,0.68,0.6818181818181818,0.6842105263157895,0.7142857142857143,0.8529411764705882,0.5384615384615384,0.5423728813559322,0.6923076923076923,0.7777777777777778,0.5454545454545454,0.6282051282051282,0.75,0.7142857142857143,0.6666666666666666,0.6296296296296297,0.0,14,3,27,21,20,39,15,30,18,19,17,19,35,24,31,28,22,12,19,13,13,19,4,9,2,12,11,12,12,12,6,10,4,9,68.0,80.0,76.0,,39.0,2.0,43.0,17.0,65.0,56.0,76.0,62.0,69.0,23.0,59.0,60.0,53.0,0.1764705882352941,0.1625,0.1710526315789473,0.1025641025641025,0.2093023255813953,0.1176470588235294,0.1846153846153846,0.1964285714285714,0.1578947368421052,0.1935483870967742,0.1739130434782608,0.2608695652173913,0.1666666666666666,0.0754716981132075,,0.0,0.1525423728813559,49,11.0,92.0,1.877551020408164,6.899999999999999,105.69999999999996,2.157142857142856
13,14,14,2022-11-14,32-212,LAC,@,HOU,W (+16),1,22:48,7.0,11.0,.636,3.0,7.0,.429,0,0.0,,0.0,2.0,2.0,6.0,0.0,0.0,3.0,4.0,17.0,12.3,+7,4.0,4.0,1.0,34,15,52,10,29,28,32,45,28,12,49,45,40,32,51,50.0,22.0,76.0,14.0,34.0,52.0,59.0,65.0,36.0,22.0,78.0,60.0,56.0,48.0,81.0,4.0,0.68,0.6818181818181818,0.6842105263157895,0.7142857142857143,0.8529411764705882,0.5384615384615384,0.5423728813559322,0.6923076923076923,0.7777777777777778,0.5454545454545454,0.6282051282051282,0.75,0.7142857142857143,0.6666666666666666,0.6296296296296297,0.0,14,3,27,21,20,39,15,30,18,19,17,19,35,24,31,28,22,12,19,13,13,19,4,9,2,12,11,12,12,12,6,10,4,9,68.0,80.0,76.0,,39.0,2.0,43.0,17.0,65.0,56.0,76.0,62.0,69.0,23.0,59.0,60.0,53.0,0.1764705882352941,0.1625,0.1710526315789473,0.1025641025641025,0.2093023255813953,0.1176470588235294,0.1846153846153846,0.1964285714285714,0.1578947368421052,0.1935483870967742,0.1739130434782608,0.2608695652173913,0.1666666666666666,0.0754716981132075,,0.0,0.1525423728813559,49,11.0,50.0,1.020408163265306,12.300000000000002,54.89999999999999,1.120408163265306
14,15,15,2022-11-15,32-213,LAC,@,DAL,L (-2),1,25:07,3.0,7.0,.429,0.0,3.0,.000,0,0.0,,0.0,4.0,4.0,2.0,1.0,0.0,2.0,0.0,6.0,3.9,+6,4.0,3.0,0.75,34,15,52,10,29,28,32,45,28,12,49,45,40,32,51,50.0,22.0,76.0,14.0,34.0,52.0,59.0,65.0,36.0,22.0,78.0,60.0,56.0,48.0,81.0,4.0,0.68,0.6818181818181818,0.6842105263157895,0.7142857142857143,0.8529411764705882,0.5384615384615384,0.5423728813559322,0.6923076923076923,0.7777777777777778,0.5454545454545454,0.6282051282051282,0.75,0.7142857142857143,0.6666666666666666,0.6296296296296297,0.0,14,3,27,21,20,39,15,30,18,19,17,19,35,24,31,28,22,12,19,13,13,19,4,9,2,12,11,12,12,12,6,10,4,9,68.0,80.0,76.0,,39.0,2.0,43.0,17.0,65.0,56.0,76.0,62.0,69.0,23.0,59.0,60.0,53.0,0.1764705882352941,0.1625,0.1710526315789473,0.1025641025641025,0.2093023255813953,0.1176470588235294,0.1846153846153846,0.1964285714285714,0.1578947368421052,0.1935483870967742,0.1739130434782608,0.2608695652173913,0.1666666666666666,0.0754716981132075,,0.0,0.1525423728813559,49,4.0,52.0,1.0612244897959184,3.900000000000001,66.5,1.3571428571428572
15,16,16,2022-11-17,32-215,LAC,,DET,W (+5),1,34:36,7.0,12.0,.583,3.0,5.0,.600,6,6.0,1.000,0.0,3.0,3.0,3.0,0.0,1.0,2.0,3.0,23.0,17.9,+9,7.0,4.0,0.5714285714285714,34,15,52,10,29,28,32,45,28,12,49,45,40,32,51,50.0,22.0,76.0,14.0,34.0,52.0,59.0,65.0,36.0,22.0,78.0,60.0,56.0,48.0,81.0,4.0,0.68,0.6818181818181818,0.6842105263157895,0.7142857142857143,0.8529411764705882,0.5384615384615384,0.5423728813559322,0.6923076923076923,0.7777777777777778,0.5454545454545454,0.6282051282051282,0.75,0.7142857142857143,0.6666666666666666,0.6296296296296297,0.0,14,3,27,21,20,39,15,30,18,19,17,19,35,24,31,28,22,12,19,13,13,19,4,9,2,12,11,12,12,12,6,10,4,9,68.0,80.0,76.0,,39.0,2.0,43.0,17.0,65.0,56.0,76.0,62.0,69.0,23.0,59.0,60.0,53.0,0.1764705882352941,0.1625,0.1710526315789473,0.1025641025641025,0.2093023255813953,0.1176470588235294,0.1846153846153846,0.1964285714285714,0.1578947368421052,0.1935483870967742,0.1739130434782608,0.2608695652173913,0.1666666666666666,0.0754716981132075,,0.0,0.1525423728813559,49,10.0,53.0,1.0816326530612246,15.499999999999996,48.900000000000006,0.9979591836734695
16,17,17,2022-11-19,32-217,LAC,,SAS,W (+22),1,30:09,8.0,11.0,.727,4.0,4.0,1.000,0,1.0,.000,0.0,3.0,3.0,4.0,1.0,0.0,1.0,1.0,20.0,18.4,+22,7.0,4.0,0.5714285714285714,34,15,52,10,29,28,32,45,28,12,49,45,40,32,51,50.0,22.0,76.0,14.0,34.0,52.0,59.0,65.0,36.0,22.0,78.0,60.0,56.0,48.0,81.0,4.0,0.68,0.6818181818181818,0.6842105263157895,0.7142857142857143,0.8529411764705882,0.5384615384615384,0.5423728813559322,0.6923076923076923,0.7777777777777778,0.5454545454545454,0.6282051282051282,0.75,0.7142857142857143,0.6666666666666666,0.6296296296296297,0.0,14,3,27,21,20,39,15,30,18,19,17,19,35,24,31,28,22,12,19,13,13,19,4,9,2,12,11,12,12,12,6,10,4,9,68.0,80.0,76.0,,39.0,2.0,43.0,17.0,65.0,56.0,76.0,62.0,69.0,23.0,59.0,60.0,53.0,0.1764705882352941,0.1625,0.1710526315789473,0.1025641025641025,0.2093023255813953,0.1176470588235294,0.1846153846153846,0.1964285714285714,0.1578947368421052,0.1935483870967742,0.1739130434782608,0.2608695652173913,0.1666666666666666,0.0754716981132075,,0.0,0.1525423728813559,49,15.0,67.0,1.3673469387755102,18.4,83.0,1.6938775510204083
17,18,18,2022-11-21,32-219,LAC,,UTA,W (+7),1,36:20,10.0,20.0,.500,3.0,7.0,.429,4,4.0,1.000,1.0,2.0,3.0,4.0,0.0,0.0,0.0,4.0,27.0,19.5,+4,13.0,7.0,0.5384615384615384,34,15,52,10,29,28,32,45,28,12,49,45,40,32,51,50.0,22.0,76.0,14.0,34.0,52.0,59.0,65.0,36.0,22.0,78.0,60.0,56.0,48.0,81.0,4.0,0.68,0.6818181818181818,0.6842105263157895,0.7142857142857143,0.8529411764705882,0.5384615384615384,0.5423728813559322,0.6923076923076923,0.7777777777777778,0.5454545454545454,0.6282051282051282,0.75,0.7142857142857143,0.6666666666666666,0.6296296296296297,0.0,14,3,27,21,20,39,15,30,18,19,17,19,35,24,31,28,22,12,19,13,13,19,4,9,2,12,11,12,12,12,6,10,4,9,68.0,80.0,76.0,,39.0,2.0,43.0,17.0,65.0,56.0,76.0,62.0,69.0,23.0,59.0,60.0,53.0,0.1764705882352941,0.1625,0.1710526315789473,0.1025641025641025,0.2093023255813953,0.1176470588235294,0.1846153846153846,0.1964285714285714,0.1578947368421052,0.1935483870967742,0.1739130434782608,0.2608695652173913,0.1666666666666666,0.0754716981132075,,0.0,0.1525423728813559,49,10.0,94.0,1.918367346938776,17.89999999999999,111.9,2.283673469387755
18,19,19,2022-11-23,32-221,LAC,@,GSW,L (-17),1,22:26,4.0,9.0,.444,1.0,3.0,.333,2,2.0,1.000,0.0,1.0,1.0,6.0,1.0,0.0,5.0,4.0,11.0,5.2,-8,6.0,3.0,0.5,34,15,52,10,29,28,32,45,28,12,49,45,40,32,51,50.0,22.0,76.0,14.0,34.0,52.0,59.0,65.0,36.0,22.0,78.0,60.0,56.0,48.0,81.0,4.0,0.68,0.6818181818181818,0.6842105263157895,0.7142857142857143,0.8529411764705882,0.5384615384615384,0.5423728813559322,0.6923076923076923,0.7777777777777778,0.5454545454545454,0.6282051282051282,0.75,0.7142857142857143,0.6666666666666666,0.6296296296296297,0.0,14,3,27,21,20,39,15,30,18,19,17,19,35,24,31,28,22,12,19,13,13,19,4,9,2,12,11,12,12,12,6,10,4,9,68.0,80.0,76.0,,39.0,2.0,43.0,17.0,65.0,56.0,76.0,62.0,69.0,23.0,59.0,60.0,53.0,0.1764705882352941,0.1625,0.1710526315789473,0.1025641025641025,0.2093023255813953,0.1176470588235294,0.1846153846153846,0.1964285714285714,0.1578947368421052,0.1935483870967742,0.1739130434782608,0.2608695652173913,0.1666666666666666,0.0754716981132075,,0.0,0.1525423728813559,49,3.0,75.0,1.530612244897959,4.4,91.6,1.8693877551020408
19,20,20,2022-11-25,32-223,LAC,,DEN,L (-10),1,31:10,4.0,8.0,.500,1.0,2.0,.500,0,0.0,,0.0,5.0,5.0,8.0,0.0,0.0,4.0,1.0,9.0,7.7,-13,6.0,3.0,0.5,34,15,52,10,29,28,32,45,28,12,49,45,40,32,51,50.0,22.0,76.0,14.0,34.0,52.0,59.0,65.0,36.0,22.0,78.0,60.0,56.0,48.0,81.0,4.0,0.68,0.6818181818181818,0.6842105263157895,0.7142857142857143,0.8529411764705882,0.5384615384615384,0.5423728813559322,0.6923076923076923,0.7777777777777778,0.5454545454545454,0.6282051282051282,0.75,0.7142857142857143,0.6666666666666666,0.6296296296296297,0.0,14,3,27,21,20,39,15,30,18,19,17,19,35,24,31,28,22,12,19,13,13,19,4,9,2,12,11,12,12,12,6,10,4,9,68.0,80.0,76.0,,39.0,2.0,43.0,17.0,65.0,56.0,76.0,62.0,69.0,23.0,59.0,60.0,53.0,0.1764705882352941,0.1625,0.1710526315789473,0.1025641025641025,0.2093023255813953,0.1176470588235294,0.1846153846153846,0.1964285714285714,0.1578947368421052,0.1935483870967742,0.1739130434782608,0.2608695652173913,0.1666666666666666,0.0754716981132075,,0.0,0.1525423728813559,49,10.0,99.0,2.020408163265306,7.699999999999999,112.8,2.3020408163265307
20,Rk,G,Date,Age,Tm,,Opp,,GS,MP,0.0,0.0,FG%,,,3P%,FT,0.0,FT%,0.0,0.0,,0.0,0.0,0.0,0.0,0.0,0.0,GmSc,+/-,,,,34,15,52,10,29,28,32,45,28,12,49,45,40,32,51,50.0,22.0,76.0,14.0,34.0,52.0,59.0,65.0,36.0,22.0,78.0,60.0,56.0,48.0,81.0,4.0,0.68,0.6818181818181818,0.6842105263157895,0.7142857142857143,0.8529411764705882,0.5384615384615384,0.5423728813559322,0.6923076923076923,0.7777777777777778,0.5454545454545454,0.6282051282051282,0.75,0.7142857142857143,0.6666666666666666,0.6296296296296297,0.0,14,3,27,21,20,39,15,30,18,19,17,19,35,24,31,28,22,12,19,13,13,19,4,9,2,12,11,12,12,12,6,10,4,9,68.0,80.0,76.0,,39.0,2.0,43.0,17.0,65.0,56.0,76.0,62.0,69.0,23.0,59.0,60.0,53.0,0.1764705882352941,0.1625,0.1710526315789473,0.1025641025641025,0.2093023255813953,0.1176470588235294,0.1846153846153846,0.1964285714285714,0.1578947368421052,0.1935483870967742,0.1739130434782608,0.2608695652173913,0.1666666666666666,0.0754716981132075,,0.0,0.1525423728813559,49,,0.0,0.0,0.0,0.0,0.0
21,21,21,2022-11-27,32-225,LAC,,IND,W (+14),1,25:58,2.0,10.0,.200,1.0,5.0,.200,0,0.0,,0.0,4.0,4.0,4.0,2.0,0.0,2.0,0.0,5.0,2.8,+7,5.0,1.0,0.2,34,15,52,10,29,28,32,45,28,12,49,45,40,32,51,50.0,22.0,76.0,14.0,34.0,52.0,59.0,65.0,36.0,22.0,78.0,60.0,56.0,48.0,81.0,4.0,0.68,0.6818181818181818,0.6842105263157895,0.7142857142857143,0.8529411764705882,0.5384615384615384,0.5423728813559322,0.6923076923076923,0.7777777777777778,0.5454545454545454,0.6282051282051282,0.75,0.7142857142857143,0.6666666666666666,0.6296296296296297,0.0,14,3,27,21,20,39,15,30,18,19,17,19,35,24,31,28,22,12,19,13,13,19,4,9,2,12,11,12,12,12,6,10,4,9,68.0,80.0,76.0,,39.0,2.0,43.0,17.0,65.0,56.0,76.0,62.0,69.0,23.0,59.0,60.0,53.0,0.1764705882352941,0.1625,0.1710526315789473,0.1025641025641025,0.2093023255813953,0.1176470588235294,0.1846153846153846,0.1964285714285714,0.1578947368421052,0.1935483870967742,0.1739130434782608,0.2608695652173913,0.1666666666666666,0.0754716981132075,,0.0,0.1525423728813559,49,3.0,90.0,1.836734693877551,2.8000000000000007,99.1,2.022448979591837
22,22,22,2022-11-29,32-227,LAC,@,POR,W (+6),1,41:05,9.0,23.0,.391,2.0,7.0,.286,4,4.0,1.000,3.0,4.0,7.0,12.0,0.0,1.0,3.0,1.0,24.0,20.5,+17,16.0,7.0,0.4375,34,15,52,10,29,28,32,45,28,12,49,45,40,32,51,50.0,22.0,76.0,14.0,34.0,52.0,59.0,65.0,36.0,22.0,78.0,60.0,56.0,48.0,81.0,4.0,0.68,0.6818181818181818,0.6842105263157895,0.7142857142857143,0.8529411764705882,0.5384615384615384,0.5423728813559322,0.6923076923076923,0.7777777777777778,0.5454545454545454,0.6282051282051282,0.75,0.7142857142857143,0.6666666666666666,0.6296296296296297,0.0,14,3,27,21,20,39,15,30,18,19,17,19,35,24,31,28,22,12,19,13,13,19,4,9,2,12,11,12,12,12,6,10,4,9,68.0,80.0,76.0,,39.0,2.0,43.0,17.0,65.0,56.0,76.0,62.0,69.0,23.0,59.0,60.0,53.0,0.1764705882352941,0.1625,0.1710526315789473,0.1025641025641025,0.2093023255813953,0.1176470588235294,0.1846153846153846,0.1964285714285714,0.1578947368421052,0.1935483870967742,0.1739130434782608,0.2608695652173913,0.1666666666666666,0.0754716981132075,,0.0,0.1525423728813559,49,14.0,63.0,1.2857142857142858,18.9,76.30000000000001,1.5571428571428574
23,23,23,2022-11-30,32-228,LAC,@,UTA,L (-13),1,24:47,5.0,10.0,.500,2.0,6.0,.333,3,4.0,.750,0.0,1.0,1.0,3.0,2.0,0.0,2.0,4.0,15.0,10.4,-7,4.0,3.0,0.75,34,15,52,10,29,28,32,45,28,12,49,45,40,32,51,50.0,22.0,76.0,14.0,34.0,52.0,59.0,65.0,36.0,22.0,78.0,60.0,56.0,48.0,81.0,4.0,0.68,0.6818181818181818,0.6842105263157895,0.7142857142857143,0.8529411764705882,0.5384615384615384,0.5423728813559322,0.6923076923076923,0.7777777777777778,0.5454545454545454,0.6282051282051282,0.75,0.7142857142857143,0.6666666666666666,0.6296296296296297,0.0,14,3,27,21,20,39,15,30,18,19,17,19,35,24,31,28,22,12,19,13,13,19,4,9,2,12,11,12,12,12,6,10,4,9,68.0,80.0,76.0,,39.0,2.0,43.0,17.0,65.0,56.0,76.0,62.0,69.0,23.0,59.0,60.0,53.0,0.1764705882352941,0.1625,0.1710526315789473,0.1025641025641025,0.2093023255813953,0.1176470588235294,0.1846153846153846,0.1964285714285714,0.1578947368421052,0.1935483870967742,0.1739130434782608,0.2608695652173913,0.1666666666666666,0.0754716981132075,,0.0,0.1525423728813559,49,5.0,72.0,1.469387755102041,9.2,84.1,1.7163265306122448
24,24,24,2022-12-03,32-231,LAC,,SAC,L (-27),1,23:11,1.0,12.0,.083,1.0,4.0,.250,3,5.0,.600,1.0,0.0,1.0,0.0,0.0,0.0,5.0,1.0,6.0,-7.5,-13,8.0,0.0,0.0,34,15,52,10,29,28,32,45,28,12,49,45,40,32,51,50.0,22.0,76.0,14.0,34.0,52.0,59.0,65.0,36.0,22.0,78.0,60.0,56.0,48.0,81.0,4.0,0.68,0.6818181818181818,0.6842105263157895,0.7142857142857143,0.8529411764705882,0.5384615384615384,0.5423728813559322,0.6923076923076923,0.7777777777777778,0.5454545454545454,0.6282051282051282,0.75,0.7142857142857143,0.6666666666666666,0.6296296296296297,0.0,14,3,27,21,20,39,15,30,18,19,17,19,35,24,31,28,22,12,19,13,13,19,4,9,2,12,11,12,12,12,6,10,4,9,68.0,80.0,76.0,,39.0,2.0,43.0,17.0,65.0,56.0,76.0,62.0,69.0,23.0,59.0,60.0,53.0,0.1764705882352941,0.1625,0.1710526315789473,0.1025641025641025,0.2093023255813953,0.1176470588235294,0.1846153846153846,0.1964285714285714,0.1578947368421052,0.1935483870967742,0.1739130434782608,0.2608695652173913,0.1666666666666666,0.0754716981132075,,0.0,0.1525423728813559,49,-15.0,68.0,1.3877551020408163,-8.699999999999998,81.9,1.6714285714285715
25,25,25,2022-12-05,32-233,LAC,@,CHO,W (+2),1,31:56,5.0,13.0,.385,3.0,7.0,.429,0,0.0,,1.0,1.0,2.0,2.0,0.0,0.0,2.0,2.0,13.0,5.5,-10,6.0,2.0,0.3333333333333333,34,15,52,10,29,28,32,45,28,12,49,45,40,32,51,50.0,22.0,76.0,14.0,34.0,52.0,59.0,65.0,36.0,22.0,78.0,60.0,56.0,48.0,81.0,4.0,0.68,0.6818181818181818,0.6842105263157895,0.7142857142857143,0.8529411764705882,0.5384615384615384,0.5423728813559322,0.6923076923076923,0.7777777777777778,0.5454545454545454,0.6282051282051282,0.75,0.7142857142857143,0.6666666666666666,0.6296296296296297,0.0,14,3,27,21,20,39,15,30,18,19,17,19,35,24,31,28,22,12,19,13,13,19,4,9,2,12,11,12,12,12,6,10,4,9,68.0,80.0,76.0,,39.0,2.0,43.0,17.0,65.0,56.0,76.0,62.0,69.0,23.0,59.0,60.0,53.0,0.1764705882352941,0.1625,0.1710526315789473,0.1025641025641025,0.2093023255813953,0.1176470588235294,0.1846153846153846,0.1964285714285714,0.1578947368421052,0.1935483870967742,0.1739130434782608,0.2608695652173913,0.1666666666666666,0.0754716981132075,,0.0,0.1525423728813559,49,2.0,71.0,1.4489795918367347,5.499999999999999,86.39999999999999,1.7632653061224488
26,26,26,2022-12-07,32-235,LAC,@,ORL,L (-5),1,31:14,5.0,20.0,.250,2.0,8.0,.250,3,3.0,1.000,1.0,0.0,1.0,3.0,0.0,0.0,2.0,1.0,15.0,3.4,-13,12.0,3.0,0.25,34,15,52,10,29,28,32,45,28,12,49,45,40,32,51,50.0,22.0,76.0,14.0,34.0,52.0,59.0,65.0,36.0,22.0,78.0,60.0,56.0,48.0,81.0,4.0,0.68,0.6818181818181818,0.6842105263157895,0.7142857142857143,0.8529411764705882,0.5384615384615384,0.5423728813559322,0.6923076923076923,0.7777777777777778,0.5454545454545454,0.6282051282051282,0.75,0.7142857142857143,0.6666666666666666,0.6296296296296297,0.0,14,3,27,21,20,39,15,30,18,19,17,19,35,24,31,28,22,12,19,13,13,19,4,9,2,12,11,12,12,12,6,10,4,9,68.0,80.0,76.0,,39.0,2.0,43.0,17.0,65.0,56.0,76.0,62.0,69.0,23.0,59.0,60.0,53.0,0.1764705882352941,0.1625,0.1710526315789473,0.1025641025641025,0.2093023255813953,0.1176470588235294,0.1846153846153846,0.1964285714285714,0.1578947368421052,0.1935483870967742,0.1739130434782608,0.2608695652173913,0.1666666666666666,0.0754716981132075,,0.0,0.1525423728813559,49,-6.0,86.0,1.7551020408163265,2.1999999999999966,95.4,1.9469387755102041
27,27,27,2022-12-08,32-236,LAC,@,MIA,L (-5),1,34:00,6.0,15.0,.400,4.0,6.0,.667,4,4.0,1.000,2.0,3.0,5.0,3.0,0.0,0.0,4.0,4.0,20.0,10.7,-7,9.0,2.0,0.2222222222222222,34,15,52,10,29,28,32,45,28,12,49,45,40,32,51,50.0,22.0,76.0,14.0,34.0,52.0,59.0,65.0,36.0,22.0,78.0,60.0,56.0,48.0,81.0,4.0,0.68,0.6818181818181818,0.6842105263157895,0.7142857142857143,0.8529411764705882,0.5384615384615384,0.5423728813559322,0.6923076923076923,0.7777777777777778,0.5454545454545454,0.6282051282051282,0.75,0.7142857142857143,0.6666666666666666,0.6296296296296297,0.0,14,3,27,21,20,39,15,30,18,19,17,19,35,24,31,28,22,12,19,13,13,19,4,9,2,12,11,12,12,12,6,10,4,9,68.0,80.0,76.0,,39.0,2.0,43.0,17.0,65.0,56.0,76.0,62.0,69.0,23.0,59.0,60.0,53.0,0.1764705882352941,0.1625,0.1710526315789473,0.1025641025641025,0.2093023255813953,0.1176470588235294,0.1846153846153846,0.1964285714285714,0.1578947368421052,0.1935483870967742,0.1739130434782608,0.2608695652173913,0.1666666666666666,0.0754716981132075,,0.0,0.1525423728813559,49,5.0,86.0,1.7551020408163265,9.099999999999998,102.79999999999998,2.0979591836734692
28,28,,2022-12-10,32-238,LAC,@,WAS,W (+7),Inactive,Inactive,0.0,0.0,Inactive,,,Inactive,Inactive,0.0,Inactive,0.0,0.0,,0.0,0.0,0.0,0.0,0.0,0.0,Inactive,Inactive,,,,34,15,52,10,29,28,32,45,28,12,49,45,40,32,51,50.0,22.0,76.0,14.0,34.0,52.0,59.0,65.0,36.0,22.0,78.0,60.0,56.0,48.0,81.0,4.0,0.68,0.6818181818181818,0.6842105263157895,0.7142857142857143,0.8529411764705882,0.5384615384615384,0.5423728813559322,0.6923076923076923,0.7777777777777778,0.5454545454545454,0.6282051282051282,0.75,0.7142857142857143,0.6666666666666666,0.6296296296296297,0.0,14,3,27,21,20,39,15,30,18,19,17,19,35,24,31,28,22,12,19,13,13,19,4,9,2,12,11,12,12,12,6,10,4,9,68.0,80.0,76.0,,39.0,2.0,43.0,17.0,65.0,56.0,76.0,62.0,69.0,23.0,59.0,60.0,53.0,0.1764705882352941,0.1625,0.1710526315789473,0.1025641025641025,0.2093023255813953,0.1176470588235294,0.1846153846153846,0.1964285714285714,0.1578947368421052,0.1935483870967742,0.1739130434782608,0.2608695652173913,0.1666666666666666,0.0754716981132075,,0.0,0.1525423728813559,49,,69.0,1.4081632653061225,0.0,90.5,1.846938775510204
29,29,28,2022-12-12,32-240,LAC,,BOS,W (+20),1,26:47,3.0,8.0,.375,1.0,4.0,.250,0,0.0,,0.0,2.0,2.0,2.0,2.0,0.0,2.0,2.0,7.0,3.8,+24,4.0,2.0,0.5,34,15,52,10,29,28,32,45,28,12,49,45,40,32,51,50.0,22.0,76.0,14.0,34.0,52.0,59.0,65.0,36.0,22.0,78.0,60.0,56.0,48.0,81.0,4.0,0.68,0.6818181818181818,0.6842105263157895,0.7142857142857143,0.8529411764705882,0.5384615384615384,0.5423728813559322,0.6923076923076923,0.7777777777777778,0.5454545454545454,0.6282051282051282,0.75,0.7142857142857143,0.6666666666666666,0.6296296296296297,0.0,14,3,27,21,20,39,15,30,18,19,17,19,35,24,31,28,22,12,19,13,13,19,4,9,2,12,11,12,12,12,6,10,4,9,68.0,80.0,76.0,,39.0,2.0,43.0,17.0,65.0,56.0,76.0,62.0,69.0,23.0,59.0,60.0,53.0,0.1764705882352941,0.1625,0.1710526315789473,0.1025641025641025,0.2093023255813953,0.1176470588235294,0.1846153846153846,0.1964285714285714,0.1578947368421052,0.1935483870967742,0.1739130434782608,0.2608695652173913,0.1666666666666666,0.0754716981132075,,0.0,0.1525423728813559,49,3.0,87.0,1.7755102040816326,3.8,98.9,2.0183673469387755
30,30,29,2022-12-14,32-242,LAC,,MIN,W (+11),1,25:39,4.0,9.0,.444,1.0,2.0,.500,1,1.0,1.000,0.0,3.0,3.0,1.0,2.0,0.0,1.0,4.0,10.0,6.3,0,7.0,3.0,0.4285714285714285,34,15,52,10,29,28,32,45,28,12,49,45,40,32,51,50.0,22.0,76.0,14.0,34.0,52.0,59.0,65.0,36.0,22.0,78.0,60.0,56.0,48.0,81.0,4.0,0.68,0.6818181818181818,0.6842105263157895,0.7142857142857143,0.8529411764705882,0.5384615384615384,0.5423728813559322,0.6923076923076923,0.7777777777777778,0.5454545454545454,0.6282051282051282,0.75,0.7142857142857143,0.6666666666666666,0.6296296296296297,0.0,14,3,27,21,20,39,15,30,18,19,17,19,35,24,31,28,22,12,19,13,13,19,4,9,2,12,11,12,12,12,6,10,4,9,68.0,80.0,76.0,,39.0,2.0,43.0,17.0,65.0,56.0,76.0,62.0,69.0,23.0,59.0,60.0,53.0,0.1764705882352941,0.1625,0.1710526315789473,0.1025641025641025,0.2093023255813953,0.1176470588235294,0.1846153846153846,0.1964285714285714,0.1578947368421052,0.1935483870967742,0.1739130434782608,0.2608695652173913,0.1666666666666666,0.0754716981132075,,0.0,0.1525423728813559,49,5.0,72.0,1.469387755102041,5.899999999999999,83.0,1.6938775510204083
31,31,,2022-12-15,32-243,LAC,,PHO,L (-16),Inactive,Inactive,0.0,0.0,Inactive,,,Inactive,Inactive,0.0,Inactive,0.0,0.0,,0.0,0.0,0.0,0.0,0.0,0.0,Inactive,Inactive,,,,34,15,52,10,29,28,32,45,28,12,49,45,40,32,51,50.0,22.0,76.0,14.0,34.0,52.0,59.0,65.0,36.0,22.0,78.0,60.0,56.0,48.0,81.0,4.0,0.68,0.6818181818181818,0.6842105263157895,0.7142857142857143,0.8529411764705882,0.5384615384615384,0.5423728813559322,0.6923076923076923,0.7777777777777778,0.5454545454545454,0.6282051282051282,0.75,0.7142857142857143,0.6666666666666666,0.6296296296296297,0.0,14,3,27,21,20,39,15,30,18,19,17,19,35,24,31,28,22,12,19,13,13,19,4,9,2,12,11,12,12,12,6,10,4,9,68.0,80.0,76.0,,39.0,2.0,43.0,17.0,65.0,56.0,76.0,62.0,69.0,23.0,59.0,60.0,53.0,0.1764705882352941,0.1625,0.1710526315789473,0.1025641025641025,0.2093023255813953,0.1176470588235294,0.1846153846153846,0.1964285714285714,0.1578947368421052,0.1935483870967742,0.1739130434782608,0.2608695652173913,0.1666666666666666,0.0754716981132075,,0.0,0.1525423728813559,49,,97.0,1.9795918367346936,0.0,110.59999999999998,2.2571428571428567
32,32,,2022-12-17,32-245,LAC,,WAS,W (+9),Inactive,Inactive,0.0,0.0,Inactive,,,Inactive,Inactive,0.0,Inactive,0.0,0.0,,0.0,0.0,0.0,0.0,0.0,0.0,Inactive,Inactive,,,,34,15,52,10,29,28,32,45,28,12,49,45,40,32,51,50.0,22.0,76.0,14.0,34.0,52.0,59.0,65.0,36.0,22.0,78.0,60.0,56.0,48.0,81.0,4.0,0.68,0.6818181818181818,0.6842105263157895,0.7142857142857143,0.8529411764705882,0.5384615384615384,0.5423728813559322,0.6923076923076923,0.7777777777777778,0.5454545454545454,0.6282051282051282,0.75,0.7142857142857143,0.6666666666666666,0.6296296296296297,0.0,14,3,27,21,20,39,15,30,18,19,17,19,35,24,31,28,22,12,19,13,13,19,4,9,2,12,11,12,12,12,6,10,4,9,68.0,80.0,76.0,,39.0,2.0,43.0,17.0,65.0,56.0,76.0,62.0,69.0,23.0,59.0,60.0,53.0,0.1764705882352941,0.1625,0.1710526315789473,0.1025641025641025,0.2093023255813953,0.1176470588235294,0.1846153846153846,0.1964285714285714,0.1578947368421052,0.1935483870967742,0.1739130434782608,0.2608695652173913,0.1666666666666666,0.0754716981132075,,0.0,0.1525423728813559,49,,92.0,1.877551020408164,0.0,104.2,2.126530612244898
33,33,30,2022-12-21,32-249,LAC,,CHO,W (+21),1,21:45,3.0,5.0,.600,2.0,4.0,.500,2,2.0,1.000,0.0,2.0,2.0,3.0,1.0,0.0,2.0,2.0,10.0,8.6,+22,1.0,1.0,1.0,34,15,52,10,29,28,32,45,28,12,49,45,40,32,51,50.0,22.0,76.0,14.0,34.0,52.0,59.0,65.0,36.0,22.0,78.0,60.0,56.0,48.0,81.0,4.0,0.68,0.6818181818181818,0.6842105263157895,0.7142857142857143,0.8529411764705882,0.5384615384615384,0.5423728813559322,0.6923076923076923,0.7777777777777778,0.5454545454545454,0.6282051282051282,0.75,0.7142857142857143,0.6666666666666666,0.6296296296296297,0.0,14,3,27,21,20,39,15,30,18,19,17,19,35,24,31,28,22,12,19,13,13,19,4,9,2,12,11,12,12,12,6,10,4,9,68.0,80.0,76.0,,39.0,2.0,43.0,17.0,65.0,56.0,76.0,62.0,69.0,23.0,59.0,60.0,53.0,0.1764705882352941,0.1625,0.1710526315789473,0.1025641025641025,0.2093023255813953,0.1176470588235294,0.1846153846153846,0.1964285714285714,0.1578947368421052,0.1935483870967742,0.1739130434782608,0.2608695652173913,0.1666666666666666,0.0754716981132075,,0.0,0.1525423728813559,49,7.0,85.0,1.7346938775510203,7.799999999999997,97.3,1.9857142857142858
34,34,31,2022-12-23,32-251,LAC,@,PHI,L (-5),1,25:10,2.0,6.0,.333,0.0,4.0,.000,0,0.0,,1.0,1.0,2.0,2.0,1.0,0.0,1.0,1.0,4.0,2.6,-13,2.0,2.0,1.0,34,15,52,10,29,28,32,45,28,12,49,45,40,32,51,50.0,22.0,76.0,14.0,34.0,52.0,59.0,65.0,36.0,22.0,78.0,60.0,56.0,48.0,81.0,4.0,0.68,0.6818181818181818,0.6842105263157895,0.7142857142857143,0.8529411764705882,0.5384615384615384,0.5423728813559322,0.6923076923076923,0.7777777777777778,0.5454545454545454,0.6282051282051282,0.75,0.7142857142857143,0.6666666666666666,0.6296296296296297,0.0,14,3,27,21,20,39,15,30,18,19,17,19,35,24,31,28,22,12,19,13,13,19,4,9,2,12,11,12,12,12,6,10,4,9,68.0,80.0,76.0,,39.0,2.0,43.0,17.0,65.0,56.0,76.0,62.0,69.0,23.0,59.0,60.0,53.0,0.1764705882352941,0.1625,0.1710526315789473,0.1025641025641025,0.2093023255813953,0.1176470588235294,0.1846153846153846,0.1964285714285714,0.1578947368421052,0.1935483870967742,0.1739130434782608,0.2608695652173913,0.1666666666666666,0.0754716981132075,,0.0,0.1525423728813559,49,2.0,81.0,1.653061224489796,2.6,96.3,1.9653061224489796
35,35,32,2022-12-26,32-254,LAC,@,DET,W (+11),1,19:06,5.0,6.0,.833,2.0,2.0,1.000,2,2.0,1.000,0.0,1.0,1.0,2.0,1.0,0.0,2.0,5.0,14.0,10.5,+9,4.0,3.0,0.75,34,15,52,10,29,28,32,45,28,12,49,45,40,32,51,50.0,22.0,76.0,14.0,34.0,52.0,59.0,65.0,36.0,22.0,78.0,60.0,56.0,48.0,81.0,4.0,0.68,0.6818181818181818,0.6842105263157895,0.7142857142857143,0.8529411764705882,0.5384615384615384,0.5423728813559322,0.6923076923076923,0.7777777777777778,0.5454545454545454,0.6282051282051282,0.75,0.7142857142857143,0.6666666666666666,0.6296296296296297,0.0,14,3,27,21,20,39,15,30,18,19,17,19,35,24,31,28,22,12,19,13,13,19,4,9,2,12,11,12,12,12,6,10,4,9,68.0,80.0,76.0,,39.0,2.0,43.0,17.0,65.0,56.0,76.0,62.0,69.0,23.0,59.0,60.0,53.0,0.1764705882352941,0.1625,0.1710526315789473,0.1025641025641025,0.2093023255813953,0.1176470588235294,0.1846153846153846,0.1964285714285714,0.1578947368421052,0.1935483870967742,0.1739130434782608,0.2608695652173913,0.1666666666666666,0.0754716981132075,,0.0,0.1525423728813559,49,8.0,86.0,1.7551020408163265,9.7,94.0,1.9183673469387754
36,36,33,2022-12-27,32-255,LAC,@,TOR,W (+11),1,31:26,9.0,15.0,.600,2.0,6.0,.333,0,0.0,,0.0,1.0,1.0,3.0,0.0,0.0,1.0,2.0,20.0,13.7,+6,9.0,7.0,0.7777777777777778,34,15,52,10,29,28,32,45,28,12,49,45,40,32,51,50.0,22.0,76.0,14.0,34.0,52.0,59.0,65.0,36.0,22.0,78.0,60.0,56.0,48.0,81.0,4.0,0.68,0.6818181818181818,0.6842105263157895,0.7142857142857143,0.8529411764705882,0.5384615384615384,0.5423728813559322,0.6923076923076923,0.7777777777777778,0.5454545454545454,0.6282051282051282,0.75,0.7142857142857143,0.6666666666666666,0.6296296296296297,0.0,14,3,27,21,20,39,15,30,18,19,17,19,35,24,31,28,22,12,19,13,13,19,4,9,2,12,11,12,12,12,6,10,4,9,68.0,80.0,76.0,,39.0,2.0,43.0,17.0,65.0,56.0,76.0,62.0,69.0,23.0,59.0,60.0,53.0,0.1764705882352941,0.1625,0.1710526315789473,0.1025641025641025,0.2093023255813953,0.1176470588235294,0.1846153846153846,0.1964285714285714,0.1578947368421052,0.1935483870967742,0.1739130434782608,0.2608695652173913,0.1666666666666666,0.0754716981132075,,0.0,0.1525423728813559,49,8.0,105.0,2.142857142857143,13.7,108.7,2.2183673469387757
37,37,34,2022-12-29,32-257,LAC,@,BOS,L (-6),1,24:08,3.0,9.0,.333,2.0,6.0,.333,0,0.0,,1.0,3.0,4.0,3.0,0.0,0.0,1.0,2.0,8.0,4.8,-3,3.0,1.0,0.3333333333333333,34,15,52,10,29,28,32,45,28,12,49,45,40,32,51,50.0,22.0,76.0,14.0,34.0,52.0,59.0,65.0,36.0,22.0,78.0,60.0,56.0,48.0,81.0,4.0,0.68,0.6818181818181818,0.6842105263157895,0.7142857142857143,0.8529411764705882,0.5384615384615384,0.5423728813559322,0.6923076923076923,0.7777777777777778,0.5454545454545454,0.6282051282051282,0.75,0.7142857142857143,0.6666666666666666,0.6296296296296297,0.0,14,3,27,21,20,39,15,30,18,19,17,19,35,24,31,28,22,12,19,13,13,19,4,9,2,12,11,12,12,12,6,10,4,9,68.0,80.0,76.0,,39.0,2.0,43.0,17.0,65.0,56.0,76.0,62.0,69.0,23.0,59.0,60.0,53.0,0.1764705882352941,0.1625,0.1710526315789473,0.1025641025641025,0.2093023255813953,0.1176470588235294,0.1846153846153846,0.1964285714285714,0.1578947368421052,0.1935483870967742,0.1739130434782608,0.2608695652173913,0.1666666666666666,0.0754716981132075,,0.0,0.1525423728813559,49,5.0,70.0,1.4285714285714286,4.799999999999999,81.79999999999998,1.6693877551020404
38,38,35,2022-12-31,32-259,LAC,@,IND,L (-1),1,32:34,4.0,7.0,.571,2.0,4.0,.500,3,3.0,1.000,0.0,4.0,4.0,3.0,0.0,1.0,2.0,3.0,13.0,10.5,-1,3.0,2.0,0.6666666666666666,34,15,52,10,29,28,32,45,28,12,49,45,40,32,51,50.0,22.0,76.0,14.0,34.0,52.0,59.0,65.0,36.0,22.0,78.0,60.0,56.0,48.0,81.0,4.0,0.68,0.6818181818181818,0.6842105263157895,0.7142857142857143,0.8529411764705882,0.5384615384615384,0.5423728813559322,0.6923076923076923,0.7777777777777778,0.5454545454545454,0.6282051282051282,0.75,0.7142857142857143,0.6666666666666666,0.6296296296296297,0.0,14,3,27,21,20,39,15,30,18,19,17,19,35,24,31,28,22,12,19,13,13,19,4,9,2,12,11,12,12,12,6,10,4,9,68.0,80.0,76.0,,39.0,2.0,43.0,17.0,65.0,56.0,76.0,62.0,69.0,23.0,59.0,60.0,53.0,0.1764705882352941,0.1625,0.1710526315789473,0.1025641025641025,0.2093023255813953,0.1176470588235294,0.1846153846153846,0.1964285714285714,0.1578947368421052,0.1935483870967742,0.1739130434782608,0.2608695652173913,0.1666666666666666,0.0754716981132075,,0.0,0.1525423728813559,49,9.0,104.0,2.122448979591837,9.3,107.4,2.1918367346938776
39,39,36,2023-01-02,32-261,LAC,,MIA,L (-10),1,29:49,4.0,10.0,.400,0.0,1.0,.000,1,1.0,1.000,0.0,2.0,2.0,5.0,1.0,0.0,1.0,0.0,9.0,7.7,-2,9.0,4.0,0.4444444444444444,34,15,52,10,29,28,32,45,28,12,49,45,40,32,51,50.0,22.0,76.0,14.0,34.0,52.0,59.0,65.0,36.0,22.0,78.0,60.0,56.0,48.0,81.0,4.0,0.68,0.6818181818181818,0.6842105263157895,0.7142857142857143,0.8529411764705882,0.5384615384615384,0.5423728813559322,0.6923076923076923,0.7777777777777778,0.5454545454545454,0.6282051282051282,0.75,0.7142857142857143,0.6666666666666666,0.6296296296296297,0.0,14,3,27,21,20,39,15,30,18,19,17,19,35,24,31,28,22,12,19,13,13,19,4,9,2,12,11,12,12,12,6,10,4,9,68.0,80.0,76.0,,39.0,2.0,43.0,17.0,65.0,56.0,76.0,62.0,69.0,23.0,59.0,60.0,53.0,0.1764705882352941,0.1625,0.1710526315789473,0.1025641025641025,0.2093023255813953,0.1176470588235294,0.1846153846153846,0.1964285714285714,0.1578947368421052,0.1935483870967742,0.1739130434782608,0.2608695652173913,0.1666666666666666,0.0754716981132075,,0.0,0.1525423728813559,49,5.0,105.0,2.142857142857143,7.299999999999999,109.29999999999998,2.2306122448979586
40,40,37,2023-01-05,32-264,LAC,@,DEN,L (-31),1,17:58,1.0,6.0,.167,0.0,5.0,.000,0,0.0,,2.0,0.0,2.0,2.0,0.0,0.0,0.0,1.0,2.0,0.6,-25,1.0,1.0,1.0,34,15,52,10,29,28,32,45,28,12,49,45,40,32,51,50.0,22.0,76.0,14.0,34.0,52.0,59.0,65.0,36.0,22.0,78.0,60.0,56.0,48.0,81.0,4.0,0.68,0.6818181818181818,0.6842105263157895,0.7142857142857143,0.8529411764705882,0.5384615384615384,0.5423728813559322,0.6923076923076923,0.7777777777777778,0.5454545454545454,0.6282051282051282,0.75,0.7142857142857143,0.6666666666666666,0.6296296296296297,0.0,14,3,27,21,20,39,15,30,18,19,17,19,35,24,31,28,22,12,19,13,13,19,4,9,2,12,11,12,12,12,6,10,4,9,68.0,80.0,76.0,,39.0,2.0,43.0,17.0,65.0,56.0,76.0,62.0,69.0,23.0,59.0,60.0,53.0,0.1764705882352941,0.1625,0.1710526315789473,0.1025641025641025,0.2093023255813953,0.1176470588235294,0.1846153846153846,0.1964285714285714,0.1578947368421052,0.1935483870967742,0.1739130434782608,0.2608695652173913,0.1666666666666666,0.0754716981132075,,0.0,0.1525423728813559,49,0.0,109.0,2.224489795918368,0.6,113.89999999999998,2.324489795918367
41,Rk,G,Date,Age,Tm,,Opp,,GS,MP,0.0,0.0,FG%,,,3P%,FT,0.0,FT%,0.0,0.0,,0.0,0.0,0.0,0.0,0.0,0.0,GmSc,+/-,,,,34,15,52,10,29,28,32,45,28,12,49,45,40,32,51,50.0,22.0,76.0,14.0,34.0,52.0,59.0,65.0,36.0,22.0,78.0,60.0,56.0,48.0,81.0,4.0,0.68,0.6818181818181818,0.6842105263157895,0.7142857142857143,0.8529411764705882,0.5384615384615384,0.5423728813559322,0.6923076923076923,0.7777777777777778,0.5454545454545454,0.6282051282051282,0.75,0.7142857142857143,0.6666666666666666,0.6296296296296297,0.0,14,3,27,21,20,39,15,30,18,19,17,19,35,24,31,28,22,12,19,13,13,19,4,9,2,12,11,12,12,12,6,10,4,9,68.0,80.0,76.0,,39.0,2.0,43.0,17.0,65.0,56.0,76.0,62.0,69.0,23.0,59.0,60.0,53.0,0.1764705882352941,0.1625,0.1710526315789473,0.1025641025641025,0.2093023255813953,0.1176470588235294,0.1846153846153846,0.1964285714285714,0.1578947368421052,0.1935483870967742,0.1739130434782608,0.2608695652173913,0.1666666666666666,0.0754716981132075,,0.0,0.1525423728813559,49,,0.0,0.0,0.0,0.0,0.0
42,41,38,2023-01-06,32-265,LAC,@,MIN,L (-13),1,17:57,1.0,9.0,.111,0.0,2.0,.000,0,0.0,,1.0,0.0,1.0,3.0,1.0,0.0,0.0,1.0,2.0,-0.5,-15,7.0,1.0,0.1428571428571428,34,15,52,10,29,28,32,45,28,12,49,45,40,32,51,50.0,22.0,76.0,14.0,34.0,52.0,59.0,65.0,36.0,22.0,78.0,60.0,56.0,48.0,81.0,4.0,0.68,0.6818181818181818,0.6842105263157895,0.7142857142857143,0.8529411764705882,0.5384615384615384,0.5423728813559322,0.6923076923076923,0.7777777777777778,0.5454545454545454,0.6282051282051282,0.75,0.7142857142857143,0.6666666666666666,0.6296296296296297,0.0,14,3,27,21,20,39,15,30,18,19,17,19,35,24,31,28,22,12,19,13,13,19,4,9,2,12,11,12,12,12,6,10,4,9,68.0,80.0,76.0,,39.0,2.0,43.0,17.0,65.0,56.0,76.0,62.0,69.0,23.0,59.0,60.0,53.0,0.1764705882352941,0.1625,0.1710526315789473,0.1025641025641025,0.2093023255813953,0.1176470588235294,0.1846153846153846,0.1964285714285714,0.1578947368421052,0.1935483870967742,0.1739130434782608,0.2608695652173913,0.1666666666666666,0.0754716981132075,,0.0,0.1525423728813559,49,-2.0,84.0,1.7142857142857142,-0.5000000000000006,100.59999999999998,2.0530612244897957
43,42,39,2023-01-08,32-267,LAC,,ATL,L (-4),0,7:40,0.0,2.0,.000,0.0,1.0,.000,0,0.0,,0.0,0.0,0.0,0.0,0.0,0.0,0.0,0.0,0.0,-1.4,-13,1.0,0.0,0.0,34,15,52,10,29,28,32,45,28,12,49,45,40,32,51,50.0,22.0,76.0,14.0,34.0,52.0,59.0,65.0,36.0,22.0,78.0,60.0,56.0,48.0,81.0,4.0,0.68,0.6818181818181818,0.6842105263157895,0.7142857142857143,0.8529411764705882,0.5384615384615384,0.5423728813559322,0.6923076923076923,0.7777777777777778,0.5454545454545454,0.6282051282051282,0.75,0.7142857142857143,0.6666666666666666,0.6296296296296297,0.0,14,3,27,21,20,39,15,30,18,19,17,19,35,24,31,28,22,12,19,13,13,19,4,9,2,12,11,12,12,12,6,10,4,9,68.0,80.0,76.0,,39.0,2.0,43.0,17.0,65.0,56.0,76.0,62.0,69.0,23.0,59.0,60.0,53.0,0.1764705882352941,0.1625,0.1710526315789473,0.1025641025641025,0.2093023255813953,0.1176470588235294,0.1846153846153846,0.1964285714285714,0.1578947368421052,0.1935483870967742,0.1739130434782608,0.2608695652173913,0.1666666666666666,0.0754716981132075,,0.0,0.1525423728813559,49,-2.0,79.0,1.6122448979591837,-1.4,95.7,1.953061224489796
44,43,,2023-01-10,32-269,LAC,,DAL,W (+12),Did Not Play,Did Not Play,0.0,0.0,Did Not Play,,,Did Not Play,Did Not Play,0.0,Did Not Play,0.0,0.0,,0.0,0.0,0.0,0.0,0.0,0.0,Did Not Play,Did Not Play,,,,34,15,52,10,29,28,32,45,28,12,49,45,40,32,51,50.0,22.0,76.0,14.0,34.0,52.0,59.0,65.0,36.0,22.0,78.0,60.0,56.0,48.0,81.0,4.0,0.68,0.6818181818181818,0.6842105263157895,0.7142857142857143,0.8529411764705882,0.5384615384615384,0.5423728813559322,0.6923076923076923,0.7777777777777778,0.5454545454545454,0.6282051282051282,0.75,0.7142857142857143,0.6666666666666666,0.6296296296296297,0.0,14,3,27,21,20,39,15,30,18,19,17,19,35,24,31,28,22,12,19,13,13,19,4,9,2,12,11,12,12,12,6,10,4,9,68.0,80.0,76.0,,39.0,2.0,43.0,17.0,65.0,56.0,76.0,62.0,69.0,23.0,59.0,60.0,53.0,0.1764705882352941,0.1625,0.1710526315789473,0.1025641025641025,0.2093023255813953,0.1176470588235294,0.1846153846153846,0.1964285714285714,0.1578947368421052,0.1935483870967742,0.1739130434782608,0.2608695652173913,0.1666666666666666,0.0754716981132075,,0.0,0.1525423728813559,49,,85.0,1.7346938775510203,0.0,101.2,2.0653061224489795
45,44,,2023-01-13,32-272,LAC,,DEN,L (-12),Did Not Play,Did Not Play,0.0,0.0,Did Not Play,,,Did Not Play,Did Not Play,0.0,Did Not Play,0.0,0.0,,0.0,0.0,0.0,0.0,0.0,0.0,Did Not Play,Did Not Play,,,,34,15,52,10,29,28,32,45,28,12,49,45,40,32,51,50.0,22.0,76.0,14.0,34.0,52.0,59.0,65.0,36.0,22.0,78.0,60.0,56.0,48.0,81.0,4.0,0.68,0.6818181818181818,0.6842105263157895,0.7142857142857143,0.8529411764705882,0.5384615384615384,0.5423728813559322,0.6923076923076923,0.7777777777777778,0.5454545454545454,0.6282051282051282,0.75,0.7142857142857143,0.6666666666666666,0.6296296296296297,0.0,14,3,27,21,20,39,15,30,18,19,17,19,35,24,31,28,22,12,19,13,13,19,4,9,2,12,11,12,12,12,6,10,4,9,68.0,80.0,76.0,,39.0,2.0,43.0,17.0,65.0,56.0,76.0,62.0,69.0,23.0,59.0,60.0,53.0,0.1764705882352941,0.1625,0.1710526315789473,0.1025641025641025,0.2093023255813953,0.1176470588235294,0.1846153846153846,0.1964285714285714,0.1578947368421052,0.1935483870967742,0.1739130434782608,0.2608695652173913,0.1666666666666666,0.0754716981132075,,0.0,0.1525423728813559,49,,88.0,1.7959183673469388,0.0,102.9,2.1
46,45,40,2023-01-15,32-274,LAC,,HOU,W (+21),0,15:24,2.0,5.0,.400,0.0,2.0,.000,0,0.0,,1.0,1.0,2.0,5.0,2.0,0.0,5.0,1.0,4.0,2.4,+8,3.0,2.0,0.6666666666666666,34,15,52,10,29,28,32,45,28,12,49,45,40,32,51,50.0,22.0,76.0,14.0,34.0,52.0,59.0,65.0,36.0,22.0,78.0,60.0,56.0,48.0,81.0,4.0,0.68,0.6818181818181818,0.6842105263157895,0.7142857142857143,0.8529411764705882,0.5384615384615384,0.5423728813559322,0.6923076923076923,0.7777777777777778,0.5454545454545454,0.6282051282051282,0.75,0.7142857142857143,0.6666666666666666,0.6296296296296297,0.0,14,3,27,21,20,39,15,30,18,19,17,19,35,24,31,28,22,12,19,13,13,19,4,9,2,12,11,12,12,12,6,10,4,9,68.0,80.0,76.0,,39.0,2.0,43.0,17.0,65.0,56.0,76.0,62.0,69.0,23.0,59.0,60.0,53.0,0.1764705882352941,0.1625,0.1710526315789473,0.1025641025641025,0.2093023255813953,0.1176470588235294,0.1846153846153846,0.1964285714285714,0.1578947368421052,0.1935483870967742,0.1739130434782608,0.2608695652173913,0.1666666666666666,0.0754716981132075,,0.0,0.1525423728813559,49,3.0,69.0,1.4081632653061225,2.4000000000000004,91.7,1.8714285714285714
47,46,41,2023-01-17,32-276,LAC,,PHI,L (-10),0,13:51,3.0,5.0,.600,1.0,1.0,1.000,0,0.0,,0.0,1.0,1.0,4.0,1.0,0.0,0.0,1.0,7.0,8.4,-12,4.0,2.0,0.5,34,15,52,10,29,28,32,45,28,12,49,45,40,32,51,50.0,22.0,76.0,14.0,34.0,52.0,59.0,65.0,36.0,22.0,78.0,60.0,56.0,48.0,81.0,4.0,0.68,0.6818181818181818,0.6842105263157895,0.7142857142857143,0.8529411764705882,0.5384615384615384,0.5423728813559322,0.6923076923076923,0.7777777777777778,0.5454545454545454,0.6282051282051282,0.75,0.7142857142857143,0.6666666666666666,0.6296296296296297,0.0,14,3,27,21,20,39,15,30,18,19,17,19,35,24,31,28,22,12,19,13,13,19,4,9,2,12,11,12,12,12,6,10,4,9,68.0,80.0,76.0,,39.0,2.0,43.0,17.0,65.0,56.0,76.0,62.0,69.0,23.0,59.0,60.0,53.0,0.1764705882352941,0.1625,0.1710526315789473,0.1025641025641025,0.2093023255813953,0.1176470588235294,0.1846153846153846,0.1964285714285714,0.1578947368421052,0.1935483870967742,0.1739130434782608,0.2608695652173913,0.1666666666666666,0.0754716981132075,,0.0,0.1525423728813559,49,8.0,107.0,2.183673469387755,8.4,118.79999999999998,2.424489795918367
48,47,42,2023-01-18,32-277,LAC,@,UTA,L (-23),0,19:40,4.0,12.0,.333,3.0,7.0,.429,0,0.0,,0.0,2.0,2.0,2.0,0.0,0.0,1.0,0.0,11.0,5.2,-10,5.0,1.0,0.2,34,15,52,10,29,28,32,45,28,12,49,45,40,32,51,50.0,22.0,76.0,14.0,34.0,52.0,59.0,65.0,36.0,22.0,78.0,60.0,56.0,48.0,81.0,4.0,0.68,0.6818181818181818,0.6842105263157895,0.7142857142857143,0.8529411764705882,0.5384615384615384,0.5423728813559322,0.6923076923076923,0.7777777777777778,0.5454545454545454,0.6282051282051282,0.75,0.7142857142857143,0.6666666666666666,0.6296296296296297,0.0,14,3,27,21,20,39,15,30,18,19,17,19,35,24,31,28,22,12,19,13,13,19,4,9,2,12,11,12,12,12,6,10,4,9,68.0,80.0,76.0,,39.0,2.0,43.0,17.0,65.0,56.0,76.0,62.0,69.0,23.0,59.0,60.0,53.0,0.1764705882352941,0.1625,0.1710526315789473,0.1025641025641025,0.2093023255813953,0.1176470588235294,0.1846153846153846,0.1964285714285714,0.1578947368421052,0.1935483870967742,0.1739130434782608,0.2608695652173913,0.1666666666666666,0.0754716981132075,,0.0,0.1525423728813559,49,2.0,81.0,1.653061224489796,5.200000000000001,101.1,2.063265306122449
49,48,43,2023-01-20,32-279,LAC,@,SAS,W (+5),0,22:46,4.0,11.0,.364,1.0,5.0,.200,4,4.0,1.000,0.0,1.0,1.0,2.0,0.0,0.0,3.0,0.0,13.0,5.6,-7,6.0,3.0,0.5,34,15,52,10,29,28,32,45,28,12,49,45,40,32,51,50.0,22.0,76.0,14.0,34.0,52.0,59.0,65.0,36.0,22.0,78.0,60.0,56.0,48.0,81.0,4.0,0.68,0.6818181818181818,0.6842105263157895,0.7142857142857143,0.8529411764705882,0.5384615384615384,0.5423728813559322,0.6923076923076923,0.7777777777777778,0.5454545454545454,0.6282051282051282,0.75,0.7142857142857143,0.6666666666666666,0.6296296296296297,0.0,14,3,27,21,20,39,15,30,18,19,17,19,35,24,31,28,22,12,19,13,13,19,4,9,2,12,11,12,12,12,6,10,4,9,68.0,80.0,76.0,,39.0,2.0,43.0,17.0,65.0,56.0,76.0,62.0,69.0,23.0,59.0,60.0,53.0,0.1764705882352941,0.1625,0.1710526315789473,0.1025641025641025,0.2093023255813953,0.1176470588235294,0.1846153846153846,0.1964285714285714,0.1578947368421052,0.1935483870967742,0.1739130434782608,0.2608695652173913,0.1666666666666666,0.0754716981132075,,0.0,0.1525423728813559,49,-2.0,76.0,1.5510204081632653,4.000000000000002,85.79999999999998,1.751020408163265
50,49,44,2023-01-22,32-281,LAC,@,DAL,W (+14),0,15:11,4.0,7.0,.571,2.0,3.0,.667,0,0.0,,0.0,0.0,0.0,1.0,2.0,0.0,2.0,3.0,10.0,6.2,+2,4.0,2.0,0.5,34,15,52,10,29,28,32,45,28,12,49,45,40,32,51,50.0,22.0,76.0,14.0,34.0,52.0,59.0,65.0,36.0,22.0,78.0,60.0,56.0,48.0,81.0,4.0,0.68,0.6818181818181818,0.6842105263157895,0.7142857142857143,0.8529411764705882,0.5384615384615384,0.5423728813559322,0.6923076923076923,0.7777777777777778,0.5454545454545454,0.6282051282051282,0.75,0.7142857142857143,0.6666666666666666,0.6296296296296297,0.0,14,3,27,21,20,39,15,30,18,19,17,19,35,24,31,28,22,12,19,13,13,19,4,9,2,12,11,12,12,12,6,10,4,9,68.0,80.0,76.0,,39.0,2.0,43.0,17.0,65.0,56.0,76.0,62.0,69.0,23.0,59.0,60.0,53.0,0.1764705882352941,0.1625,0.1710526315789473,0.1025641025641025,0.2093023255813953,0.1176470588235294,0.1846153846153846,0.1964285714285714,0.1578947368421052,0.1935483870967742,0.1739130434782608,0.2608695652173913,0.1666666666666666,0.0754716981132075,,0.0,0.1525423728813559,49,4.0,61.0,1.2448979591836735,6.199999999999999,65.0,1.3265306122448979
51,50,45,2023-01-24,32-283,LAC,@,LAL,W (+18),0,25:46,7.0,13.0,.538,4.0,7.0,.571,1,1.0,1.000,0.0,3.0,3.0,5.0,0.0,0.0,2.0,2.0,19.0,14.3,+11,6.0,3.0,0.5,34,15,52,10,29,28,32,45,28,12,49,45,40,32,51,50.0,22.0,76.0,14.0,34.0,52.0,59.0,65.0,36.0,22.0,78.0,60.0,56.0,48.0,81.0,4.0,0.68,0.6818181818181818,0.6842105263157895,0.7142857142857143,0.8529411764705882,0.5384615384615384,0.5423728813559322,0.6923076923076923,0.7777777777777778,0.5454545454545454,0.6282051282051282,0.75,0.7142857142857143,0.6666666666666666,0.6296296296296297,0.0,14,3,27,21,20,39,15,30,18,19,17,19,35,24,31,28,22,12,19,13,13,19,4,9,2,12,11,12,12,12,6,10,4,9,68.0,80.0,76.0,,39.0,2.0,43.0,17.0,65.0,56.0,76.0,62.0,69.0,23.0,59.0,60.0,53.0,0.1764705882352941,0.1625,0.1710526315789473,0.1025641025641025,0.2093023255813953,0.1176470588235294,0.1846153846153846,0.1964285714285714,0.1578947368421052,0.1935483870967742,0.1739130434782608,0.2608695652173913,0.1666666666666666,0.0754716981132075,,0.0,0.1525423728813559,49,11.0,81.0,1.653061224489796,13.900000000000002,90.9,1.8551020408163266
52,51,46,2023-01-26,32-285,LAC,,SAS,W (+38),0,15:56,5.0,10.0,.500,0.0,3.0,.000,2,2.0,1.000,0.0,0.0,0.0,3.0,2.0,0.0,0.0,2.0,12.0,10.3,+16,7.0,5.0,0.7142857142857143,34,15,52,10,29,28,32,45,28,12,49,45,40,32,51,50.0,22.0,76.0,14.0,34.0,52.0,59.0,65.0,36.0,22.0,78.0,60.0,56.0,48.0,81.0,4.0,0.68,0.6818181818181818,0.6842105263157895,0.7142857142857143,0.8529411764705882,0.5384615384615384,0.5423728813559322,0.6923076923076923,0.7777777777777778,0.5454545454545454,0.6282051282051282,0.75,0.7142857142857143,0.6666666666666666,0.6296296296296297,0.0,14,3,27,21,20,39,15,30,18,19,17,19,35,24,31,28,22,12,19,13,13,19,4,9,2,12,11,12,12,12,6,10,4,9,68.0,80.0,76.0,,39.0,2.0,43.0,17.0,65.0,56.0,76.0,62.0,69.0,23.0,59.0,60.0,53.0,0.1764705882352941,0.1625,0.1710526315789473,0.1025641025641025,0.2093023255813953,0.1176470588235294,0.1846153846153846,0.1964285714285714,0.1578947368421052,0.1935483870967742,0.1739130434782608,0.2608695652173913,0.1666666666666666,0.0754716981132075,,0.0,0.1525423728813559,49,5.0,94.0,1.918367346938776,9.5,107.80000000000004,2.2000000000000006
53,52,47,2023-01-28,32-287,LAC,@,ATL,W (+7),0,21:38,6.0,9.0,.667,4.0,7.0,.571,0,0.0,,0.0,0.0,0.0,3.0,1.0,0.0,1.0,1.0,16.0,13.8,+7,2.0,2.0,1.0,34,15,52,10,29,28,32,45,28,12,49,45,40,32,51,50.0,22.0,76.0,14.0,34.0,52.0,59.0,65.0,36.0,22.0,78.0,60.0,56.0,48.0,81.0,4.0,0.68,0.6818181818181818,0.6842105263157895,0.7142857142857143,0.8529411764705882,0.5384615384615384,0.5423728813559322,0.6923076923076923,0.7777777777777778,0.5454545454545454,0.6282051282051282,0.75,0.7142857142857143,0.6666666666666666,0.6296296296296297,0.0,14,3,27,21,20,39,15,30,18,19,17,19,35,24,31,28,22,12,19,13,13,19,4,9,2,12,11,12,12,12,6,10,4,9,68.0,80.0,76.0,,39.0,2.0,43.0,17.0,65.0,56.0,76.0,62.0,69.0,23.0,59.0,60.0,53.0,0.1764705882352941,0.1625,0.1710526315789473,0.1025641025641025,0.2093023255813953,0.1176470588235294,0.1846153846153846,0.1964285714285714,0.1578947368421052,0.1935483870967742,0.1739130434782608,0.2608695652173913,0.1666666666666666,0.0754716981132075,,0.0,0.1525423728813559,49,10.0,101.0,2.061224489795918,13.8,121.7,2.4836734693877554
54,53,,2023-01-29,32-288,LAC,@,CLE,L (-23),Did Not Play,Did Not Play,0.0,0.0,Did Not Play,,,Did Not Play,Did Not Play,0.0,Did Not Play,0.0,0.0,,0.0,0.0,0.0,0.0,0.0,0.0,Did Not Play,Did Not Play,,,,34,15,52,10,29,28,32,45,28,12,49,45,40,32,51,50.0,22.0,76.0,14.0,34.0,52.0,59.0,65.0,36.0,22.0,78.0,60.0,56.0,48.0,81.0,4.0,0.68,0.6818181818181818,0.6842105263157895,0.7142857142857143,0.8529411764705882,0.5384615384615384,0.5423728813559322,0.6923076923076923,0.7777777777777778,0.5454545454545454,0.6282051282051282,0.75,0.7142857142857143,0.6666666666666666,0.6296296296296297,0.0,14,3,27,21,20,39,15,30,18,19,17,19,35,24,31,28,22,12,19,13,13,19,4,9,2,12,11,12,12,12,6,10,4,9,68.0,80.0,76.0,,39.0,2.0,43.0,17.0,65.0,56.0,76.0,62.0,69.0,23.0,59.0,60.0,53.0,0.1764705882352941,0.1625,0.1710526315789473,0.1025641025641025,0.2093023255813953,0.1176470588235294,0.1846153846153846,0.1964285714285714,0.1578947368421052,0.1935483870967742,0.1739130434782608,0.2608695652173913,0.1666666666666666,0.0754716981132075,,0.0,0.1525423728813559,49,,112.0,2.2857142857142856,0.0,124.70000000000005,2.5448979591836745
55,54,48,2023-01-31,32-290,LAC,@,CHI,W (+5),0,27:22,1.0,9.0,.111,0.0,3.0,.000,0,0.0,,1.0,3.0,4.0,4.0,1.0,0.0,0.0,0.0,2.0,1.5,+13,6.0,1.0,0.1666666666666666,34,15,52,10,29,28,32,45,28,12,49,45,40,32,51,50.0,22.0,76.0,14.0,34.0,52.0,59.0,65.0,36.0,22.0,78.0,60.0,56.0,48.0,81.0,4.0,0.68,0.6818181818181818,0.6842105263157895,0.7142857142857143,0.8529411764705882,0.5384615384615384,0.5423728813559322,0.6923076923076923,0.7777777777777778,0.5454545454545454,0.6282051282051282,0.75,0.7142857142857143,0.6666666666666666,0.6296296296296297,0.0,14,3,27,21,20,39,15,30,18,19,17,19,35,24,31,28,22,12,19,13,13,19,4,9,2,12,11,12,12,12,6,10,4,9,68.0,80.0,76.0,,39.0,2.0,43.0,17.0,65.0,56.0,76.0,62.0,69.0,23.0,59.0,60.0,53.0,0.1764705882352941,0.1625,0.1710526315789473,0.1025641025641025,0.2093023255813953,0.1176470588235294,0.1846153846153846,0.1964285714285714,0.1578947368421052,0.1935483870967742,0.1739130434782608,0.2608695652173913,0.1666666666666666,0.0754716981132075,,0.0,0.1525423728813559,49,2.0,44.0,0.8979591836734694,1.5,58.8,1.2
56,55,49,2023-02-02,32-292,LAC,@,MIL,L (-1),0,24:40,3.0,9.0,.333,2.0,5.0,.400,0,0.0,,0.0,2.0,2.0,2.0,0.0,1.0,1.0,2.0,8.0,3.8,-18,4.0,1.0,0.25,34,15,52,10,29,28,32,45,28,12,49,45,40,32,51,50.0,22.0,76.0,14.0,34.0,52.0,59.0,65.0,36.0,22.0,78.0,60.0,56.0,48.0,81.0,4.0,0.68,0.6818181818181818,0.6842105263157895,0.7142857142857143,0.8529411764705882,0.5384615384615384,0.5423728813559322,0.6923076923076923,0.7777777777777778,0.5454545454545454,0.6282051282051282,0.75,0.7142857142857143,0.6666666666666666,0.6296296296296297,0.0,14,3,27,21,20,39,15,30,18,19,17,19,35,24,31,28,22,12,19,13,13,19,4,9,2,12,11,12,12,12,6,10,4,9,68.0,80.0,76.0,,39.0,2.0,43.0,17.0,65.0,56.0,76.0,62.0,69.0,23.0,59.0,60.0,53.0,0.1764705882352941,0.1625,0.1710526315789473,0.1025641025641025,0.2093023255813953,0.1176470588235294,0.1846153846153846,0.1964285714285714,0.1578947368421052,0.1935483870967742,0.1739130434782608,0.2608695652173913,0.1666666666666666,0.0754716981132075,,0.0,0.1525423728813559,49,3.0,127.0,2.591836734693877,3.799999999999999,139.0,2.836734693877551
57,56,50,2023-02-04,32-294,LAC,@,NYK,W (+6),0,14:30,2.0,7.0,.286,0.0,4.0,.000,0,0.0,,0.0,2.0,2.0,4.0,1.0,0.0,2.0,1.0,4.0,1.9,-1,3.0,2.0,0.6666666666666666,34,15,52,10,29,28,32,45,28,12,49,45,40,32,51,50.0,22.0,76.0,14.0,34.0,52.0,59.0,65.0,36.0,22.0,78.0,60.0,56.0,48.0,81.0,4.0,0.68,0.6818181818181818,0.6842105263157895,0.7142857142857143,0.8529411764705882,0.5384615384615384,0.5423728813559322,0.6923076923076923,0.7777777777777778,0.5454545454545454,0.6282051282051282,0.75,0.7142857142857143,0.6666666666666666,0.6296296296296297,0.0,14,3,27,21,20,39,15,30,18,19,17,19,35,24,31,28,22,12,19,13,13,19,4,9,2,12,11,12,12,12,6,10,4,9,68.0,80.0,76.0,,39.0,2.0,43.0,17.0,65.0,56.0,76.0,62.0,69.0,23.0,59.0,60.0,53.0,0.1764705882352941,0.1625,0.1710526315789473,0.1025641025641025,0.2093023255813953,0.1176470588235294,0.1846153846153846,0.1964285714285714,0.1578947368421052,0.1935483870967742,0.1739130434782608,0.2608695652173913,0.1666666666666666,0.0754716981132075,,0.0,0.1525423728813559,49,2.0,53.0,1.0816326530612246,1.9,69.3,1.4142857142857141
58,57,51,2023-02-06,32-296,LAC,@,BRK,W (+8),0,26:38,5.0,10.0,.500,2.0,4.0,.500,0,0.0,,1.0,1.0,2.0,2.0,3.0,0.0,0.0,2.0,12.0,11.6,+27,6.0,3.0,0.5,34,15,52,10,29,28,32,45,28,12,49,45,40,32,51,50.0,22.0,76.0,14.0,34.0,52.0,59.0,65.0,36.0,22.0,78.0,60.0,56.0,48.0,81.0,4.0,0.68,0.6818181818181818,0.6842105263157895,0.7142857142857143,0.8529411764705882,0.5384615384615384,0.5423728813559322,0.6923076923076923,0.7777777777777778,0.5454545454545454,0.6282051282051282,0.75,0.7142857142857143,0.6666666666666666,0.6296296296296297,0.0,14,3,27,21,20,39,15,30,18,19,17,19,35,24,31,28,22,12,19,13,13,19,4,9,2,12,11,12,12,12,6,10,4,9,68.0,80.0,76.0,,39.0,2.0,43.0,17.0,65.0,56.0,76.0,62.0,69.0,23.0,59.0,60.0,53.0,0.1764705882352941,0.1625,0.1710526315789473,0.1025641025641025,0.2093023255813953,0.1176470588235294,0.1846153846153846,0.1964285714285714,0.1578947368421052,0.1935483870967742,0.1739130434782608,0.2608695652173913,0.1666666666666666,0.0754716981132075,,0.0,0.1525423728813559,49,9.0,93.0,1.8979591836734693,11.599999999999998,104.6,2.1346938775510202
59,58,52,2023-02-08,32-298,LAC,,DAL,L (-6),0,17:16,3.0,5.0,.600,1.0,2.0,.500,0,0.0,,1.0,1.0,2.0,3.0,0.0,0.0,2.0,2.0,7.0,5.0,-7,3.0,2.0,0.6666666666666666,34,15,52,10,29,28,32,45,28,12,49,45,40,32,51,50.0,22.0,76.0,14.0,34.0,52.0,59.0,65.0,36.0,22.0,78.0,60.0,56.0,48.0,81.0,4.0,0.68,0.6818181818181818,0.6842105263157895,0.7142857142857143,0.8529411764705882,0.5384615384615384,0.5423728813559322,0.6923076923076923,0.7777777777777778,0.5454545454545454,0.6282051282051282,0.75,0.7142857142857143,0.6666666666666666,0.6296296296296297,0.0,14,3,27,21,20,39,15,30,18,19,17,19,35,24,31,28,22,12,19,13,13,19,4,9,2,12,11,12,12,12,6,10,4,9,68.0,80.0,76.0,,39.0,2.0,43.0,17.0,65.0,56.0,76.0,62.0,69.0,23.0,59.0,60.0,53.0,0.1764705882352941,0.1625,0.1710526315789473,0.1025641025641025,0.2093023255813953,0.1176470588235294,0.1846153846153846,0.1964285714285714,0.1578947368421052,0.1935483870967742,0.1739130434782608,0.2608695652173913,0.1666666666666666,0.0754716981132075,,0.0,0.1525423728813559,49,5.0,87.0,1.7755102040816326,4.999999999999999,92.2,1.8816326530612246
60,59,,2023-02-10,32-300,CHO,@,BOS,L (-11),Inactive,Inactive,0.0,0.0,Inactive,,,Inactive,Inactive,0.0,Inactive,0.0,0.0,,0.0,0.0,0.0,0.0,0.0,0.0,Inactive,Inactive,,,,34,15,52,10,29,28,32,45,28,12,49,45,40,32,51,50.0,22.0,76.0,14.0,34.0,52.0,59.0,65.0,36.0,22.0,78.0,60.0,56.0,48.0,81.0,4.0,0.68,0.6818181818181818,0.6842105263157895,0.7142857142857143,0.8529411764705882,0.5384615384615384,0.5423728813559322,0.6923076923076923,0.7777777777777778,0.5454545454545454,0.6282051282051282,0.75,0.7142857142857143,0.6666666666666666,0.6296296296296297,0.0,14,3,27,21,20,39,15,30,18,19,17,19,35,24,31,28,22,12,19,13,13,19,4,9,2,12,11,12,12,12,6,10,4,9,68.0,80.0,76.0,,39.0,2.0,43.0,17.0,65.0,56.0,76.0,62.0,69.0,23.0,59.0,60.0,53.0,0.1764705882352941,0.1625,0.1710526315789473,0.1025641025641025,0.2093023255813953,0.1176470588235294,0.1846153846153846,0.1964285714285714,0.1578947368421052,0.1935483870967742,0.1739130434782608,0.2608695652173913,0.1666666666666666,0.0754716981132075,,0.0,0.1525423728813559,49,,92.0,1.877551020408164,0.0,97.7,1.9938775510204083
61,60,,2023-02-11,32-301,CHO,,DEN,L (-14),Inactive,Inactive,0.0,0.0,Inactive,,,Inactive,Inactive,0.0,Inactive,0.0,0.0,,0.0,0.0,0.0,0.0,0.0,0.0,Inactive,Inactive,,,,34,15,52,10,29,28,32,45,28,12,49,45,40,32,51,50.0,22.0,76.0,14.0,34.0,52.0,59.0,65.0,36.0,22.0,78.0,60.0,56.0,48.0,81.0,4.0,0.68,0.6818181818181818,0.6842105263157895,0.7142857142857143,0.8529411764705882,0.5384615384615384,0.5423728813559322,0.6923076923076923,0.7777777777777778,0.5454545454545454,0.6282051282051282,0.75,0.7142857142857143,0.6666666666666666,0.6296296296296297,0.0,14,3,27,21,20,39,15,30,18,19,17,19,35,24,31,28,22,12,19,13,13,19,4,9,2,12,11,12,12,12,6,10,4,9,68.0,80.0,76.0,,39.0,2.0,43.0,17.0,65.0,56.0,76.0,62.0,69.0,23.0,59.0,60.0,53.0,0.1764705882352941,0.1625,0.1710526315789473,0.1025641025641025,0.2093023255813953,0.1176470588235294,0.1846153846153846,0.1964285714285714,0.1578947368421052,0.1935483870967742,0.1739130434782608,0.2608695652173913,0.1666666666666666,0.0754716981132075,,0.0,0.1525423728813559,49,,84.0,1.7142857142857142,0.0,92.29999999999998,1.8836734693877548
62,Rk,G,Date,Age,Tm,,Opp,,GS,MP,0.0,0.0,FG%,,,3P%,FT,0.0,FT%,0.0,0.0,,0.0,0.0,0.0,0.0,0.0,0.0,GmSc,+/-,,,,34,15,52,10,29,28,32,45,28,12,49,45,40,32,51,50.0,22.0,76.0,14.0,34.0,52.0,59.0,65.0,36.0,22.0,78.0,60.0,56.0,48.0,81.0,4.0,0.68,0.6818181818181818,0.6842105263157895,0.7142857142857143,0.8529411764705882,0.5384615384615384,0.5423728813559322,0.6923076923076923,0.7777777777777778,0.5454545454545454,0.6282051282051282,0.75,0.7142857142857143,0.6666666666666666,0.6296296296296297,0.0,14,3,27,21,20,39,15,30,18,19,17,19,35,24,31,28,22,12,19,13,13,19,4,9,2,12,11,12,12,12,6,10,4,9,68.0,80.0,76.0,,39.0,2.0,43.0,17.0,65.0,56.0,76.0,62.0,69.0,23.0,59.0,60.0,53.0,0.1764705882352941,0.1625,0.1710526315789473,0.1025641025641025,0.2093023255813953,0.1176470588235294,0.1846153846153846,0.1964285714285714,0.1578947368421052,0.1935483870967742,0.1739130434782608,0.2608695652173913,0.1666666666666666,0.0754716981132075,,0.0,0.1525423728813559,49,,0.0,0.0,0.0,0.0,0.0
63,61,,2023-02-15,32-305,DEN,,DAL,W (+9),Inactive,Inactive,0.0,0.0,Inactive,,,Inactive,Inactive,0.0,Inactive,0.0,0.0,,0.0,0.0,0.0,0.0,0.0,0.0,Inactive,Inactive,,,,34,15,52,10,29,28,32,45,28,12,49,45,40,32,51,50.0,22.0,76.0,14.0,34.0,52.0,59.0,65.0,36.0,22.0,78.0,60.0,56.0,48.0,81.0,4.0,0.68,0.6818181818181818,0.6842105263157895,0.7142857142857143,0.8529411764705882,0.5384615384615384,0.5423728813559322,0.6923076923076923,0.7777777777777778,0.5454545454545454,0.6282051282051282,0.75,0.7142857142857143,0.6666666666666666,0.6296296296296297,0.0,14,3,27,21,20,39,15,30,18,19,17,19,35,24,31,28,22,12,19,13,13,19,4,9,2,12,11,12,12,12,6,10,4,9,68.0,80.0,76.0,,39.0,2.0,43.0,17.0,65.0,56.0,76.0,62.0,69.0,23.0,59.0,60.0,53.0,0.1764705882352941,0.1625,0.1710526315789473,0.1025641025641025,0.2093023255813953,0.1176470588235294,0.1846153846153846,0.1964285714285714,0.1578947368421052,0.1935483870967742,0.1739130434782608,0.2608695652173913,0.1666666666666666,0.0754716981132075,,0.0,0.1525423728813559,49,,43.0,0.8775510204081632,0.0,53.20000000000001,1.0857142857142859
64,62,53,2023-02-23,32-313,DEN,@,CLE,W (+6),0,18:20,2.0,8.0,.250,1.0,4.0,.250,2,2.0,1.000,0.0,4.0,4.0,2.0,0.0,0.0,1.0,3.0,7.0,2.6,-7,4.0,1.0,0.25,34,15,52,10,29,28,32,45,28,12,49,45,40,32,51,50.0,22.0,76.0,14.0,34.0,52.0,59.0,65.0,36.0,22.0,78.0,60.0,56.0,48.0,81.0,4.0,0.68,0.6818181818181818,0.6842105263157895,0.7142857142857143,0.8529411764705882,0.5384615384615384,0.5423728813559322,0.6923076923076923,0.7777777777777778,0.5454545454545454,0.6282051282051282,0.75,0.7142857142857143,0.6666666666666666,0.6296296296296297,0.0,14,3,27,21,20,39,15,30,18,19,17,19,35,24,31,28,22,12,19,13,13,19,4,9,2,12,11,12,12,12,6,10,4,9,68.0,80.0,76.0,,39.0,2.0,43.0,17.0,65.0,56.0,76.0,62.0,69.0,23.0,59.0,60.0,53.0,0.1764705882352941,0.1625,0.1710526315789473,0.1025641025641025,0.2093023255813953,0.1176470588235294,0.1846153846153846,0.1964285714285714,0.1578947368421052,0.1935483870967742,0.1739130434782608,0.2608695652173913,0.1666666666666666,0.0754716981132075,,0.0,0.1525423728813559,49,2.0,94.0,1.918367346938776,1.8000000000000007,106.5,2.173469387755102
65,63,54,2023-02-25,32-315,DEN,@,MEM,L (-18),0,18:44,3.0,9.0,.333,2.0,6.0,.333,0,0.0,,1.0,1.0,2.0,3.0,1.0,0.0,1.0,3.0,8.0,4.8,-15,3.0,1.0,0.3333333333333333,34,15,52,10,29,28,32,45,28,12,49,45,40,32,51,50.0,22.0,76.0,14.0,34.0,52.0,59.0,65.0,36.0,22.0,78.0,60.0,56.0,48.0,81.0,4.0,0.68,0.6818181818181818,0.6842105263157895,0.7142857142857143,0.8529411764705882,0.5384615384615384,0.5423728813559322,0.6923076923076923,0.7777777777777778,0.5454545454545454,0.6282051282051282,0.75,0.7142857142857143,0.6666666666666666,0.6296296296296297,0.0,14,3,27,21,20,39,15,30,18,19,17,19,35,24,31,28,22,12,19,13,13,19,4,9,2,12,11,12,12,12,6,10,4,9,68.0,80.0,76.0,,39.0,2.0,43.0,17.0,65.0,56.0,76.0,62.0,69.0,23.0,59.0,60.0,53.0,0.1764705882352941,0.1625,0.1710526315789473,0.1025641025641025,0.2093023255813953,0.1176470588235294,0.1846153846153846,0.1964285714285714,0.1578947368421052,0.1935483870967742,0.1739130434782608,0.2608695652173913,0.1666666666666666,0.0754716981132075,,0.0,0.1525423728813559,49,4.0,98.0,2.0,4.799999999999999,110.9,2.2632653061224492
66,64,55,2023-02-26,32-316,DEN,,LAC,W (+10),0,19:01,2.0,6.0,.333,2.0,5.0,.400,1,2.0,.500,0.0,0.0,0.0,4.0,1.0,1.0,0.0,0.0,7.0,7.7,-3,1.0,0.0,0.0,34,15,52,10,29,28,32,45,28,12,49,45,40,32,51,50.0,22.0,76.0,14.0,34.0,52.0,59.0,65.0,36.0,22.0,78.0,60.0,56.0,48.0,81.0,4.0,0.68,0.6818181818181818,0.6842105263157895,0.7142857142857143,0.8529411764705882,0.5384615384615384,0.5423728813559322,0.6923076923076923,0.7777777777777778,0.5454545454545454,0.6282051282051282,0.75,0.7142857142857143,0.6666666666666666,0.6296296296296297,0.0,14,3,27,21,20,39,15,30,18,19,17,19,35,24,31,28,22,12,19,13,13,19,4,9,2,12,11,12,12,12,6,10,4,9,68.0,80.0,76.0,,39.0,2.0,43.0,17.0,65.0,56.0,76.0,62.0,69.0,23.0,59.0,60.0,53.0,0.1764705882352941,0.1625,0.1710526315789473,0.1025641025641025,0.2093023255813953,0.1176470588235294,0.1846153846153846,0.1964285714285714,0.1578947368421052,0.1935483870967742,0.1739130434782608,0.2608695652173913,0.1666666666666666,0.0754716981132075,,0.0,0.1525423728813559,49,5.0,89.0,1.816326530612245,7.300000000000002,98.30000000000004,2.0061224489795926
67,65,56,2023-02-28,32-318,DEN,@,HOU,W (+21),0,25:23,4.0,11.0,.364,1.0,4.0,.250,0,0.0,,0.0,0.0,0.0,8.0,2.0,0.0,1.0,1.0,9.0,9.1,+1,7.0,3.0,0.4285714285714285,34,15,52,10,29,28,32,45,28,12,49,45,40,32,51,50.0,22.0,76.0,14.0,34.0,52.0,59.0,65.0,36.0,22.0,78.0,60.0,56.0,48.0,81.0,4.0,0.68,0.6818181818181818,0.6842105263157895,0.7142857142857143,0.8529411764705882,0.5384615384615384,0.5423728813559322,0.6923076923076923,0.7777777777777778,0.5454545454545454,0.6282051282051282,0.75,0.7142857142857143,0.6666666666666666,0.6296296296296297,0.0,14,3,27,21,20,39,15,30,18,19,17,19,35,24,31,28,22,12,19,13,13,19,4,9,2,12,11,12,12,12,6,10,4,9,68.0,80.0,76.0,,39.0,2.0,43.0,17.0,65.0,56.0,76.0,62.0,69.0,23.0,59.0,60.0,53.0,0.1764705882352941,0.1625,0.1710526315789473,0.1025641025641025,0.2093023255813953,0.1176470588235294,0.1846153846153846,0.1964285714285714,0.1578947368421052,0.1935483870967742,0.1739130434782608,0.2608695652173913,0.1666666666666666,0.0754716981132075,,0.0,0.1525423728813559,49,7.0,70.0,1.4285714285714286,9.1,91.00000000000004,1.857142857142858
68,66,57,2023-03-03,32-321,DEN,,MEM,W (+16),0,19:06,0.0,7.0,.000,0.0,6.0,.000,1,2.0,.500,0.0,2.0,2.0,0.0,1.0,0.0,3.0,1.0,1.0,-6.1,+3,1.0,0.0,0.0,34,15,52,10,29,28,32,45,28,12,49,45,40,32,51,50.0,22.0,76.0,14.0,34.0,52.0,59.0,65.0,36.0,22.0,78.0,60.0,56.0,48.0,81.0,4.0,0.68,0.6818181818181818,0.6842105263157895,0.7142857142857143,0.8529411764705882,0.5384615384615384,0.5423728813559322,0.6923076923076923,0.7777777777777778,0.5454545454545454,0.6282051282051282,0.75,0.7142857142857143,0.6666666666666666,0.6296296296296297,0.0,14,3,27,21,20,39,15,30,18,19,17,19,35,24,31,28,22,12,19,13,13,19,4,9,2,12,11,12,12,12,6,10,4,9,68.0,80.0,76.0,,39.0,2.0,43.0,17.0,65.0,56.0,76.0,62.0,69.0,23.0,59.0,60.0,53.0,0.1764705882352941,0.1625,0.1710526315789473,0.1025641025641025,0.2093023255813953,0.1176470588235294,0.1846153846153846,0.1964285714285714,0.1578947368421052,0.1935483870967742,0.1739130434782608,0.2608695652173913,0.1666666666666666,0.0754716981132075,,0.0,0.1525423728813559,49,-8.0,58.0,1.183673469387755,-6.5,62.50000000000001,1.2755102040816328
69,67,58,2023-03-06,32-324,DEN,,TOR,W (+5),0,23:01,5.0,11.0,.455,3.0,4.0,.750,0,0.0,,1.0,2.0,3.0,5.0,0.0,0.0,2.0,2.0,13.0,9.3,+4,7.0,2.0,0.2857142857142857,34,15,52,10,29,28,32,45,28,12,49,45,40,32,51,50.0,22.0,76.0,14.0,34.0,52.0,59.0,65.0,36.0,22.0,78.0,60.0,56.0,48.0,81.0,4.0,0.68,0.6818181818181818,0.6842105263157895,0.7142857142857143,0.8529411764705882,0.5384615384615384,0.5423728813559322,0.6923076923076923,0.7777777777777778,0.5454545454545454,0.6282051282051282,0.75,0.7142857142857143,0.6666666666666666,0.6296296296296297,0.0,14,3,27,21,20,39,15,30,18,19,17,19,35,24,31,28,22,12,19,13,13,19,4,9,2,12,11,12,12,12,6,10,4,9,68.0,80.0,76.0,,39.0,2.0,43.0,17.0,65.0,56.0,76.0,62.0,69.0,23.0,59.0,60.0,53.0,0.1764705882352941,0.1625,0.1710526315789473,0.1025641025641025,0.2093023255813953,0.1176470588235294,0.1846153846153846,0.1964285714285714,0.1578947368421052,0.1935483870967742,0.1739130434782608,0.2608695652173913,0.1666666666666666,0.0754716981132075,,0.0,0.1525423728813559,49,8.0,76.0,1.5510204081632653,9.3,93.79999999999998,1.914285714285714
70,68,59,2023-03-08,32-326,DEN,,CHI,L (-21),0,23:34,2.0,8.0,.250,2.0,5.0,.400,0,0.0,,0.0,0.0,0.0,2.0,0.0,0.0,0.0,1.0,6.0,2.2,-16,3.0,0.0,0.0,34,15,52,10,29,28,32,45,28,12,49,45,40,32,51,50.0,22.0,76.0,14.0,34.0,52.0,59.0,65.0,36.0,22.0,78.0,60.0,56.0,48.0,81.0,4.0,0.68,0.6818181818181818,0.6842105263157895,0.7142857142857143,0.8529411764705882,0.5384615384615384,0.5423728813559322,0.6923076923076923,0.7777777777777778,0.5454545454545454,0.6282051282051282,0.75,0.7142857142857143,0.6666666666666666,0.6296296296296297,0.0,14,3,27,21,20,39,15,30,18,19,17,19,35,24,31,28,22,12,19,13,13,19,4,9,2,12,11,12,12,12,6,10,4,9,68.0,80.0,76.0,,39.0,2.0,43.0,17.0,65.0,56.0,76.0,62.0,69.0,23.0,59.0,60.0,53.0,0.1764705882352941,0.1625,0.1710526315789473,0.1025641025641025,0.2093023255813953,0.1176470588235294,0.1846153846153846,0.1964285714285714,0.1578947368421052,0.1935483870967742,0.1739130434782608,0.2608695652173913,0.1666666666666666,0.0754716981132075,,0.0,0.1525423728813559,49,0.0,73.0,1.489795918367347,2.2,86.4,1.763265306122449
71,69,60,2023-03-10,32-328,DEN,@,SAS,L (-8),0,17:04,1.0,6.0,.167,0.0,3.0,.000,2,2.0,1.000,0.0,0.0,0.0,3.0,0.0,0.0,0.0,1.0,4.0,1.9,-6,3.0,1.0,0.3333333333333333,34,15,52,10,29,28,32,45,28,12,49,45,40,32,51,50.0,22.0,76.0,14.0,34.0,52.0,59.0,65.0,36.0,22.0,78.0,60.0,56.0,48.0,81.0,4.0,0.68,0.6818181818181818,0.6842105263157895,0.7142857142857143,0.8529411764705882,0.5384615384615384,0.5423728813559322,0.6923076923076923,0.7777777777777778,0.5454545454545454,0.6282051282051282,0.75,0.7142857142857143,0.6666666666666666,0.6296296296296297,0.0,14,3,27,21,20,39,15,30,18,19,17,19,35,24,31,28,22,12,19,13,13,19,4,9,2,12,11,12,12,12,6,10,4,9,68.0,80.0,76.0,,39.0,2.0,43.0,17.0,65.0,56.0,76.0,62.0,69.0,23.0,59.0,60.0,53.0,0.1764705882352941,0.1625,0.1710526315789473,0.1025641025641025,0.2093023255813953,0.1176470588235294,0.1846153846153846,0.1964285714285714,0.1578947368421052,0.1935483870967742,0.1739130434782608,0.2608695652173913,0.1666666666666666,0.0754716981132075,,0.0,0.1525423728813559,49,-1.0,74.0,1.510204081632653,1.1000000000000003,91.2,1.8612244897959185
72,70,61,2023-03-12,32-330,DEN,,BRK,L (-2),0,16:56,1.0,2.0,.500,0.0,0.0,,0,0.0,,0.0,2.0,2.0,2.0,0.0,0.0,1.0,0.0,2.0,2.0,-20,2.0,1.0,0.5,34,15,52,10,29,28,32,45,28,12,49,45,40,32,51,50.0,22.0,76.0,14.0,34.0,52.0,59.0,65.0,36.0,22.0,78.0,60.0,56.0,48.0,81.0,4.0,0.68,0.6818181818181818,0.6842105263157895,0.7142857142857143,0.8529411764705882,0.5384615384615384,0.5423728813559322,0.6923076923076923,0.7777777777777778,0.5454545454545454,0.6282051282051282,0.75,0.7142857142857143,0.6666666666666666,0.6296296296296297,0.0,14,3,27,21,20,39,15,30,18,19,17,19,35,24,31,28,22,12,19,13,13,19,4,9,2,12,11,12,12,12,6,10,4,9,68.0,80.0,76.0,,39.0,2.0,43.0,17.0,65.0,56.0,76.0,62.0,69.0,23.0,59.0,60.0,53.0,0.1764705882352941,0.1625,0.1710526315789473,0.1025641025641025,0.2093023255813953,0.1176470588235294,0.1846153846153846,0.1964285714285714,0.1578947368421052,0.1935483870967742,0.1739130434782608,0.2608695652173913,0.1666666666666666,0.0754716981132075,,0.0,0.1525423728813559,49,3.0,87.0,1.7755102040816326,2.0000000000000004,104.79999999999998,2.138775510204081
73,71,,2023-03-14,32-332,DEN,@,TOR,L (-15),Did Not Play,Did Not Play,0.0,0.0,Did Not Play,,,Did Not Play,Did Not Play,0.0,Did Not Play,0.0,0.0,,0.0,0.0,0.0,0.0,0.0,0.0,Did Not Play,Did Not Play,,,,34,15,52,10,29,28,32,45,28,12,49,45,40,32,51,50.0,22.0,76.0,14.0,34.0,52.0,59.0,65.0,36.0,22.0,78.0,60.0,56.0,48.0,81.0,4.0,0.68,0.6818181818181818,0.6842105263157895,0.7142857142857143,0.8529411764705882,0.5384615384615384,0.5423728813559322,0.6923076923076923,0.7777777777777778,0.5454545454545454,0.6282051282051282,0.75,0.7142857142857143,0.6666666666666666,0.6296296296296297,0.0,14,3,27,21,20,39,15,30,18,19,17,19,35,24,31,28,22,12,19,13,13,19,4,9,2,12,11,12,12,12,6,10,4,9,68.0,80.0,76.0,,39.0,2.0,43.0,17.0,65.0,56.0,76.0,62.0,69.0,23.0,59.0,60.0,53.0,0.1764705882352941,0.1625,0.1710526315789473,0.1025641025641025,0.2093023255813953,0.1176470588235294,0.1846153846153846,0.1964285714285714,0.1578947368421052,0.1935483870967742,0.1739130434782608,0.2608695652173913,0.1666666666666666,0.0754716981132075,,0.0,0.1525423728813559,49,,65.0,1.326530612244898,0.0,76.39999999999999,1.5591836734693876
74,72,,2023-03-16,32-334,DEN,@,DET,W (+19),Did Not Play,Did Not Play,0.0,0.0,Did Not Play,,,Did Not Play,Did Not Play,0.0,Did Not Play,0.0,0.0,,0.0,0.0,0.0,0.0,0.0,0.0,Did Not Play,Did Not Play,,,,34,15,52,10,29,28,32,45,28,12,49,45,40,32,51,50.0,22.0,76.0,14.0,34.0,52.0,59.0,65.0,36.0,22.0,78.0,60.0,56.0,48.0,81.0,4.0,0.68,0.6818181818181818,0.6842105263157895,0.7142857142857143,0.8529411764705882,0.5384615384615384,0.5423728813559322,0.6923076923076923,0.7777777777777778,0.5454545454545454,0.6282051282051282,0.75,0.7142857142857143,0.6666666666666666,0.6296296296296297,0.0,14,3,27,21,20,39,15,30,18,19,17,19,35,24,31,28,22,12,19,13,13,19,4,9,2,12,11,12,12,12,6,10,4,9,68.0,80.0,76.0,,39.0,2.0,43.0,17.0,65.0,56.0,76.0,62.0,69.0,23.0,59.0,60.0,53.0,0.1764705882352941,0.1625,0.1710526315789473,0.1025641025641025,0.2093023255813953,0.1176470588235294,0.1846153846153846,0.1964285714285714,0.1578947368421052,0.1935483870967742,0.1739130434782608,0.2608695652173913,0.1666666666666666,0.0754716981132075,,0.0,0.1525423728813559,49,,78.0,1.5918367346938775,0.0,85.4,1.7428571428571429
75,73,,2023-03-18,32-336,DEN,@,NYK,L (-6),Did Not Play,Did Not Play,0.0,0.0,Did Not Play,,,Did Not Play,Did Not Play,0.0,Did Not Play,0.0,0.0,,0.0,0.0,0.0,0.0,0.0,0.0,Did Not Play,Did Not Play,,,,34,15,52,10,29,28,32,45,28,12,49,45,40,32,51,50.0,22.0,76.0,14.0,34.0,52.0,59.0,65.0,36.0,22.0,78.0,60.0,56.0,48.0,81.0,4.0,0.68,0.6818181818181818,0.6842105263157895,0.7142857142857143,0.8529411764705882,0.5384615384615384,0.5423728813559322,0.6923076923076923,0.7777777777777778,0.5454545454545454,0.6282051282051282,0.75,0.7142857142857143,0.6666666666666666,0.6296296296296297,0.0,14,3,27,21,20,39,15,30,18,19,17,19,35,24,31,28,22,12,19,13,13,19,4,9,2,12,11,12,12,12,6,10,4,9,68.0,80.0,76.0,,39.0,2.0,43.0,17.0,65.0,56.0,76.0,62.0,69.0,23.0,59.0,60.0,53.0,0.1764705882352941,0.1625,0.1710526315789473,0.1025641025641025,0.2093023255813953,0.1176470588235294,0.1846153846153846,0.1964285714285714,0.1578947368421052,0.1935483870967742,0.1739130434782608,0.2608695652173913,0.1666666666666666,0.0754716981132075,,0.0,0.1525423728813559,49,,80.0,1.6326530612244898,0.0,93.1,1.9
76,74,62,2023-03-19,32-337,DEN,@,BRK,W (+6),0,5:06,2.0,2.0,1.000,0.0,0.0,,0,0.0,,0.0,1.0,1.0,1.0,0.0,0.0,2.0,1.0,4.0,2.0,-5,2.0,2.0,1.0,34,15,52,10,29,28,32,45,28,12,49,45,40,32,51,50.0,22.0,76.0,14.0,34.0,52.0,59.0,65.0,36.0,22.0,78.0,60.0,56.0,48.0,81.0,4.0,0.68,0.6818181818181818,0.6842105263157895,0.7142857142857143,0.8529411764705882,0.5384615384615384,0.5423728813559322,0.6923076923076923,0.7777777777777778,0.5454545454545454,0.6282051282051282,0.75,0.7142857142857143,0.6666666666666666,0.6296296296296297,0.0,14,3,27,21,20,39,15,30,18,19,17,19,35,24,31,28,22,12,19,13,13,19,4,9,2,12,11,12,12,12,6,10,4,9,68.0,80.0,76.0,,39.0,2.0,43.0,17.0,65.0,56.0,76.0,62.0,69.0,23.0,59.0,60.0,53.0,0.1764705882352941,0.1625,0.1710526315789473,0.1025641025641025,0.2093023255813953,0.1176470588235294,0.1846153846153846,0.1964285714285714,0.1578947368421052,0.1935483870967742,0.1739130434782608,0.2608695652173913,0.1666666666666666,0.0754716981132075,,0.0,0.1525423728813559,49,2.0,85.0,1.7346938775510203,2.0,99.3,2.026530612244898
77,75,,2023-03-22,32-340,DEN,@,WAS,W (+14),Did Not Play,Did Not Play,0.0,0.0,Did Not Play,,,Did Not Play,Did Not Play,0.0,Did Not Play,0.0,0.0,,0.0,0.0,0.0,0.0,0.0,0.0,Did Not Play,Did Not Play,,,,34,15,52,10,29,28,32,45,28,12,49,45,40,32,51,50.0,22.0,76.0,14.0,34.0,52.0,59.0,65.0,36.0,22.0,78.0,60.0,56.0,48.0,81.0,4.0,0.68,0.6818181818181818,0.6842105263157895,0.7142857142857143,0.8529411764705882,0.5384615384615384,0.5423728813559322,0.6923076923076923,0.7777777777777778,0.5454545454545454,0.6282051282051282,0.75,0.7142857142857143,0.6666666666666666,0.6296296296296297,0.0,14,3,27,21,20,39,15,30,18,19,17,19,35,24,31,28,22,12,19,13,13,19,4,9,2,12,11,12,12,12,6,10,4,9,68.0,80.0,76.0,,39.0,2.0,43.0,17.0,65.0,56.0,76.0,62.0,69.0,23.0,59.0,60.0,53.0,0.1764705882352941,0.1625,0.1710526315789473,0.1025641025641025,0.2093023255813953,0.1176470588235294,0.1846153846153846,0.1964285714285714,0.1578947368421052,0.1935483870967742,0.1739130434782608,0.2608695652173913,0.1666666666666666,0.0754716981132075,,0.0,0.1525423728813559,49,,87.0,1.7755102040816326,0.0,98.4,2.0081632653061225
78,76,,2023-03-25,32-343,DEN,,MIL,W (+23),Did Not Play,Did Not Play,0.0,0.0,Did Not Play,,,Did Not Play,Did Not Play,0.0,Did Not Play,0.0,0.0,,0.0,0.0,0.0,0.0,0.0,0.0,Did Not Play,Did Not Play,,,,34,15,52,10,29,28,32,45,28,12,49,45,40,32,51,50.0,22.0,76.0,14.0,34.0,52.0,59.0,65.0,36.0,22.0,78.0,60.0,56.0,48.0,81.0,4.0,0.68,0.6818181818181818,0.6842105263157895,0.7142857142857143,0.8529411764705882,0.5384615384615384,0.5423728813559322,0.6923076923076923,0.7777777777777778,0.5454545454545454,0.6282051282051282,0.75,0.7142857142857143,0.6666666666666666,0.6296296296296297,0.0,14,3,27,21,20,39,15,30,18,19,17,19,35,24,31,28,22,12,19,13,13,19,4,9,2,12,11,12,12,12,6,10,4,9,68.0,80.0,76.0,,39.0,2.0,43.0,17.0,65.0,56.0,76.0,62.0,69.0,23.0,59.0,60.0,53.0,0.1764705882352941,0.1625,0.1710526315789473,0.1025641025641025,0.2093023255813953,0.1176470588235294,0.1846153846153846,0.1964285714285714,0.1578947368421052,0.1935483870967742,0.1739130434782608,0.2608695652173913,0.1666666666666666,0.0754716981132075,,0.0,0.1525423728813559,49,,35.0,0.7142857142857143,0.0,52.49999999999999,1.0714285714285712
79,77,,2023-03-27,32-345,DEN,,PHI,W (+5),Did Not Play,Did Not Play,0.0,0.0,Did Not Play,,,Did Not Play,Did Not Play,0.0,Did Not Play,0.0,0.0,,0.0,0.0,0.0,0.0,0.0,0.0,Did Not Play,Did Not Play,,,,34,15,52,10,29,28,32,45,28,12,49,45,40,32,51,50.0,22.0,76.0,14.0,34.0,52.0,59.0,65.0,36.0,22.0,78.0,60.0,56.0,48.0,81.0,4.0,0.68,0.6818181818181818,0.6842105263157895,0.7142857142857143,0.8529411764705882,0.5384615384615384,0.5423728813559322,0.6923076923076923,0.7777777777777778,0.5454545454545454,0.6282051282051282,0.75,0.7142857142857143,0.6666666666666666,0.6296296296296297,0.0,14,3,27,21,20,39,15,30,18,19,17,19,35,24,31,28,22,12,19,13,13,19,4,9,2,12,11,12,12,12,6,10,4,9,68.0,80.0,76.0,,39.0,2.0,43.0,17.0,65.0,56.0,76.0,62.0,69.0,23.0,59.0,60.0,53.0,0.1764705882352941,0.1625,0.1710526315789473,0.1025641025641025,0.2093023255813953,0.1176470588235294,0.1846153846153846,0.1964285714285714,0.1578947368421052,0.1935483870967742,0.1739130434782608,0.2608695652173913,0.1666666666666666,0.0754716981132075,,0.0,0.1525423728813559,49,,50.0,1.020408163265306,0.0,58.399999999999984,1.1918367346938772
80,78,,2023-03-30,32-348,DEN,,NOP,L (-19),Did Not Play,Did Not Play,0.0,0.0,Did Not Play,,,Did Not Play,Did Not Play,0.0,Did Not Play,0.0,0.0,,0.0,0.0,0.0,0.0,0.0,0.0,Did Not Play,Did Not Play,,,,34,15,52,10,29,28,32,45,28,12,49,45,40,32,51,50.0,22.0,76.0,14.0,34.0,52.0,59.0,65.0,36.0,22.0,78.0,60.0,56.0,48.0,81.0,4.0,0.68,0.6818181818181818,0.6842105263157895,0.7142857142857143,0.8529411764705882,0.5384615384615384,0.5423728813559322,0.6923076923076923,0.7777777777777778,0.5454545454545454,0.6282051282051282,0.75,0.7142857142857143,0.6666666666666666,0.6296296296296297,0.0,14,3,27,21,20,39,15,30,18,19,17,19,35,24,31,28,22,12,19,13,13,19,4,9,2,12,11,12,12,12,6,10,4,9,68.0,80.0,76.0,,39.0,2.0,43.0,17.0,65.0,56.0,76.0,62.0,69.0,23.0,59.0,60.0,53.0,0.1764705882352941,0.1625,0.1710526315789473,0.1025641025641025,0.2093023255813953,0.1176470588235294,0.1846153846153846,0.1964285714285714,0.1578947368421052,0.1935483870967742,0.1739130434782608,0.2608695652173913,0.1666666666666666,0.0754716981132075,,0.0,0.1525423728813559,49,,71.0,1.4489795918367347,0.0,87.30000000000001,1.7816326530612248
81,79,63,2023-03-31,32-349,DEN,@,PHO,L (-7),1,34:23,6.0,14.0,.429,1.0,9.0,.111,0,0.0,,1.0,1.0,2.0,4.0,1.0,0.0,3.0,1.0,13.0,7.0,,5.0,5.0,1.0,34,15,52,10,29,28,32,45,28,12,49,45,40,32,51,50.0,22.0,76.0,14.0,34.0,52.0,59.0,65.0,36.0,22.0,78.0,60.0,56.0,48.0,81.0,4.0,0.68,0.6818181818181818,0.6842105263157895,0.7142857142857143,0.8529411764705882,0.5384615384615384,0.5423728813559322,0.6923076923076923,0.7777777777777778,0.5454545454545454,0.6282051282051282,0.75,0.7142857142857143,0.6666666666666666,0.6296296296296297,0.0,14,3,27,21,20,39,15,30,18,19,17,19,35,24,31,28,22,12,19,13,13,19,4,9,2,12,11,12,12,12,6,10,4,9,68.0,80.0,76.0,,39.0,2.0,43.0,17.0,65.0,56.0,76.0,62.0,69.0,23.0,59.0,60.0,53.0,0.1764705882352941,0.1625,0.1710526315789473,0.1025641025641025,0.2093023255813953,0.1176470588235294,0.1846153846153846,0.1964285714285714,0.1578947368421052,0.1935483870967742,0.1739130434782608,0.2608695652173913,0.1666666666666666,0.0754716981132075,,0.0,0.1525423728813559,49,3.0,66.0,1.346938775510204,7.000000000000004,73.10000000000001,1.4918367346938777
82,80,64,2023-04-02,32-351,DEN,,GSW,W (+2),0,7:08,1.0,2.0,.500,1.0,1.0,1.000,0,0.0,,0.0,1.0,1.0,0.0,0.0,0.0,1.0,1.0,3.0,0.9,-9,1.0,0.0,0.0,34,15,52,10,29,28,32,45,28,12,49,45,40,32,51,50.0,22.0,76.0,14.0,34.0,52.0,59.0,65.0,36.0,22.0,78.0,60.0,56.0,48.0,81.0,4.0,0.68,0.6818181818181818,0.6842105263157895,0.7142857142857143,0.8529411764705882,0.5384615384615384,0.5423728813559322,0.6923076923076923,0.7777777777777778,0.5454545454545454,0.6282051282051282,0.75,0.7142857142857143,0.6666666666666666,0.6296296296296297,0.0,14,3,27,21,20,39,15,30,18,19,17,19,35,24,31,28,22,12,19,13,13,19,4,9,2,12,11,12,12,12,6,10,4,9,68.0,80.0,76.0,,39.0,2.0,43.0,17.0,65.0,56.0,76.0,62.0,69.0,23.0,59.0,60.0,53.0,0.1764705882352941,0.1625,0.1710526315789473,0.1025641025641025,0.2093023255813953,0.1176470588235294,0.1846153846153846,0.1964285714285714,0.1578947368421052,0.1935483870967742,0.1739130434782608,0.2608695652173913,0.1666666666666666,0.0754716981132075,,0.0,0.1525423728813559,49,1.0,58.0,1.183673469387755,0.8999999999999999,71.3,1.4551020408163264
83,Rk,G,Date,Age,Tm,,Opp,,GS,MP,0.0,0.0,FG%,,,3P%,FT,0.0,FT%,0.0,0.0,,0.0,0.0,0.0,0.0,0.0,0.0,GmSc,+/-,,,,34,15,52,10,29,28,32,45,28,12,49,45,40,32,51,50.0,22.0,76.0,14.0,34.0,52.0,59.0,65.0,36.0,22.0,78.0,60.0,56.0,48.0,81.0,4.0,0.68,0.6818181818181818,0.6842105263157895,0.7142857142857143,0.8529411764705882,0.5384615384615384,0.5423728813559322,0.6923076923076923,0.7777777777777778,0.5454545454545454,0.6282051282051282,0.75,0.7142857142857143,0.6666666666666666,0.6296296296296297,0.0,14,3,27,21,20,39,15,30,18,19,17,19,35,24,31,28,22,12,19,13,13,19,4,9,2,12,11,12,12,12,6,10,4,9,68.0,80.0,76.0,,39.0,2.0,43.0,17.0,65.0,56.0,76.0,62.0,69.0,23.0,59.0,60.0,53.0,0.1764705882352941,0.1625,0.1710526315789473,0.1025641025641025,0.2093023255813953,0.1176470588235294,0.1846153846153846,0.1964285714285714,0.1578947368421052,0.1935483870967742,0.1739130434782608,0.2608695652173913,0.1666666666666666,0.0754716981132075,,0.0,0.1525423728813559,49,,0.0,0.0,0.0,0.0,0.0
84,81,65,2023-04-04,32-353,DEN,@,HOU,L (-21),0,13:43,3.0,4.0,.750,1.0,2.0,.500,0,0.0,,0.0,1.0,1.0,3.0,0.0,0.0,0.0,3.0,7.0,6.6,-10,2.0,2.0,1.0,34,15,52,10,29,28,32,45,28,12,49,45,40,32,51,50.0,22.0,76.0,14.0,34.0,52.0,59.0,65.0,36.0,22.0,78.0,60.0,56.0,48.0,81.0,4.0,0.68,0.6818181818181818,0.6842105263157895,0.7142857142857143,0.8529411764705882,0.5384615384615384,0.5423728813559322,0.6923076923076923,0.7777777777777778,0.5454545454545454,0.6282051282051282,0.75,0.7142857142857143,0.6666666666666666,0.6296296296296297,0.0,14,3,27,21,20,39,15,30,18,19,17,19,35,24,31,28,22,12,19,13,13,19,4,9,2,12,11,12,12,12,6,10,4,9,68.0,80.0,76.0,,39.0,2.0,43.0,17.0,65.0,56.0,76.0,62.0,69.0,23.0,59.0,60.0,53.0,0.1764705882352941,0.1625,0.1710526315789473,0.1025641025641025,0.2093023255813953,0.1176470588235294,0.1846153846153846,0.1964285714285714,0.1578947368421052,0.1935483870967742,0.1739130434782608,0.2608695652173913,0.1666666666666666,0.0754716981132075,,0.0,0.1525423728813559,49,7.0,87.0,1.7755102040816326,6.6,95.2,1.9428571428571428
85,82,66,2023-04-06,32-355,DEN,@,PHO,L (-4),1,30:07,7.0,15.0,.467,2.0,5.0,.400,4,4.0,1.000,0.0,3.0,3.0,6.0,2.0,0.0,2.0,3.0,20.0,16.2,0,10.0,5.0,0.5,34,15,52,10,29,28,32,45,28,12,49,45,40,32,51,50.0,22.0,76.0,14.0,34.0,52.0,59.0,65.0,36.0,22.0,78.0,60.0,56.0,48.0,81.0,4.0,0.68,0.6818181818181818,0.6842105263157895,0.7142857142857143,0.8529411764705882,0.5384615384615384,0.5423728813559322,0.6923076923076923,0.7777777777777778,0.5454545454545454,0.6282051282051282,0.75,0.7142857142857143,0.6666666666666666,0.6296296296296297,0.0,14,3,27,21,20,39,15,30,18,19,17,19,35,24,31,28,22,12,19,13,13,19,4,9,2,12,11,12,12,12,6,10,4,9,68.0,80.0,76.0,,39.0,2.0,43.0,17.0,65.0,56.0,76.0,62.0,69.0,23.0,59.0,60.0,53.0,0.1764705882352941,0.1625,0.1710526315789473,0.1025641025641025,0.2093023255813953,0.1176470588235294,0.1846153846153846,0.1964285714285714,0.1578947368421052,0.1935483870967742,0.1739130434782608,0.2608695652173913,0.1666666666666666,0.0754716981132075,,0.0,0.1525423728813559,49,10.0,48.0,0.979591836734694,14.599999999999998,60.3,1.230612244897959
86,83,67,2023-04-08,32-357,DEN,@,UTA,L (-4),0,22:22,3.0,12.0,.250,1.0,8.0,.125,0,0.0,,0.0,4.0,4.0,3.0,0.0,0.0,1.0,0.0,7.0,2.1,+12,4.0,2.0,0.5,34,15,52,10,29,28,32,45,28,12,49,45,40,32,51,50.0,22.0,76.0,14.0,34.0,52.0,59.0,65.0,36.0,22.0,78.0,60.0,56.0,48.0,81.0,4.0,0.68,0.6818181818181818,0.6842105263157895,0.7142857142857143,0.8529411764705882,0.5384615384615384,0.5423728813559322,0.6923076923076923,0.7777777777777778,0.5454545454545454,0.6282051282051282,0.75,0.7142857142857143,0.6666666666666666,0.6296296296296297,0.0,14,3,27,21,20,39,15,30,18,19,17,19,35,24,31,28,22,12,19,13,13,19,4,9,2,12,11,12,12,12,6,10,4,9,68.0,80.0,76.0,,39.0,2.0,43.0,17.0,65.0,56.0,76.0,62.0,69.0,23.0,59.0,60.0,53.0,0.1764705882352941,0.1625,0.1710526315789473,0.1025641025641025,0.2093023255813953,0.1176470588235294,0.1846153846153846,0.1964285714285714,0.1578947368421052,0.1935483870967742,0.1739130434782608,0.2608695652173913,0.1666666666666666,0.0754716981132075,,0.0,0.1525423728813559,49,1.0,0.0,0.0,2.1,0.0,0.0
87,84,68,2023-04-09,32-358,DEN,,SAC,W (+14),0,25:11,7.0,11.0,.636,2.0,6.0,.333,0,0.0,,0.0,3.0,3.0,4.0,1.0,0.0,1.0,1.0,16.0,14.4,+21,5.0,5.0,1.0,34,15,52,10,29,28,32,45,28,12,49,45,40,32,51,50.0,22.0,76.0,14.0,34.0,52.0,59.0,65.0,36.0,22.0,78.0,60.0,56.0,48.0,81.0,4.0,0.68,0.6818181818181818,0.6842105263157895,0.7142857142857143,0.8529411764705882,0.5384615384615384,0.5423728813559322,0.6923076923076923,0.7777777777777778,0.5454545454545454,0.6282051282051282,0.75,0.7142857142857143,0.6666666666666666,0.6296296296296297,0.0,14,3,27,21,20,39,15,30,18,19,17,19,35,24,31,28,22,12,19,13,13,19,4,9,2,12,11,12,12,12,6,10,4,9,68.0,80.0,76.0,,39.0,2.0,43.0,17.0,65.0,56.0,76.0,62.0,69.0,23.0,59.0,60.0,53.0,0.1764705882352941,0.1625,0.1710526315789473,0.1025641025641025,0.2093023255813953,0.1176470588235294,0.1846153846153846,0.1964285714285714,0.1578947368421052,0.1935483870967742,0.1739130434782608,0.2608695652173913,0.1666666666666666,0.0754716981132075,,0.0,0.1525423728813559,49,12.0,0.0,0.0,14.4,0.0,0.0
