Rk,G,Date,Age,Tm,Opp,GS,MP,FG,FGA,FG%,3P,3PA,3P%,FT,FTA,FT%,ORB,DRB,TRB,AST,STL,BLK,TOV,PF,PTS,GmSc,+/-,2PA,2P,2P%,Shared Games with Aaron Wiggins,Shared Games with Aleksej Pokusevski,Shared Games with Darius Bazley,Shared Games with Eugene Omoruyi,Shared Games with Isaiah Joe,Shared Games with Jalen Williams,Shared Games with Jaylin Williams,Shared Games with Jeremiah Robinson-Earl,Shared Games with Kenrich Williams,Shared Games with Lindy Waters III,Shared Games with Luguentz Dort,Shared Games with Mike Muscala,Shared Games with Ousmane Dieng,Shared Games with Shai Gilgeous-Alexander,Shared Games with Tre Mann,Aaron Wiggins,Aleksej Pokusevski,Chet Holmgren,Darius Bazley,Eugene Omoruyi,Isaiah Joe,Jalen Williams,Jared Butler,Jaylin Williams,Jeremiah Robinson-Earl,Kenrich Williams,Lindy Waters III,Luguentz Dort,Mike Muscala,Ousmane Dieng,Shai Gilgeous-Alexander,Tre Mann,co_inf with Aaron Wiggins,co_inf with Aleksej Pokusevski,co_inf with Chet Holmgren,co_inf with Darius Bazley,co_inf with Eugene Omoruyi,co_inf with Isaiah Joe,co_inf with Jalen Williams,co_inf with Jared Butler,co_inf with Jaylin Williams,co_inf with Jeremiah Robinson-Earl,co_inf with Kenrich Williams,co_inf with Lindy Waters III,co_inf with Luguentz Dort,co_inf with Mike Muscala,co_inf with Ousmane Dieng,co_inf with Shai Gilgeous-Alexander,co_inf with Tre Mann,Shared Games with Dario Šarić,Shared Games with Olivier Sarr,Danilo Gallinari,Dario Šarić,Olivier Sarr,co_inf with Danilo Gallinari,co_inf with Dario Šarić,co_inf with Olivier Sarr,Total Shared Players,CO_EFF,EFF,avg_EFF,CO_HGS,HGS,avg_HGS,PER,WS,BPM,OBPM,DBPM,Co_Points_Share,TS%,3PAr,FTr,VORP,OWS,New Column,Result
1.0,1.0,2022-10-19,20-009,OKC,MIN,1.0,33.85,6.0,14.0,0.429,2.0,7.0,0.286,0.0,0.0,,1.0,10.0,11.0,4.0,0.0,2.0,4.0,4.0,14.0,8.9,3.0,7.0,4.0,0.5714285714285714,64,29,33,20,68,72,48,39,48,38,69,38,36,64,62,70.0,34.0,,43.0,40.0,73.0,75.0,6.0,49.0,43.0,53.0,41.0,74.0,63.0,39.0,68.0,67.0,0.9142857142857144,0.8529411764705882,,0.7674418604651163,0.5,0.9315068493150684,0.96,0.0,0.979591836734694,0.9069767441860463,0.9056603773584906,0.926829268292683,0.9324324324324323,0.6031746031746031,0.9230769230769232,0.9411764705882352,0.9253731343283582,17,8,,57.0,9.0,,0.2982456140350877,0.8888888888888888,17,13.0,42.0,2.4705882352941178,8.899999999999999,53.79999999999999,3.1647058823529406,17.1,4.0,1.2,1.5,-0.3,0.1308003737153534,0.533,0.209,0.13,1.9,1.3,L (-7),L (-7)
2.0,2.0,2022-10-22,20-012,OKC,DEN,1.0,32.733333333333334,8.0,17.0,0.471,2.0,4.0,0.5,1.0,2.0,0.5,4.0,8.0,12.0,6.0,1.0,1.0,1.0,2.0,19.0,19.2,-17.0,13.0,6.0,0.4615384615384615,64,29,33,20,68,72,48,39,48,38,69,38,36,64,62,70.0,34.0,,43.0,40.0,73.0,75.0,6.0,49.0,43.0,53.0,41.0,74.0,63.0,39.0,68.0,67.0,0.9142857142857144,0.8529411764705882,,0.7674418604651163,0.5,0.9315068493150684,0.96,0.0,0.979591836734694,0.9069767441860463,0.9056603773584906,0.926829268292683,0.9324324324324323,0.6031746031746031,0.9230769230769232,0.9411764705882352,0.9253731343283582,17,8,,57.0,9.0,,0.2982456140350877,0.8888888888888888,17,19.0,35.0,2.0588235294117645,18.8,45.29999999999999,2.6647058823529406,17.1,4.0,1.2,1.5,-0.3,0.1308003737153534,0.533,0.209,0.13,1.9,1.3,L (-5),L (-5)
3.0,3.0,2022-10-23,20-013,OKC,MIN,1.0,21.7,5.0,11.0,0.455,0.0,2.0,0.0,0.0,0.0,,0.0,2.0,2.0,5.0,0.0,0.0,4.0,2.0,10.0,3.6,-15.0,9.0,5.0,0.5555555555555556,64,29,33,20,68,72,48,39,48,38,69,38,36,64,62,70.0,34.0,,43.0,40.0,73.0,75.0,6.0,49.0,43.0,53.0,41.0,74.0,63.0,39.0,68.0,67.0,0.9142857142857144,0.8529411764705882,,0.7674418604651163,0.5,0.9315068493150684,0.96,0.0,0.979591836734694,0.9069767441860463,0.9056603773584906,0.926829268292683,0.9324324324324323,0.6031746031746031,0.9230769230769232,0.9411764705882352,0.9253731343283582,17,8,,57.0,9.0,,0.2982456140350877,0.8888888888888888,17,2.0,36.0,2.117647058823529,3.6000000000000023,50.8,2.988235294117647,17.1,4.0,1.2,1.5,-0.3,0.1308003737153534,0.533,0.209,0.13,1.9,1.3,L (-10),L (-10)
4.0,,2022-10-25,20-015,OKC,LAC,,0.0,0.0,0.0,,,,,,0.0,,0.0,0.0,,0.0,0.0,0.0,0.0,0.0,0.0,,,,,,64,29,33,20,68,72,48,39,48,38,69,38,36,64,62,70.0,34.0,,43.0,40.0,73.0,75.0,6.0,49.0,43.0,53.0,41.0,74.0,63.0,39.0,68.0,67.0,0.9142857142857144,0.8529411764705882,,0.7674418604651163,0.5,0.9315068493150684,0.96,0.0,0.979591836734694,0.9069767441860463,0.9056603773584906,0.926829268292683,0.9324324324324323,0.6031746031746031,0.9230769230769232,0.9411764705882352,0.9253731343283582,17,8,,57.0,9.0,,0.2982456140350877,0.8888888888888888,17,,53.0,3.117647058823529,0.0,68.2,4.011764705882353,17.1,4.0,1.2,1.5,-0.3,0.1308003737153534,0.533,0.209,0.13,1.9,1.3,W (+14),W (+14)
5.0,,2022-10-27,20-017,OKC,LAC,,0.0,0.0,0.0,,,,,,0.0,,0.0,0.0,,0.0,0.0,0.0,0.0,0.0,0.0,,,,,,64,29,33,20,68,72,48,39,48,38,69,38,36,64,62,70.0,34.0,,43.0,40.0,73.0,75.0,6.0,49.0,43.0,53.0,41.0,74.0,63.0,39.0,68.0,67.0,0.9142857142857144,0.8529411764705882,,0.7674418604651163,0.5,0.9315068493150684,0.96,0.0,0.979591836734694,0.9069767441860463,0.9056603773584906,0.926829268292683,0.9324324324324323,0.6031746031746031,0.9230769230769232,0.9411764705882352,0.9253731343283582,17,8,,57.0,9.0,,0.2982456140350877,0.8888888888888888,17,,69.0,4.0588235294117645,0.0,82.7,4.864705882352942,17.1,4.0,1.2,1.5,-0.3,0.1308003737153534,0.533,0.209,0.13,1.9,1.3,W (+8),W (+8)
6.0,,2022-10-29,20-019,OKC,DAL,,0.0,0.0,0.0,,,,,,0.0,,0.0,0.0,,0.0,0.0,0.0,0.0,0.0,0.0,,,,,,64,29,33,20,68,72,48,39,48,38,69,38,36,64,62,70.0,34.0,,43.0,40.0,73.0,75.0,6.0,49.0,43.0,53.0,41.0,74.0,63.0,39.0,68.0,67.0,0.9142857142857144,0.8529411764705882,,0.7674418604651163,0.5,0.9315068493150684,0.96,0.0,0.979591836734694,0.9069767441860463,0.9056603773584906,0.926829268292683,0.9324324324324323,0.6031746031746031,0.9230769230769232,0.9411764705882352,0.9253731343283582,17,8,,57.0,9.0,,0.2982456140350877,0.8888888888888888,17,,64.0,3.764705882352941,0.0,75.7,4.452941176470588,17.1,4.0,1.2,1.5,-0.3,0.1308003737153534,0.533,0.209,0.13,1.9,1.3,W (+6),W (+6)
7.0,4.0,2022-11-01,20-022,OKC,ORL,1.0,25.05,3.0,12.0,0.25,0.0,3.0,0.0,1.0,1.0,1.0,0.0,1.0,1.0,10.0,1.0,1.0,2.0,2.0,7.0,6.0,-1.0,9.0,3.0,0.3333333333333333,64,29,33,20,68,72,48,39,48,38,69,38,36,64,62,70.0,34.0,,43.0,40.0,73.0,75.0,6.0,49.0,43.0,53.0,41.0,74.0,63.0,39.0,68.0,67.0,0.9142857142857144,0.8529411764705882,,0.7674418604651163,0.5,0.9315068493150684,0.96,0.0,0.979591836734694,0.9069767441860463,0.9056603773584906,0.926829268292683,0.9324324324324323,0.6031746031746031,0.9230769230769232,0.9411764705882352,0.9253731343283582,17,8,,57.0,9.0,,0.2982456140350877,0.8888888888888888,17,5.0,69.0,4.0588235294117645,5.6000000000000005,85.3,5.017647058823529,17.1,4.0,1.2,1.5,-0.3,0.1308003737153534,0.533,0.209,0.13,1.9,1.3,W (+8),W (+8)
8.0,5.0,2022-11-03,20-024,OKC,DEN,1.0,31.9,7.0,14.0,0.5,2.0,4.0,0.5,0.0,0.0,,0.0,1.0,1.0,5.0,1.0,0.0,4.0,3.0,16.0,8.6,-10.0,10.0,5.0,0.5,64,29,33,20,68,72,48,39,48,38,69,38,36,64,62,70.0,34.0,,43.0,40.0,73.0,75.0,6.0,49.0,43.0,53.0,41.0,74.0,63.0,39.0,68.0,67.0,0.9142857142857144,0.8529411764705882,,0.7674418604651163,0.5,0.9315068493150684,0.96,0.0,0.979591836734694,0.9069767441860463,0.9056603773584906,0.926829268292683,0.9324324324324323,0.6031746031746031,0.9230769230769232,0.9411764705882352,0.9253731343283582,17,8,,57.0,9.0,,0.2982456140350877,0.8888888888888888,17,5.0,51.0,3.0,8.600000000000001,69.2,4.070588235294117,17.1,4.0,1.2,1.5,-0.3,0.1308003737153534,0.533,0.209,0.13,1.9,1.3,L (-12),L (-12)
9.0,6.0,2022-11-05,20-026,OKC,MIL,1.0,26.03333333333333,6.0,14.0,0.429,2.0,3.0,0.667,1.0,1.0,1.0,1.0,5.0,6.0,2.0,0.0,0.0,4.0,1.0,15.0,6.8,-12.0,11.0,4.0,0.3636363636363636,64,29,33,20,68,72,48,39,48,38,69,38,36,64,62,70.0,34.0,,43.0,40.0,73.0,75.0,6.0,49.0,43.0,53.0,41.0,74.0,63.0,39.0,68.0,67.0,0.9142857142857144,0.8529411764705882,,0.7674418604651163,0.5,0.9315068493150684,0.96,0.0,0.979591836734694,0.9069767441860463,0.9056603773584906,0.926829268292683,0.9324324324324323,0.6031746031746031,0.9230769230769232,0.9411764705882352,0.9253731343283582,17,8,,57.0,9.0,,0.2982456140350877,0.8888888888888888,17,4.0,42.0,2.4705882352941178,6.399999999999997,47.400000000000006,2.788235294117648,17.1,4.0,1.2,1.5,-0.3,0.1308003737153534,0.533,0.209,0.13,1.9,1.3,L (-14),L (-14)
10.0,7.0,2022-11-07,20-028,OKC,DET,1.0,24.866666666666667,4.0,12.0,0.333,0.0,1.0,0.0,1.0,2.0,0.5,1.0,5.0,6.0,2.0,0.0,1.0,3.0,2.0,9.0,2.3,-12.0,11.0,4.0,0.3636363636363636,64,29,33,20,68,72,48,39,48,38,69,38,36,64,62,70.0,34.0,,43.0,40.0,73.0,75.0,6.0,49.0,43.0,53.0,41.0,74.0,63.0,39.0,68.0,67.0,0.9142857142857144,0.8529411764705882,,0.7674418604651163,0.5,0.9315068493150684,0.96,0.0,0.979591836734694,0.9069767441860463,0.9056603773584906,0.926829268292683,0.9324324324324323,0.6031746031746031,0.9230769230769232,0.9411764705882352,0.9253731343283582,17,8,,57.0,9.0,,0.2982456140350877,0.8888888888888888,17,1.0,46.0,2.7058823529411766,1.9000000000000004,56.3,3.3117647058823527,17.1,4.0,1.2,1.5,-0.3,0.1308003737153534,0.533,0.209,0.13,1.9,1.3,L (-9),L (-9)
11.0,8.0,2022-11-09,20-030,OKC,MIL,1.0,44.16666666666666,9.0,19.0,0.474,0.0,4.0,0.0,0.0,2.0,0.0,5.0,10.0,15.0,6.0,0.0,0.0,1.0,1.0,18.0,16.8,-8.0,15.0,9.0,0.6,64,29,33,20,68,72,48,39,48,38,69,38,36,64,62,70.0,34.0,,43.0,40.0,73.0,75.0,6.0,49.0,43.0,53.0,41.0,74.0,63.0,39.0,68.0,67.0,0.9142857142857144,0.8529411764705882,,0.7674418604651163,0.5,0.9315068493150684,0.96,0.0,0.979591836734694,0.9069767441860463,0.9056603773584906,0.926829268292683,0.9324324324324323,0.6031746031746031,0.9230769230769232,0.9411764705882352,0.9253731343283582,17,8,,57.0,9.0,,0.2982456140350877,0.8888888888888888,17,17.0,70.0,4.117647058823529,16.8,83.30000000000001,4.9,17.1,4.0,1.2,1.5,-0.3,0.1308003737153534,0.533,0.209,0.13,1.9,1.3,L (-4),L (-4)
12.0,9.0,2022-11-11,20-032,OKC,TOR,1.0,22.616666666666667,6.0,9.0,0.667,1.0,1.0,1.0,2.0,2.0,1.0,3.0,6.0,9.0,5.0,2.0,0.0,7.0,3.0,15.0,12.3,8.0,8.0,5.0,0.625,64,29,33,20,68,72,48,39,48,38,69,38,36,64,62,70.0,34.0,,43.0,40.0,73.0,75.0,6.0,49.0,43.0,53.0,41.0,74.0,63.0,39.0,68.0,67.0,0.9142857142857144,0.8529411764705882,,0.7674418604651163,0.5,0.9315068493150684,0.96,0.0,0.979591836734694,0.9069767441860463,0.9056603773584906,0.926829268292683,0.9324324324324323,0.6031746031746031,0.9230769230769232,0.9411764705882352,0.9253731343283582,17,8,,57.0,9.0,,0.2982456140350877,0.8888888888888888,17,13.0,68.0,4.0,11.5,77.9,4.582352941176471,17.1,4.0,1.2,1.5,-0.3,0.1308003737153534,0.533,0.209,0.13,1.9,1.3,W (+19),W (+19)
13.0,10.0,2022-11-13,20-034,OKC,NYK,1.0,36.68333333333333,10.0,14.0,0.714,2.0,3.0,0.667,2.0,2.0,1.0,1.0,9.0,10.0,12.0,0.0,0.0,3.0,1.0,24.0,26.6,15.0,11.0,8.0,0.7272727272727273,64,29,33,20,68,72,48,39,48,38,69,38,36,64,62,70.0,34.0,,43.0,40.0,73.0,75.0,6.0,49.0,43.0,53.0,41.0,74.0,63.0,39.0,68.0,67.0,0.9142857142857144,0.8529411764705882,,0.7674418604651163,0.5,0.9315068493150684,0.96,0.0,0.979591836734694,0.9069767441860463,0.9056603773584906,0.926829268292683,0.9324324324324323,0.6031746031746031,0.9230769230769232,0.9411764705882352,0.9253731343283582,17,8,,57.0,9.0,,0.2982456140350877,0.8888888888888888,17,27.0,67.0,3.941176470588236,25.8,82.99999999999999,4.88235294117647,17.1,4.0,1.2,1.5,-0.3,0.1308003737153534,0.533,0.209,0.13,1.9,1.3,W (+10),W (+10)
14.0,11.0,2022-11-14,20-035,OKC,BOS,1.0,33.483333333333334,6.0,17.0,0.353,1.0,6.0,0.167,3.0,3.0,1.0,0.0,7.0,7.0,4.0,0.0,1.0,7.0,3.0,16.0,3.9,6.0,11.0,5.0,0.4545454545454545,64,29,33,20,68,72,48,39,48,38,69,38,36,64,62,70.0,34.0,,43.0,40.0,73.0,75.0,6.0,49.0,43.0,53.0,41.0,74.0,63.0,39.0,68.0,67.0,0.9142857142857144,0.8529411764705882,,0.7674418604651163,0.5,0.9315068493150684,0.96,0.0,0.979591836734694,0.9069767441860463,0.9056603773584906,0.926829268292683,0.9324324324324323,0.6031746031746031,0.9230769230769232,0.9411764705882352,0.9253731343283582,17,8,,57.0,9.0,,0.2982456140350877,0.8888888888888888,17,1.0,66.0,3.882352941176471,2.700000000000003,75.9,4.464705882352941,17.1,4.0,1.2,1.5,-0.3,0.1308003737153534,0.533,0.209,0.13,1.9,1.3,L (-4),L (-4)
15.0,12.0,2022-11-16,20-037,OKC,WAS,1.0,20.466666666666665,5.0,11.0,0.455,1.0,3.0,0.333,0.0,0.0,,0.0,6.0,6.0,2.0,0.0,0.0,2.0,4.0,11.0,4.9,-23.0,8.0,4.0,0.5,64,29,33,20,68,72,48,39,48,38,69,38,36,64,62,70.0,34.0,,43.0,40.0,73.0,75.0,6.0,49.0,43.0,53.0,41.0,74.0,63.0,39.0,68.0,67.0,0.9142857142857144,0.8529411764705882,,0.7674418604651163,0.5,0.9315068493150684,0.96,0.0,0.979591836734694,0.9069767441860463,0.9056603773584906,0.926829268292683,0.9324324324324323,0.6031746031746031,0.9230769230769232,0.9411764705882352,0.9253731343283582,17,8,,57.0,9.0,,0.2982456140350877,0.8888888888888888,17,6.0,69.0,4.0588235294117645,4.9,86.5,5.088235294117647,17.1,4.0,1.2,1.5,-0.3,0.1308003737153534,0.533,0.209,0.13,1.9,1.3,W (+1),W (+1)
16.0,13.0,2022-11-18,20-039,OKC,MEM,1.0,36.833333333333336,10.0,20.0,0.5,0.0,4.0,0.0,0.0,1.0,0.0,1.0,5.0,6.0,11.0,0.0,1.0,3.0,4.0,20.0,15.6,-13.0,16.0,10.0,0.625,64,29,33,20,68,72,48,39,48,38,69,38,36,64,62,70.0,34.0,,43.0,40.0,73.0,75.0,6.0,49.0,43.0,53.0,41.0,74.0,63.0,39.0,68.0,67.0,0.9142857142857144,0.8529411764705882,,0.7674418604651163,0.5,0.9315068493150684,0.96,0.0,0.979591836734694,0.9069767441860463,0.9056603773584906,0.926829268292683,0.9324324324324323,0.6031746031746031,0.9230769230769232,0.9411764705882352,0.9253731343283582,17,8,,57.0,9.0,,0.2982456140350877,0.8888888888888888,17,14.0,67.0,3.941176470588236,15.6,67.79999999999998,3.988235294117646,17.1,4.0,1.2,1.5,-0.3,0.1308003737153534,0.533,0.209,0.13,1.9,1.3,L (-11),L (-11)
17.0,14.0,2022-11-21,20-042,OKC,NYK,1.0,33.75,8.0,15.0,0.533,0.0,2.0,0.0,2.0,2.0,1.0,3.0,6.0,9.0,7.0,1.0,0.0,3.0,1.0,18.0,17.1,-2.0,13.0,8.0,0.6153846153846154,64,29,33,20,68,72,48,39,48,38,69,38,36,64,62,70.0,34.0,,43.0,40.0,73.0,75.0,6.0,49.0,43.0,53.0,41.0,74.0,63.0,39.0,68.0,67.0,0.9142857142857144,0.8529411764705882,,0.7674418604651163,0.5,0.9315068493150684,0.96,0.0,0.979591836734694,0.9069767441860463,0.9056603773584906,0.926829268292683,0.9324324324324323,0.6031746031746031,0.9230769230769232,0.9411764705882352,0.9253731343283582,17,8,,57.0,9.0,,0.2982456140350877,0.8888888888888888,17,15.0,40.0,2.3529411764705883,16.299999999999997,59.10000000000002,3.4764705882352955,17.1,4.0,1.2,1.5,-0.3,0.1308003737153534,0.533,0.209,0.13,1.9,1.3,L (-10),L (-10)
18.0,15.0,2022-11-23,20-044,OKC,DEN,1.0,28.633333333333333,5.0,12.0,0.417,1.0,4.0,0.25,1.0,2.0,0.5,2.0,2.0,4.0,6.0,0.0,0.0,3.0,1.0,12.0,8.0,-12.0,8.0,4.0,0.5,64,29,33,20,68,72,48,39,48,38,69,38,36,64,62,70.0,34.0,,43.0,40.0,73.0,75.0,6.0,49.0,43.0,53.0,41.0,74.0,63.0,39.0,68.0,67.0,0.9142857142857144,0.8529411764705882,,0.7674418604651163,0.5,0.9315068493150684,0.96,0.0,0.979591836734694,0.9069767441860463,0.9056603773584906,0.926829268292683,0.9324324324324323,0.6031746031746031,0.9230769230769232,0.9411764705882352,0.9253731343283582,17,8,,57.0,9.0,,0.2982456140350877,0.8888888888888888,17,5.0,63.0,3.7058823529411766,7.6,81.10000000000001,4.770588235294119,17.1,4.0,1.2,1.5,-0.3,0.1308003737153534,0.533,0.209,0.13,1.9,1.3,L (-5),L (-5)
19.0,16.0,2022-11-25,20-046,OKC,CHI,1.0,37.5,5.0,13.0,0.385,0.0,1.0,0.0,0.0,0.0,,2.0,11.0,13.0,9.0,0.0,1.0,5.0,0.0,10.0,9.6,-2.0,12.0,5.0,0.4166666666666667,64,29,33,20,68,72,48,39,48,38,69,38,36,64,62,70.0,34.0,,43.0,40.0,73.0,75.0,6.0,49.0,43.0,53.0,41.0,74.0,63.0,39.0,68.0,67.0,0.9142857142857144,0.8529411764705882,,0.7674418604651163,0.5,0.9315068493150684,0.96,0.0,0.979591836734694,0.9069767441860463,0.9056603773584906,0.926829268292683,0.9324324324324323,0.6031746031746031,0.9230769230769232,0.9411764705882352,0.9253731343283582,17,8,,57.0,9.0,,0.2982456140350877,0.8888888888888888,17,15.0,44.0,2.588235294117647,9.6,63.4,3.7294117647058815,17.1,4.0,1.2,1.5,-0.3,0.1308003737153534,0.533,0.209,0.13,1.9,1.3,W (+4),W (+4)
20.0,17.0,2022-11-26,20-047,OKC,HOU,1.0,28.05,7.0,14.0,0.5,0.0,1.0,0.0,4.0,7.0,0.571,3.0,2.0,5.0,2.0,1.0,0.0,4.0,4.0,18.0,9.3,-26.0,13.0,7.0,0.5384615384615384,64,29,33,20,68,72,48,39,48,38,69,38,36,64,62,70.0,34.0,,43.0,40.0,73.0,75.0,6.0,49.0,43.0,53.0,41.0,74.0,63.0,39.0,68.0,67.0,0.9142857142857144,0.8529411764705882,,0.7674418604651163,0.5,0.9315068493150684,0.96,0.0,0.979591836734694,0.9069767441860463,0.9056603773584906,0.926829268292683,0.9324324324324323,0.6031746031746031,0.9230769230769232,0.9411764705882352,0.9253731343283582,17,8,,57.0,9.0,,0.2982456140350877,0.8888888888888888,17,1.0,53.0,3.117647058823529,7.700000000000001,61.5,3.6176470588235294,17.1,4.0,1.2,1.5,-0.3,0.1308003737153534,0.533,0.209,0.13,1.9,1.3,L (-13),L (-13)
21.0,18.0,2022-11-28,20-049,OKC,NOP,1.0,28.116666666666667,3.0,9.0,0.333,0.0,1.0,0.0,1.0,1.0,1.0,1.0,4.0,5.0,1.0,1.0,0.0,3.0,4.0,7.0,0.9,-5.0,8.0,3.0,0.375,64,29,33,20,68,72,48,39,48,38,69,38,36,64,62,70.0,34.0,,43.0,40.0,73.0,75.0,6.0,49.0,43.0,53.0,41.0,74.0,63.0,39.0,68.0,67.0,0.9142857142857144,0.8529411764705882,,0.7674418604651163,0.5,0.9315068493150684,0.96,0.0,0.979591836734694,0.9069767441860463,0.9056603773584906,0.926829268292683,0.9324324324324323,0.6031746031746031,0.9230769230769232,0.9411764705882352,0.9253731343283582,17,8,,57.0,9.0,,0.2982456140350877,0.8888888888888888,17,1.0,44.0,2.588235294117647,0.4999999999999969,59.29999999999998,3.488235294117646,17.1,4.0,1.2,1.5,-0.3,0.1308003737153534,0.533,0.209,0.13,1.9,1.3,,
22.0,19.0,2022-11-30,20-051,OKC,SAS,1.0,32.56666666666667,7.0,18.0,0.389,0.0,1.0,0.0,0.0,0.0,,5.0,9.0,14.0,5.0,2.0,0.0,0.0,1.0,14.0,15.5,6.0,17.0,7.0,0.4117647058823529,64,29,33,20,68,72,48,39,48,38,69,38,36,64,62,70.0,34.0,,43.0,40.0,73.0,75.0,6.0,49.0,43.0,53.0,41.0,74.0,63.0,39.0,68.0,67.0,0.9142857142857144,0.8529411764705882,,0.7674418604651163,0.5,0.9315068493150684,0.96,0.0,0.979591836734694,0.9069767441860463,0.9056603773584906,0.926829268292683,0.9324324324324323,0.6031746031746031,0.9230769230769232,0.9411764705882352,0.9253731343283582,17,8,,57.0,9.0,,0.2982456140350877,0.8888888888888888,17,17.0,57.0,3.3529411764705883,15.5,71.39999999999999,4.199999999999999,17.1,4.0,1.2,1.5,-0.3,0.1308003737153534,0.533,0.209,0.13,1.9,1.3,L (-4),L (-4)
23.0,20.0,2022-12-03,20-054,OKC,MIN,1.0,33.06666666666667,8.0,16.0,0.5,3.0,7.0,0.429,2.0,3.0,0.667,1.0,11.0,12.0,7.0,2.0,2.0,4.0,4.0,21.0,19.3,8.0,9.0,5.0,0.5555555555555556,64,29,33,20,68,72,48,39,48,38,69,38,36,64,62,70.0,34.0,,43.0,40.0,73.0,75.0,6.0,49.0,43.0,53.0,41.0,74.0,63.0,39.0,68.0,67.0,0.9142857142857144,0.8529411764705882,,0.7674418604651163,0.5,0.9315068493150684,0.96,0.0,0.979591836734694,0.9069767441860463,0.9056603773584906,0.926829268292683,0.9324324324324323,0.6031746031746031,0.9230769230769232,0.9411764705882352,0.9253731343283582,17,8,,57.0,9.0,,0.2982456140350877,0.8888888888888888,17,21.0,58.0,3.411764705882353,18.5,89.00000000000001,5.23529411764706,17.1,4.0,1.2,1.5,-0.3,0.1308003737153534,0.533,0.209,0.13,1.9,1.3,W (+8),W (+8)
24.0,21.0,2022-12-05,20-056,OKC,ATL,1.0,27.9,5.0,12.0,0.417,2.0,4.0,0.5,5.0,5.0,1.0,0.0,5.0,5.0,4.0,1.0,1.0,1.0,1.0,17.0,15.2,6.0,8.0,3.0,0.375,64,29,33,20,68,72,48,39,48,38,69,38,36,64,62,70.0,34.0,,43.0,40.0,73.0,75.0,6.0,49.0,43.0,53.0,41.0,74.0,63.0,39.0,68.0,67.0,0.9142857142857144,0.8529411764705882,,0.7674418604651163,0.5,0.9315068493150684,0.96,0.0,0.979591836734694,0.9069767441860463,0.9056603773584906,0.926829268292683,0.9324324324324323,0.6031746031746031,0.9230769230769232,0.9411764705882352,0.9253731343283582,17,8,,57.0,9.0,,0.2982456140350877,0.8888888888888888,17,10.0,58.0,3.411764705882353,13.2,68.19999999999999,4.011764705882352,17.1,4.0,1.2,1.5,-0.3,0.1308003737153534,0.533,0.209,0.13,1.9,1.3,W (+7),W (+7)
25.0,22.0,2022-12-07,20-058,OKC,MEM,1.0,26.83333333333333,4.0,13.0,0.308,2.0,3.0,0.667,0.0,0.0,,3.0,7.0,10.0,4.0,1.0,0.0,3.0,0.0,10.0,7.5,-23.0,10.0,2.0,0.2,64,29,33,20,68,72,48,39,48,38,69,38,36,64,62,70.0,34.0,,43.0,40.0,73.0,75.0,6.0,49.0,43.0,53.0,41.0,74.0,63.0,39.0,68.0,67.0,0.9142857142857144,0.8529411764705882,,0.7674418604651163,0.5,0.9315068493150684,0.96,0.0,0.979591836734694,0.9069767441860463,0.9056603773584906,0.926829268292683,0.9324324324324323,0.6031746031746031,0.9230769230769232,0.9411764705882352,0.9253731343283582,17,8,,57.0,9.0,,0.2982456140350877,0.8888888888888888,17,9.0,34.0,2.0,7.499999999999998,45.900000000000006,2.7,17.1,4.0,1.2,1.5,-0.3,0.1308003737153534,0.533,0.209,0.13,1.9,1.3,W (+7),W (+7)
26.0,23.0,2022-12-10,20-061,OKC,CLE,1.0,38.35,7.0,16.0,0.438,1.0,4.0,0.25,2.0,2.0,1.0,1.0,12.0,13.0,6.0,1.0,1.0,2.0,2.0,17.0,16.0,-6.0,12.0,6.0,0.5,64,29,33,20,68,72,48,39,48,38,69,38,36,64,62,70.0,34.0,,43.0,40.0,73.0,75.0,6.0,49.0,43.0,53.0,41.0,74.0,63.0,39.0,68.0,67.0,0.9142857142857144,0.8529411764705882,,0.7674418604651163,0.5,0.9315068493150684,0.96,0.0,0.979591836734694,0.9069767441860463,0.9056603773584906,0.926829268292683,0.9324324324324323,0.6031746031746031,0.9230769230769232,0.9411764705882352,0.9253731343283582,17,8,,57.0,9.0,,0.2982456140350877,0.8888888888888888,17,18.0,46.0,2.7058823529411766,15.2,59.1,3.476470588235294,17.1,4.0,1.2,1.5,-0.3,0.1308003737153534,0.533,0.209,0.13,1.9,1.3,L (-21),L (-21)
27.0,24.0,2022-12-12,20-063,OKC,DAL,1.0,30.95,6.0,13.0,0.462,2.0,2.0,1.0,0.0,0.0,,2.0,3.0,5.0,4.0,1.0,0.0,4.0,1.0,14.0,9.0,-18.0,11.0,4.0,0.3636363636363636,64,29,33,20,68,72,48,39,48,38,69,38,36,64,62,70.0,34.0,,43.0,40.0,73.0,75.0,6.0,49.0,43.0,53.0,41.0,74.0,63.0,39.0,68.0,67.0,0.9142857142857144,0.8529411764705882,,0.7674418604651163,0.5,0.9315068493150684,0.96,0.0,0.979591836734694,0.9069767441860463,0.9056603773584906,0.926829268292683,0.9324324324324323,0.6031746031746031,0.9230769230769232,0.9411764705882352,0.9253731343283582,17,8,,57.0,9.0,,0.2982456140350877,0.8888888888888888,17,7.0,49.0,2.8823529411764706,8.999999999999996,63.49999999999999,3.7352941176470575,17.1,4.0,1.2,1.5,-0.3,0.1308003737153534,0.533,0.209,0.13,1.9,1.3,L (-8),L (-8)
28.0,25.0,2022-12-14,20-065,OKC,MIA,1.0,36.43333333333333,9.0,15.0,0.6,1.0,3.0,0.333,0.0,0.0,,2.0,9.0,11.0,7.0,0.0,0.0,3.0,0.0,19.0,18.1,15.0,12.0,8.0,0.6666666666666666,64,29,33,20,68,72,48,39,48,38,69,38,36,64,62,70.0,34.0,,43.0,40.0,73.0,75.0,6.0,49.0,43.0,53.0,41.0,74.0,63.0,39.0,68.0,67.0,0.9142857142857144,0.8529411764705882,,0.7674418604651163,0.5,0.9315068493150684,0.96,0.0,0.979591836734694,0.9069767441860463,0.9056603773584906,0.926829268292683,0.9324324324324323,0.6031746031746031,0.9230769230769232,0.9411764705882352,0.9253731343283582,17,8,,57.0,9.0,,0.2982456140350877,0.8888888888888888,17,19.0,41.0,2.411764705882353,18.1,52.3,3.076470588235294,17.1,4.0,1.2,1.5,-0.3,0.1308003737153534,0.533,0.209,0.13,1.9,1.3,L (-7),L (-7)
29.0,26.0,2022-12-16,20-067,OKC,MIN,1.0,29.7,5.0,10.0,0.5,1.0,4.0,0.25,0.0,0.0,,1.0,12.0,13.0,6.0,0.0,0.0,4.0,1.0,11.0,10.1,-4.0,6.0,4.0,0.6666666666666666,64,29,33,20,68,72,48,39,48,38,69,38,36,64,62,70.0,34.0,,43.0,40.0,73.0,75.0,6.0,49.0,43.0,53.0,41.0,74.0,63.0,39.0,68.0,67.0,0.9142857142857144,0.8529411764705882,,0.7674418604651163,0.5,0.9315068493150684,0.96,0.0,0.979591836734694,0.9069767441860463,0.9056603773584906,0.926829268292683,0.9324324324324323,0.6031746031746031,0.9230769230769232,0.9411764705882352,0.9253731343283582,17,8,,57.0,9.0,,0.2982456140350877,0.8888888888888888,17,16.0,31.0,1.8235294117647056,10.099999999999996,45.59999999999999,2.68235294117647,17.1,4.0,1.2,1.5,-0.3,0.1308003737153534,0.533,0.209,0.13,1.9,1.3,L (-2),L (-2)
30.0,,2022-12-17,20-068,OKC,MEM,,0.0,0.0,0.0,,,,,,0.0,,0.0,0.0,,0.0,0.0,0.0,0.0,0.0,0.0,,,,,,64,29,33,20,68,72,48,39,48,38,69,38,36,64,62,70.0,34.0,,43.0,40.0,73.0,75.0,6.0,49.0,43.0,53.0,41.0,74.0,63.0,39.0,68.0,67.0,0.9142857142857144,0.8529411764705882,,0.7674418604651163,0.5,0.9315068493150684,0.96,0.0,0.979591836734694,0.9069767441860463,0.9056603773584906,0.926829268292683,0.9324324324324323,0.6031746031746031,0.9230769230769232,0.9411764705882352,0.9253731343283582,17,8,,57.0,9.0,,0.2982456140350877,0.8888888888888888,17,,69.0,4.0588235294117645,0.0,75.80000000000001,4.458823529411766,17.1,4.0,1.2,1.5,-0.3,0.1308003737153534,0.533,0.209,0.13,1.9,1.3,L (-2),L (-2)
31.0,,2022-12-19,20-070,OKC,POR,,0.0,0.0,0.0,,,,,,0.0,,0.0,0.0,,0.0,0.0,0.0,0.0,0.0,0.0,,,,,,64,29,33,20,68,72,48,39,48,38,69,38,36,64,62,70.0,34.0,,43.0,40.0,73.0,75.0,6.0,49.0,43.0,53.0,41.0,74.0,63.0,39.0,68.0,67.0,0.9142857142857144,0.8529411764705882,,0.7674418604651163,0.5,0.9315068493150684,0.96,0.0,0.979591836734694,0.9069767441860463,0.9056603773584906,0.926829268292683,0.9324324324324323,0.6031746031746031,0.9230769230769232,0.9411764705882352,0.9253731343283582,17,8,,57.0,9.0,,0.2982456140350877,0.8888888888888888,17,,44.0,2.588235294117647,0.0,71.7,4.2176470588235295,17.1,4.0,1.2,1.5,-0.3,0.1308003737153534,0.533,0.209,0.13,1.9,1.3,W (+6),W (+6)
32.0,27.0,2022-12-21,20-072,OKC,POR,1.0,30.916666666666668,6.0,8.0,0.75,0.0,0.0,,1.0,2.0,0.5,2.0,4.0,6.0,6.0,1.0,0.0,3.0,0.0,13.0,14.2,3.0,8.0,6.0,0.75,64,29,33,20,68,72,48,39,48,38,69,38,36,64,62,70.0,34.0,,43.0,40.0,73.0,75.0,6.0,49.0,43.0,53.0,41.0,74.0,63.0,39.0,68.0,67.0,0.9142857142857144,0.8529411764705882,,0.7674418604651163,0.5,0.9315068493150684,0.96,0.0,0.979591836734694,0.9069767441860463,0.9056603773584906,0.926829268292683,0.9324324324324323,0.6031746031746031,0.9230769230769232,0.9411764705882352,0.9253731343283582,17,8,,57.0,9.0,,0.2982456140350877,0.8888888888888888,17,13.0,39.0,2.294117647058824,13.8,53.6,3.152941176470588,17.1,4.0,1.2,1.5,-0.3,0.1308003737153534,0.533,0.209,0.13,1.9,1.3,W (+2),W (+2)
33.0,28.0,2022-12-23,20-074,OKC,NOP,1.0,34.05,9.0,15.0,0.6,2.0,3.0,0.667,0.0,0.0,,4.0,6.0,10.0,6.0,1.0,1.0,5.0,5.0,20.0,16.6,10.0,12.0,7.0,0.5833333333333334,64,29,33,20,68,72,48,39,48,38,69,38,36,64,62,70.0,34.0,,43.0,40.0,73.0,75.0,6.0,49.0,43.0,53.0,41.0,74.0,63.0,39.0,68.0,67.0,0.9142857142857144,0.8529411764705882,,0.7674418604651163,0.5,0.9315068493150684,0.96,0.0,0.979591836734694,0.9069767441860463,0.9056603773584906,0.926829268292683,0.9324324324324323,0.6031746031746031,0.9230769230769232,0.9411764705882352,0.9253731343283582,17,8,,57.0,9.0,,0.2982456140350877,0.8888888888888888,17,18.0,46.0,2.7058823529411766,16.60000000000001,62.60000000000001,3.6823529411764713,17.1,4.0,1.2,1.5,-0.3,0.1308003737153534,0.533,0.209,0.13,1.9,1.3,W (+3),W (+3)
34.0,29.0,2022-12-27,20-078,OKC,SAS,1.0,23.05,3.0,11.0,0.273,1.0,1.0,1.0,0.0,0.0,,2.0,5.0,7.0,8.0,1.0,1.0,2.0,0.0,7.0,8.7,8.0,10.0,2.0,0.2,64,29,33,20,68,72,48,39,48,38,69,38,36,64,62,70.0,34.0,,43.0,40.0,73.0,75.0,6.0,49.0,43.0,53.0,41.0,74.0,63.0,39.0,68.0,67.0,0.9142857142857144,0.8529411764705882,,0.7674418604651163,0.5,0.9315068493150684,0.96,0.0,0.979591836734694,0.9069767441860463,0.9056603773584906,0.926829268292683,0.9324324324324323,0.6031746031746031,0.9230769230769232,0.9411764705882352,0.9253731343283582,17,8,,57.0,9.0,,0.2982456140350877,0.8888888888888888,17,11.0,67.0,3.941176470588236,8.7,80.89999999999999,4.758823529411764,17.1,4.0,1.2,1.5,-0.3,0.1308003737153534,0.533,0.209,0.13,1.9,1.3,L (-3),L (-3)
35.0,30.0,2022-12-29,20-080,OKC,CHO,1.0,33.45,7.0,15.0,0.467,0.0,3.0,0.0,7.0,7.0,1.0,3.0,7.0,10.0,3.0,1.0,0.0,3.0,2.0,21.0,16.8,-5.0,12.0,7.0,0.5833333333333334,64,29,33,20,68,72,48,39,48,38,69,38,36,64,62,70.0,34.0,,43.0,40.0,73.0,75.0,6.0,49.0,43.0,53.0,41.0,74.0,63.0,39.0,68.0,67.0,0.9142857142857144,0.8529411764705882,,0.7674418604651163,0.5,0.9315068493150684,0.96,0.0,0.979591836734694,0.9069767441860463,0.9056603773584906,0.926829268292683,0.9324324324324323,0.6031746031746031,0.9230769230769232,0.9411764705882352,0.9253731343283582,17,8,,57.0,9.0,,0.2982456140350877,0.8888888888888888,17,10.0,40.0,2.3529411764705883,14.0,55.99999999999999,3.294117647058823,17.1,4.0,1.2,1.5,-0.3,0.1308003737153534,0.533,0.209,0.13,1.9,1.3,W (+16),W (+16)
36.0,31.0,2022-12-31,20-082,OKC,PHI,1.0,31.966666666666665,9.0,15.0,0.6,1.0,3.0,0.333,1.0,1.0,1.0,5.0,4.0,9.0,2.0,1.0,1.0,1.0,2.0,20.0,19.1,-23.0,12.0,8.0,0.6666666666666666,64,29,33,20,68,72,48,39,48,38,69,38,36,64,62,70.0,34.0,,43.0,40.0,73.0,75.0,6.0,49.0,43.0,53.0,41.0,74.0,63.0,39.0,68.0,67.0,0.9142857142857144,0.8529411764705882,,0.7674418604651163,0.5,0.9315068493150684,0.96,0.0,0.979591836734694,0.9069767441860463,0.9056603773584906,0.926829268292683,0.9324324324324323,0.6031746031746031,0.9230769230769232,0.9411764705882352,0.9253731343283582,17,8,,57.0,9.0,,0.2982456140350877,0.8888888888888888,17,16.0,32.0,1.8823529411764703,18.7,38.19999999999999,2.247058823529411,17.1,4.0,1.2,1.5,-0.3,0.1308003737153534,0.533,0.209,0.13,1.9,1.3,L (-8),L (-8)
37.0,32.0,2023-01-03,20-085,OKC,BOS,1.0,24.4,10.0,15.0,0.667,3.0,5.0,0.6,2.0,2.0,1.0,0.0,5.0,5.0,5.0,2.0,0.0,0.0,2.0,25.0,24.7,19.0,10.0,7.0,0.7,64,29,33,20,68,72,48,39,48,38,69,38,36,64,62,70.0,34.0,,43.0,40.0,73.0,75.0,6.0,49.0,43.0,53.0,41.0,74.0,63.0,39.0,68.0,67.0,0.9142857142857144,0.8529411764705882,,0.7674418604651163,0.5,0.9315068493150684,0.96,0.0,0.979591836734694,0.9069767441860463,0.9056603773584906,0.926829268292683,0.9324324324324323,0.6031746031746031,0.9230769230769232,0.9411764705882352,0.9253731343283582,17,8,,57.0,9.0,,0.2982456140350877,0.8888888888888888,17,20.0,92.0,5.411764705882353,23.9,110.7,6.511764705882353,17.1,4.0,1.2,1.5,-0.3,0.1308003737153534,0.533,0.209,0.13,1.9,1.3,L (-19),L (-19)
38.0,33.0,2023-01-04,20-086,OKC,ORL,1.0,31.28333333333333,7.0,17.0,0.412,2.0,7.0,0.286,0.0,0.0,,1.0,4.0,5.0,4.0,0.0,0.0,3.0,2.0,16.0,7.8,-18.0,10.0,5.0,0.5,64,29,33,20,68,72,48,39,48,38,69,38,36,64,62,70.0,34.0,,43.0,40.0,73.0,75.0,6.0,49.0,43.0,53.0,41.0,74.0,63.0,39.0,68.0,67.0,0.9142857142857144,0.8529411764705882,,0.7674418604651163,0.5,0.9315068493150684,0.96,0.0,0.979591836734694,0.9069767441860463,0.9056603773584906,0.926829268292683,0.9324324324324323,0.6031746031746031,0.9230769230769232,0.9411764705882352,0.9253731343283582,17,8,,57.0,9.0,,0.2982456140350877,0.8888888888888888,17,5.0,40.0,2.3529411764705883,7.800000000000001,58.900000000000006,3.4647058823529413,17.1,4.0,1.2,1.5,-0.3,0.1308003737153534,0.533,0.209,0.13,1.9,1.3,W (+33),W (+33)
39.0,34.0,2023-01-06,20-088,OKC,WAS,1.0,37.1,9.0,16.0,0.563,2.0,2.0,1.0,0.0,0.0,,2.0,4.0,6.0,9.0,1.0,0.0,2.0,2.0,20.0,19.5,12.0,14.0,7.0,0.5,64,29,33,20,68,72,48,39,48,38,69,38,36,64,62,70.0,34.0,,43.0,40.0,73.0,75.0,6.0,49.0,43.0,53.0,41.0,74.0,63.0,39.0,68.0,67.0,0.9142857142857144,0.8529411764705882,,0.7674418604651163,0.5,0.9315068493150684,0.96,0.0,0.979591836734694,0.9069767441860463,0.9056603773584906,0.926829268292683,0.9324324324324323,0.6031746031746031,0.9230769230769232,0.9411764705882352,0.9253731343283582,17,8,,57.0,9.0,,0.2982456140350877,0.8888888888888888,17,18.0,71.0,4.176470588235294,19.5,79.79999999999997,4.694117647058822,17.1,4.0,1.2,1.5,-0.3,0.1308003737153534,0.533,0.209,0.13,1.9,1.3,L (-11),L (-11)
40.0,35.0,2023-01-08,20-090,OKC,DAL,1.0,26.116666666666667,4.0,12.0,0.333,2.0,4.0,0.5,0.0,0.0,,0.0,5.0,5.0,5.0,0.0,0.0,1.0,5.0,10.0,5.2,3.0,8.0,2.0,0.25,64,29,33,20,68,72,48,39,48,38,69,38,36,64,62,70.0,34.0,,43.0,40.0,73.0,75.0,6.0,49.0,43.0,53.0,41.0,74.0,63.0,39.0,68.0,67.0,0.9142857142857144,0.8529411764705882,,0.7674418604651163,0.5,0.9315068493150684,0.96,0.0,0.979591836734694,0.9069767441860463,0.9056603773584906,0.926829268292683,0.9324324324324323,0.6031746031746031,0.9230769230769232,0.9411764705882352,0.9253731343283582,17,8,,57.0,9.0,,0.2982456140350877,0.8888888888888888,17,7.0,71.0,4.176470588235294,5.200000000000003,82.39999999999999,4.847058823529411,17.1,4.0,1.2,1.5,-0.3,0.1308003737153534,0.533,0.209,0.13,1.9,1.3,W (+17),W (+17)
41.0,36.0,2023-01-10,20-092,OKC,MIA,1.0,32.28333333333333,8.0,18.0,0.444,0.0,4.0,0.0,2.0,2.0,1.0,7.0,8.0,15.0,10.0,0.0,1.0,6.0,4.0,18.0,16.0,-4.0,14.0,8.0,0.5714285714285714,64,29,33,20,68,72,48,39,48,38,69,38,36,64,62,70.0,34.0,,43.0,40.0,73.0,75.0,6.0,49.0,43.0,53.0,41.0,74.0,63.0,39.0,68.0,67.0,0.9142857142857144,0.8529411764705882,,0.7674418604651163,0.5,0.9315068493150684,0.96,0.0,0.979591836734694,0.9069767441860463,0.9056603773584906,0.926829268292683,0.9324324324324323,0.6031746031746031,0.9230769230769232,0.9411764705882352,0.9253731343283582,17,8,,57.0,9.0,,0.2982456140350877,0.8888888888888888,17,18.0,40.0,2.3529411764705883,15.2,54.39999999999999,3.2,17.1,4.0,1.2,1.5,-0.3,0.1308003737153534,0.533,0.209,0.13,1.9,1.3,W (+11),W (+11)
42.0,37.0,2023-01-12,20-094,OKC,PHI,1.0,35.6,7.0,14.0,0.5,1.0,3.0,0.333,5.0,5.0,1.0,1.0,3.0,4.0,8.0,1.0,0.0,3.0,2.0,20.0,17.4,21.0,11.0,6.0,0.5454545454545454,64,29,33,20,68,72,48,39,48,38,69,38,36,64,62,70.0,34.0,,43.0,40.0,73.0,75.0,6.0,49.0,43.0,53.0,41.0,74.0,63.0,39.0,68.0,67.0,0.9142857142857144,0.8529411764705882,,0.7674418604651163,0.5,0.9315068493150684,0.96,0.0,0.979591836734694,0.9069767441860463,0.9056603773584906,0.926829268292683,0.9324324324324323,0.6031746031746031,0.9230769230769232,0.9411764705882352,0.9253731343283582,17,8,,57.0,9.0,,0.2982456140350877,0.8888888888888888,17,11.0,96.0,5.647058823529412,15.400000000000002,108.6,6.388235294117647,17.1,4.0,1.2,1.5,-0.3,0.1308003737153534,0.533,0.209,0.13,1.9,1.3,,
43.0,38.0,2023-01-13,20-095,OKC,CHI,1.0,32.15,11.0,18.0,0.611,1.0,3.0,0.333,2.0,2.0,1.0,2.0,8.0,10.0,6.0,0.0,2.0,3.0,2.0,25.0,22.4,18.0,15.0,10.0,0.6666666666666666,64,29,33,20,68,72,48,39,48,38,69,38,36,64,62,70.0,34.0,,43.0,40.0,73.0,75.0,6.0,49.0,43.0,53.0,41.0,74.0,63.0,39.0,68.0,67.0,0.9142857142857144,0.8529411764705882,,0.7674418604651163,0.5,0.9315068493150684,0.96,0.0,0.979591836734694,0.9069767441860463,0.9056603773584906,0.926829268292683,0.9324324324324323,0.6031746031746031,0.9230769230769232,0.9411764705882352,0.9253731343283582,17,8,,57.0,9.0,,0.2982456140350877,0.8888888888888888,17,20.0,66.0,3.882352941176471,21.599999999999987,75.5,4.441176470588236,17.1,4.0,1.2,1.5,-0.3,0.1308003737153534,0.533,0.209,0.13,1.9,1.3,L (-1),L (-1)
44.0,39.0,2023-01-15,20-097,OKC,BRK,1.0,36.56666666666667,12.0,21.0,0.571,1.0,4.0,0.25,3.0,4.0,0.75,3.0,6.0,9.0,9.0,0.0,0.0,1.0,2.0,28.0,26.1,14.0,17.0,11.0,0.6470588235294118,64,29,33,20,68,72,48,39,48,38,69,38,36,64,62,70.0,34.0,,43.0,40.0,73.0,75.0,6.0,49.0,43.0,53.0,41.0,74.0,63.0,39.0,68.0,67.0,0.9142857142857144,0.8529411764705882,,0.7674418604651163,0.5,0.9315068493150684,0.96,0.0,0.979591836734694,0.9069767441860463,0.9056603773584906,0.926829268292683,0.9324324324324323,0.6031746031746031,0.9230769230769232,0.9411764705882352,0.9253731343283582,17,8,,57.0,9.0,,0.2982456140350877,0.8888888888888888,17,20.0,46.0,2.7058823529411766,24.89999999999999,56.89999999999999,3.3470588235294114,17.1,4.0,1.2,1.5,-0.3,0.1308003737153534,0.533,0.209,0.13,1.9,1.3,W (+19),W (+19)
45.0,40.0,2023-01-18,20-100,OKC,IND,1.0,29.53333333333333,8.0,12.0,0.667,0.0,2.0,0.0,0.0,0.0,,3.0,3.0,6.0,11.0,1.0,1.0,5.0,6.0,16.0,15.8,5.0,10.0,8.0,0.8,64,29,33,20,68,72,48,39,48,38,69,38,36,64,62,70.0,34.0,,43.0,40.0,73.0,75.0,6.0,49.0,43.0,53.0,41.0,74.0,63.0,39.0,68.0,67.0,0.9142857142857144,0.8529411764705882,,0.7674418604651163,0.5,0.9315068493150684,0.96,0.0,0.979591836734694,0.9069767441860463,0.9056603773584906,0.926829268292683,0.9324324324324323,0.6031746031746031,0.9230769230769232,0.9411764705882352,0.9253731343283582,17,8,,57.0,9.0,,0.2982456140350877,0.8888888888888888,17,18.0,94.0,5.529411764705882,15.799999999999995,104.0,6.117647058823529,17.1,4.0,1.2,1.5,-0.3,0.1308003737153534,0.533,0.209,0.13,1.9,1.3,W (+14),W (+14)
46.0,41.0,2023-01-20,20-102,OKC,SAC,1.0,29.616666666666667,7.0,13.0,0.538,1.0,4.0,0.25,0.0,0.0,,3.0,7.0,10.0,5.0,0.0,1.0,2.0,1.0,15.0,14.7,8.0,9.0,6.0,0.6666666666666666,64,29,33,20,68,72,48,39,48,38,69,38,36,64,62,70.0,34.0,,43.0,40.0,73.0,75.0,6.0,49.0,43.0,53.0,41.0,74.0,63.0,39.0,68.0,67.0,0.9142857142857144,0.8529411764705882,,0.7674418604651163,0.5,0.9315068493150684,0.96,0.0,0.979591836734694,0.9069767441860463,0.9056603773584906,0.926829268292683,0.9324324324324323,0.6031746031746031,0.9230769230769232,0.9411764705882352,0.9253731343283582,17,8,,57.0,9.0,,0.2982456140350877,0.8888888888888888,17,16.0,51.0,3.0,14.700000000000005,68.6,4.035294117647059,17.1,4.0,1.2,1.5,-0.3,0.1308003737153534,0.533,0.209,0.13,1.9,1.3,W (+10),W (+10)
47.0,42.0,2023-01-22,20-104,OKC,DEN,1.0,30.53333333333333,9.0,17.0,0.529,0.0,1.0,0.0,0.0,0.0,,2.0,7.0,9.0,3.0,1.0,1.0,4.0,1.0,18.0,12.6,4.0,16.0,9.0,0.5625,64,29,33,20,68,72,48,39,48,38,69,38,36,64,62,70.0,34.0,,43.0,40.0,73.0,75.0,6.0,49.0,43.0,53.0,41.0,74.0,63.0,39.0,68.0,67.0,0.9142857142857144,0.8529411764705882,,0.7674418604651163,0.5,0.9315068493150684,0.96,0.0,0.979591836734694,0.9069767441860463,0.9056603773584906,0.926829268292683,0.9324324324324323,0.6031746031746031,0.9230769230769232,0.9411764705882352,0.9253731343283582,17,8,,57.0,9.0,,0.2982456140350877,0.8888888888888888,17,11.0,49.0,2.8823529411764706,12.600000000000003,54.80000000000001,3.2235294117647064,17.1,4.0,1.2,1.5,-0.3,0.1308003737153534,0.533,0.209,0.13,1.9,1.3,W (+20),W (+20)
48.0,43.0,2023-01-25,20-107,OKC,ATL,1.0,29.883333333333333,8.0,19.0,0.421,0.0,1.0,0.0,0.0,1.0,0.0,2.0,6.0,8.0,6.0,2.0,0.0,2.0,2.0,16.0,12.1,-1.0,18.0,8.0,0.4444444444444444,64,29,33,20,68,72,48,39,48,38,69,38,36,64,62,70.0,34.0,,43.0,40.0,73.0,75.0,6.0,49.0,43.0,53.0,41.0,74.0,63.0,39.0,68.0,67.0,0.9142857142857144,0.8529411764705882,,0.7674418604651163,0.5,0.9315068493150684,0.96,0.0,0.979591836734694,0.9069767441860463,0.9056603773584906,0.926829268292683,0.9324324324324323,0.6031746031746031,0.9230769230769232,0.9411764705882352,0.9253731343283582,17,8,,57.0,9.0,,0.2982456140350877,0.8888888888888888,17,10.0,87.0,5.117647058823529,12.099999999999998,101.1,5.947058823529411,17.1,4.0,1.2,1.5,-0.3,0.1308003737153534,0.533,0.209,0.13,1.9,1.3,L (-5),L (-5)
49.0,44.0,2023-01-27,20-109,OKC,CLE,1.0,27.883333333333333,6.0,12.0,0.5,0.0,0.0,,3.0,4.0,0.75,0.0,6.0,6.0,3.0,0.0,0.0,4.0,1.0,15.0,8.1,8.0,12.0,6.0,0.5,64,29,33,20,68,72,48,39,48,38,69,38,36,64,62,70.0,34.0,,43.0,40.0,73.0,75.0,6.0,49.0,43.0,53.0,41.0,74.0,63.0,39.0,68.0,67.0,0.9142857142857144,0.8529411764705882,,0.7674418604651163,0.5,0.9315068493150684,0.96,0.0,0.979591836734694,0.9069767441860463,0.9056603773584906,0.926829268292683,0.9324324324324323,0.6031746031746031,0.9230769230769232,0.9411764705882352,0.9253731343283582,17,8,,57.0,9.0,,0.2982456140350877,0.8888888888888888,17,4.0,70.0,4.117647058823529,6.899999999999999,80.29999999999998,4.723529411764705,17.1,4.0,1.2,1.5,-0.3,0.1308003737153534,0.533,0.209,0.13,1.9,1.3,W (+2),W (+2)
50.0,45.0,2023-01-30,20-112,OKC,GSW,1.0,29.366666666666667,9.0,18.0,0.5,1.0,3.0,0.333,2.0,4.0,0.5,2.0,6.0,8.0,6.0,3.0,0.0,5.0,2.0,21.0,15.8,-7.0,15.0,8.0,0.5333333333333333,64,29,33,20,68,72,48,39,48,38,69,38,36,64,62,70.0,34.0,,43.0,40.0,73.0,75.0,6.0,49.0,43.0,53.0,41.0,74.0,63.0,39.0,68.0,67.0,0.9142857142857144,0.8529411764705882,,0.7674418604651163,0.5,0.9315068493150684,0.96,0.0,0.979591836734694,0.9069767441860463,0.9056603773584906,0.926829268292683,0.9324324324324323,0.6031746031746031,0.9230769230769232,0.9411764705882352,0.9253731343283582,17,8,,57.0,9.0,,0.2982456140350877,0.8888888888888888,17,11.0,48.0,2.823529411764706,14.999999999999996,60.89999999999999,3.5823529411764703,17.1,4.0,1.2,1.5,-0.3,0.1308003737153534,0.533,0.209,0.13,1.9,1.3,L (-5),L (-5)
51.0,46.0,2023-02-01,20-114,OKC,HOU,1.0,37.81666666666667,9.0,18.0,0.5,2.0,6.0,0.333,0.0,0.0,,4.0,4.0,8.0,8.0,1.0,1.0,3.0,4.0,20.0,17.7,-10.0,12.0,7.0,0.5833333333333334,64,29,33,20,68,72,48,39,48,38,69,38,36,64,62,70.0,34.0,,43.0,40.0,73.0,75.0,6.0,49.0,43.0,53.0,41.0,74.0,63.0,39.0,68.0,67.0,0.9142857142857144,0.8529411764705882,,0.7674418604651163,0.5,0.9315068493150684,0.96,0.0,0.979591836734694,0.9069767441860463,0.9056603773584906,0.926829268292683,0.9324324324324323,0.6031746031746031,0.9230769230769232,0.9411764705882352,0.9253731343283582,17,8,,57.0,9.0,,0.2982456140350877,0.8888888888888888,17,17.0,44.0,2.588235294117647,17.700000000000003,52.49999999999999,3.0882352941176467,17.1,4.0,1.2,1.5,-0.3,0.1308003737153534,0.533,0.209,0.13,1.9,1.3,W (+12),W (+12)
52.0,47.0,2023-02-04,20-117,OKC,HOU,1.0,27.65,8.0,13.0,0.615,1.0,4.0,0.25,0.0,0.0,,3.0,5.0,8.0,10.0,3.0,1.0,2.0,1.0,17.0,23.0,30.0,9.0,7.0,0.7777777777777778,64,29,33,20,68,72,48,39,48,38,69,38,36,64,62,70.0,34.0,,43.0,40.0,73.0,75.0,6.0,49.0,43.0,53.0,41.0,74.0,63.0,39.0,68.0,67.0,0.9142857142857144,0.8529411764705882,,0.7674418604651163,0.5,0.9315068493150684,0.96,0.0,0.979591836734694,0.9069767441860463,0.9056603773584906,0.926829268292683,0.9324324324324323,0.6031746031746031,0.9230769230769232,0.9411764705882352,0.9253731343283582,17,8,,57.0,9.0,,0.2982456140350877,0.8888888888888888,17,24.0,80.0,4.705882352941177,23.0,100.79999999999995,5.92941176470588,17.1,4.0,1.2,1.5,-0.3,0.1308003737153534,0.533,0.209,0.13,1.9,1.3,L (-8),L (-8)
53.0,48.0,2023-02-06,20-119,OKC,GSW,1.0,28.78333333333333,6.0,12.0,0.5,0.0,1.0,0.0,3.0,4.0,0.75,1.0,6.0,7.0,8.0,1.0,1.0,4.0,1.0,15.0,14.0,-20.0,11.0,6.0,0.5454545454545454,64,29,33,20,68,72,48,39,48,38,69,38,36,64,62,70.0,34.0,,43.0,40.0,73.0,75.0,6.0,49.0,43.0,53.0,41.0,74.0,63.0,39.0,68.0,67.0,0.9142857142857144,0.8529411764705882,,0.7674418604651163,0.5,0.9315068493150684,0.96,0.0,0.979591836734694,0.9069767441860463,0.9056603773584906,0.926829268292683,0.9324324324324323,0.6031746031746031,0.9230769230769232,0.9411764705882352,0.9253731343283582,17,8,,57.0,9.0,,0.2982456140350877,0.8888888888888888,17,12.0,50.0,2.9411764705882355,12.8,75.5,4.441176470588236,17.1,4.0,1.2,1.5,-0.3,0.1308003737153534,0.533,0.209,0.13,1.9,1.3,L (-6),L (-6)
54.0,49.0,2023-02-07,20-120,OKC,LAL,1.0,34.916666666666664,10.0,19.0,0.526,0.0,3.0,0.0,0.0,0.0,,1.0,4.0,5.0,6.0,0.0,0.0,4.0,2.0,20.0,12.0,-1.0,16.0,10.0,0.625,64,29,33,20,68,72,48,39,48,38,69,38,36,64,62,70.0,34.0,,43.0,40.0,73.0,75.0,6.0,49.0,43.0,53.0,41.0,74.0,63.0,39.0,68.0,67.0,0.9142857142857144,0.8529411764705882,,0.7674418604651163,0.5,0.9315068493150684,0.96,0.0,0.979591836734694,0.9069767441860463,0.9056603773584906,0.926829268292683,0.9324324324324323,0.6031746031746031,0.9230769230769232,0.9411764705882352,0.9253731343283582,17,8,,57.0,9.0,,0.2982456140350877,0.8888888888888888,17,8.0,85.0,5.0,11.999999999999996,94.60000000000002,5.564705882352943,17.1,4.0,1.2,1.5,-0.3,0.1308003737153534,0.533,0.209,0.13,1.9,1.3,W (+32),W (+32)
55.0,50.0,2023-02-10,20-123,OKC,POR,1.0,28.15,7.0,15.0,0.467,2.0,3.0,0.667,3.0,3.0,1.0,3.0,3.0,6.0,7.0,0.0,0.0,0.0,4.0,19.0,17.6,-15.0,12.0,5.0,0.4166666666666667,64,29,33,20,68,72,48,39,48,38,69,38,36,64,62,70.0,34.0,,43.0,40.0,73.0,75.0,6.0,49.0,43.0,53.0,41.0,74.0,63.0,39.0,68.0,67.0,0.9142857142857144,0.8529411764705882,,0.7674418604651163,0.5,0.9315068493150684,0.96,0.0,0.979591836734694,0.9069767441860463,0.9056603773584906,0.926829268292683,0.9324324324324323,0.6031746031746031,0.9230769230769232,0.9411764705882352,0.9253731343283582,17,8,,57.0,9.0,,0.2982456140350877,0.8888888888888888,17,14.0,67.0,3.941176470588236,16.399999999999995,93.1,5.476470588235294,17.1,4.0,1.2,1.5,-0.3,0.1308003737153534,0.533,0.209,0.13,1.9,1.3,L (-27),L (-27)
56.0,51.0,2023-02-13,20-126,OKC,NOP,1.0,32.516666666666666,8.0,16.0,0.5,0.0,2.0,0.0,1.0,1.0,1.0,1.0,6.0,7.0,4.0,1.0,0.0,4.0,2.0,17.0,10.5,-8.0,14.0,8.0,0.5714285714285714,64,29,33,20,68,72,48,39,48,38,69,38,36,64,62,70.0,34.0,,43.0,40.0,73.0,75.0,6.0,49.0,43.0,53.0,41.0,74.0,63.0,39.0,68.0,67.0,0.9142857142857144,0.8529411764705882,,0.7674418604651163,0.5,0.9315068493150684,0.96,0.0,0.979591836734694,0.9069767441860463,0.9056603773584906,0.926829268292683,0.9324324324324323,0.6031746031746031,0.9230769230769232,0.9411764705882352,0.9253731343283582,17,8,,57.0,9.0,,0.2982456140350877,0.8888888888888888,17,8.0,41.0,2.411764705882353,10.1,53.6,3.152941176470588,17.1,4.0,1.2,1.5,-0.3,0.1308003737153534,0.533,0.209,0.13,1.9,1.3,W (+3),W (+3)
57.0,52.0,2023-02-15,20-128,OKC,HOU,1.0,24.5,5.0,10.0,0.5,0.0,1.0,0.0,3.0,4.0,0.75,0.0,3.0,3.0,6.0,1.0,1.0,2.0,1.0,13.0,12.0,25.0,9.0,5.0,0.5555555555555556,64,29,33,20,68,72,48,39,48,38,69,38,36,64,62,70.0,34.0,,43.0,40.0,73.0,75.0,6.0,49.0,43.0,53.0,41.0,74.0,63.0,39.0,68.0,67.0,0.9142857142857144,0.8529411764705882,,0.7674418604651163,0.5,0.9315068493150684,0.96,0.0,0.979591836734694,0.9069767441860463,0.9056603773584906,0.926829268292683,0.9324324324324323,0.6031746031746031,0.9230769230769232,0.9411764705882352,0.9253731343283582,17,8,,57.0,9.0,,0.2982456140350877,0.8888888888888888,17,8.0,57.0,3.3529411764705883,10.799999999999995,74.99999999999999,4.411764705882352,17.1,4.0,1.2,1.5,-0.3,0.1308003737153534,0.533,0.209,0.13,1.9,1.3,W (+9),W (+9)
58.0,53.0,2023-02-23,20-136,OKC,UTA,1.0,38.11666666666667,8.0,23.0,0.348,0.0,5.0,0.0,2.0,3.0,0.667,6.0,5.0,11.0,3.0,2.0,0.0,3.0,3.0,18.0,10.3,0.0,18.0,8.0,0.4444444444444444,64,29,33,20,68,72,48,39,48,38,69,38,36,64,62,70.0,34.0,,43.0,40.0,73.0,75.0,6.0,49.0,43.0,53.0,41.0,74.0,63.0,39.0,68.0,67.0,0.9142857142857144,0.8529411764705882,,0.7674418604651163,0.5,0.9315068493150684,0.96,0.0,0.979591836734694,0.9069767441860463,0.9056603773584906,0.926829268292683,0.9324324324324323,0.6031746031746031,0.9230769230769232,0.9411764705882352,0.9253731343283582,17,8,,57.0,9.0,,0.2982456140350877,0.8888888888888888,17,5.0,52.0,3.0588235294117645,9.500000000000004,69.29999999999998,4.076470588235293,17.1,4.0,1.2,1.5,-0.3,0.1308003737153534,0.533,0.209,0.13,1.9,1.3,L (-3),L (-3)
59.0,54.0,2023-02-24,20-137,OKC,PHO,1.0,24.48333333333333,3.0,14.0,0.214,0.0,1.0,0.0,1.0,2.0,0.5,1.0,3.0,4.0,5.0,0.0,0.0,0.0,1.0,7.0,2.7,-6.0,13.0,3.0,0.2307692307692307,64,29,33,20,68,72,48,39,48,38,69,38,36,64,62,70.0,34.0,,43.0,40.0,73.0,75.0,6.0,49.0,43.0,53.0,41.0,74.0,63.0,39.0,68.0,67.0,0.9142857142857144,0.8529411764705882,,0.7674418604651163,0.5,0.9315068493150684,0.96,0.0,0.979591836734694,0.9069767441860463,0.9056603773584906,0.926829268292683,0.9324324324324323,0.6031746031746031,0.9230769230769232,0.9411764705882352,0.9253731343283582,17,8,,57.0,9.0,,0.2982456140350877,0.8888888888888888,17,0.0,62.0,3.647058823529412,2.3000000000000003,74.10000000000001,4.358823529411765,17.1,4.0,1.2,1.5,-0.3,0.1308003737153534,0.533,0.209,0.13,1.9,1.3,W (+37),W (+37)
60.0,55.0,2023-02-26,20-139,OKC,SAC,1.0,32.05,8.0,10.0,0.8,1.0,1.0,1.0,1.0,2.0,0.5,1.0,6.0,7.0,5.0,1.0,0.0,4.0,0.0,18.0,16.8,-4.0,9.0,7.0,0.7777777777777778,64,29,33,20,68,72,48,39,48,38,69,38,36,64,62,70.0,34.0,,43.0,40.0,73.0,75.0,6.0,49.0,43.0,53.0,41.0,74.0,63.0,39.0,68.0,67.0,0.9142857142857144,0.8529411764705882,,0.7674418604651163,0.5,0.9315068493150684,0.96,0.0,0.979591836734694,0.9069767441860463,0.9056603773584906,0.926829268292683,0.9324324324324323,0.6031746031746031,0.9230769230769232,0.9411764705882352,0.9253731343283582,17,8,,57.0,9.0,,0.2982456140350877,0.8888888888888888,17,15.0,57.0,3.3529411764705883,16.4,75.0,4.411764705882353,17.1,4.0,1.2,1.5,-0.3,0.1308003737153534,0.533,0.209,0.13,1.9,1.3,L (-1),L (-1)
61.0,56.0,2023-02-28,20-141,OKC,SAC,1.0,19.45,4.0,10.0,0.4,0.0,0.0,,0.0,2.0,0.0,3.0,3.0,6.0,5.0,0.0,1.0,1.0,3.0,8.0,6.8,-32.0,10.0,4.0,0.4,64,29,33,20,68,72,48,39,48,38,69,38,36,64,62,70.0,34.0,,43.0,40.0,73.0,75.0,6.0,49.0,43.0,53.0,41.0,74.0,63.0,39.0,68.0,67.0,0.9142857142857144,0.8529411764705882,,0.7674418604651163,0.5,0.9315068493150684,0.96,0.0,0.979591836734694,0.9069767441860463,0.9056603773584906,0.926829268292683,0.9324324324324323,0.6031746031746031,0.9230769230769232,0.9411764705882352,0.9253731343283582,17,8,,57.0,9.0,,0.2982456140350877,0.8888888888888888,17,7.0,46.0,2.7058823529411766,6.8,61.00000000000001,3.588235294117648,17.1,4.0,1.2,1.5,-0.3,0.1308003737153534,0.533,0.209,0.13,1.9,1.3,L (-9),L (-9)
62.0,57.0,2023-03-01,20-142,OKC,LAL,1.0,34.11666666666667,10.0,17.0,0.588,1.0,4.0,0.25,1.0,3.0,0.333,2.0,7.0,9.0,11.0,0.0,0.0,4.0,1.0,22.0,20.1,-17.0,13.0,9.0,0.6923076923076923,64,29,33,20,68,72,48,39,48,38,69,38,36,64,62,70.0,34.0,,43.0,40.0,73.0,75.0,6.0,49.0,43.0,53.0,41.0,74.0,63.0,39.0,68.0,67.0,0.9142857142857144,0.8529411764705882,,0.7674418604651163,0.5,0.9315068493150684,0.96,0.0,0.979591836734694,0.9069767441860463,0.9056603773584906,0.926829268292683,0.9324324324324323,0.6031746031746031,0.9230769230769232,0.9411764705882352,0.9253731343283582,17,8,,57.0,9.0,,0.2982456140350877,0.8888888888888888,17,18.0,57.0,3.3529411764705883,19.700000000000006,66.8,3.929411764705882,17.1,4.0,1.2,1.5,-0.3,0.1308003737153534,0.533,0.209,0.13,1.9,1.3,L (-9),L (-9)
63.0,58.0,2023-03-03,20-144,OKC,UTA,1.0,32.13333333333333,8.0,17.0,0.471,0.0,3.0,0.0,2.0,2.0,1.0,3.0,3.0,6.0,13.0,1.0,1.0,1.0,2.0,18.0,21.3,9.0,14.0,8.0,0.5714285714285714,64,29,33,20,68,72,48,39,48,38,69,38,36,64,62,70.0,34.0,,43.0,40.0,73.0,75.0,6.0,49.0,43.0,53.0,41.0,74.0,63.0,39.0,68.0,67.0,0.9142857142857144,0.8529411764705882,,0.7674418604651163,0.5,0.9315068493150684,0.96,0.0,0.979591836734694,0.9069767441860463,0.9056603773584906,0.926829268292683,0.9324324324324323,0.6031746031746031,0.9230769230769232,0.9411764705882352,0.9253731343283582,17,8,,57.0,9.0,,0.2982456140350877,0.8888888888888888,17,19.0,65.0,3.823529411764706,20.5,82.10000000000001,4.829411764705883,17.1,4.0,1.2,1.5,-0.3,0.1308003737153534,0.533,0.209,0.13,1.9,1.3,,
64.0,59.0,2023-03-05,20-146,OKC,UTA,1.0,32.2,10.0,16.0,0.625,4.0,6.0,0.667,0.0,0.0,,2.0,7.0,9.0,9.0,2.0,0.0,3.0,1.0,24.0,25.2,2.0,10.0,6.0,0.6,64,29,33,20,68,72,48,39,48,38,69,38,36,64,62,70.0,34.0,,43.0,40.0,73.0,75.0,6.0,49.0,43.0,53.0,41.0,74.0,63.0,39.0,68.0,67.0,0.9142857142857144,0.8529411764705882,,0.7674418604651163,0.5,0.9315068493150684,0.96,0.0,0.979591836734694,0.9069767441860463,0.9056603773584906,0.926829268292683,0.9324324324324323,0.6031746031746031,0.9230769230769232,0.9411764705882352,0.9253731343283582,17,8,,57.0,9.0,,0.2982456140350877,0.8888888888888888,17,25.0,59.0,3.4705882352941178,25.2,82.9,4.876470588235295,17.1,4.0,1.2,1.5,-0.3,0.1308003737153534,0.533,0.209,0.13,1.9,1.3,L (-6),L (-6)
65.0,60.0,2023-03-07,20-148,OKC,GSW,1.0,37.95,6.0,11.0,0.545,1.0,4.0,0.25,4.0,4.0,1.0,2.0,9.0,11.0,17.0,0.0,0.0,3.0,2.0,17.0,23.9,15.0,7.0,5.0,0.7142857142857143,64,29,33,20,68,72,48,39,48,38,69,38,36,64,62,70.0,34.0,,43.0,40.0,73.0,75.0,6.0,49.0,43.0,53.0,41.0,74.0,63.0,39.0,68.0,67.0,0.9142857142857144,0.8529411764705882,,0.7674418604651163,0.5,0.9315068493150684,0.96,0.0,0.979591836734694,0.9069767441860463,0.9056603773584906,0.926829268292683,0.9324324324324323,0.6031746031746031,0.9230769230769232,0.9411764705882352,0.9253731343283582,17,8,,57.0,9.0,,0.2982456140350877,0.8888888888888888,17,27.0,54.0,3.176470588235294,22.29999999999999,81.3,4.782352941176471,17.1,4.0,1.2,1.5,-0.3,0.1308003737153534,0.533,0.209,0.13,1.9,1.3,L (-6),L (-6)
66.0,61.0,2023-03-08,20-149,OKC,PHO,1.0,21.6,3.0,12.0,0.25,1.0,1.0,1.0,3.0,3.0,1.0,3.0,4.0,7.0,5.0,2.0,0.0,3.0,2.0,10.0,7.8,-12.0,11.0,2.0,0.1818181818181818,64,29,33,20,68,72,48,39,48,38,69,38,36,64,62,70.0,34.0,,43.0,40.0,73.0,75.0,6.0,49.0,43.0,53.0,41.0,74.0,63.0,39.0,68.0,67.0,0.9142857142857144,0.8529411764705882,,0.7674418604651163,0.5,0.9315068493150684,0.96,0.0,0.979591836734694,0.9069767441860463,0.9056603773584906,0.926829268292683,0.9324324324324323,0.6031746031746031,0.9230769230769232,0.9411764705882352,0.9253731343283582,17,8,,57.0,9.0,,0.2982456140350877,0.8888888888888888,17,6.0,35.0,2.0588235294117645,6.600000000000001,50.0,2.9411764705882355,17.1,4.0,1.2,1.5,-0.3,0.1308003737153534,0.533,0.209,0.13,1.9,1.3,W (+27),W (+27)
67.0,62.0,2023-03-11,20-152,OKC,NOP,1.0,32.75,8.0,12.0,0.667,1.0,1.0,1.0,2.0,4.0,0.5,1.0,6.0,7.0,4.0,0.0,0.0,3.0,1.0,19.0,14.9,3.0,11.0,7.0,0.6363636363636364,64,29,33,20,68,72,48,39,48,38,69,38,36,64,62,70.0,34.0,,43.0,40.0,73.0,75.0,6.0,49.0,43.0,53.0,41.0,74.0,63.0,39.0,68.0,67.0,0.9142857142857144,0.8529411764705882,,0.7674418604651163,0.5,0.9315068493150684,0.96,0.0,0.979591836734694,0.9069767441860463,0.9056603773584906,0.926829268292683,0.9324324324324323,0.6031746031746031,0.9230769230769232,0.9411764705882352,0.9253731343283582,17,8,,57.0,9.0,,0.2982456140350877,0.8888888888888888,17,11.0,44.0,2.588235294117647,14.1,65.00000000000001,3.8235294117647065,17.1,4.0,1.2,1.5,-0.3,0.1308003737153534,0.533,0.209,0.13,1.9,1.3,W (+10),W (+10)
68.0,63.0,2023-03-12,20-153,OKC,SAS,1.0,31.73333333333333,6.0,16.0,0.375,1.0,2.0,0.5,2.0,2.0,1.0,1.0,10.0,11.0,5.0,1.0,0.0,1.0,0.0,15.0,13.4,3.0,14.0,5.0,0.3571428571428571,64,29,33,20,68,72,48,39,48,38,69,38,36,64,62,70.0,34.0,,43.0,40.0,73.0,75.0,6.0,49.0,43.0,53.0,41.0,74.0,63.0,39.0,68.0,67.0,0.9142857142857144,0.8529411764705882,,0.7674418604651163,0.5,0.9315068493150684,0.96,0.0,0.979591836734694,0.9069767441860463,0.9056603773584906,0.926829268292683,0.9324324324324323,0.6031746031746031,0.9230769230769232,0.9411764705882352,0.9253731343283582,17,8,,57.0,9.0,,0.2982456140350877,0.8888888888888888,17,13.0,58.0,3.411764705882353,12.599999999999998,66.59999999999998,3.917647058823528,17.1,4.0,1.2,1.5,-0.3,0.1308003737153534,0.533,0.209,0.13,1.9,1.3,W (+9),W (+9)
69.0,64.0,2023-03-14,20-155,OKC,BRK,1.0,36.55,7.0,19.0,0.368,1.0,3.0,0.333,0.0,1.0,0.0,4.0,9.0,13.0,10.0,2.0,0.0,1.0,3.0,15.0,16.4,14.0,16.0,6.0,0.375,64,29,33,20,68,72,48,39,48,38,69,38,36,64,62,70.0,34.0,,43.0,40.0,73.0,75.0,6.0,49.0,43.0,53.0,41.0,74.0,63.0,39.0,68.0,67.0,0.9142857142857144,0.8529411764705882,,0.7674418604651163,0.5,0.9315068493150684,0.96,0.0,0.979591836734694,0.9069767441860463,0.9056603773584906,0.926829268292683,0.9324324324324323,0.6031746031746031,0.9230769230769232,0.9411764705882352,0.9253731343283582,17,8,,57.0,9.0,,0.2982456140350877,0.8888888888888888,17,19.0,57.0,3.3529411764705883,16.400000000000002,74.3,4.370588235294117,17.1,4.0,1.2,1.5,-0.3,0.1308003737153534,0.533,0.209,0.13,1.9,1.3,L (-31),L (-31)
70.0,65.0,2023-03-16,20-157,OKC,TOR,1.0,27.216666666666665,6.0,11.0,0.545,1.0,2.0,0.5,0.0,0.0,,2.0,5.0,7.0,1.0,1.0,0.0,3.0,2.0,13.0,8.5,-19.0,9.0,5.0,0.5555555555555556,64,29,33,20,68,72,48,39,48,38,69,38,36,64,62,70.0,34.0,,43.0,40.0,73.0,75.0,6.0,49.0,43.0,53.0,41.0,74.0,63.0,39.0,68.0,67.0,0.9142857142857144,0.8529411764705882,,0.7674418604651163,0.5,0.9315068493150684,0.96,0.0,0.979591836734694,0.9069767441860463,0.9056603773584906,0.926829268292683,0.9324324324324323,0.6031746031746031,0.9230769230769232,0.9411764705882352,0.9253731343283582,17,8,,57.0,9.0,,0.2982456140350877,0.8888888888888888,17,8.0,46.0,2.7058823529411766,8.5,63.400000000000006,3.729411764705883,17.1,4.0,1.2,1.5,-0.3,0.1308003737153534,0.533,0.209,0.13,1.9,1.3,W (+14),W (+14)
71.0,66.0,2023-03-19,20-160,OKC,PHO,1.0,32.733333333333334,7.0,13.0,0.538,1.0,2.0,0.5,1.0,2.0,0.5,2.0,4.0,6.0,6.0,0.0,0.0,4.0,0.0,16.0,12.1,3.0,11.0,6.0,0.5454545454545454,64,29,33,20,68,72,48,39,48,38,69,38,36,64,62,70.0,34.0,,43.0,40.0,73.0,75.0,6.0,49.0,43.0,53.0,41.0,74.0,63.0,39.0,68.0,67.0,0.9142857142857144,0.8529411764705882,,0.7674418604651163,0.5,0.9315068493150684,0.96,0.0,0.979591836734694,0.9069767441860463,0.9056603773584906,0.926829268292683,0.9324324324324323,0.6031746031746031,0.9230769230769232,0.9411764705882352,0.9253731343283582,17,8,,57.0,9.0,,0.2982456140350877,0.8888888888888888,17,9.0,62.0,3.647058823529412,11.7,78.59999999999998,4.6235294117647046,17.1,4.0,1.2,1.5,-0.3,0.1308003737153534,0.533,0.209,0.13,1.9,1.3,W (+12),W (+12)
72.0,67.0,2023-03-21,20-162,OKC,LAC,1.0,31.1,5.0,12.0,0.417,0.0,3.0,0.0,3.0,3.0,1.0,0.0,6.0,6.0,6.0,0.0,0.0,2.0,0.0,13.0,10.6,-1.0,9.0,5.0,0.5555555555555556,64,29,33,20,68,72,48,39,48,38,69,38,36,64,62,70.0,34.0,,43.0,40.0,73.0,75.0,6.0,49.0,43.0,53.0,41.0,74.0,63.0,39.0,68.0,67.0,0.9142857142857144,0.8529411764705882,,0.7674418604651163,0.5,0.9315068493150684,0.96,0.0,0.979591836734694,0.9069767441860463,0.9056603773584906,0.926829268292683,0.9324324324324323,0.6031746031746031,0.9230769230769232,0.9411764705882352,0.9253731343283582,17,8,,57.0,9.0,,0.2982456140350877,0.8888888888888888,17,8.0,39.0,2.294117647058824,9.400000000000002,48.7,2.864705882352941,17.1,4.0,1.2,1.5,-0.3,0.1308003737153534,0.533,0.209,0.13,1.9,1.3,W (+14),W (+14)
73.0,68.0,2023-03-23,20-164,OKC,LAC,1.0,26.316666666666663,8.0,15.0,0.533,2.0,5.0,0.4,0.0,0.0,,3.0,0.0,3.0,4.0,0.0,0.0,2.0,1.0,18.0,13.2,-15.0,10.0,6.0,0.6,64,29,33,20,68,72,48,39,48,38,69,38,36,64,62,70.0,34.0,,43.0,40.0,73.0,75.0,6.0,49.0,43.0,53.0,41.0,74.0,63.0,39.0,68.0,67.0,0.9142857142857144,0.8529411764705882,,0.7674418604651163,0.5,0.9315068493150684,0.96,0.0,0.979591836734694,0.9069767441860463,0.9056603773584906,0.926829268292683,0.9324324324324323,0.6031746031746031,0.9230769230769232,0.9411764705882352,0.9253731343283582,17,8,,57.0,9.0,,0.2982456140350877,0.8888888888888888,17,8.0,44.0,2.588235294117647,13.199999999999998,54.4,3.2,17.1,4.0,1.2,1.5,-0.3,0.1308003737153534,0.533,0.209,0.13,1.9,1.3,L (-17),L (-17)
74.0,69.0,2023-03-24,20-165,OKC,LAL,1.0,38.61666666666667,12.0,24.0,0.5,2.0,6.0,0.333,1.0,1.0,1.0,4.0,13.0,17.0,7.0,1.0,1.0,2.0,3.0,27.0,25.1,14.0,18.0,10.0,0.5555555555555556,64,29,33,20,68,72,48,39,48,38,69,38,36,64,62,70.0,34.0,,43.0,40.0,73.0,75.0,6.0,49.0,43.0,53.0,41.0,74.0,63.0,39.0,68.0,67.0,0.9142857142857144,0.8529411764705882,,0.7674418604651163,0.5,0.9315068493150684,0.96,0.0,0.979591836734694,0.9069767441860463,0.9056603773584906,0.926829268292683,0.9324324324324323,0.6031746031746031,0.9230769230769232,0.9411764705882352,0.9253731343283582,17,8,,57.0,9.0,,0.2982456140350877,0.8888888888888888,17,26.0,42.0,2.4705882352941178,24.700000000000006,57.30000000000001,3.370588235294118,17.1,4.0,1.2,1.5,-0.3,0.1308003737153534,0.533,0.209,0.13,1.9,1.3,W (+4),W (+4)
75.0,70.0,2023-03-26,20-167,OKC,POR,1.0,35.06666666666667,7.0,12.0,0.583,3.0,5.0,0.6,0.0,1.0,0.0,1.0,10.0,11.0,6.0,1.0,2.0,2.0,0.0,17.0,19.3,-3.0,7.0,4.0,0.5714285714285714,64,29,33,20,68,72,48,39,48,38,69,38,36,64,62,70.0,34.0,,43.0,40.0,73.0,75.0,6.0,49.0,43.0,53.0,41.0,74.0,63.0,39.0,68.0,67.0,0.9142857142857144,0.8529411764705882,,0.7674418604651163,0.5,0.9315068493150684,0.96,0.0,0.979591836734694,0.9069767441860463,0.9056603773584906,0.926829268292683,0.9324324324324323,0.6031746031746031,0.9230769230769232,0.9411764705882352,0.9253731343283582,17,8,,57.0,9.0,,0.2982456140350877,0.8888888888888888,17,22.0,43.0,2.5294117647058822,19.3,67.8,3.988235294117647,17.1,4.0,1.2,1.5,-0.3,0.1308003737153534,0.533,0.209,0.13,1.9,1.3,W (+1),W (+1)
76.0,71.0,2023-03-28,20-169,OKC,CHO,1.0,34.28333333333333,14.0,22.0,0.636,1.0,3.0,0.333,2.0,4.0,0.5,0.0,10.0,10.0,9.0,0.0,1.0,5.0,0.0,31.0,25.4,0.0,19.0,13.0,0.6842105263157895,64,29,33,20,68,72,48,39,48,38,69,38,36,64,62,70.0,34.0,,43.0,40.0,73.0,75.0,6.0,49.0,43.0,53.0,41.0,74.0,63.0,39.0,68.0,67.0,0.9142857142857144,0.8529411764705882,,0.7674418604651163,0.5,0.9315068493150684,0.96,0.0,0.979591836734694,0.9069767441860463,0.9056603773584906,0.926829268292683,0.9324324324324323,0.6031746031746031,0.9230769230769232,0.9411764705882352,0.9253731343283582,17,8,,57.0,9.0,,0.2982456140350877,0.8888888888888888,17,20.0,57.0,3.3529411764705883,24.6,75.10000000000001,4.41764705882353,17.1,4.0,1.2,1.5,-0.3,0.1308003737153534,0.533,0.209,0.13,1.9,1.3,L (-22),L (-22)
77.0,72.0,2023-03-29,20-170,OKC,DET,1.0,34.483333333333334,6.0,19.0,0.316,0.0,1.0,0.0,6.0,7.0,0.857,1.0,4.0,5.0,7.0,1.0,0.0,0.0,1.0,18.0,14.1,11.0,18.0,6.0,0.3333333333333333,64,29,33,20,68,72,48,39,48,38,69,38,36,64,62,70.0,34.0,,43.0,40.0,73.0,75.0,6.0,49.0,43.0,53.0,41.0,74.0,63.0,39.0,68.0,67.0,0.9142857142857144,0.8529411764705882,,0.7674418604651163,0.5,0.9315068493150684,0.96,0.0,0.979591836734694,0.9069767441860463,0.9056603773584906,0.926829268292683,0.9324324324324323,0.6031746031746031,0.9230769230769232,0.9411764705882352,0.9253731343283582,17,8,,57.0,9.0,,0.2982456140350877,0.8888888888888888,17,5.0,49.0,2.8823529411764706,11.699999999999996,62.7,3.6882352941176473,17.1,4.0,1.2,1.5,-0.3,0.1308003737153534,0.533,0.209,0.13,1.9,1.3,L (-5),L (-5)
78.0,73.0,2023-03-31,20-172,OKC,IND,1.0,32.93333333333333,9.0,19.0,0.474,1.0,4.0,0.25,2.0,4.0,0.5,3.0,4.0,7.0,4.0,0.0,0.0,1.0,0.0,21.0,15.6,,15.0,8.0,0.5333333333333333,64,29,33,20,68,72,48,39,48,38,69,38,36,64,62,70.0,34.0,,43.0,40.0,73.0,75.0,6.0,49.0,43.0,53.0,41.0,74.0,63.0,39.0,68.0,67.0,0.9142857142857144,0.8529411764705882,,0.7674418604651163,0.5,0.9315068493150684,0.96,0.0,0.979591836734694,0.9069767441860463,0.9056603773584906,0.926829268292683,0.9324324324324323,0.6031746031746031,0.9230769230769232,0.9411764705882352,0.9253731343283582,17,8,,57.0,9.0,,0.2982456140350877,0.8888888888888888,17,8.0,56.0,3.294117647058824,14.800000000000006,68.9,4.052941176470589,17.1,4.0,1.2,1.5,-0.3,0.1308003737153534,0.533,0.209,0.13,1.9,1.3,W (+6),W (+6)
79.0,74.0,2023-04-02,20-174,OKC,PHO,1.0,34.95,5.0,16.0,0.313,2.0,7.0,0.286,4.0,6.0,0.667,1.0,8.0,9.0,8.0,0.0,0.0,1.0,3.0,16.0,12.5,-12.0,9.0,3.0,0.3333333333333333,64,29,33,20,68,72,48,39,48,38,69,38,36,64,62,70.0,34.0,,43.0,40.0,73.0,75.0,6.0,49.0,43.0,53.0,41.0,74.0,63.0,39.0,68.0,67.0,0.9142857142857144,0.8529411764705882,,0.7674418604651163,0.5,0.9315068493150684,0.96,0.0,0.979591836734694,0.9069767441860463,0.9056603773584906,0.926829268292683,0.9324324324324323,0.6031746031746031,0.9230769230769232,0.9411764705882352,0.9253731343283582,17,8,,57.0,9.0,,0.2982456140350877,0.8888888888888888,17,10.0,34.0,2.0,10.899999999999997,58.6,3.447058823529412,17.1,4.0,1.2,1.5,-0.3,0.1308003737153534,0.533,0.209,0.13,1.9,1.3,L (-3),L (-3)
80.0,75.0,2023-04-04,20-176,OKC,GSW,1.0,28.33333333333333,7.0,15.0,0.467,1.0,5.0,0.2,0.0,1.0,0.0,1.0,5.0,6.0,5.0,0.0,0.0,0.0,1.0,15.0,12.2,-11.0,10.0,6.0,0.6,64,29,33,20,68,72,48,39,48,38,69,38,36,64,62,70.0,34.0,,43.0,40.0,73.0,75.0,6.0,49.0,43.0,53.0,41.0,74.0,63.0,39.0,68.0,67.0,0.9142857142857144,0.8529411764705882,,0.7674418604651163,0.5,0.9315068493150684,0.96,0.0,0.979591836734694,0.9069767441860463,0.9056603773584906,0.926829268292683,0.9324324324324323,0.6031746031746031,0.9230769230769232,0.9411764705882352,0.9253731343283582,17,8,,57.0,9.0,,0.2982456140350877,0.8888888888888888,17,10.0,40.0,2.3529411764705883,12.2,65.5,3.852941176470588,17.1,4.0,1.2,1.5,-0.3,0.1308003737153534,0.533,0.209,0.13,1.9,1.3,W (+1),W (+1)
81.0,76.0,2023-04-06,20-178,OKC,UTA,1.0,35.7,6.0,14.0,0.429,2.0,5.0,0.4,3.0,4.0,0.75,1.0,7.0,8.0,8.0,3.0,0.0,4.0,3.0,17.0,15.4,14.0,9.0,4.0,0.4444444444444444,64,29,33,20,68,72,48,39,48,38,69,38,36,64,62,70.0,34.0,,43.0,40.0,73.0,75.0,6.0,49.0,43.0,53.0,41.0,74.0,63.0,39.0,68.0,67.0,0.9142857142857144,0.8529411764705882,,0.7674418604651163,0.5,0.9315068493150684,0.96,0.0,0.979591836734694,0.9069767441860463,0.9056603773584906,0.926829268292683,0.9324324324324323,0.6031746031746031,0.9230769230769232,0.9411764705882352,0.9253731343283582,17,8,,57.0,9.0,,0.2982456140350877,0.8888888888888888,17,14.0,42.0,2.4705882352941178,14.2,58.69999999999999,3.4529411764705875,17.1,4.0,1.2,1.5,-0.3,0.1308003737153534,0.533,0.209,0.13,1.9,1.3,L (-4),L (-4)
82.0,,2023-04-09,20-181,OKC,MEM,,0.0,0.0,0.0,,,,,,0.0,,0.0,0.0,,0.0,0.0,0.0,0.0,0.0,0.0,,,,,,64,29,33,20,68,72,48,39,48,38,69,38,36,64,62,70.0,34.0,,43.0,40.0,73.0,75.0,6.0,49.0,43.0,53.0,41.0,74.0,63.0,39.0,68.0,67.0,0.9142857142857144,0.8529411764705882,,0.7674418604651163,0.5,0.9315068493150684,0.96,0.0,0.979591836734694,0.9069767441860463,0.9056603773584906,0.926829268292683,0.9324324324324323,0.6031746031746031,0.9230769230769232,0.9411764705882352,0.9253731343283582,17,8,,57.0,9.0,,0.2982456140350877,0.8888888888888888,17,,58.0,3.411764705882353,0.0,60.4,3.552941176470588,17.1,4.0,1.2,1.5,-0.3,0.1308003737153534,0.533,0.209,0.13,1.9,1.3,L (-10),L (-10)
